DATE,ICICIBANK,BHARTIARTL,WIPRO,HEROMOTOCO,NMDC,CIPLA,PFC,OIL,RECLTD,SRTRANSFIN,IDFC,DLF,CUMMINSIND,BRITANNIA,MARICO,NHPC,HINDPETRO,BAJAJHLDNG,BAJAJHLDNG.1,UNIONBANK,SUNDARMFIN,JINDALSTEL,FEDERALBNK,BAYERCROP,L&TFH,NBCC,JUSTDIAL,CESC,MRPL,MUTHOOTFIN,SUPREMEIND
2017-04-03,247.26448,345.88358,254.46057,3181.208,121.066376,597.8167,136.13235,204.70801,167.1154,1048.4059,55.21354,148.47342,908.38165,3239.9246,284.7631,30.065308,324.8515,2029.2795,2039.8914,154.52325,1284.6926,119.233574,87.48566,3797.278,122.46492,84.38027,565.59314,818.46533,96.39103,361.50616,1075.1401
2017-04-05,248.5139,339.5546,254.80072,3158.2092,121.55836,596.68286,137.94664,203.55191,166.31499,1070.9105,55.194813,147.10802,914.0592,3254.5833,285.66916,30.287874,326.19965,2049.6018,2060.8257,154.39891,1288.8765,120.64521,87.3006,3796.1426,122.42913,84.569244,559.04767,826.9387,97.79263,366.12558,1092.0311
2017-04-06,250.05502,339.7657,254.65485,3147.943,123.15371,595.6995,142.01517,204.16794,168.36945,1081.948,55.258404,148.74565,921.0302,3265.7573,286.65878,30.67139,327.1846,2064.2412,2079.772,156.0957,1294.2289,122.570656,87.18522,3796.643,122.56402,84.66799,560.027,827.1681,99.047905,371.8599,1108.1866
2017-04-07,249.31485,338.75705,254.51352,3149.3354,124.40546,594.33453,144.06183,204.92282,170.9237,1074.4258,56.20719,154.06631,926.92737,3270.188,287.67792,30.857824,327.84805,2068.5354,2091.0574,155.11275,1301.5585,125.61271,86.53204,3798.1038,122.332146,84.75939,561.52295,818.48737,98.40121,373.5428,1115.9712
2017-04-10,246.78671,340.3953,254.43817,3158.837,123.27127,593.1188,143.21062,205.65015,170.92422,1065.8328,57.354534,154.03912,931.1651,3267.77,288.6894,30.556593,328.49014,2063.6797,2093.0632,152.06549,1309.9608,128.58455,85.4893,3799.1072,121.021065,85.25934,558.20325,814.48584,97.16276,370.7313,1113.501
2017-04-11,244.99556,341.6401,253.9858,3167.3884,121.99135,592.37006,142.7389,207.12526,169.71785,1065.0352,58.53861,155.50783,935.08154,3264.8157,289.6254,30.300156,329.43262,2055.7622,2088.965,153.05923,1316.5745,130.32257,85.364426,3798.883,121.06256,86.31939,552.872,814.25507,98.165886,365.9477,1103.9343
2017-04-12,246.64738,344.966,253.47629,3170.9377,122.53051,588.7712,148.79562,206.98204,181.55403,1063.9651,59.301342,157.84726,939.1228,3264.433,290.47635,30.557188,330.68848,2048.5144,2081.8906,156.92291,1324.4727,130.56683,86.55607,3798.663,122.79807,87.61601,550.09076,815.0925,100.73794,363.90802,1093.3777
2017-04-13,248.07687,346.1187,252.6409,3173.834,122.34224,584.66693,150.41583,205.23373,189.0063,1053.5762,59.077915,158.93272,943.4363,3270.4949,291.3293,30.675922,332.18692,2042.3176,2073.3857,157.08115,1333.6398,129.71953,88.10271,3800.209,123.30368,88.309265,548.84033,813.148,104.94666,364.4731,1086.0433
2017-04-17,249.19832,338.61145,251.27504,3176.5996,119.41364,581.44745,151.16266,205.52077,189.32454,1039.372,58.66855,158.98135,946.4897,3279.6406,292.06464,30.784245,334.12747,2040.286,2067.0952,155.10541,1341.1438,127.773705,89.08295,3803.8596,121.96911,88.34517,548.3176,808.5145,106.89859,367.7936,1084.8994
2017-04-18,249.5987,337.05807,249.49695,3180.8682,116.885086,579.6182,148.25456,204.63379,186.02223,1051.4863,58.505085,168.70126,945.4874,3286.6553,292.61002,30.46192,336.4553,2040.5266,2063.0757,153.19469,1344.5612,125.24067,89.319084,3806.224,121.88256,88.23594,545.05347,811.5317,106.48702,372.95523,1088.3002
2017-04-19,249.86555,335.8427,247.809,3182.7126,116.07524,578.8277,146.61765,204.63132,182.37817,1049.3805,58.517403,165.19342,938.6172,3287.6057,292.90085,30.062119,338.85242,2040.9236,2060.4873,151.94756,1343.5695,122.55722,88.93512,3804.6,122.465546,88.174965,538.1499,825.45715,104.38277,377.88333,1092.0479
2017-04-20,248.98093,336.33472,246.80444,3176.1826,116.049835,578.5685,146.31311,204.13638,183.72737,1066.4423,58.38125,167.5121,929.3267,3286.6482,293.007,29.952423,340.98862,2038.7194,2057.2295,150.0453,1339.6282,119.476814,88.348724,3805.3765,123.70825,88.27074,531.9295,852.3745,106.37826,383.10648,1094.1974
2017-04-21,245.31358,338.52863,246.67949,3163.588,116.41892,578.1148,146.44594,200.80598,186.69688,1062.1737,58.082886,170.41046,920.6282,3283.5515,293.06024,29.97018,342.61517,2034.534,2053.062,152.23909,1334.2006,116.26678,88.24711,3823.5542,125.05366,89.474976,533.7951,870.59045,111.13263,389.06357,1094.1387
2017-04-24,240.97751,339.0686,246.7545,3151.6584,117.532196,574.48047,147.17091,200.12477,189.71622,1042.9775,58.01196,179.92885,917.14636,3278.4294,293.03247,30.184155,343.6988,2031.519,2049.7817,155.62413,1328.2046,113.71442,88.41907,3871.9368,125.20121,91.33217,541.0113,881.0363,111.636116,391.11246,1093.5635
2017-04-25,238.31583,340.23196,246.6607,3144.8726,118.85378,567.93945,148.5028,199.7677,190.73532,1034.1221,58.18346,187.06117,919.7717,3273.0535,292.97693,30.301609,344.28326,2032.832,2049.837,158.51503,1321.8109,112.56492,88.803444,3948.3809,125.92541,93.34214,549.46014,882.6017,112.50719,387.0452,1093.7329
2017-04-26,238.94693,347.2392,246.50426,3161.394,119.25738,561.0734,150.32413,201.42387,191.10443,1056.7612,58.495712,191.09207,926.044,3275.218,293.39023,30.229816,344.5289,2042.7523,2057.0996,161.58469,1316.0758,112.648155,89.49004,4055.392,126.494194,94.51649,554.90857,889.1694,113.64571,380.51135,1092.5137
2017-04-27,242.23409,351.50842,246.21727,3196.6328,118.21322,557.734,149.0141,200.88397,190.32153,1047.3022,58.88824,186.28879,937.72833,3292.9575,294.9607,30.074394,344.07983,2055.051,2068.181,161.40227,1311.6562,113.34217,90.227516,4182.554,126.15691,94.92518,556.10815,890.10925,112.52867,374.2699,1090.3542
2017-04-28,244.0261,352.11258,246.10464,3230.6467,115.92888,559.14825,148.58084,199.5109,189.76994,1029.6893,60.385952,188.17014,953.22375,3325.3428,297.4929,29.901724,342.93155,2061.4272,2076.7808,159.27197,1308.3762,114.193405,90.63327,4305.903,125.97161,95.44634,551.9569,892.05927,115.39583,372.7926,1090.5028
2017-05-02,245.55774,350.28702,246.15952,3252.9382,115.60701,561.0863,149.5106,201.00893,189.25484,1021.5049,61.712387,185.62094,965.8452,3369.8872,300.34933,30.00393,341.16562,2059.3193,2079.2336,166.5667,1306.161,114.91282,95.445496,4406.551,126.020546,96.04636,544.7222,902.69336,118.17925,374.21127,1094.123
2017-05-03,245.3635,344.3116,246.32152,3267.2283,116.58281,561.2381,151.93054,202.78308,194.77031,1003.4746,61.84943,188.33633,972.5662,3414.0908,303.14685,30.172827,339.36795,2045.962,2071.4592,170.0463,1304.798,115.26348,102.49552,4484.6436,129.28838,96.070526,538.9875,916.6926,116.23283,376.36826,1112.2986
2017-05-04,243.42732,342.1881,246.58734,3279.7412,117.32426,560.48975,151.22421,202.93976,196.37367,1000.8064,61.41486,189.39633,980.1299,3447.3428,305.39914,30.20547,337.57114,2026.6339,2055.733,175.9318,1304.1088,115.04342,106.46025,4536.593,131.05557,96.11714,535.7761,918.0312,116.38869,378.44128,1136.4564
2017-05-05,250.51532,342.09503,247.0784,3293.7478,117.01089,557.8828,152.883,203.31839,196.17477,1004.3565,62.032707,186.24191,990.98175,3465.4153,306.68362,30.288994,335.81403,2013.124,2040.9009,187.1334,1303.6614,114.49875,107.14783,4568.16,132.27907,96.14305,534.6709,915.39087,116.19897,380.86093,1160.1112
2017-05-08,258.84027,341.27145,247.67863,3302.4768,114.60744,555.03064,152.39578,199.38397,196.81653,995.60144,62.50122,185.26898,999.16437,3464.3484,306.69702,30.158978,334.02618,2003.4849,2027.4551,186.66263,1301.8738,113.26099,108.024734,4580.836,131.48276,95.91362,532.4581,908.31354,114.29512,381.09143,1177.5773
2017-05-09,264.28162,345.68893,248.38017,3308.353,113.317085,553.6798,153.45657,199.31451,199.74567,987.75275,63.194305,194.4923,1004.1573,3448.4136,305.50592,30.056885,332.39755,1998.0117,2017.2334,185.24635,1296.8456,111.97829,109.71984,4582.743,132.14215,95.83124,530.34174,928.82153,118.47314,380.13757,1186.6125
2017-05-10,264.82614,342.5069,249.43227,3290.3398,114.27545,554.0906,154.84268,200.17497,203.49117,987.9689,64.187294,197.06123,1008.51556,3429.094,303.45844,29.841227,331.05676,2000.3708,2014.2341,178.2992,1288.1289,111.52645,110.71394,4578.5503,131.90793,95.7977,530.0338,937.56525,120.02862,379.35602,1191.8035
2017-05-11,262.64114,361.64612,250.18813,3263.3906,115.4039,557.67163,155.16383,199.94693,203.3751,993.718,64.674484,197.11328,1012.57477,3423.8582,301.571,29.726484,330.1292,2011.3458,2020.3785,174.50049,1277.1915,112.067635,110.607864,4572.4136,131.94145,95.80507,533.5233,947.2448,119.75456,379.62045,1192.228
2017-05-12,261.41086,360.75635,250.63223,3268.6455,114.527466,562.1038,152.58449,196.53448,200.54619,998.29047,64.631355,200.26616,1013.997,3438.716,300.3399,29.7056,329.62253,2029.5239,2035.5903,175.57774,1266.0247,113.18978,109.84431,4562.8286,131.56248,95.623436,537.5489,946.33966,118.90766,379.80484,1192.7529
2017-05-15,260.0824,358.25287,250.989,3322.3948,114.167915,566.9631,151.01465,196.35707,200.2395,984.925,64.181114,205.36795,1013.0968,3468.8643,299.93842,29.62345,329.6692,2052.594,2058.4077,174.45796,1255.5549,114.00766,108.972855,4547.687,130.36029,95.148575,538.1331,939.82404,116.564224,378.5766,1193.4122
2017-05-16,261.5167,357.65848,251.2996,3392.0098,116.07698,570.7211,150.64793,197.20934,203.4542,979.02936,64.06434,207.56493,1012.8729,3507.09,300.09128,29.737793,330.31436,2076.4233,2085.237,173.2449,1247.0714,114.47988,109.72382,4532.413,130.92326,95.02018,538.1237,942.33655,118.76831,377.07004,1193.4603
2017-05-17,263.91678,365.8726,252.04768,3463.7915,117.28333,571.3484,151.34341,198.57129,203.5598,987.15485,64.42153,209.75089,1012.06714,3544.8796,300.5237,29.71132,331.55923,2100.684,2114.4558,177.98732,1241.7823,114.71296,110.01019,4518.1,131.98782,95.35168,537.839,943.7419,119.13006,376.6003,1191.9554
2017-05-18,268.25882,368.6824,252.92996,3522.1738,116.8217,569.047,151.93591,197.69447,204.49973,994.79156,64.288795,212.41501,1006.5539,3567.627,300.88052,29.619215,333.2839,2118.1472,2139.346,179.5892,1239.8025,115.129875,109.71373,4508.611,131.61685,96.14254,540.98224,939.7233,120.794815,377.16748,1190.1238
2017-05-19,270.41327,364.6472,254.48384,3541.8882,114.292885,565.5578,149.03316,196.00284,204.22108,986.82715,63.17122,206.19968,1001.89984,3560.7107,300.8898,29.345512,335.03568,2123.646,2153.7678,176.07912,1240.805,115.32877,107.85746,4501.4614,129.40845,96.27437,544.4373,853.0585,122.11076,374.87497,1189.8618
2017-05-22,270.17978,365.48816,256.21786,3523.0225,112.42296,564.44403,147.139,195.14738,203.07709,982.54486,62.200546,206.83752,991.25446,3528.5134,300.6664,29.243116,336.17264,2114.062,2152.8567,173.30548,1242.445,114.98837,106.92911,4494.6177,127.20408,95.72321,545.3403,827.3223,120.77294,370.99332,1184.1587
2017-05-23,268.09644,366.1758,257.6884,3485.9097,111.88142,564.67346,144.3702,194.13693,200.56985,981.3356,61.379524,204.64041,970.7953,3487.8696,300.71762,29.210726,336.13818,2088.1687,2133.6265,168.19296,1243.5039,114.479965,106.1762,4482.0938,124.9306,94.4596,540.19745,839.6856,117.50189,368.95792,1176.1018
2017-05-24,267.4298,365.75247,258.95966,3457.9294,110.585724,556.0175,143.10892,192.3178,200.09555,960.4821,60.089466,197.75204,945.0632,3450.3965,301.1052,28.910246,334.60638,2050.7556,2098.691,163.4316,1243.3489,113.34104,104.76295,4458.8574,125.53672,92.22091,528.3595,839.89795,113.970795,368.77847,1165.8798
2017-05-25,268.0776,362.97498,259.91183,3446.5671,107.70789,540.90216,140.79791,189.25793,198.87471,939.5776,58.650215,191.80757,919.7419,3419.1455,301.6255,28.353199,331.7434,2011.7361,2056.3062,160.37178,1242.1544,112.142426,103.53876,4426.4194,125.25249,89.89111,514.78394,848.6877,112.40335,370.29245,1157.5901
2017-05-26,273.32962,364.3401,261.17447,3461.7634,106.78257,523.62054,137.56137,189.3638,195.07076,942.07074,58.22283,194.94598,900.69275,3394.806,302.307,28.104568,328.23187,1984.2819,2018.8607,162.25533,1240.3071,112.40098,104.47248,4382.2383,126.878395,88.883125,504.00418,862.9448,116.44875,372.98743,1151.2942
2017-05-29,279.07843,367.0645,262.9058,3491.5254,107.35938,506.7515,136.96342,190.96663,192.79527,962.3831,59.116352,193.74345,892.9033,3370.6426,303.05362,28.521914,325.9952,1972.9418,1993.5468,161.69316,1238.1758,115.131134,106.58005,4330.589,128.7416,90.07674,495.9713,874.6135,121.58265,377.42563,1151.2965
2017-05-30,278.75668,366.9447,264.45428,3529.4294,106.143745,498.2535,133.25545,189.90276,188.46599,978.03076,59.480873,178.59048,894.43005,3345.2966,303.8375,28.881714,325.84174,1974.3668,1981.6243,155.50113,1235.1376,118.689995,106.333176,4285.356,127.64713,92.5643,489.938,871.986,119.48737,379.87717,1159.2113
2017-05-31,279.21625,364.87878,265.49542,3578.3474,104.155556,499.3906,131.6854,192.83786,190.8615,987.68195,59.736404,179.97981,900.37866,3321.7822,304.50882,28.91256,327.85748,1983.3365,1981.4463,153.79655,1232.3138,121.896515,105.76871,4259.395,126.282234,95.10201,485.15005,867.92175,117.3909,380.48642,1166.2643
2017-06-01,282.0918,365.29648,265.94232,3623.9507,102.60565,507.026,129.68968,190.35847,186.12434,997.70935,59.787006,179.54518,907.5459,3311.2378,304.96707,28.840944,331.50793,1993.505,1988.5436,154.2808,1234.1683,123.792305,105.92079,4258.0596,126.60671,96.62412,481.1792,879.226,117.94921,383.62784,1169.7552
2017-06-02,281.4372,362.12717,266.29132,3648.1504,103.1854,515.17224,127.34563,187.6722,180.31476,1005.09784,59.76586,176.92162,911.8373,3323.3542,305.30237,28.663881,335.65634,2002.6012,1999.6066,156.36087,1242.0266,124.063484,108.25179,4277.501,126.53739,96.80775,476.63684,882.25415,120.87231,387.26675,1172.0842
2017-06-05,279.193,366.33563,267.4105,3674.8801,104.35976,524.1295,124.81946,185.8654,178.49644,1006.1383,59.846832,175.39659,914.0036,3355.6528,305.83072,28.842232,339.21005,2011.5526,2013.1597,158.99382,1254.3584,123.43355,109.43726,4335.572,126.886795,96.38633,473.67245,885.0891,120.83958,393.31607,1173.2568
2017-06-06,278.65164,366.68698,269.4642,3700.0542,104.25208,532.74603,122.47104,185.95454,177.87085,1002.5784,59.733864,175.89445,913.9062,3401.8328,306.71255,28.96131,341.63947,2019.1997,2026.6288,159.84868,1270.5247,122.61936,109.31653,4420.6523,128.95882,96.47522,473.3904,881.9008,119.4925,399.97147,1172.0156
2017-06-07,278.90408,363.70767,272.1924,3706.6294,103.86647,538.375,121.95001,184.02084,177.8905,987.08057,59.469666,174.59787,910.18207,3449.3318,307.67154,28.957663,342.8946,2024.0905,2037.5563,157.76237,1288.883,121.5116,108.123085,4507.1777,129.14027,97.12951,474.4101,869.2776,117.01977,401.87604,1163.615
2017-06-08,281.8033,366.13525,274.07733,3705.6846,104.95001,541.9631,121.84393,184.31342,176.56265,981.3824,59.308277,173.57623,903.5394,3487.9194,308.51535,29.223192,343.05695,2030.9688,2048.558,157.60262,1307.1094,120.41307,108.26202,4574.7705,129.76628,97.724815,475.54776,871.92584,116.60646,402.81833,1159.8849
2017-06-09,283.30713,363.04956,274.34967,3691.4253,105.95422,546.65247,122.43178,181.87442,175.35704,982.74603,58.788986,174.45885,896.8215,3511.2415,309.17743,29.578373,342.3315,2036.4717,2057.3555,156.75984,1321.5022,120.02898,109.533066,4619.179,129.4575,97.68013,475.3305,876.2098,117.09338,402.5163,1165.0681
2017-06-12,284.25674,362.2723,272.78857,3671.041,105.937996,551.1952,122.66717,179.49615,174.95085,980.6756,58.40537,181.88223,891.7484,3521.0823,309.48245,30.436806,341.0334,2039.1843,2062.8503,156.71536,1330.6582,120.64485,110.7747,4642.1377,130.574,97.200356,472.44803,873.73883,117.78083,403.87167,1175.148
2017-06-13,281.8402,360.50366,269.5992,3654.2046,105.18489,554.5437,123.9261,178.57231,176.80019,976.2371,57.709843,182.11443,886.9954,3517.7375,309.33698,31.011557,339.60693,2040.3624,2065.8486,152.46408,1332.9662,121.723206,110.10192,4647.2905,129.99196,96.651825,466.16037,869.0757,117.81922,406.4866,1192.5928
2017-06-14,279.34518,358.65106,265.40848,3642.998,104.10445,555.53516,124.25197,180.6088,176.13972,965.1457,57.28345,183.08118,883.7675,3504.7056,308.85733,30.95022,338.3039,2040.5968,2066.932,149.55997,1329.2649,122.82498,109.42384,4639.0024,130.3203,96.30307,456.79575,865.65955,116.9543,412.0763,1206.759
2017-06-15,280.16608,360.12024,261.01898,3647.5244,102.985504,551.42804,123.92185,181.43317,173.45992,950.0769,57.183002,185.5717,883.3199,3486.3765,308.1919,30.795347,337.39255,2040.1141,2066.531,151.83852,1322.417,123.56898,109.834435,4622.817,132.77379,96.197464,448.28763,866.6467,116.50374,420.05035,1215.892
2017-06-16,280.7709,360.3219,257.8603,3661.5955,102.87553,548.6599,123.804665,183.46364,172.64963,953.5493,57.263912,189.63739,884.79333,3464.09,307.4746,30.6859,336.4052,2036.737,2063.2507,152.91081,1314.0128,124.32846,111.681015,4603.205,135.84372,96.149765,442.51706,866.04504,116.49332,424.50833,1217.5945
2017-06-19,280.7741,359.76254,255.82666,3677.45,103.292625,544.7573,124.364746,182.20729,173.82405,965.5608,57.542755,191.54039,887.545,3441.4875,306.7118,30.99163,335.2552,2032.4385,2058.4507,151.81767,1305.318,124.99724,113.89282,4582.047,139.59354,96.478836,440.0156,858.8061,116.038795,424.0182,1211.4252
2017-06-20,282.37027,361.61267,254.59454,3698.1592,103.750916,541.74274,125.39366,180.3135,175.55542,977.0693,57.72896,191.26834,891.8871,3424.3113,305.7948,31.378819,334.03912,2029.1805,2053.7908,151.02177,1297.803,125.809235,114.16937,4560.259,141.15903,97.59283,439.85715,864.6353,116.242676,418.16653,1201.7944
2017-06-21,285.17728,361.33145,253.90364,3711.17,103.784515,542.8407,125.48249,180.88896,175.57213,979.46027,58.178993,192.97708,896.0219,3415.152,305.0884,31.665375,333.00958,2029.4352,2051.6216,150.67361,1292.2529,126.54867,113.3571,4539.2944,141.29115,99.137764,441.2887,863.56665,115.90497,412.97693,1200.2915
2017-06-22,285.99005,361.61703,253.77278,3706.1672,102.987724,544.149,124.53175,178.18637,173.28465,984.7831,58.240486,195.47038,897.60266,3420.484,304.7463,31.89461,332.2355,2031.5571,2051.4873,150.5195,1289.2911,126.78344,111.788795,4520.713,140.87741,100.7889,443.2905,867.1171,114.1944,409.5221,1208.1635
2017-06-23,284.86642,360.92038,253.97267,3681.1675,101.54936,544.1181,123.379776,174.90114,170.39305,983.29486,58.250244,194.6146,895.3112,3437.755,304.6665,31.656578,331.36255,2035.2024,2053.4673,150.0507,1288.2976,126.069214,111.23167,4505.9526,140.33383,101.60669,442.27676,860.4611,112.54786,406.7582,1214.9287
2017-06-27,284.88214,360.7827,254.47173,3636.0698,99.84349,543.6233,120.174126,171.42474,166.81427,967.024,57.574646,191.60068,890.752,3460.9814,304.6308,31.195524,330.10373,2038.7952,2056.4575,147.10378,1288.2722,124.2499,110.37663,4495.3433,138.08162,101.814545,438.40466,847.9358,109.53014,404.6644,1223.1571
2017-06-28,283.46954,364.82474,255.06982,3598.763,97.7041,541.3993,117.73675,167.84279,161.88354,969.8789,56.42507,187.76535,886.1954,3483.1104,304.311,30.809406,328.30356,2039.2766,2057.836,142.95468,1287.4426,121.76171,108.81021,4488.3857,135.46896,100.8217,431.27454,839.1794,109.39488,401.74112,1224.375
2017-06-29,283.568,369.89383,255.77681,3582.3801,97.399254,539.37506,117.4732,164.97343,160.50122,982.6681,56.0185,190.11478,883.3157,3498.0361,303.75143,30.546988,326.27814,2036.1583,2056.4036,143.34839,1285.7206,119.74292,107.564865,4483.0547,136.91765,99.49126,422.7813,845.2956,110.22518,401.75833,1217.521
2017-06-30,285.65366,374.34964,256.57602,3591.6992,98.702286,540.4113,117.09705,163.95705,159.88174,983.0195,55.916134,192.91747,881.9816,3503.5505,303.15958,30.594545,324.31876,2031.7996,2053.209,144.44443,1284.093,119.25086,107.598175,4480.3574,139.07695,98.56061,415.86536,845.851,110.318085,407.3984,1212.369
2017-07-03,285.69156,372.6516,257.2006,3618.2803,99.86069,546.6592,117.06765,162.10483,160.06345,986.57916,55.96174,190.08409,882.9116,3505.0107,302.7648,30.429476,322.70865,2029.058,2050.3118,146.24446,1284.9233,120.2426,108.061516,4481.237,140.36612,98.01213,411.31647,844.64856,109.71354,413.36676,1216.5529
2017-07-04,284.95993,374.14572,257.65103,3662.1814,102.02548,552.68585,117.952675,161.1903,160.14957,1005.7219,55.543453,192.65492,884.8446,3507.537,303.09195,30.4599,321.75595,2027.7272,2048.0679,148.94543,1290.4735,122.75606,108.50422,4484.759,140.60826,98.43392,410.79672,847.88135,110.06318,416.54144,1224.69
2017-07-05,284.24472,372.77155,257.98248,3688.0544,103.07006,553.5768,117.79773,161.9998,159.96712,1025.8643,55.45297,193.47325,886.7659,3516.4937,304.23578,30.26288,321.4731,2029.8966,2048.5437,147.4662,1299.1272,125.486336,108.62198,4489.7446,142.38358,99.13774,410.1579,848.3577,110.85855,415.2088,1230.4458
2017-07-06,285.58612,370.29004,257.9479,3687.095,102.54637,551.4477,117.817085,163.65753,159.5322,1062.4246,58.103848,195.50078,888.12317,3530.6926,306.08002,29.994251,321.81882,2037.7827,2054.1172,147.6586,1307.2738,128.07047,109.62363,4494.9814,143.40128,99.82054,408.6505,848.9836,112.12074,411.88083,1234.9374
2017-07-07,287.27985,374.02975,257.55887,3672.9136,102.779625,548.15717,118.45032,164.00706,161.66335,1085.8773,60.4456,198.82738,888.8108,3545.9746,308.22498,29.93545,322.48987,2050.6,2065.0732,150.55754,1315.0472,130.25162,110.729744,4500.016,143.73944,100.28819,406.6201,845.3897,112.590294,407.91406,1237.1063
2017-07-10,286.06964,378.32468,256.9974,3648.8408,104.810715,546.82007,119.11231,163.16124,165.0655,1076.2737,60.968887,199.98413,888.468,3555.0483,310.10217,30.121065,323.03244,2064.5781,2079.055,150.97107,1320.7606,131.84961,111.336494,4504.6865,143.29095,100.32085,404.80124,844.3311,111.64567,405.57443,1236.8928
2017-07-11,285.4601,394.0263,257.69913,3636.0173,107.06788,547.9013,119.77764,163.08409,169.61604,1047.1877,59.072918,201.0129,887.62573,3556.8542,311.5173,30.387129,323.43277,2074.5984,2091.7515,154.29759,1324.273,133.11238,110.771614,4507.7764,143.72588,100.1321,405.77237,846.12915,111.26805,405.33505,1238.041
2017-07-12,284.65878,387.1907,259.15005,3642.6453,107.58189,546.5938,118.78637,162.59995,170.70709,1011.2886,57.175205,197.73363,886.3348,3551.632,312.39127,30.192686,323.74548,2079.949,2101.1753,153.18073,1325.2799,134.74654,109.83755,4509.812,143.43088,100.3645,407.4245,841.14276,111.50506,405.40112,1236.2678
2017-07-13,285.53772,387.0378,260.65683,3653.723,108.05181,544.164,118.876724,162.97853,171.47691,1011.8466,56.987823,199.23042,885.16315,3542.3423,312.8612,29.993301,324.618,2085.015,2109.3154,152.85576,1324.1295,136.80492,109.82786,4511.532,143.94571,101.19442,409.37912,842.7277,114.04766,410.48404,1228.624
2017-07-14,289.2087,394.23914,261.7831,3666.843,108.71772,543.385,119.25092,163.24942,172.36401,1018.00494,57.162865,198.99496,886.5247,3534.4817,313.27258,30.094606,326.90887,2094.9226,2119.873,153.46608,1323.2926,138.4829,110.259125,4513.059,145.17824,102.27434,410.33698,843.19476,115.19641,417.53513,1219.048
2017-07-17,291.7057,398.07108,261.8791,3679.374,109.26289,545.4098,118.73179,164.41405,171.27853,1024.9865,57.118675,200.24179,890.98224,3530.543,313.75565,30.29245,331.2297,2114.1306,2137.174,154.08171,1322.198,139.1627,110.89474,4514.4194,144.88431,102.83649,408.69608,862.8632,114.14421,422.76907,1210.9204
2017-07-18,294.78967,399.09824,261.90866,3689.113,109.50308,550.8678,118.491104,166.8126,172.01996,1012.80896,56.992683,202.64217,897.2413,3529.087,314.33096,30.089096,337.0189,2134.9004,2157.2332,154.5946,1322.2006,139.63571,110.51452,4514.773,144.39761,102.947105,405.32855,874.6311,112.07668,423.09863,1199.8353
2017-07-19,296.3186,399.27322,262.58838,3698.4941,109.27404,557.36865,117.79027,169.17912,171.53566,978.284,57.46135,198.9764,903.20233,3532.176,315.02475,29.911894,342.90103,2149.9807,2174.7266,154.8153,1322.5665,140.05917,109.643425,4514.9062,143.75487,102.576355,401.41248,866.81915,111.35981,420.37997,1184.6917
2017-07-20,295.49496,410.37613,264.10025,3702.748,109.309715,564.5556,117.44302,172.18398,170.3101,962.1875,58.869827,200.74886,910.7692,3544.8445,315.87195,29.73643,348.20914,2157.1958,2186.4475,155.18863,1324.3647,140.87794,110.02204,4514.8267,144.66559,102.181755,398.09503,868.066,115.699486,417.57202,1169.7621
2017-07-21,293.7068,409.6594,265.72726,3692.0637,111.21682,570.8901,118.67859,174.04759,170.38086,955.8259,59.81063,201.53961,920.43896,3565.0374,316.5683,29.598461,352.0048,2161.4307,2194.228,153.65013,1329.1335,141.6319,112.305115,4514.7163,146.29097,102.59387,399.95273,869.20166,115.52646,413.59937,1155.2351
2017-07-24,293.60797,402.40018,269.13794,3662.571,112.2113,572.5398,120.616196,173.44113,170.13826,959.2348,59.67485,195.84776,933.8624,3590.8386,317.1228,29.410221,353.8288,2181.7515,2211.7866,153.44833,1338.6416,141.3266,113.26481,4513.9595,146.92084,103.44954,406.74692,869.3159,114.581726,408.7543,1140.7233
2017-07-25,294.7791,410.446,274.82965,3631.977,111.76822,572.2084,121.34959,172.4528,169.09651,960.7434,59.580708,193.86728,951.5445,3616.9014,317.58072,29.366297,353.77905,2209.544,2236.038,155.47154,1351.9225,140.38191,112.88156,4516.2827,147.47604,104.165276,414.53467,868.4637,110.50282,407.34674,1132.2269
2017-07-26,296.2958,417.76193,280.95227,3617.9812,110.80445,569.8429,120.220314,171.66934,166.78525,978.71814,59.477333,193.89969,966.89374,3639.4702,318.00446,29.2306,352.44574,2227.2146,2255.634,159.36418,1364.8516,139.67406,113.365036,4525.1177,148.2409,103.73595,421.06985,867.52344,110.21932,410.18393,1136.1185
2017-07-27,300.26575,415.65414,285.54022,3624.2036,111.74914,571.58777,118.409874,172.15332,164.7111,979.9044,59.28758,194.75577,974.9789,3655.4788,318.21918,29.260763,350.37805,2233.2214,2266.9736,159.71313,1374.2164,141.42679,112.00389,4538.051,151.01318,102.86086,422.98944,868.02216,113.821625,417.16864,1144.7896
2017-07-28,300.8253,407.3193,287.841,3638.292,112.3695,573.24243,116.72905,171.54727,163.25508,974.26324,58.833004,194.78671,971.9633,3665.7168,318.13574,29.165035,347.96884,2237.4739,2274.684,155.76817,1378.8168,145.45435,109.85422,4550.948,152.01976,101.83946,422.3861,868.4171,116.268394,420.6605,1155.3369
2017-07-31,294.45425,406.01413,288.0792,3633.5415,112.222145,572.66833,116.53104,172.14062,163.16695,964.205,59.457394,190.79094,964.5277,3675.7534,318.06985,29.018562,345.78604,2248.446,2284.7734,154.94577,1380.0662,149.43788,108.94502,4562.3438,156.03053,101.434074,420.2707,887.7835,117.8147,420.44138,1161.2427
2017-08-01,293.3454,411.63977,287.00583,3617.9055,113.94908,569.2005,117.29688,174.78752,163.09149,985.9127,59.783146,192.23317,957.8037,3688.7805,318.31604,28.974277,344.51132,2269.6326,2301.6162,156.31313,1378.782,152.43965,109.75983,4571.146,159.10474,101.38099,418.60922,907.572,117.90523,420.00302,1161.5598
2017-08-02,294.81396,409.66336,286.45853,3619.3704,115.09841,566.3659,117.20699,175.63205,162.64906,1011.97375,59.751064,192.37405,952.2219,3702.5364,318.54242,28.846312,344.57602,2294.1235,2322.7283,154.67543,1375.9858,154.42221,110.72355,4576.6943,159.2806,101.80246,416.71603,915.2221,120.278725,419.05322,1156.9496
2017-08-03,295.75433,407.92404,286.788,3655.3848,113.88127,567.2827,116.83426,174.13828,160.98613,1012.1837,59.406784,191.94922,950.50793,3709.8137,318.51614,28.778082,345.90775,2311.697,2341.4226,150.69084,1372.7238,156.04881,110.99359,4577.8335,159.96428,102.81469,413.6058,916.58246,120.71998,416.56424,1149.8911
2017-08-04,292.94153,415.19717,286.9415,3714.1775,111.3929,566.31903,118.0737,174.42805,160.56953,993.4434,58.565697,189.52832,947.82556,3708.5444,318.26047,28.66488,348.5047,2317.2422,2352.01,144.7427,1368.6821,154.64009,110.21479,4569.6377,158.50311,104.18422,408.5233,922.15717,120.257034,411.75073,1141.5713
2017-08-07,291.05127,412.49072,286.63333,3793.1033,112.38858,567.6247,120.12801,174.54169,161.15063,980.92694,58.27255,188.98854,941.32263,3704.273,317.73358,28.692501,353.26382,2315.9575,2355.306,143.07819,1365.6725,150.11632,109.82209,4552.628,159.52232,105.265335,402.1217,928.0236,121.161606,409.29047,1135.5145
2017-08-08,292.62735,409.1484,285.82825,3858.649,114.76951,569.6327,124.866,175.65224,164.94785,976.727,58.820045,190.19377,933.32776,3718.2285,317.43878,29.060377,361.15912,2336.833,2371.2124,144.58868,1366.1041,145.40134,109.93063,4526.6665,161.11406,105.36443,399.79,936.42615,123.21922,412.6012,1129.2103
2017-08-09,291.9873,410.1056,284.8238,3876.216,116.23559,574.9846,127.477196,174.4518,166.03244,968.1863,58.5689,179.95576,925.5064,3752.8276,317.61407,29.426561,371.02567,2372.2324,2399.2188,143.3965,1372.1818,141.77426,109.18457,4493.242,161.33562,104.63564,400.61972,925.9669,128.39572,419.47867,1116.1334
2017-08-10,288.55576,409.01834,283.8525,3845.3884,115.374306,574.80206,127.402954,173.52786,163.61433,948.71063,57.87976,179.01192,915.98334,3797.1614,317.85638,29.433558,380.777,2406.8157,2432.1433,141.60915,1381.0664,139.17245,106.77324,4448.438,160.13164,103.09595,401.901,920.47534,126.52569,419.78378,1101.3423
2017-08-11,285.45456,408.92215,283.38037,3798.2402,112.30447,566.6444,122.96762,173.25067,156.77559,933.52936,56.62683,167.86598,904.3692,3842.825,317.6436,29.03364,388.09863,2419.1345,2453.2134,136.47174,1386.5042,135.63055,103.49865,4387.4775,156.94392,100.00111,398.64508,890.1966,119.21717,410.64655,1090.1213
2017-08-14,283.47275,407.51364,283.70166,3751.929,108.85555,555.5275,117.35375,172.2051,153.77603,938.6798,55.32285,159.01077,892.5337,3878.8115,316.79196,28.820759,392.38022,2413.7576,2459.083,129.3166,1384.2845,131.98271,101.89609,4321.139,155.53749,97.2896,392.13162,879.79083,116.194305,401.939,1080.7089
2017-08-16,285.27933,402.49384,284.40103,3749.875,109.280365,555.94324,114.18697,172.05048,154.85692,957.8966,55.16518,176.72829,882.2371,3903.95,315.35034,29.120848,394.15765,2408.4932,2458.4746,126.291214,1375.995,130.65744,103.15862,4259.875,159.01878,96.62387,386.34402,896.50836,118.370224,400.1781,1081.478
2017-08-17,288.78302,401.74332,285.28717,3803.269,111.27508,571.0431,112.94115,174.49889,154.66403,970.63806,56.444454,179.46767,878.2476,3932.0166,313.45612,29.415304,394.1476,2414.6602,2460.5637,129.40132,1365.1442,132.24248,105.53256,4211.441,161.9208,97.916794,383.75024,910.42413,122.76168,403.9343,1090.6608
2017-08-18,289.63974,409.04413,285.87183,3870.5789,112.52801,581.8472,115.43269,174.49907,155.66849,971.75037,57.371223,182.6788,879.2396,3961.1875,311.54993,29.447063,392.971,2429.1082,2467.1462,132.63205,1355.2961,135.68489,106.880775,4180.3867,162.25798,99.86289,386.03268,922.09845,122.04981,411.3123,1100.8508
2017-08-21,288.93195,412.47128,285.97208,3911.1018,111.37138,581.14874,117.28786,175.37123,155.29364,966.0469,57.32369,181.50578,882.25287,3985.1648,309.96625,29.124947,391.443,2453.322,2482.8708,132.89494,1347.4681,138.65793,106.36372,4166.6577,162.41328,101.537254,391.75128,916.3296,122.98207,417.586,1106.0109
2017-08-22,288.24127,410.2194,285.64822,3912.178,110.44734,574.3447,116.196655,171.0268,151.94019,954.8953,56.265053,179.113,883.18054,3996.3828,308.7761,28.757,389.88104,2475.6145,2502.0833,131.4277,1340.5304,139.27304,104.31086,4163.3774,160.83794,102.146805,397.77405,909.53204,122.74172,417.91486,1111.838
2017-08-23,288.1042,412.8457,285.508,3869.4114,111.01627,567.28827,114.02176,169.52974,146.0247,948.6198,55.198933,175.13203,882.6886,3990.0034,307.83752,28.41006,388.9523,2486.4211,2516.6638,129.13058,1333.354,137.35605,102.38356,4162.4653,159.40787,101.59987,402.2496,902.2693,122.4011,411.9157,1124.4507
2017-08-24,290.4426,421.65305,285.67627,3814.7002,112.33223,563.05145,113.72508,170.50647,144.6874,955.0411,55.162563,183.30391,880.0851,3974.0276,307.0452,28.353878,389.28287,2490.7876,2526.4138,130.98611,1327.8676,134.81847,102.03471,4157.2183,160.77432,100.746895,404.21585,903.4492,123.71252,405.2598,1137.8298
2017-08-28,291.69498,422.1422,285.92828,3775.9294,112.29164,566.55817,114.4856,172.96434,147.44716,963.28394,55.412136,185.37157,877.06396,3953.7124,306.40955,28.434555,391.25797,2513.2952,2547.5696,134.24174,1324.9841,133.29669,102.478584,4142.43,161.98059,100.15323,404.68176,916.5712,123.93957,401.03415,1157.0839
2017-08-29,293.33444,423.13773,286.2935,3782.3972,111.702736,573.22766,115.65169,175.85454,151.20384,970.29376,55.750057,180.13835,875.2197,3931.9563,306.04395,28.29232,394.58008,2562.7751,2591.2463,136.16058,1324.1201,133.2375,104.23783,4122.862,167.08896,100.06061,405.39005,965.8306,125.7826,402.13815,1176.3489
2017-08-30,293.4179,418.71295,286.701,3818.7156,111.28869,576.41016,115.69434,177.31926,152.0692,967.096,55.512096,180.76674,875.6843,3911.014,305.72342,28.046728,398.69833,2642.0723,2667.7856,135.31865,1323.6871,133.46448,104.87451,4099.098,168.79642,99.9855,405.72513,972.5892,125.33601,406.35803,1185.9609
2017-08-31,293.34113,420.22107,287.11023,3867.4512,113.6842,575.30865,116.343735,178.63681,152.50575,965.1714,55.414165,182.10342,881.26324,3900.5356,305.4123,27.892159,403.5502,2712.607,2753.8718,135.25288,1322.5582,134.23311,104.97875,4075.3542,171.48341,100.08564,407.91385,978.22534,129.05193,412.48914,1184.806
2017-09-01,292.21658,419.68762,288.65445,3906.865,115.69956,574.6449,116.41247,176.45517,153.7746,970.4642,55.38503,183.88489,888.78284,3903.0825,305.15167,27.830532,408.88092,2735.649,2808.4153,135.39955,1320.576,135.42303,104.72085,4053.0518,172.95546,100.06686,414.1325,973.72345,134.89406,420.1912,1186.83
2017-09-04,291.64117,415.12793,290.6736,3937.595,118.69977,573.9248,116.83065,178.98157,155.36073,994.09973,56.953274,189.38802,894.6748,3917.12,304.9247,27.737093,413.97522,2721.6262,2819.4543,137.01462,1319.4346,137.51283,105.204834,4038.1562,172.76479,100.43906,423.6599,987.226,135.86098,425.2054,1191.6611
2017-09-05,291.11868,410.07584,292.47934,3936.791,121.2906,571.0264,116.67682,186.06853,153.76714,1036.9873,58.548492,186.90923,897.17664,3934.697,304.7376,27.584759,417.9756,2682.109,2787.2588,136.35031,1320.7357,139.5509,106.4106,4033.2847,171.75955,100.79805,429.909,990.5253,131.68,422.80145,1192.2109
2017-09-06,291.25317,402.15463,293.6189,3909.6882,121.87808,567.173,116.53509,188.64198,152.05884,1056.0449,59.609707,189.489,895.629,3952.9412,304.5597,27.417328,420.56128,2637.735,2730.5989,136.45392,1326.1223,140.9008,107.44591,4036.0435,174.77177,101.24158,430.44006,1002.7275,132.69647,417.73596,1185.5212
2017-09-07,290.48782,398.61914,294.01474,3872.4521,121.239815,563.98334,117.305374,188.92288,152.04974,1048.0892,60.460526,190.80734,891.5399,3967.4807,304.61533,27.31399,421.588,2599.659,2666.7441,134.57718,1336.0251,141.62332,107.53867,4044.1995,175.86978,101.550156,430.3423,1001.0449,132.06583,422.6287,1179.5552
2017-09-08,288.62274,394.21158,294.1469,3851.853,122.89082,561.06433,117.388435,187.35522,151.98221,1051.4122,60.826942,191.25978,888.539,3976.9175,305.06973,27.199123,421.00763,2588.0923,2620.0947,133.02606,1347.7164,141.94553,107.201996,4055.9475,176.30577,102.17302,430.15787,1000.5402,131.18878,428.91797,1176.9302
2017-09-11,287.26816,398.46567,294.49854,3847.0427,122.73783,558.42523,117.35612,191.04054,151.59282,1042.1698,60.285202,190.64679,888.0362,3983.7024,306.09665,27.155375,418.88684,2595.6191,2595.4153,131.18518,1359.6832,142.07715,106.95777,4067.5884,175.22127,102.67427,428.04373,993.1259,130.78667,430.76004,1175.9126
2017-09-12,286.35477,397.76364,295.16736,3849.2437,121.87544,557.3397,118.60069,199.72812,151.85786,1039.8009,59.774902,191.43527,889.36017,3989.8606,307.55023,27.182997,415.72778,2614.473,2593.858,131.42297,1370.3643,142.326,107.62859,4085.0332,175.55847,102.82527,424.38907,998.4834,132.66571,432.00818,1178.9785
2017-09-13,286.29977,398.64117,295.42795,3847.0303,122.0142,559.61584,119.80496,201.7022,152.14478,1051.7615,59.505634,194.73608,892.69293,3997.4873,309.45667,27.353447,412.71085,2634.5662,2609.8,133.05244,1381.6996,143.14352,108.983246,4110.3584,175.56769,103.34573,422.69885,1003.0871,135.27661,436.39514,1181.5835
2017-09-14,286.91742,395.73953,294.78888,3835.0698,121.42828,561.07654,121.0086,198.03487,155.29942,1051.1149,59.504757,191.8536,897.8157,4007.2598,312.01556,27.478924,410.0108,2644.5952,2630.7168,135.1145,1392.0261,143.71596,109.216866,4140.743,175.54744,103.60025,423.3584,1004.7749,132.56912,437.8206,1183.7429
2017-09-15,288.13632,393.2679,291.67563,3820.261,121.335304,564.6228,122.54276,198.11804,157.48126,1059.0375,60.865448,192.44743,905.0704,4018.4966,314.78806,27.404617,407.6999,2639.492,2644.0806,136.8098,1400.3696,144.62334,109.5127,4169.9995,175.4325,103.89815,425.62256,1012.22504,131.92683,436.047,1182.6257
2017-09-18,287.7143,391.01828,287.44876,3809.8938,121.101135,567.08307,123.39237,200.89955,157.32523,1066.9001,62.302765,190.83331,912.2828,4030.5151,317.0936,27.150238,405.6867,2626.0815,2646.685,137.15158,1405.811,146.14357,110.1565,4194.023,177.18839,104.07746,426.8531,1006.88336,132.91048,433.35025,1183.1073
2017-09-19,287.5705,391.422,284.21463,3821.7908,121.888275,570.67633,123.881454,202.68176,156.46367,1070.1947,63.029022,192.65585,918.1264,4044.401,318.77,26.99816,403.8553,2626.3274,2652.216,136.85121,1409.174,148.11461,111.2257,4209.858,178.18567,104.26198,430.81927,1008.45245,133.29356,431.8808,1181.9567
2017-09-20,288.3783,389.87143,282.79526,3846.608,121.76671,574.87994,125.453514,205.339,157.20752,1060.4962,63.060017,191.74101,920.73663,4056.4905,319.86353,26.98453,402.5934,2644.363,2668.0024,136.32278,1410.2415,150.1499,112.89344,4215.0483,178.10936,104.60463,437.1892,1022.8599,134.27483,432.15338,1178.0262
2017-09-21,286.96466,391.0862,283.36395,3846.59,120.54186,576.4874,126.00819,205.00142,158.19142,1054.3462,63.093983,190.85832,919.43823,4061.6052,320.46124,26.968567,401.9268,2658.125,2682.5127,137.25145,1408.3463,151.90446,114.384254,4212.685,177.6764,105.64796,442.33206,1020.2671,132.7202,433.99054,1172.827
2017-09-22,282.983,393.72977,285.1706,3831.9885,118.43653,583.57434,125.572014,205.11084,157.46007,1052.4033,62.69934,186.85947,914.53076,4056.029,320.31216,26.931158,401.79095,2658.461,2688.0422,136.23335,1403.7318,152.91707,114.10172,4201.8496,178.67816,107.3984,444.35107,1008.6772,130.45776,433.6266,1173.0964
2017-09-25,276.97256,389.85376,287.60382,3792.6272,114.47984,589.4142,122.69441,205.52159,155.45874,1014.0404,61.674267,177.2036,905.53656,4035.8313,319.34183,26.84418,401.67584,2630.183,2668.8188,131.73782,1398.2584,151.15118,111.353516,4177.2627,176.39621,107.92419,440.87573,976.03705,127.09283,428.7359,1174.2626
2017-09-26,274.78735,384.84534,289.4754,3739.368,111.7512,588.5203,121.785416,207.59097,156.10376,982.60156,60.930447,170.51003,894.7719,4006.6846,317.59634,26.505848,400.87384,2593.4983,2634.8853,129.0166,1392.6403,146.48251,108.230705,4138.9307,172.98201,106.65815,433.9148,949.7162,124.02508,421.2889,1168.8639
2017-09-27,276.81497,382.8787,290.03894,3702.9146,112.7699,585.2751,120.916,216.66599,154.1905,988.2665,60.90919,171.26149,887.08826,3981.8284,315.30185,26.224163,398.86966,2564.386,2598.9795,129.06856,1386.5278,141.50441,107.172226,4091.3684,173.70815,104.8946,425.93506,960.55457,122.028755,416.50916,1156.0536
2017-09-28,276.19516,381.82797,289.19122,3681.079,111.99962,579.85645,118.38249,218.08295,148.23158,1024.8629,60.220238,164.18243,883.6342,3967.086,312.7099,25.991488,395.76987,2562.3494,2580.0977,127.37998,1378.6683,137.34181,106.84394,4039.132,171.44357,102.930756,417.38144,957.4358,122.590416,412.07864,1139.785
2017-09-29,274.55145,378.42987,287.23224,3674.933,109.469315,579.584,116.9248,216.85101,144.09538,1045.2268,60.06618,163.71744,882.30457,3967.5056,310.0037,25.850786,392.04736,2600.8738,2596.948,127.090775,1369.6093,134.83725,107.22211,3987.3027,171.78702,101.831474,410.31607,951.4147,124.01551,409.23227,1125.7871
2017-10-03,273.75955,383.67148,284.17206,3688.0347,108.53481,583.8906,116.38406,219.8429,143.90422,1046.2404,60.061718,165.3153,884.65515,3981.9133,307.3882,25.881538,388.62134,2641.5066,2631.9805,126.545685,1362.4576,134.02507,108.251915,3941.3901,173.42107,101.97184,406.1191,952.6305,127.596954,412.42047,1119.7268
2017-10-04,274.40305,380.44202,281.24414,3717.426,109.72018,585.8743,117.31238,220.73476,144.39613,1045.5623,60.051006,167.78467,890.7862,4003.7188,304.95178,26.267128,386.4428,2678.2527,2679.3418,126.16928,1359.5769,135.87506,108.88023,3904.884,173.44434,102.969795,403.87982,960.7595,128.56323,419.10632,1120.8265
2017-10-05,273.99603,373.50345,279.23953,3744.3784,110.66753,586.01996,118.3084,218.59605,145.12883,1036.7119,60.134937,167.41698,898.1986,4025.3042,302.91327,26.544752,386.2612,2709.281,2731.1326,125.6929,1360.9308,139.65689,109.18134,3877.589,173.378,104.13031,402.86267,964.0096,126.5241,423.7702,1121.8864
2017-10-06,271.3316,373.2985,278.47678,3747.2874,110.37673,587.10693,118.88174,218.38364,144.89972,1037.9474,60.11861,170.68385,903.88214,4043.0405,301.54266,26.545675,387.8957,2735.1357,2779.906,125.36987,1364.5928,144.0999,109.61302,3857.7764,172.82309,105.175964,407.21353,967.29736,126.13234,425.51288,1118.6273
2017-10-09,269.27295,377.38647,279.1407,3717.9832,111.4543,588.59656,119.12602,218.77158,145.03532,1038.8032,60.338947,171.67842,905.53705,4054.375,300.95987,26.497131,391.00998,2743.654,2808.9285,127.56801,1368.291,148.55167,111.37928,3844.2607,173.94315,105.99086,417.40497,994.8282,126.59891,428.63437,1118.5863
2017-10-10,268.46735,374.93768,280.72803,3670.1912,112.17825,589.6288,118.347435,216.57498,143.81895,1047.2684,62.827812,173.05656,903.2608,4056.74,301.02417,26.306465,394.81647,2730.5527,2807.9885,130.31433,1369.3744,152.95044,112.37329,3833.5337,174.00179,106.70131,430.91376,1011.9233,126.07969,429.38498,1122.594
2017-10-11,267.61273,378.4615,282.50427,3631.862,111.53766,591.6326,117.70154,220.2871,143.0988,1061.3505,64.50725,172.6861,898.6104,4051.3516,301.63385,26.266878,398.40646,2708.6426,2785.079,131.43033,1367.1818,156.23186,112.85304,3823.9565,175.69856,107.40592,443.20847,1014.30493,126.36988,428.79758,1128.7395
2017-10-12,266.1276,394.14255,284.42563,3614.7786,110.37476,592.0804,116.55663,217.24034,142.62053,1078.296,64.82879,171.51814,891.8673,4044.2751,302.4801,26.536472,401.69907,2690.996,2754.4133,128.0964,1362.2524,156.96384,112.53103,3815.7866,174.99756,108.04612,449.87595,991.93274,126.51755,425.53333,1131.6343
2017-10-13,265.10623,392.33554,286.58765,3630.2883,109.91927,592.62854,115.29421,217.76286,143.23883,1086.6149,65.940025,173.39755,885.2371,4057.0554,303.54453,26.84718,404.70377,2684.2427,2727.9653,125.80712,1355.5819,157.32652,112.55724,3809.0667,175.87755,111.38409,452.07477,992.3978,127.82812,424.8324,1135.1432
2017-10-16,266.37958,416.34875,288.3396,3666.8025,110.628716,594.44403,115.887695,219.23042,144.59723,1081.4238,66.59,173.94768,881.26227,4098.07,304.6424,26.9041,407.43283,2688.9727,2713.1274,125.831406,1351.0021,158.40799,112.390076,3801.4924,176.44699,115.81164,452.10315,996.6461,128.6569,426.81912,1143.4718
2017-10-17,269.08212,435.0366,289.09668,3704.4802,112.47118,601.3868,116.712616,218.43536,144.11667,1081.147,66.378265,174.06367,879.75653,4152.754,305.6756,27.06462,409.80664,2697.1304,2708.6582,126.41776,1348.3743,160.32524,115.809814,3792.6091,176.3107,118.323906,451.04184,990.32434,127.02209,430.40533,1154.0287
2017-10-18,270.5181,443.76196,288.78482,3729.6206,113.590454,618.3153,119.0911,217.00926,144.37985,1087.5608,65.85767,178.68446,879.2955,4209.7603,306.72708,27.113802,412.00116,2698.2832,2707.0186,127.07626,1346.7764,161.88614,119.194336,3781.5664,176.9275,120.24263,450.01425,993.473,127.11701,432.2539,1161.1578
2017-10-19,265.9286,441.1884,288.58334,3728.7212,112.92999,623.8286,122.32281,216.06725,147.01486,1088.7955,64.79774,179.07864,878.5515,4263.732,307.5536,26.977499,413.80994,2697.5542,2708.5227,126.41469,1345.9626,162.47284,120.58229,3771.267,177.49184,121.45351,452.13342,992.6741,128.88298,432.65237,1163.0258
2017-10-23,259.27573,455.06036,288.47623,3705.457,112.05716,619.1664,123.53482,214.63875,147.77264,1076.3494,64.3491,176.65556,877.49207,4300.049,307.92508,26.819262,414.92075,2703.7295,2717.4138,125.51949,1346.3671,162.06587,119.3865,3765.5764,176.88487,122.12754,454.72003,988.9739,128.81169,431.3859,1160.0908
2017-10-24,257.26053,475.7757,289.11362,3689.0752,111.14534,607.63354,124.463486,214.11609,146.92018,1087.9675,64.45604,179.5069,877.1248,4313.1855,307.94617,26.549332,415.14398,2711.047,2728.9126,125.554375,1348.1835,160.8447,118.70032,3764.6519,178.1579,122.29164,455.24344,985.8504,128.25119,429.6385,1156.0852
2017-10-25,259.96317,475.68152,290.33545,3680.706,111.171906,599.177,124.793,216.64961,146.27007,1098.9778,64.60062,179.25743,877.4561,4301.7114,307.5781,26.371029,414.7172,2716.524,2739.4788,128.62575,1351.0393,160.1541,118.457436,3766.5957,178.88359,123.08534,452.94766,988.2029,128.73985,428.5421,1151.0413
2017-10-26,281.0552,489.1052,291.97076,3681.338,111.786156,595.2696,128.85677,214.13406,149.85484,1084.5986,64.52561,182.10799,880.58453,4274.7485,306.974,26.552294,413.84317,2713.4802,2742.1838,161.24263,1354.4163,161.01288,116.75335,3770.4534,174.20747,121.715515,448.41898,987.4326,128.3993,425.706,1146.504
2017-10-27,293.8624,486.1777,294.09656,3683.0159,115.009,601.7356,132.79977,220.0482,154.32277,1095.0509,65.84376,182.70547,885.0733,4239.1504,306.2313,26.738173,413.28845,2722.3972,2751.5037,187.21762,1357.2203,163.4541,115.03216,3775.4067,173.64449,121.12474,444.16144,988.9615,131.49088,422.89746,1142.1678
2017-10-30,295.47733,467.1725,295.33136,3690.9597,118.107994,616.2056,135.25514,220.48875,159.01884,1128.9425,65.31945,184.67746,889.5587,4203.1426,305.3518,26.990906,412.7711,2741.5588,2769.64,180.45514,1358.9147,166.05681,114.7259,3785.7153,174.58768,121.33436,442.36246,970.51843,132.40614,420.5547,1137.0492
2017-10-31,292.45453,481.6241,294.73306,3713.2788,118.87346,627.873,135.59766,233.30045,159.59421,1154.4086,63.77776,187.87468,892.9509,4190.8438,304.47827,27.229343,411.94183,2753.4678,2785.0432,179.32498,1364.61,167.62022,116.179985,3801.2312,175.68713,123.66328,447.8498,961.67175,132.76622,423.27304,1137.0526
2017-11-01,289.6889,483.33395,292.99393,3744.1882,117.40378,632.8509,133.03743,228.97096,160.24068,1149.0284,63.39088,199.66006,894.1001,4197.4863,303.839,27.26602,410.45663,2758.1433,2795.15,174.39384,1375.1868,167.52638,117.18521,3820.5002,175.87607,125.44385,462.8555,973.54333,137.71545,427.47098,1141.547
2017-11-02,295.65146,514.87103,291.0337,3762.0361,116.84335,632.6567,131.96838,230.01785,161.482,1163.9956,64.452644,206.71803,892.092,4219.7417,303.56805,27.306917,408.20105,2753.244,2795.239,175.46263,1389.9371,166.5241,116.77203,3838.4783,175.70338,126.50815,478.9188,981.0159,136.71251,434.62128,1152.6935
2017-11-03,302.71234,507.21106,289.4884,3741.9988,117.68197,634.7847,134.35202,224.70796,166.54001,1245.0682,64.894066,206.41734,888.059,4244.6636,303.49936,27.456388,405.45163,2744.8677,2787.9082,171.2297,1409.8802,165.24817,114.97387,3849.2078,174.93848,126.79532,493.58795,980.67303,134.12473,438.7183,1166.0842
2017-11-06,305.192,508.91214,288.83154,3690.0435,117.74611,639.13556,134.54745,226.3442,168.72002,1261.4324,64.473595,212.66507,884.43823,4262.16,303.48956,27.601294,402.65808,2734.33,2774.445,171.2316,1432.9362,164.59041,112.70502,3854.0664,174.78755,126.64498,504.94208,967.4353,132.29976,436.29233,1170.7196
2017-11-07,305.22974,508.75824,289.8144,3636.6262,118.685265,648.7034,132.48085,231.06317,162.00063,1265.0756,63.681805,214.80428,882.34204,4266.267,303.59448,27.481905,399.9161,2723.657,2757.781,174.67885,1457.3391,164.20432,111.73155,3858.2175,173.76591,126.55993,512.297,957.2883,130.79176,430.21024,1164.7804
2017-11-08,303.024,496.5309,292.34317,3603.2808,119.2626,635.2056,130.42128,232.78642,157.72826,1245.5583,62.47676,209.06511,880.2884,4258.6035,303.6764,27.361681,397.66476,2705.2917,2733.6099,168.50728,1478.2764,163.5125,110.738976,3865.46,172.62701,130.4627,508.174,948.55096,129.14143,419.75616,1154.4005
2017-11-09,298.43002,484.5058,295.39392,3583.2993,117.72054,624.58716,130.09773,226.7862,157.44618,1240.5308,61.112156,214.77994,876.9834,4244.897,303.6654,27.088543,395.9549,2689.4517,2710.085,162.71039,1492.8373,162.16745,109.769005,3873.6887,171.91306,133.79147,500.75174,951.6065,126.737816,412.61032,1145.2653
2017-11-10,299.5616,496.466,297.8998,3568.835,115.797844,618.61346,130.48172,227.53732,157.19543,1238.0426,61.02249,212.72058,872.2393,4242.7075,303.6358,26.827364,394.6652,2690.3901,2700.485,163.88434,1503.2922,161.70566,110.0565,3882.661,171.01964,134.69966,494.7392,969.91675,127.147194,414.50568,1140.6539
2017-11-13,305.96747,490.03656,299.33105,3561.5706,115.51501,614.7659,128.47491,226.78271,154.68405,1239.4014,62.291893,209.51929,866.8504,4270.7266,303.55783,26.77624,393.276,2707.0945,2708.8794,166.37018,1511.4279,162.64328,109.58762,3893.6184,170.49135,133.54503,498.91412,977.9708,126.936005,420.1829,1140.0889
2017-11-14,307.44232,483.0967,299.03564,3556.6448,116.12924,610.3673,127.34856,223.71292,152.63983,1259.7118,63.29978,204.6743,860.7601,4326.661,303.3564,26.536436,391.6324,2722.2214,2725.0847,167.48335,1516.6731,165.44913,110.005394,3905.3403,168.45497,130.87354,517.2631,980.91187,124.47008,421.07916,1141.5475
2017-11-15,306.5419,485.75366,297.51404,3569.0896,115.96797,607.5187,125.99532,221.28813,151.59773,1239.9325,63.094402,207.90405,853.5143,4380.4404,302.5208,26.279709,389.58325,2721.0874,2734.355,164.85411,1517.7855,168.74136,109.04804,3913.6206,168.92151,128.81749,542.9992,984.044,123.24683,415.15933,1142.684
2017-11-16,306.44894,475.1944,295.35367,3597.0742,113.8704,603.4941,123.82198,221.973,148.60979,1211.3074,62.019917,205.16307,846.5698,4404.7246,300.61722,26.112194,387.3018,2699.8562,2726.0068,163.5503,1513.0829,169.48444,107.702225,3915.904,168.50616,127.092705,558.3839,977.46497,122.918365,403.97964,1142.1475
2017-11-17,308.53088,479.27704,293.50043,3621.8015,113.23561,599.9614,123.81363,221.10371,146.8825,1210.9222,61.46646,209.48628,841.1322,4391.659,298.3661,26.003355,385.05746,2680.1394,2711.2344,169.86888,1504.5858,168.5095,107.61802,3917.1353,169.53183,126.42231,563.25946,964.44507,122.59636,400.11072,1148.2694
2017-11-20,313.21863,481.32425,292.04697,3625.823,114.41398,603.9974,124.78944,222.44124,149.11935,1269.6862,61.604027,222.84845,838.32526,4352.963,296.5344,25.941917,383.1924,2667.8533,2696.0176,170.97423,1498.0374,166.93456,108.153595,3922.7034,170.85817,127.23933,567.5509,961.8462,123.123856,403.41614,1156.2594
2017-11-21,311.7223,478.18866,290.95978,3617.6062,115.90764,608.7922,125.87187,222.02689,150.28421,1262.667,62.151516,225.0193,838.06586,4307.6963,295.36194,26.082775,381.968,2665.2334,2685.9375,169.9442,1494.8309,167.23651,108.97851,3933.8374,170.27014,127.9546,573.14825,965.56824,126.801605,407.86884,1161.491
2017-11-22,310.4398,487.89438,290.23157,3611.1226,116.31164,615.5523,126.78296,222.85707,151.31503,1246.233,62.195274,220.57379,838.93164,4277.394,294.89792,26.180376,381.5704,2671.9526,2685.0745,167.47284,1495.328,169.17596,108.75212,3948.811,166.60176,129.32375,575.21313,974.6672,127.438805,410.9354,1161.7654
2017-11-23,309.7077,481.91602,289.91934,3606.3894,115.687126,621.7919,127.02725,226.89102,151.59486,1229.4894,61.84307,219.76836,841.5101,4266.352,294.8954,26.064926,382.0038,2683.1624,2692.899,167.79677,1498.26,171.6468,108.68643,3964.0503,165.48363,130.1158,571.49036,990.9687,125.67584,413.83575,1158.0731
2017-11-24,310.07175,480.655,289.8488,3606.0305,115.83098,624.1472,127.121895,227.51556,152.71065,1216.8257,61.645138,223.16888,844.39954,4272.451,295.22833,25.896173,383.25137,2697.7383,2709.2122,166.39809,1501.5182,173.27141,108.755455,3975.6243,166.20128,129.86212,565.2995,984.26465,125.032364,413.99408,1154.307
2017-11-27,309.45413,483.08508,289.76364,3603.3381,116.46349,622.92316,126.64157,230.257,153.16423,1221.248,61.712616,228.57117,846.9241,4284.344,295.94705,25.808636,385.27124,2708.357,2727.1763,166.0434,1503.3488,173.91406,108.403366,3983.0225,165.63246,128.97423,560.2201,971.3364,125.50977,411.5528,1150.6254
2017-11-28,309.0625,483.51712,289.93356,3599.8794,116.25994,620.5737,126.365814,231.2612,152.07811,1242.3223,62.97903,232.62721,848.54565,4300.207,297.0872,25.793386,387.60458,2712.459,2741.134,166.81606,1502.9678,173.8831,108.11037,3986.4023,165.70166,127.95884,558.0051,975.045,126.08481,411.2207,1146.6029
2017-11-29,307.1146,477.53674,290.3575,3599.967,116.010216,617.8023,124.92589,232.44777,150.44673,1254.6542,63.52518,229.21016,849.4975,4316.8496,298.49796,26.14884,389.57468,2708.9219,2746.3564,165.15102,1500.5869,173.58485,108.38286,3983.7778,165.68826,127.06327,555.64325,975.208,125.35906,410.59427,1141.9445
2017-11-30,307.035,482.5576,291.45038,3599.6714,116.58488,614.5305,123.65927,230.0065,149.54193,1302.717,63.207283,229.78014,850.22015,4332.5967,299.9483,26.493132,390.69653,2689.2551,2733.143,163.1904,1497.7968,173.15337,108.4407,3976.8013,164.37291,126.898445,553.2012,981.5921,124.78954,409.48474,1137.4366
2017-12-01,303.7727,482.192,291.85965,3593.0874,117.149956,609.74097,121.90264,226.47562,147.37854,1296.5443,63.029297,233.68292,851.01935,4345.389,301.01733,26.77594,390.82578,2671.5957,2713.5923,162.81819,1493.1482,172.75877,107.60256,3971.8003,162.74525,126.977135,552.0067,976.50287,122.872345,405.95554,1144.0985
2017-12-04,300.6269,470.5477,290.89203,3576.8403,118.03142,605.1703,120.145355,225.95264,145.61414,1293.5503,62.337654,226.09872,849.5087,4352.016,301.7133,26.760601,389.87125,2670.8489,2702.5647,158.88222,1488.111,171.84128,105.9506,3969.0579,160.29257,126.72913,548.03357,961.3078,123.12271,401.92288,1158.0802
2017-12-05,299.12744,473.80902,289.1385,3558.1248,120.50979,602.18317,119.82169,226.32368,144.45724,1268.0203,61.24572,230.61218,846.9053,4346.4995,302.2007,26.819426,388.08643,2685.2104,2705.1384,157.58734,1487.0652,170.81078,103.986084,3967.7908,158.36465,125.62989,538.4865,946.1452,122.34075,399.40784,1172.3591
2017-12-06,299.5969,479.31018,286.4559,3528.445,121.22477,601.0363,119.47528,222.87503,143.8063,1330.686,60.655544,230.834,845.65326,4329.8423,302.49426,26.814358,385.8559,2702.1768,2716.708,159.36884,1488.2635,169.31917,103.56213,3964.8977,160.4745,124.6277,529.0619,948.0931,122.0517,398.7286,1176.9037
2017-12-07,297.3849,469.821,283.40503,3494.2966,118.45373,601.0948,118.84905,219.60327,143.16437,1315.6545,60.18353,231.72043,845.54083,4307.806,302.43585,26.746155,383.3961,2713.5515,2730.8857,156.4835,1491.6409,166.58527,104.015274,3960.0874,160.08476,123.706764,524.3401,945.01,121.58318,397.9156,1173.12
2017-12-08,298.83844,498.77786,280.6081,3477.5784,117.59689,600.4485,118.6309,220.37192,142.99573,1317.5629,60.171406,239.49515,846.66516,4306.171,302.17557,26.759645,381.13474,2717.1963,2742.22,156.04979,1496.2798,164.21684,105.223015,3955.3801,161.40358,123.279045,524.9577,953.8484,122.66015,398.09464,1166.8888
2017-12-11,302.99643,499.19507,278.82654,3475.7231,119.7872,603.10266,119.373055,226.33624,143.26134,1340.5056,60.51711,236.7986,847.70575,4324.2607,301.97565,26.86683,379.8898,2724.4968,2755.6877,155.32246,1500.1925,163.41838,105.78012,3953.1516,161.38686,124.13162,531.81946,969.69434,123.538315,400.08286,1170.8066
2017-12-12,305.31006,503.715,279.1363,3480.5142,120.77628,606.7876,119.78264,224.7402,142.6116,1356.0242,60.731956,238.96782,847.90314,4353.7217,302.02362,27.21735,380.20233,2726.6301,2763.4546,154.2083,1502.8083,164.08281,105.4028,3956.3965,161.0434,124.55342,541.87085,975.5768,123.66401,402.24387,1180.4022
2017-12-13,303.27274,499.06885,280.92624,3470.7668,119.44281,604.5468,118.14714,222.97903,140.09962,1334.4647,60.279945,233.58641,846.5493,4381.6924,302.1275,27.375273,381.5009,2712.2773,2754.28,151.17844,1503.5461,165.07683,104.2345,3962.58,158.65002,123.934654,547.88,971.3928,121.52721,402.06564,1189.0682
2017-12-14,298.82245,498.6297,283.0149,3444.404,117.80404,595.30676,116.32101,223.78091,137.86128,1339.3407,59.381577,229.25871,843.62976,4393.3887,302.13428,27.382183,383.3102,2697.8948,2738.525,147.52634,1503.0258,165.23581,102.5857,3968.4785,156.74837,122.1652,546.8457,972.0839,122.762985,396.5003,1186.0378
2017-12-15,297.1943,503.62515,284.7688,3422.6907,117.41219,590.9677,115.601135,222.38846,136.3513,1337.8728,58.578655,229.78767,839.794,4371.4077,301.99832,27.36586,385.64017,2680.607,2715.8352,145.59956,1500.82,164.64546,101.05205,3970.5908,156.40268,120.35384,539.011,964.38965,123.42451,391.52844,1177.8276
2017-12-18,296.91055,499.6296,286.0338,3423.7056,119.17688,586.79535,116.04182,223.13826,136.91565,1372.2797,58.53462,233.13428,835.90607,4322.3774,301.6481,27.255592,388.58646,2676.507,2700.9387,146.48723,1499.3019,164.33961,101.8989,3972.4329,158.2901,120.02985,529.8503,970.0927,124.68216,391.10333,1175.9044
2017-12-19,300.1931,507.35165,287.6843,3449.1462,121.65416,588.60376,117.181564,221.28377,139.7668,1381.0952,58.925957,231.88799,833.4934,4263.851,301.19788,27.085014,391.773,2692.9114,2704.8672,151.80598,1498.7019,166.55211,103.60634,3979.0793,160.01108,120.6138,523.253,969.7154,123.13801,396.218,1186.3336
2017-12-20,305.00726,514.03143,289.09296,3517.403,123.574905,597.69885,118.82791,221.92653,143.96796,1411.3489,59.303722,234.35782,833.5201,4220.194,301.00073,27.022894,394.6682,2723.391,2728.8716,151.8984,1498.8535,171.32695,105.237625,3995.9631,162.83884,121.846794,520.38824,968.5728,122.83283,403.7502,1200.9136
2017-12-21,308.05154,504.41943,290.45255,3610.7212,123.51281,605.2233,119.80421,222.06656,145.40303,1393.1344,59.45081,244.76506,837.12225,4203.0303,301.47208,27.055977,396.69995,2748.4944,2760.05,148.80644,1498.368,177.52368,105.44926,4027.805,163.87381,123.13813,520.84827,968.2767,123.48305,409.14642,1212.2515
2017-12-22,308.17184,504.8312,291.8305,3698.743,122.5543,607.62,120.23228,224.56284,145.66055,1396.701,60.214005,240.69315,844.30695,4211.0654,302.56723,27.525187,397.44727,2759.0234,2785.5554,146.9609,1496.634,182.91534,104.75122,4072.8154,164.64906,123.74043,522.4776,1000.50214,125.072075,416.9434,1222.3809
2017-12-26,307.88626,511.34113,293.60452,3745.7104,122.81465,607.332,120.178154,224.76822,145.78629,1421.684,61.17791,244.42249,852.6755,4237.243,304.03595,28.226532,396.9513,2752.2961,2794.6172,146.7808,1494.0356,185.90182,103.95782,4125.923,164.05606,123.97368,522.89325,1010.9811,126.79352,421.12897,1230.0763
2017-12-27,308.46863,520.32916,295.65366,3750.6184,126.61305,610.4295,120.54941,223.92099,146.6897,1421.089,61.42884,252.27629,864.79443,4270.2397,305.66763,29.13458,395.56186,2741.1975,2791.3574,147.11198,1491.1334,188.09816,104.33404,4179.586,164.17046,123.53985,528.65826,1011.3963,128.97195,420.4497,1233.1721
2017-12-28,306.07166,508.58203,298.06433,3723.9678,126.6038,614.54315,120.54369,225.83829,147.04077,1414.7977,61.984646,245.78786,878.9319,4297.9673,307.19263,29.584618,393.582,2730.6677,2779.7517,147.48845,1488.5651,190.35216,104.99122,4231.3955,163.30885,122.51053,538.888,1006.8925,127.24848,419.9482,1233.8292
2017-12-29,305.9381,510.9674,300.53998,3673.0654,125.37099,614.3384,119.824974,234.31601,146.06064,1416.318,62.860535,264.5351,890.9501,4305.344,308.41644,29.748798,391.25555,2714.1748,2757.3496,146.09142,1486.7463,193.93887,105.20258,4282.525,161.91032,121.17754,548.5942,998.01794,126.73346,419.37125,1237.3257
2018-01-01,306.06223,511.98282,303.59384,3638.6665,125.0508,613.01306,120.0272,230.92682,145.86862,1440.9622,63.420906,254.58818,897.04926,4295.772,309.4915,30.116123,388.74167,2696.2954,2729.981,144.09987,1486.998,198.42921,104.91155,4330.5747,161.89636,120.090706,554.5202,998.9678,126.68796,418.7391,1254.7963
2018-01-02,304.35812,509.15176,307.046,3627.0305,127.56348,613.3935,121.29031,232.14915,147.40425,1433.4236,63.64303,256.6359,898.25214,4280.973,310.41824,30.23217,386.11356,2683.8293,2705.8018,143.63719,1487.829,202.52664,104.674736,4370.186,161.66716,119.58039,557.2936,1013.92426,125.73292,417.17682,1279.4025
2018-01-03,303.11368,499.621,310.3853,3632.3564,133.74405,613.09076,122.212944,232.97295,148.165,1425.1688,63.008114,254.11311,897.7076,4260.3687,311.40643,30.140978,383.3173,2675.436,2687.0356,142.07411,1488.3746,204.58891,104.17161,4399.057,160.81812,119.06096,556.35474,1010.5935,124.352615,413.1424,1297.5375
2018-01-04,305.74658,504.63605,311.177,3648.487,135.75226,611.9834,122.63271,234.5221,148.09819,1416.4591,62.53108,259.68497,898.3174,4239.804,312.2819,30.428997,380.6013,2672.5957,2676.726,141.9018,1488.1776,208.18831,103.841705,4419.6157,160.29808,118.664795,552.9317,1011.7326,124.840515,409.11697,1303.3157
2018-01-05,307.59756,506.9132,309.86395,3663.2898,137.6584,614.94714,123.38446,237.13995,149.78207,1432.1453,62.425186,256.93472,905.2659,4218.6274,313.02582,31.128397,378.51276,2671.6135,2673.0337,145.05083,1487.5891,218.74916,104.16447,4438.648,161.12772,119.40962,549.2263,1037.3339,126.71862,408.2466,1300.0754
2018-01-08,306.91837,518.2079,307.39172,3672.989,141.36337,618.1977,123.76131,236.25334,150.9715,1441.164,63.84343,260.4426,916.11755,4201.261,313.79636,31.498045,377.30136,2671.6064,2674.4758,145.63531,1487.7078,230.70012,106.043915,4459.003,162.45822,120.87781,553.6027,1042.3265,127.58391,412.28918,1308.386
2018-01-09,306.61017,493.5079,305.22174,3687.2227,144.7055,619.68146,124.57939,236.15356,152.35616,1464.8796,66.046906,259.60504,926.7264,4196.9443,314.46313,31.444715,377.17523,2678.5662,2684.345,145.23508,1490.1675,242.78291,109.0801,4483.638,165.92471,122.62248,567.60284,1074.275,130.99962,417.5117,1320.988
2018-01-10,305.7498,496.3642,305.11594,3695.3574,139.4613,619.9681,125.03646,235.2367,152.89278,1466.4086,66.487335,270.02408,931.50604,4201.8467,314.96167,31.217371,377.95926,2684.0374,2695.8853,143.87875,1496.6752,249.35255,110.68773,4511.7666,166.42407,123.36752,582.29785,1072.11,130.85071,421.05273,1327.3374
2018-01-11,304.95813,496.38858,308.62616,3691.6318,137.18759,621.45013,124.460464,239.12274,152.47617,1470.4712,65.54862,265.85403,928.83923,4214.3955,315.16946,30.982422,379.54483,2692.0698,2710.2993,141.66418,1507.0482,253.71036,109.9188,4539.1396,165.71255,123.03605,594.13904,1077.8556,130.67776,418.3014,1336.0248
2018-01-12,303.43878,500.46475,313.15897,3673.9546,139.48637,620.0237,125.26934,238.17552,152.22745,1457.2115,65.595856,269.53342,922.54364,4235.9634,314.82648,30.838142,381.56924,2691.4111,2717.7183,138.83202,1519.287,257.90405,109.08693,4563.5825,165.59305,122.01054,603.7963,1113.1984,130.7462,412.09744,1342.0802
2018-01-15,307.11615,492.4796,316.02048,3648.7178,140.82056,617.5985,125.32418,239.31445,151.90665,1465.1211,66.03877,266.96228,916.8828,4260.8896,313.76782,30.615343,383.78903,2678.6858,2712.3076,136.89888,1534.0267,260.5307,109.26871,4583.095,165.35298,121.170105,615.63354,1099.5626,130.84773,406.95465,1339.3457
2018-01-16,316.29642,489.84906,315.86984,3615.131,139.47325,615.3545,124.50507,235.74576,151.28221,1457.908,65.487946,266.77814,913.3015,4283.3984,312.06946,30.458603,385.95883,2661.2588,2697.3767,137.66322,1547.3516,262.101,109.17799,4595.0225,164.71619,120.62862,626.7543,1096.56,130.11005,405.20132,1342.2455
2018-01-17,323.01544,485.36984,316.92123,3576.199,134.83354,610.8229,122.41281,236.59781,148.02588,1469.6112,62.982334,257.5077,911.8894,4293.5757,310.1094,29.918875,387.3655,2641.6074,2675.3208,136.81444,1555.1104,263.96414,105.34339,4594.972,162.70216,119.60058,640.8601,1075.0654,128.24777,403.15628,1341.7252
2018-01-18,329.1772,488.3309,318.60876,3541.326,134.40292,609.1735,121.41337,237.48453,146.40916,1463.6536,62.126717,265.92734,911.71423,4297.135,308.11588,29.726665,387.9148,2625.4004,2652.3093,138.44684,1560.4445,265.6656,102.10937,4582.541,162.19452,118.8058,653.91437,1074.299,127.02018,399.99228,1351.5769
2018-01-19,331.86414,482.13156,319.86798,3526.0913,132.87964,608.6055,120.07457,234.98245,145.29684,1422.7455,61.011425,249.46996,909.1822,4284.989,306.30203,29.214489,387.5015,2608.5457,2628.0566,138.25735,1564.9269,265.489,99.77891,4561.292,161.2678,117.44354,645.1144,1052.8167,125.49487,397.34528,1370.4784
2018-01-22,335.95096,485.00632,320.98538,3530.3315,133.14957,608.0892,119.61798,234.62703,146.19203,1401.2891,59.846497,253.35884,903.6083,4264.1343,304.95303,28.959782,386.3776,2608.7556,2617.6394,139.64221,1571.6282,264.34177,99.30955,4534.645,161.5419,116.57784,621.5935,1054.5353,125.362785,397.06253,1402.4971
2018-01-23,335.67438,477.9255,320.41785,3547.3115,132.51976,607.1349,119.54151,233.12253,146.65161,1444.1744,59.527065,252.69824,897.697,4245.7783,304.2818,28.965225,384.46695,2623.1345,2623.5571,140.04297,1576.2439,263.3826,99.28253,4510.979,163.98042,116.72712,607.4162,1061.4319,128.4464,398.4255,1419.6907
2018-01-24,341.8653,480.10892,317.31284,3571.162,135.105,614.54694,119.9807,235.16779,147.28041,1435.161,59.45846,260.6253,893.16504,4239.939,304.16382,29.151789,381.70657,2645.4246,2644.245,142.76189,1575.7411,270.55096,99.928734,4488.318,165.07547,117.387856,606.1951,1055.3147,130.77008,400.63736,1407.6456
2018-01-25,338.47348,451.82727,312.93747,3594.4924,133.87598,621.6643,120.53877,237.10579,148.74612,1406.4246,59.33897,256.63803,890.80164,4246.3276,304.341,29.10262,378.11935,2662.3584,2669.355,146.91228,1568.1144,277.30896,100.52315,4467.807,164.92444,117.461395,605.8874,1042.722,130.6723,400.6349,1379.6886
2018-01-29,341.85092,449.5339,308.69855,3592.7063,130.97583,625.7183,119.71326,238.31943,148.55449,1411.6212,58.532257,252.69304,890.38666,4249.294,304.3659,28.833279,373.8746,2668.3003,2689.4268,144.11494,1555.1752,280.79968,99.88674,4456.516,163.82399,116.6453,604.1312,1025.2283,127.36919,398.74512,1347.8098
2018-01-30,342.20447,440.6121,305.5923,3584.1929,130.23697,624.1378,118.38504,229.66708,147.81789,1399.3416,57.325413,254.78296,889.73566,4249.322,304.18472,28.66577,369.1193,2664.5342,2699.215,138.72069,1538.253,277.28625,98.75219,4455.2637,163.99815,114.9736,598.31433,1010.15393,126.86564,395.3042,1316.5798
2018-01-31,339.52844,440.8659,303.39056,3589.5369,131.4108,617.4182,117.38651,226.83186,147.2481,1353.0287,57.211086,253.88336,889.2666,4250.2334,304.07364,28.627499,364.74518,2653.2756,2696.4744,135.12213,1521.3938,271.7477,97.89271,4458.2734,163.43622,112.60182,581.9528,1019.619,127.779976,392.72803,1289.9724
2018-02-01,338.86688,438.19577,301.816,3607.0684,129.71048,606.484,116.69953,226.62222,146.6043,1355.635,57.336246,250.2344,888.78973,4251.44,303.92004,28.472017,361.66525,2642.5063,2686.5186,134.4567,1507.5513,267.28983,97.46101,4459.961,161.99022,110.7798,561.0513,1016.6007,128.24075,390.40775,1285.4362
2018-02-02,335.40662,435.18582,300.23145,3633.974,128.82706,596.4773,116.46498,225.90172,145.37357,1357.5149,57.05993,246.14995,888.15765,4258.601,303.71298,28.231682,360.18497,2635.2834,2674.08,132.6401,1510.9034,265.13492,96.29483,4460.3857,161.01276,110.38243,542.8523,1007.3903,128.32254,393.52948,1312.439
2018-02-05,328.02496,420.84677,298.75397,3633.1719,124.29215,589.036,114.20778,219.52646,141.07306,1310.1687,55.300446,226.0104,879.97516,4270.3433,303.19348,27.608046,359.63754,2628.821,2660.3464,128.83777,1528.2987,261.078,93.70501,4435.6074,155.33708,109.6635,519.12494,971.6719,120.69941,392.02686,1335.4716
2018-02-06,322.82224,437.14346,297.40396,3608.72,121.74694,585.1104,112.694435,214.77939,139.01468,1323.0958,54.215157,234.07768,862.4314,4270.1694,301.90714,27.209364,359.6438,2616.9668,2642.7566,126.18295,1550.7085,258.77866,91.83366,4386.644,153.7005,107.04579,494.29175,959.7572,118.07906,385.7066,1332.5088
2018-02-07,322.91272,434.46756,295.73596,3559.8271,119.62656,578.90076,110.73147,220.50366,137.71085,1337.5363,53.31189,228.03017,840.3472,4243.899,300.00916,27.08538,359.7645,2595.658,2618.1836,124.697655,1571.8276,257.50128,90.87285,4318.667,154.24228,103.41171,470.18076,954.6327,117.030815,378.23654,1303.5289
2018-02-08,325.5321,424.69092,293.19556,3514.1675,119.78586,574.7034,109.59602,224.28535,138.82544,1306.7993,53.049393,227.71529,820.2981,4198.993,297.89288,27.252045,360.31393,2573.943,2592.204,123.47772,1589.2526,256.60693,90.7591,4236.7607,153.74687,100.72844,453.15536,948.25903,117.420555,375.2864,1266.8177
2018-02-09,327.52588,425.5935,290.4459,3493.2666,122.61158,588.60114,109.46372,227.22871,140.55507,1310.7806,53.855965,230.55359,808.24304,4159.0786,295.91098,27.47612,361.6196,2563.4531,2574.1167,123.81707,1600.7086,259.5112,91.48586,4148.945,155.81447,100.162285,449.7699,956.5451,119.74402,382.7461,1236.615
2018-02-12,323.4769,420.20615,287.5514,3490.813,125.080284,611.69385,109.42096,223.20966,140.81694,1290.4618,54.368504,228.99469,804.22675,4140.722,294.17227,27.568798,363.56088,2562.2805,2565.4622,125.09821,1607.0325,265.94946,92.27785,4061.941,156.46791,101.53419,455.8609,972.35486,121.12245,393.1268,1219.9546
2018-02-14,320.345,421.2534,285.58322,3511.21,125.71787,627.1946,110.03034,226.21039,142.1168,1299.6969,54.64293,233.55644,807.7145,4162.498,293.28946,27.836067,365.6615,2565.3853,2564.6934,126.523705,1609.2196,272.2827,92.7296,3982.6995,157.51889,104.30608,469.71878,996.86084,120.927574,398.65912,1218.5924
2018-02-15,315.33313,429.8664,285.55377,3538.998,123.17954,628.83466,110.626076,225.27736,143.61389,1318.7008,54.507587,229.96808,815.51886,4219.4517,293.72504,27.710724,367.18887,2578.455,2576.43,123.63312,1609.2026,274.4329,92.78983,3917.222,158.95015,106.09727,484.06796,994.7709,121.03837,399.09244,1224.6155
2018-02-16,318.61572,423.49567,286.9604,3556.327,122.452255,620.3858,110.05942,226.6362,142.4183,1328.6003,53.70246,231.2275,824.653,4289.6675,295.15955,27.498232,367.9747,2596.036,2597.533,120.352394,1607.4464,271.7849,92.443474,3869.4434,157.70271,106.22382,495.28754,973.60754,120.46737,396.9068,1232.7874
2018-02-19,317.36752,415.18167,288.5756,3551.2778,121.42179,614.24274,108.66326,226.12985,140.15102,1294.6917,52.93315,225.98067,833.3424,4351.74,297.04636,27.249563,367.9702,2607.3027,2618.6038,117.909706,1603.8094,263.95062,92.57105,3839.9224,154.74591,104.777016,501.392,960.4177,119.23013,393.4405,1246.5972
2018-02-20,314.96875,411.8608,289.46808,3525.6233,119.070366,608.3775,107.31475,225.428,138.68364,1268.3032,52.90469,224.954,839.61444,4384.189,298.90698,27.11733,367.07043,2605.9888,2630.4802,112.54276,1597.0447,255.47568,92.044426,3825.1614,153.18822,102.25941,500.67706,950.2023,118.79176,387.31073,1249.3666
2018-02-21,312.48462,415.5271,289.71954,3497.4312,119.24481,605.7276,106.200935,226.62178,137.75778,1270.3698,53.19887,226.54823,843.2669,4381.897,300.5076,27.161314,365.4134,2596.2605,2631.4028,109.73308,1589.4246,250.37811,90.68477,3820.8281,152.79712,99.58966,493.83392,943.7064,118.96675,378.972,1245.3762
2018-02-22,312.59427,416.06232,289.70404,3482.282,119.45674,603.4731,105.2115,227.72151,136.93765,1250.5275,53.420242,222.15558,844.01654,4357.379,301.67368,27.204803,363.48117,2584.1584,2623.892,108.589714,1581.9631,248.18958,89.54688,3823.2385,152.71233,97.72209,485.55136,947.3293,119.32409,371.50485,1236.9053
2018-02-23,312.73096,412.06723,289.69498,3480.248,117.69733,599.2037,104.61851,226.00194,135.89627,1276.0197,53.091953,221.51782,840.0096,4335.167,302.18503,26.970074,361.63306,2573.852,2611.9792,107.45112,1575.6393,248.78883,88.324005,3829.857,152.97023,96.369995,481.32666,945.81696,117.5188,366.0969,1225.7113
2018-02-26,315.02795,419.9375,290.1061,3488.3613,118.2624,597.76,105.43525,228.59973,136.81496,1298.3098,53.330814,226.20538,832.5817,4340.1943,302.2175,27.114447,360.16953,2572.3083,2603.5352,107.45989,1576.3782,254.52525,89.1657,3839.1938,154.47227,96.63968,483.9617,961.07153,117.05193,367.21985,1217.56
2018-02-27,318.511,417.81165,290.29736,3508.6118,120.71207,596.6772,107.44518,231.16072,140.73508,1317.7303,53.897156,228.03278,824.3271,4375.135,302.0172,27.46771,359.4165,2577.5625,2600.994,107.42772,1586.4148,262.56506,91.41953,3853.6748,157.30867,98.012184,490.27005,979.42004,119.883995,373.29114,1212.8335
2018-02-28,316.7914,423.38144,290.08347,3542.1038,121.09116,594.4877,108.05853,231.08571,142.69019,1315.4884,53.839966,222.38889,816.3198,4423.7983,302.01355,27.599283,359.4646,2584.8743,2603.487,105.043755,1605.2203,267.5461,93.079315,3867.7642,156.98405,99.20695,494.06607,977.40594,122.4387,380.5323,1212.7842
2018-03-01,309.96893,421.94693,289.77472,3577.3801,119.10762,593.6467,107.00169,231.59071,142.06007,1302.2618,53.77167,227.04843,808.45856,4470.988,302.18842,27.423588,360.2908,2587.7983,2606.5168,104.14585,1628.3824,265.72876,92.970726,3877.9253,155.15608,99.44978,494.55194,981.3423,120.45795,385.6621,1215.372
2018-03-05,302.14194,421.20264,289.5292,3595.9355,118.83783,591.20056,104.88225,231.60477,140.30168,1306.0154,53.63143,224.45303,802.0675,4497.914,302.62814,27.424236,361.5786,2585.6455,2607.5085,103.48,1646.9438,259.12952,91.98334,3883.1729,154.55869,98.91768,492.53677,968.95325,118.23507,386.66486,1218.608
2018-03-06,298.4003,416.51685,289.166,3589.8706,115.76059,587.70294,102.91517,232.03233,138.70052,1333.87,52.93,223.70515,797.4511,4493.1943,303.1338,27.486664,362.6371,2581.2708,2606.3105,101.71802,1653.8075,249.79678,90.705376,3884.2727,154.01585,97.62167,487.2093,956.1574,114.97527,384.4561,1218.2094
2018-03-07,294.2632,410.55307,288.11484,3570.4658,113.27368,586.80444,101.42906,229.85939,137.66856,1326.7117,51.846035,217.91417,793.6719,4452.764,303.59232,27.519785,362.97647,2584.961,2609.7327,98.471825,1648.1526,240.8946,89.47064,3886.3105,153.36119,95.90355,481.21902,942.77844,115.12706,380.0667,1215.0808
2018-03-08,288.59537,401.959,286.38843,3549.986,113.63724,586.4342,99.50795,224.46065,135.90608,1301.6079,50.58017,217.52171,789.658,4396.2744,303.76044,27.116213,362.20966,2589.4988,2614.0142,95.74637,1635.4857,234.73695,88.15684,3894.32,152.41376,94.22397,474.1517,933.3288,116.60784,375.06247,1209.298
2018-03-09,290.772,400.169,284.5326,3544.061,114.84495,585.28204,96.95508,219.3112,130.31824,1301.3033,49.85477,219.88559,785.8604,4340.791,303.46698,26.790419,360.44525,2590.1975,2615.8157,94.89102,1621.5375,232.81575,88.38779,3911.2334,152.49521,92.86748,469.47873,950.8744,117.83022,372.08746,1208.596
2018-03-12,292.11475,400.7208,283.06287,3552.4646,113.790596,581.7072,95.21849,216.1901,127.09401,1313.9307,49.830296,212.76688,782.35254,4299.7114,302.98657,26.725203,357.95032,2587.733,2614.7168,93.91185,1609.422,231.26189,89.75577,3938.0361,153.209,91.67015,465.37943,961.0056,117.01583,369.4588,1212.55
2018-03-13,295.7344,416.06003,283.05066,3590.8855,113.31844,581.38446,93.119545,218.99414,125.98328,1319.7113,50.52355,219.05267,779.33746,4283.1836,302.59424,26.705389,355.43323,2587.4993,2614.194,92.15461,1600.316,231.15128,91.14971,3974.956,154.47527,91.07932,462.71008,952.68335,116.724724,368.9665,1215.1538
2018-03-14,299.38794,418.85938,285.26013,3643.8594,114.10916,582.7428,91.73761,219.35225,127.29016,1328.9124,51.617493,220.00325,776.8377,4292.113,302.43384,26.819273,353.99768,2582.7764,2609.7698,93.845085,1593.5415,232.12595,92.51467,4018.8853,155.65773,92.382126,463.74933,955.41705,118.683685,374.54404,1217.1677
2018-03-15,301.037,414.63928,288.3702,3671.1511,114.901115,583.67004,90.33015,226.84679,127.28621,1343.6594,52.22192,220.8278,775.2232,4313.59,302.27838,26.837904,353.98456,2571.1506,2598.8723,98.55708,1589.9124,233.31816,92.79127,4063.8826,155.00377,95.42665,468.29617,948.3972,119.21473,382.8535,1219.3497
2018-03-16,298.25366,413.791,290.9218,3665.61,114.697754,581.50964,89.53195,224.92381,126.73849,1411.4711,52.34741,225.05586,775.0881,4340.791,301.84888,26.791607,355.0923,2566.5562,2591.124,101.61827,1589.3792,234.07657,91.9463,4107.6323,154.41838,98.3815,475.05624,945.5111,118.39089,388.97852,1221.2142
2018-03-19,293.99725,411.98508,292.61578,3621.7869,115.28411,574.61786,89.29271,224.55421,126.181,1397.5083,52.2122,225.49818,774.7656,4365.625,301.08792,26.661222,356.5717,2548.011,2572.702,101.61422,1588.2203,233.07632,90.85068,4141.3164,153.5734,100.338776,480.40552,935.9562,116.892975,390.71573,1222.0049
2018-03-20,290.15515,398.21875,292.3346,3560.223,111.80289,567.94904,89.2632,224.42104,124.36916,1363.3701,51.455795,214.82198,772.50903,4376.8735,300.18353,26.49942,357.39627,2509.4595,2536.77,98.85274,1585.404,229.77386,89.30258,4161.7944,152.02872,100.92121,479.0781,908.9416,113.65532,387.4615,1222.0394
2018-03-21,287.60065,398.3019,291.26672,3509.7312,108.99282,562.11444,89.609604,218.92554,123.96436,1344.1725,50.9052,217.43553,767.48083,4373.1484,300.02863,26.362383,357.11777,2470.1448,2494.863,96.437935,1580.424,228.70062,88.32025,4169.5015,149.9786,99.838524,474.65634,885.58887,113.423454,382.56125,1222.0591
2018-03-22,285.75873,413.9687,290.57016,3476.0415,110.20392,557.89417,90.055695,221.5347,125.823456,1365.6211,50.734886,217.51392,760.5329,4360.127,301.3069,26.31393,355.72986,2443.2192,2458.0977,95.18603,1573.4202,229.49608,88.00224,4169.2573,150.59875,98.26119,472.08676,867.31146,113.62638,379.78403,1217.7588
2018-03-23,282.524,410.59705,289.50235,3459.5015,112.199936,552.7304,89.76078,226.77705,125.83313,1373.879,51.263367,214.68202,752.54114,4345.16,303.85806,26.240595,353.21674,2432.2983,2433.2295,94.442635,1565.982,229.48976,88.07943,4163.4316,150.62685,97.02957,472.39264,864.72504,113.30268,378.51385,1210.7374
2018-03-26,277.21967,406.66565,287.49066,3450.0469,111.80648,547.57275,88.65481,231.61993,123.53598,1368.0565,51.06816,205.53952,744.9248,4333.9,307.24567,26.311188,349.73874,2434.5352,2422.8386,90.66597,1560.0038,225.88367,88.204124,4155.777,149.89282,95.78315,472.57172,867.88544,112.16198,376.68353,1206.6597
2018-03-27,276.89996,415.03525,283.5588,3458.639,113.94438,545.15753,87.93334,226.75089,122.52791,1386.556,50.50543,211.47769,739.1347,4331.114,311.06976,26.548918,345.53406,2466.0457,2441.7617,89.11929,1555.9889,221.37009,88.56073,4148.9375,150.5091,94.66309,476.08307,914.72107,112.291336,375.40985,1203.4071
2018-03-28,279.6332,408.6646,278.7849,3477.0525,118.512054,546.1873,88.130775,217.6735,123.55091,1413.7432,50.381344,209.38712,733.8083,4349.524,314.65558,26.94972,341.45865,2503.689,2479.2449,91.04981,1556.5406,220.97588,88.6815,4143.788,152.11168,94.38927,482.83298,955.35516,112.444046,379.35126,1200.1179
