Date,Date.1,BAJAJHLDNG.NS.Open,BAJAJHLDNG.NS.High,BAJAJHLDNG.NS.Low,BAJAJHLDNG.NS.Close,BAJAJHLDNG.NS.Volume,BAJAJHLDNG.NS.Adjusted,log_returns
2013-04-01,2013-04-01,911.950012,927.0,896.599976,914.150024,9348.0,815.7559200000002,0.0021354815481728906
2013-04-02,2013-04-02,927.900024,927.900024,901.200012,910.549988,15316.0,812.543274,-0.003946019479137418
2013-04-03,2013-04-03,901.0,924.950012,901.0,909.599976,66208.0,811.695618,-0.0010437578870083897
2013-04-04,2013-04-04,910.0,917.950012,904.299988,909.200012,15171.0,811.338684,-0.0004398354431742746
2013-04-05,2013-04-05,923.950012,923.950012,901.450012,911.900024,8201.0,813.7480469999998,0.002965213756776386
2013-04-08,2013-04-08,919.950012,920.0,911.349976,918.599976,6690.0,819.726929,0.007320477862485575
2013-04-09,2013-04-09,919.900024,922.0,905.299988,911.549988,8549.0,813.4356690000002,-0.0077044271372548314
2013-04-10,2013-04-10,905.299988,915.0,905.0,911.849976,92684.0,813.703491,0.00032919372725181967
2013-04-11,2013-04-11,885.5,926.450012,885.5,911.849976,6327.0,813.703491,0.0
2013-04-12,2013-04-12,924.950012,924.950012,896.150024,911.549988,22346.0,813.4356690000002,-0.00032919372725181967
2013-04-15,2013-04-15,893.349976,912.0,865.0,878.5499880000001,12501.0,783.987671,-0.03687354978367896
2013-04-16,2013-04-16,865.0,902.0,865.0,886.0,12370.0,790.635803,0.008444141234602576
2013-04-17,2013-04-17,890.0,900.75,884.0499880000001,889.2999880000001,31477.0,793.580566,0.0037176315675058187
2013-04-18,2013-04-18,898.9500119999999,914.0,890.0,903.049988,9673.0,805.850647,0.015343356583794153
2013-04-22,2013-04-22,900.0,905.049988,885.0,887.150024,16349.0,791.662048,-0.017763830169002404
2013-04-23,2013-04-23,894.5499880000001,894.5499880000001,881.2000119999999,888.9500119999999,6705.0,793.268311,0.0020269200357105888
2013-04-25,2013-04-25,881.0,910.0,881.0,901.049988,20952.0,804.065918,0.013519739666297605
2013-04-26,2013-04-26,915.0,915.0,890.0,900.0499880000001,7661.0,803.173523,-0.0011104693786618824
2013-04-29,2013-04-29,891.25,914.599976,887.400024,891.5,2711.0,795.5438230000002,-0.009544849117670395
2013-04-30,2013-04-30,895.0,904.700012,886.0499880000001,889.5,87019.0,793.759033,-0.0022460045843981646
2013-05-02,2013-05-02,894.9500119999999,931.599976,894.9500119999999,910.549988,12803.0,812.543274,0.0233892427936766
2013-05-03,2013-05-03,909.5,918.950012,883.2000119999999,903.650024,30758.0,806.386108,-0.007606503107130179
2013-05-06,2013-05-06,892.75,902.049988,892.75,899.0499880000001,13163.0,802.2811889999998,-0.0051035138432018465
2013-05-07,2013-05-07,885.150024,912.849976,885.150024,895.0,2800.0,798.667114,-0.004514925475732845
2013-05-08,2013-05-08,901.0,906.0,885.0,893.25,7448.0,797.105408,-0.001957304662224324
2013-05-09,2013-05-09,909.799988,910.0,893.5,899.5499880000001,8730.0,802.727356,0.007028198531873643
2013-05-10,2013-05-10,895.0,908.599976,890.099976,902.849976,8279.0,805.6721190000002,0.003661734955932694
2013-05-13,2013-05-13,895.0,927.950012,894.900024,920.400024,11997.0,821.333191,0.019252003197009596
2013-05-14,2013-05-14,920.0,929.0,913.0,920.799988,10881.0,821.690125,0.0004344844070542919
2013-05-15,2013-05-15,912.0,926.950012,912.0,920.299988,7028.0,821.243958,-0.0005431344027542195
2013-05-16,2013-05-16,920.0,929.950012,910.950012,915.400024,85637.0,816.871399,-0.005338536588559428
2013-05-17,2013-05-17,903.049988,928.0,903.049988,913.650024,174769.0,815.309753,-0.0019135700404540046
2013-05-20,2013-05-20,908.0,919.950012,895.400024,909.5,103514.0,811.6063839999998,-0.00455263220058022
2013-05-21,2013-05-21,910.099976,919.650024,885.0,892.099976,504799.0,796.0792240000002,-0.01931676533451032
2013-05-22,2013-05-22,894.849976,894.849976,880.849976,884.5,5781.0,789.297302,-0.008555650040188212
2013-05-23,2013-05-23,885.2000119999999,907.0,883.150024,891.9500119999999,15572.0,795.945374,0.008387499371556473
2013-05-24,2013-05-24,886.650024,905.200012,886.650024,903.900024,4826.0,806.609192,0.013308720496077342
2013-05-27,2013-05-27,890.75,924.0,890.75,918.75,25481.0,819.860779,0.016295265778962786
2013-05-28,2013-05-28,921.0,932.0,905.200012,928.549988,7518.0,828.605957,0.010610174715877108
2013-05-29,2013-05-29,924.25,938.450012,923.049988,927.5,9909.0,827.668945,-0.0011314692975590288
2013-05-30,2013-05-30,911.5,932.950012,911.5,925.599976,6589.0,825.97345,-0.0020506194075116113
2013-05-31,2013-05-31,925.0,935.0,925.0,925.599976,17358.0,825.97345,0.0
2013-06-03,2013-06-03,916.0,929.549988,916.0,925.299988,12785.0,825.70575,-0.00032415495980586684
2013-06-04,2013-06-04,916.0,934.849976,916.0,925.299988,10342.0,825.70575,0.0
2013-06-05,2013-06-05,924.349976,933.900024,924.349976,926.549988,17860.0,826.821228,0.001350027181728386
2013-06-06,2013-06-06,927.349976,935.950012,920.25,925.549988,75863.0,825.928894,-0.0010798172994537225
2013-06-07,2013-06-07,930.150024,936.5,907.0,913.849976,102087.0,815.488098,-0.012721857842308282
2013-06-10,2013-06-10,914.450012,920.0,885.0,887.75,14261.0,792.1973879999998,-0.028976239192207487
2013-06-11,2013-06-11,880.0,899.650024,875.0,894.2999880000001,9994.0,798.042358,0.007351088206410949
2013-06-12,2013-06-12,872.0,895.9500119999999,812.0,828.0,18674.0,738.878601,-0.07702804348350513
2013-06-13,2013-06-13,827.950012,832.0,800.0,809.450012,16936.0,722.325256,-0.02265810223202358
2013-06-14,2013-06-14,805.0,818.0,779.0,797.450012,52967.0,711.616882,-0.014935851013558652
2013-06-17,2013-06-17,788.099976,796.950012,783.049988,789.950012,20190.0,704.924072,-0.009449581791015405
2013-06-18,2013-06-18,789.950012,809.900024,789.049988,800.099976,16159.0,713.981628,0.012767133194593328
2013-06-19,2013-06-19,796.200012,807.049988,785.549988,790.349976,31200.0,705.2810059999998,-0.012260917448826623
2013-06-20,2013-06-20,780.0,808.599976,780.0,804.799988,21132.0,718.1757200000002,0.018117961014181283
2013-06-21,2013-06-21,790.0,798.049988,748.0,749.549988,73093.0,668.8724980000002,-0.07112081846621088
2013-06-24,2013-06-24,752.0,763.849976,750.0,760.049988,47620.0,678.242371,0.013911247395667736
2013-06-25,2013-06-25,760.0,783.900024,760.0,778.75,7864.0,694.929565,0.02430579169435809
2013-06-26,2013-06-26,783.0,788.0,774.0,785.650024,4059.0,701.086853,0.008821282970631117
2013-06-27,2013-06-27,785.5,801.549988,768.0,776.650024,21072.0,693.055603,-0.011521546895431278
2013-06-28,2013-06-28,779.049988,808.0,765.150024,804.450012,239846.0,717.863464,0.03516915822486677
2013-07-01,2013-07-01,820.0,820.0,803.0,805.450012,14280.0,718.755798,0.0012422694562994607
2013-07-02,2013-07-02,800.049988,812.0,792.150024,795.049988,22001.0,709.475159,-0.012996174854737141
2013-07-03,2013-07-03,791.75,823.0,772.549988,781.25,34248.0,697.160522,-0.017509795601615252
2013-07-04,2013-07-04,768.0,774.0,755.0,770.450012,11345.0,710.2509769999998,0.01860270790005281
2013-07-05,2013-07-05,770.0,781.900024,770.0,775.849976,7662.0,715.229065,0.006984465710332621
2013-07-08,2013-07-08,779.950012,781.0,748.0,778.25,30679.0,717.4415280000002,0.00308858822063307
2013-07-09,2013-07-09,780.0,780.049988,763.0,775.700012,14180.0,715.09082,-0.003281894629751925
2013-07-10,2013-07-10,777.049988,796.0,769.900024,771.349976,23521.0,711.080688,-0.005623647010200017
2013-07-11,2013-07-11,776.0,779.950012,772.0,775.0,13656.0,714.445557,0.004720888529612388
2013-07-12,2013-07-12,777.5,778.450012,774.900024,775.200012,16928.0,714.629944,0.00025805074804541306
2013-07-15,2013-07-15,775.0,787.0,773.5,780.299988,13014.0,719.3312990000002,0.006557181190409267
2013-07-16,2013-07-16,762.150024,786.0,761.25,779.849976,7701.0,718.916565,-0.0005767211923286553
2013-07-17,2013-07-17,784.75,795.0,772.0,775.400024,30311.0,714.814209,-0.005722646496749917
2013-07-18,2013-07-18,773.5,787.0,772.200012,780.799988,27519.0,719.792297,0.006940032628559578
2013-07-19,2013-07-19,780.099976,798.950012,775.0,778.950012,7046.0,718.086914,-0.002372082142372278
2013-07-22,2013-07-22,800.0,805.0,787.950012,800.150024,19156.0,737.630371,0.026852234967015498
2013-07-23,2013-07-23,800.0,804.950012,796.0,800.650024,7208.0,738.091309,0.000624695050885471
2013-07-24,2013-07-24,801.0,808.0,790.400024,793.799988,5569.0,731.77655,-0.008592334082138109
2013-07-25,2013-07-25,800.049988,800.099976,792.0,797.150024,3075.0,734.864868,0.004211421451280728
2013-07-26,2013-07-26,808.950012,824.900024,795.299988,818.5,15293.0,754.5466309999998,0.026430450893163204
2013-07-29,2013-07-29,818.0,839.9500119999999,800.299988,826.549988,13372.0,761.9675900000002,0.009786941831972484
2013-07-30,2013-07-30,827.0,844.0,825.950012,835.700012,14579.0,770.40271,0.011009356157194006
2013-07-31,2013-07-31,836.650024,837.0,810.0,818.099976,11368.0,754.1778559999998,-0.02128515464990421
2013-08-01,2013-08-01,834.0,834.0,787.0,801.900024,8929.0,739.243713,-0.0200005693500076
2013-08-02,2013-08-02,781.400024,879.0,781.400024,853.5,24227.0,786.811829,0.06236146658712283
2013-08-05,2013-08-05,833.0,898.7999880000001,822.25,881.099976,26940.0,812.25531,0.03182559120585626
2013-08-06,2013-08-06,853.0,880.0,832.5,843.2999880000001,9178.0,777.408936,-0.04384819884589408
2013-08-07,2013-08-07,835.299988,855.25,815.849976,833.5,12958.0,768.374634,-0.011689094180925784
2013-08-08,2013-08-08,821.150024,828.0,815.0,818.599976,7886.0,754.6387940000002,-0.018038202669830028
2013-08-12,2013-08-12,829.849976,855.0,798.700012,812.049988,17834.0,748.600586,-0.00803363796274148
2013-08-13,2013-08-13,808.950012,819.950012,791.5,816.900024,11764.0,753.071594,0.005954723368915005
2013-08-14,2013-08-14,818.0,867.4500119999999,803.200012,853.349976,147564.0,786.673584,0.043653100899738284
2013-08-16,2013-08-16,854.0,862.0,829.0,837.349976,27000.0,771.923767,-0.018927604793621988
2013-08-19,2013-08-19,837.0,849.9500119999999,823.450012,829.950012,33234.0,765.10199,-0.008876652537985308
2013-08-20,2013-08-20,830.849976,839.0,815.150024,828.150024,20856.0,763.442749,-0.0021710082922279388
2013-08-21,2013-08-21,830.049988,833.400024,820.099976,828.900024,6406.0,764.134033,0.0009050727339330322
2013-08-22,2013-08-22,825.0,839.900024,820.099976,826.549988,11732.0,761.9675900000002,-0.0028391876696209906
2013-08-23,2013-08-23,825.049988,830.599976,813.0,822.799988,4714.0,758.510681,-0.004547141543985056
2013-08-26,2013-08-26,827.0,833.0,815.0,818.599976,9232.0,754.6387940000002,-0.00511766420240356
2013-08-27,2013-08-27,814.099976,820.25,793.0,799.700012,24106.0,737.2155759999998,-0.023358862060168132
2013-08-28,2013-08-28,800.0,800.0,783.5,787.099976,23368.0,725.600037,-0.015881404373937258
2013-08-29,2013-08-29,788.0,819.0,781.0,810.25,25887.0,746.941223,0.02898754817424365
2013-08-30,2013-08-30,790.0,825.0,782.0,804.799988,23800.0,741.917053,-0.006749049458564471
2013-09-02,2013-09-02,806.099976,816.0,794.900024,802.849976,5707.0,740.119385,-0.0024259442420504485
2013-09-03,2013-09-03,803.049988,814.0,781.0,785.25,3390.0,723.8946530000002,-0.022165629374354626
2013-09-04,2013-09-04,797.950012,805.799988,781.099976,800.049988,25401.0,737.538086,0.01867185402198679
2013-09-05,2013-09-05,808.0,820.0,792.0,795.0,32067.0,732.882751,-0.006331997530464761
2013-09-06,2013-09-06,800.0,835.0,784.950012,825.299988,29714.0,760.815247,0.03740482039294602
2013-09-10,2013-09-10,821.0,830.0,814.049988,826.299988,30871.0,761.737061,0.0012108800568482179
2013-09-11,2013-09-11,828.0,828.0,803.700012,803.700012,48255.0,740.903015,-0.02773169904438255
2013-09-12,2013-09-12,802.150024,820.0,791.299988,794.349976,14980.0,732.283569,-0.01170190449972086
2013-09-13,2013-09-13,799.0,807.0,794.049988,798.049988,15143.0,735.694458,0.004647065658345717
2013-09-16,2013-09-16,808.0,808.0,797.099976,798.700012,7142.0,736.2937009999998,0.0008141954531906138
2013-09-17,2013-09-17,809.0,809.0,786.5,793.299988,15216.0,731.315613,-0.006783967700920711
2013-09-18,2013-09-18,793.0,794.450012,775.0,777.349976,42209.0,716.6118769999998,-0.020310742866890046
2013-09-19,2013-09-19,789.099976,795.049988,774.0,786.700012,55550.0,725.2313230000002,0.011956291337353877
2013-09-20,2013-09-20,790.0,805.0,780.0,790.849976,207436.0,729.057068,0.005261341352837512
2013-09-23,2013-09-23,802.950012,802.950012,780.099976,782.0,32831.0,720.898499,-0.011253662234818941
2013-09-24,2013-09-24,781.950012,784.5,774.099976,775.700012,14135.0,715.09082,-0.00808879368224602
2013-09-25,2013-09-25,783.5,783.5,770.200012,775.549988,49930.0,714.9525150000002,-0.00019342770536567852
2013-09-26,2013-09-26,779.75,779.75,770.0,772.599976,150285.0,712.23291,-0.0038111491950276735
2013-09-27,2013-09-27,771.0,787.900024,771.0,779.150024,94047.0,718.27124,0.008442290592094004
2013-09-30,2013-09-30,789.799988,789.849976,772.099976,776.0,8288.0,715.367371,-0.004051052962731561
2013-10-01,2013-10-01,776.0,784.0,773.049988,780.650024,21843.0,719.654053,0.005974398261702874
2013-10-03,2013-10-03,773.799988,794.0,773.0,791.549988,27754.0,729.7023929999998,0.013866155598880605
2013-10-04,2013-10-04,782.0,809.0,782.0,805.0,27293.0,742.101501,0.016849257416401642
2013-10-07,2013-10-07,797.0,807.0,797.0,805.200012,39089.0,742.285828,0.0002483543174296443
2013-10-08,2013-10-08,807.799988,807.900024,804.950012,805.099976,20924.0,742.193604,-0.00012425096384749423
2013-10-09,2013-10-09,804.0,807.0,803.950012,805.349976,17354.0,742.424072,0.00031047454920773987
2013-10-10,2013-10-10,809.950012,810.0,804.950012,806.450012,19531.0,743.4381099999998,0.0013649154944692654
2013-10-11,2013-10-11,807.0,812.950012,807.0,810.0,28840.0,746.710815,0.004392460655412656
2013-10-14,2013-10-14,808.0,816.200012,808.0,812.400024,8746.0,748.923218,0.002958483913683807
2013-10-15,2013-10-15,806.049988,813.0,806.0,810.0,13702.0,746.710815,-0.002958483913683807
2013-10-17,2013-10-17,804.0,825.650024,804.0,823.349976,33062.0,759.0176389999998,0.016347035249613562
2013-10-18,2013-10-18,830.0,834.0,825.200012,830.450012,32418.0,765.562927,0.008586398592779432
2013-10-21,2013-10-21,823.349976,839.0,823.349976,838.25,25066.0,772.753479,0.009348667597404159
2013-10-22,2013-10-22,825.049988,839.0,825.049988,835.200012,16422.0,769.941772,-0.003645191895856215
2013-10-23,2013-10-23,836.0,836.0,805.0,820.099976,21098.0,756.021484,-0.01824509744394653
2013-10-24,2013-10-24,820.0,831.0,813.099976,822.150024,15269.0,757.911438,0.002496748639689628
2013-10-25,2013-10-25,825.0,825.0,818.0,819.950012,11956.0,755.883301,-0.0026795418972485052
2013-10-28,2013-10-28,824.700012,824.700012,818.0,821.849976,18828.0,757.6348879999998,0.002314590990337706
2013-10-29,2013-10-29,820.0,822.75,817.650024,819.900024,17381.0,755.837219,-0.0023755572858989997
2013-10-30,2013-10-30,821.900024,825.950012,819.549988,821.349976,16099.0,757.17395,0.0017669814674015074
2013-10-31,2013-10-31,818.0,830.0,818.0,825.400024,16051.0,760.9075320000002,0.004918826258083264
2013-11-01,2013-11-01,825.0,851.9500119999999,821.049988,844.349976,29360.0,778.37677,0.02269884522070154
2013-11-05,2013-11-05,841.0,852.0,841.0,846.599976,20477.0,780.4509889999998,0.0026612564630168483
2013-11-06,2013-11-06,841.0499880000001,855.0,841.0499880000001,849.900024,39148.0,783.493225,0.0038904710410765375
2013-11-07,2013-11-07,848.9500119999999,871.0,845.0,865.650024,25872.0,798.0125730000002,0.01836193830246113
2013-11-08,2013-11-08,847.9500119999999,870.0,847.9500119999999,865.150024,42425.0,797.551697,-0.0005776965823098834
2013-11-11,2013-11-11,860.150024,866.849976,845.0,861.349976,17165.0,794.048462,-0.00440216173343444
2013-11-12,2013-11-12,864.75,879.0,858.0,872.099976,18754.0,803.958618,0.01240330305603532
2013-11-13,2013-11-13,869.650024,878.5,862.099976,875.5499880000001,11993.0,807.139038,0.003948145687483695
2013-11-14,2013-11-14,871.349976,877.9500119999999,871.349976,875.0,32500.0,806.632019,-0.0006283654852818897
2013-11-18,2013-11-18,874.9500119999999,884.75,866.0499880000001,881.0,9704.0,812.163208,0.006833737131485052
2013-11-19,2013-11-19,879.0499880000001,883.9500119999999,872.0,875.2000119999999,57087.0,806.8164059999998,-0.006605174510026402
2013-11-20,2013-11-20,868.0499880000001,887.900024,868.0499880000001,881.7999880000001,8626.0,812.900574,0.007512666337451179
2013-11-21,2013-11-21,865.0499880000001,885.0,865.0,876.0499880000001,16595.0,807.599976,-0.006541950145190435
2013-11-22,2013-11-22,873.349976,890.0,872.0499880000001,880.150024,7542.0,811.3797,0.004669275251812266
2013-11-25,2013-11-25,885.0,904.799988,871.5499880000001,877.2999880000001,12492.0,808.752258,-0.003243494198693853
2013-11-26,2013-11-26,892.9500119999999,892.9500119999999,857.0,859.900024,5068.0,792.711792,-0.02003292230051379
2013-11-27,2013-11-27,860.0,872.0,842.7000119999999,850.900024,20981.0,784.4151,-0.010521370954242215
2013-11-28,2013-11-28,879.900024,879.900024,851.0499880000001,858.599976,2864.0,791.513428,0.009008499913639056
2013-11-29,2013-11-29,857.0499880000001,866.7000119999999,855.349976,860.0499880000001,5507.0,792.850098,0.001687327807283978
2013-12-02,2013-12-02,869.400024,869.400024,856.7999880000001,860.75,7932.0,793.495422,0.0008135983333534824
2013-12-03,2013-12-03,853.0,879.0,853.0,873.099976,22178.0,804.880371,0.014245888348326297
2013-12-04,2013-12-04,874.75,878.599976,866.099976,871.0,19960.0,802.944519,-0.00240803951659796
2013-12-05,2013-12-05,875.0,880.0499880000001,872.099976,875.099976,8956.0,806.724182,0.004696208535531099
2013-12-06,2013-12-06,890.0,890.0,872.0,875.849976,4265.0,807.415588,0.0008566867072303808
2013-12-09,2013-12-09,880.0,890.0,875.2999880000001,881.599976,10125.0,812.716309,0.0065435905853261644
2013-12-10,2013-12-10,883.0,883.0,874.0,876.2000119999999,6168.0,807.7382809999998,-0.0061440088358875045
2013-12-11,2013-12-11,875.0499880000001,875.0499880000001,865.7000119999999,869.9500119999999,8165.0,801.9765629999998,-0.007158712150078904
2013-12-12,2013-12-12,880.0,880.0,860.349976,866.0,8408.0,798.335205,-0.004550818605689955
2013-12-13,2013-12-13,866.0,879.0,860.0,864.5,5187.0,796.9523929999998,-0.0017336213834600045
2013-12-16,2013-12-16,879.0,889.900024,850.150024,875.900024,4992.0,807.46167,0.013100642219595391
2013-12-17,2013-12-17,871.900024,884.099976,863.7000119999999,874.75,5996.0,806.401489,-0.0013138426843601894
2013-12-18,2013-12-18,874.4500119999999,894.849976,868.0,884.25,5019.0,815.1592410000002,0.010801738091653412
2013-12-19,2013-12-19,886.7999880000001,888.5,875.0499880000001,880.9500119999999,3142.0,812.117004,-0.0037390585079757344
2013-12-20,2013-12-20,883.9500119999999,919.950012,871.849976,907.900024,15926.0,836.961426,0.03013356002872492
2013-12-23,2013-12-23,900.0,906.0,888.849976,891.2999880000001,3675.0,821.6583860000002,-0.018453263538544814
2013-12-24,2013-12-24,904.75,910.0,893.5499880000001,897.7999880000001,10462.0,827.6505129999998,0.00726625966577199
2013-12-26,2013-12-26,887.0,902.0,885.099976,897.349976,3064.0,827.235596,-0.0005014447899913677
2013-12-27,2013-12-27,891.400024,899.0,882.0,894.900024,12607.0,824.977173,-0.0027338178822367
2013-12-30,2013-12-30,886.0,899.0,881.099976,888.25,4847.0,818.84668,-0.00745885443994876
2013-12-31,2013-12-31,886.0,891.0,877.0,888.099976,5520.0,818.708374,-0.00016891768003901578
2014-01-01,2014-01-01,877.25,910.0,877.25,896.5499880000001,7778.0,826.49823,0.00946983095699938
2014-01-02,2014-01-02,890.0,909.75,878.0,881.0,3880.0,812.163208,-0.01749646065922139
2014-01-03,2014-01-03,876.5,888.0,865.0,876.0,4948.0,807.553894,-0.005691520373423131
2014-01-06,2014-01-06,877.0499880000001,910.0,869.7000119999999,900.75,11914.0,830.370056,0.027861657365863657
2014-01-07,2014-01-07,900.0,914.0,881.599976,889.5499880000001,5773.0,820.045166,-0.012512032801977213
2014-01-08,2014-01-08,899.849976,910.0,890.0,902.25,35218.0,831.752869,0.01417594501717989
2014-01-09,2014-01-09,903.0,925.0,899.0,920.650024,16939.0,848.715149,0.02018825222232845
2014-01-10,2014-01-10,910.049988,921.549988,899.0,904.599976,26136.0,833.919189,-0.017587114488134326
2014-01-13,2014-01-13,899.099976,931.700012,899.099976,921.400024,187133.0,849.406555,0.018401433080939892
2014-01-14,2014-01-14,910.049988,923.900024,901.0,904.200012,6770.0,833.550415,-0.018843748797073626
2014-01-15,2014-01-15,910.0,950.0,902.0,925.799988,540317.0,853.462769,0.023607733460288216
2014-01-16,2014-01-16,919.0,927.0,910.099976,915.700012,22770.0,844.151917,-0.010969444880719159
2014-01-17,2014-01-17,908.75,944.75,890.0499880000001,924.549988,24895.0,852.310425,0.009618334217996072
2014-01-20,2014-01-20,915.0,931.0,913.400024,921.75,22917.0,849.7291869999998,-0.003033113871971693
2014-01-21,2014-01-21,915.049988,941.599976,915.049988,927.25,26693.0,854.7994380000001,0.005949170790979785
2014-01-22,2014-01-22,925.599976,940.0,920.049988,929.950012,23412.0,857.2885130000002,0.002907650570390885
2014-01-23,2014-01-23,929.650024,942.950012,928.950012,936.950012,7245.0,863.741577,0.007499106818643853
2014-01-24,2014-01-24,928.049988,949.0,927.25,936.299988,23157.0,863.142273,-0.0006940872416638655
2014-01-27,2014-01-27,925.0,934.950012,925.0,930.599976,17211.0,857.8876949999999,-0.0061063368158968965
2014-01-28,2014-01-28,936.299988,941.0,928.5,930.450012,64068.0,857.7493900000002,-0.00016122873713619867
2014-01-29,2014-01-29,932.849976,939.950012,929.150024,930.349976,16330.0,857.6572269999998,-0.00010745324073724304
2014-01-30,2014-01-30,931.0,936.0,913.700012,930.950012,10064.0,858.2103880000002,0.0006447595540910456
2014-01-31,2014-01-31,937.900024,937.900024,921.099976,926.450012,3637.0,854.062073,-0.004845400729882599
2014-02-03,2014-02-03,929.950012,944.400024,920.599976,931.650024,15940.0,858.855713,0.005597060820321964
2014-02-04,2014-02-04,929.950012,937.950012,915.950012,930.0,5624.0,857.3345949999998,-0.0017726686734382824
2014-02-05,2014-02-05,912.049988,939.950012,912.049988,936.200012,8622.0,863.05011,0.006644485981911252
2014-02-06,2014-02-06,936.0,954.950012,935.049988,950.0,112988.0,875.771851,0.01463285866337305
2014-02-07,2014-02-07,945.0,963.0,943.25,959.049988,9808.0,884.1147460000002,0.009481244430342706
2014-02-10,2014-02-10,959.0,964.900024,950.0,953.049988,6477.0,878.583618,-0.006275771586015999
2014-02-11,2014-02-11,955.0,955.0,950.0,950.150024,32891.0,875.910217,-0.0030474921207526147
2014-02-12,2014-02-12,954.950012,959.900024,953.950012,955.349976,49184.0,880.7037960000001,0.005457762335320915
2014-02-13,2014-02-13,950.0,966.0,950.0,957.849976,81387.0,883.008484,0.00261345270190727
2014-02-14,2014-02-14,958.950012,958.950012,953.049988,955.400024,36354.0,880.749939,-0.0025610607496311393
2014-02-17,2014-02-17,954.0,960.900024,954.0,955.049988,15780.0,880.427368,-0.0003663129229805051
2014-02-18,2014-02-18,959.950012,960.0,947.200012,954.0,50415.0,879.45929,-0.0011001595963495703
2014-02-19,2014-02-19,944.5,960.0,944.5,955.349976,23796.0,880.7037960000001,0.0014140805670539436
2014-02-20,2014-02-20,956.450012,959.0,947.0,950.950012,21714.0,876.6476439999999,-0.0046162186009537365
2014-02-21,2014-02-21,956.0,957.0,945.650024,951.349976,6016.0,877.0163570000002,0.000420505872531507
2014-02-24,2014-02-24,922.0,954.950012,922.0,947.950012,5382.0,873.8820800000002,-0.0035801966369328757
2014-02-25,2014-02-25,949.0,950.0,942.049988,945.700012,11462.0,871.8078609999999,-0.0023763899045494696
2014-02-26,2014-02-26,901.349976,950.0,901.349976,944.0,15032.0,870.2406619999998,-0.0017992603559600087
2014-02-28,2014-02-28,931.0,949.950012,931.0,944.5,9334.0,870.701599,0.0005295259022615184
2014-03-03,2014-03-03,949.0,969.599976,935.0,959.450012,9312.0,884.4835210000001,0.015704560275076496
2014-03-04,2014-03-04,950.049988,968.950012,950.049988,964.799988,10055.0,889.415466,0.0055605846151971505
2014-03-05,2014-03-05,960.75,979.0,950.099976,957.549988,19315.0,882.7319949999999,-0.007542829064347778
2014-03-06,2014-03-06,965.0,969.0,955.049988,962.75,4381.0,887.525696,0.005415836057633072
2014-03-07,2014-03-07,968.0,969.900024,956.200012,966.0,11104.0,890.5217289999998,0.003370029160520538
2014-03-10,2014-03-10,960.049988,980.0,960.049988,966.549988,24809.0,891.0287480000002,0.0005691884908500809
2014-03-11,2014-03-11,958.049988,973.0,958.049988,965.900024,7228.0,890.429504,-0.0006727567395179435
2014-03-12,2014-03-12,974.0,975.049988,960.049988,967.75,6049.0,892.13501,0.0019135425472889265
2014-03-13,2014-03-13,966.099976,971.650024,958.950012,960.150024,15215.0,885.128845,-0.007884255647303107
2014-03-14,2014-03-14,970.0,970.0,956.099976,960.299988,7859.0,885.26709,0.00015617410495405437
2014-03-18,2014-03-18,957.200012,975.0,957.200012,970.25,14532.0,894.439636,0.010308021074655116
2014-03-19,2014-03-19,969.900024,978.0,965.950012,971.549988,11082.0,895.6380619999999,0.0013389655436597536
2014-03-20,2014-03-20,976.0,976.0,968.0,969.450012,6699.0,893.702209,-0.00216376257401496
2014-03-21,2014-03-21,977.0,998.599976,967.950012,989.950012,37558.0,912.600464,0.020925556799641143
2014-03-24,2014-03-24,966.0,980.150024,966.0,974.25,33571.0,898.127136,-0.01598654181204306
2014-03-25,2014-03-25,970.099976,979.849976,968.0,970.849976,15343.0,894.9927369999998,-0.0034960319604318
2014-03-26,2014-03-26,979.799988,988.950012,970.0,982.700012,16451.0,905.91687,0.012131943708218351
2014-03-27,2014-03-27,989.950012,999.950012,980.0,996.950012,16648.0,919.053406,0.014396686967319994
2014-03-28,2014-03-28,999.950012,1045.0,999.950012,1031.699951,24088.0,951.088257,0.03426262882206288
2014-03-31,2014-03-31,1008.0,1035.0,1008.0,1024.800049,6991.0,944.727417,-0.006710424390051095
2014-04-01,2014-04-01,1034.949951,1034.949951,999.799988,1004.049988,12482.0,925.598694,-0.020455673363872332
2014-04-02,2014-04-02,1009.0,1025.0,1003.5,1020.700012,22280.0,940.947754,0.016446851356846537
2014-04-03,2014-04-03,1014.25,1045.0,1004.099976,1031.400024,21489.0,950.811768,0.0104284960965213
2014-04-04,2014-04-04,1031.400024,1040.0,1024.199951,1039.050049,5187.0,957.864014,0.0073897077322087066
2014-04-07,2014-04-07,1039.0,1040.0,1011.349976,1021.650024,4401.0,941.823547,-0.016887880466883942
2014-04-09,2014-04-09,1021.049988,1040.0,1020.349976,1035.550049,37151.0,954.637512,0.013513760219453276
2014-04-10,2014-04-10,1034.949951,1045.0,1025.050049,1042.550049,21362.0,961.090576,0.006736956509935332
2014-04-11,2014-04-11,1040.949951,1054.800049,1029.949951,1042.199951,93291.0,960.767822,-0.0003358769859111988
2014-04-15,2014-04-15,1021.0,1055.0,1016.200012,1029.5,23588.0,949.060181,-0.012260567590838713
2014-04-16,2014-04-16,1022.049988,1034.0,1020.150024,1029.300049,11185.0,948.875854,-0.00019423942343799186
2014-04-17,2014-04-17,1010.0,1049.949951,1010.0,1042.449951,137503.0,960.998291,0.012694658263131764
2014-04-21,2014-04-21,1042.449951,1050.0,1023.0,1044.300049,8331.0,962.703857,0.0017732126032834472
2014-04-22,2014-04-22,1049.900024,1055.0,1045.5,1051.550049,14381.0,969.387329,0.006918409137998793
2014-04-23,2014-04-23,1051.0,1060.0,1036.300049,1051.050049,12356.0,968.926392,-0.0004756061969688474
2014-04-24,2014-04-24,1051.050049,1051.050049,1051.050049,1051.050049,0.0,968.926392,0.0
2014-04-25,2014-04-25,1051.300049,1085.0,1050.199951,1076.349976,53714.0,992.249512,0.023785953694368974
2014-04-28,2014-04-28,1075.0,1090.0,1075.0,1088.900024,148954.0,1003.819031,0.011592436145567042
2014-04-29,2014-04-29,1071.0,1094.949951,1071.0,1085.599976,38535.0,1000.776855,-0.003035203610602721
2014-04-30,2014-04-30,1086.699951,1094.0,1010.0,1049.599976,31978.0,967.5896,-0.033723801951444976
2014-05-02,2014-05-02,1092.0,1092.0,1061.0,1084.300049,39644.0,999.57843,0.032525589661489114
2014-05-05,2014-05-05,1069.050049,1095.0,1069.050049,1091.800049,11398.0,1006.492432,0.0068931058293717476
2014-05-08,2014-05-08,1103.949951,1120.0,1043.800049,1066.75,35129.0,983.399597,-0.023211180750864813
2014-05-09,2014-05-09,1052.0,1072.349976,1045.0,1058.050049,11400.0,975.379517,-0.00818890170948361
2014-05-12,2014-05-12,1010.0,1066.800049,988.549988,1030.75,57210.0,950.212463,-0.02614103861267569
2014-05-13,2014-05-13,1051.0,1066.0,1037.0,1040.800049,27318.0,959.477234,0.009702983372280372
2014-05-29,2014-05-29,1137.0,1230.0,1137.0,1204.75,6339.0,1110.616943,0.14628235618361884
2014-06-05,2014-06-05,1158.0,1197.849976,1158.0,1179.800049,7348.0,1087.616333,-0.020927214293557483
2014-06-09,2014-06-09,1244.0,1244.0,1193.349976,1202.349976,13094.0,1108.404663,0.018933289829756283
2014-06-16,2014-06-16,1239.849976,1239.849976,1175.050049,1195.599976,5258.0,1102.181885,-0.005629993942090295
2014-06-17,2014-06-17,1190.150024,1217.650024,1178.5,1206.050049,3895.0,1111.815552,0.008702564546019255
2014-06-18,2014-06-18,1194.050049,1225.050049,1194.050049,1221.050049,4519.0,1125.643555,0.012360609420918323
2014-06-19,2014-06-19,1224.349976,1235.0,1215.0,1221.0,8376.0,1125.59729,-4.11017773682687e-05
2014-06-20,2014-06-20,1228.650024,1229.0,1190.0,1213.699951,28705.0,1118.867676,-0.005996648883566103
2014-06-23,2014-06-23,1196.0,1225.0,1196.0,1219.800049,10143.0,1124.491211,0.005013506141758661
2014-06-24,2014-06-24,1207.599976,1227.949951,1193.0,1214.050049,8196.0,1119.19043,-0.004725082886462673
2014-06-25,2014-06-25,1210.050049,1233.0,1210.050049,1231.650024,7898.0,1135.415283,0.014392878536322762
2014-06-26,2014-06-26,1232.949951,1249.699951,1225.949951,1240.400024,8804.0,1143.481567,0.007079142424801788
2014-06-27,2014-06-27,1228.0,1270.0,1228.0,1255.300049,6193.0,1157.217285,0.011940616381818536
2014-06-30,2014-06-30,1262.0,1283.400024,1246.050049,1271.25,8321.0,1171.921021,0.01262606973389335
2014-07-01,2014-07-01,1283.0,1390.0,1275.0,1382.75,49585.0,1274.708984,0.08407360405587205
2014-07-02,2014-07-02,1383.0,1396.0,1345.0,1384.75,24251.0,1276.552734,0.0014453635297151381
2014-07-03,2014-07-03,1389.0,1389.0,1325.0,1328.5,14703.0,1251.8178710000002,-0.019566476595692883
2014-07-04,2014-07-04,1330.25,1354.699951,1292.300049,1304.25,14047.0,1228.967651,-0.018422282810799828
2014-07-08,2014-07-08,1303.0,1343.800049,1303.0,1321.550049,10872.0,1245.269043,0.013177096527899224
2014-07-09,2014-07-09,1315.050049,1332.0,1310.0,1323.150024,13765.0,1246.776733,0.0012100019979337515
2014-07-10,2014-07-10,1328.949951,1330.0,1283.0,1301.150024,31130.0,1226.0466310000004,-0.0167667354996901
2014-07-11,2014-07-11,1288.099976,1300.0,1260.300049,1261.800049,2658.0,1188.96814,-0.030709050141055624
2014-07-14,2014-07-14,1202.5,1282.0,1202.5,1237.449951,4520.0,1166.023315,-0.019486738282834537
2014-07-16,2014-07-16,1250.0,1267.0,1241.099976,1249.0,4476.0,1176.906738,0.009290504655164787
2014-07-17,2014-07-17,1237.449951,1270.5,1237.449951,1250.5,35203.0,1178.320068,0.0012001648130413045
2014-07-18,2014-07-18,1252.0,1294.900024,1245.0,1279.449951,30042.0,1205.598999,0.02288678512940301
2014-07-21,2014-07-21,1282.0,1330.0,1282.0,1306.199951,23544.0,1230.805054,0.020691932691828896
2014-07-22,2014-07-22,1311.0,1324.449951,1298.0,1310.599976,48853.0,1234.951172,0.0033629617265713567
2014-07-23,2014-07-23,1316.0,1325.0,1310.0,1314.949951,21482.0,1239.050049,0.0033135640480521644
2014-07-24,2014-07-24,1329.5,1340.0,1302.050049,1318.599976,12324.0,1242.48938,0.002771935164131101
2014-07-25,2014-07-25,1324.449951,1329.949951,1304.0,1309.650024,3741.0,1234.055908,-0.006810700890613752
2014-07-31,2014-07-31,1330.0,1330.0,1295.0,1295.300049,3780.0,1220.534302,-0.011017515446808623
2014-08-04,2014-08-04,1305.0,1334.0,1296.0,1318.75,5988.0,1242.630737,0.017941979047872536
2014-08-06,2014-08-06,1301.5,1324.0,1301.5,1313.599976,2632.0,1237.777954,-0.0039128948461204524
2014-08-08,2014-08-08,1287.0,1295.0,1261.050049,1274.800049,3134.0,1201.217651,-0.02998204804147697
2014-08-11,2014-08-11,1315.0,1315.0,1272.599976,1288.949951,2653.0,1214.550659,0.011038428914469378
2014-08-12,2014-08-12,1297.650024,1322.5,1290.050049,1316.5,5709.0,1240.51062,0.021148904771421503
2014-08-19,2014-08-19,1360.0,1380.0,1329.0,1372.650024,41907.0,1293.419556,0.04176644457807477
2014-08-21,2014-08-21,1381.650024,1394.699951,1346.5,1359.800049,27455.0,1281.311279,-0.009405539482157721
2014-08-25,2014-08-25,1379.0,1389.699951,1374.0,1384.849976,25795.0,1304.915283,0.01825413115298513
2014-09-01,2014-09-01,1335.199951,1349.900024,1325.0,1335.099976,5658.0,1258.036865,-0.03658565912567013
2014-09-15,2014-09-15,1351.0,1368.0,1351.0,1354.300049,4488.0,1276.1286619999996,0.014278549827372975
2014-09-17,2014-09-17,1330.0,1361.0,1320.0,1346.099976,9626.0,1268.401978,-0.006073189001956082
2014-09-18,2014-09-18,1340.0,1369.699951,1329.949951,1350.050049,9045.0,1272.124146,0.0029302360862466514
2014-10-10,2014-10-10,1441.0,1441.0,1385.0,1413.800049,30721.0,1332.194336,0.0461394001619766
2014-10-15,2014-10-15,1384.949951,1384.949951,1384.949951,1384.949951,0.0,1305.009644,-0.02061702858836778
2014-10-16,2014-10-16,1401.0,1437.349976,1322.0,1356.849976,24959.0,1278.531616,-0.020498186363044013
2014-10-17,2014-10-17,1359.0,1376.949951,1340.25,1365.449951,4896.0,1286.635132,0.006318141277373179
2014-10-20,2014-10-20,1370.0,1404.75,1370.0,1384.699951,20534.0,1304.773926,0.013999403285828826
2014-10-21,2014-10-21,1381.099976,1419.0,1370.050049,1404.5,16433.0,1323.431274,0.014198024885863525
2014-10-22,2014-10-22,1408.949951,1435.5,1406.349976,1409.849976,11963.0,1328.4724119999996,0.003801905852665932
2014-10-27,2014-10-27,1415.0,1428.949951,1390.0,1399.599976,4110.0,1318.813965,-0.007296898393003738
2014-10-29,2014-10-29,1377.0,1405.0,1377.0,1387.800049,28187.0,1307.69519,-0.008466630621451365
2014-10-30,2014-10-30,1383.0,1391.650024,1375.0,1380.0,27820.0,1300.345215,-0.005636411494566396
2014-10-31,2014-10-31,1375.0,1414.5,1375.0,1386.550049,9099.0,1306.517334,0.004735294183797478
2014-11-03,2014-11-03,1382.5,1409.300049,1380.099976,1383.900024,15626.0,1304.020264,-0.0019130701381087079
2014-11-05,2014-11-05,1381.349976,1399.800049,1380.900024,1390.300049,58670.0,1310.0509029999996,0.004613990449025884
2014-11-11,2014-11-11,1385.0,1391.949951,1377.099976,1381.949951,5948.0,1302.182617,-0.006024200926453282
2014-11-12,2014-11-12,1386.949951,1408.0,1379.5,1402.349976,230574.0,1321.405273,0.014653978286752968
2014-11-13,2014-11-13,1401.0,1403.0,1390.0,1400.0,19815.0,1319.190796,-0.0016772557871629346
2014-11-14,2014-11-14,1400.0,1407.0,1397.150024,1404.449951,61228.0,1323.383911,0.003173509916689632
2014-11-17,2014-11-17,1398.050049,1439.699951,1398.050049,1422.849976,92136.0,1340.721924,0.013016192943403835
2014-11-19,2014-11-19,1401.449951,1447.800049,1401.449951,1429.150024,31385.0,1346.658325,0.004417990835557717
2014-11-20,2014-11-20,1438.0,1638.0,1418.0,1539.449951,144203.0,1450.591675,0.07434531594732352
2014-11-21,2014-11-21,1530.0,1540.0,1441.199951,1460.949951,37816.0,1376.622803,-0.05233826935653951
2014-11-27,2014-11-27,1415.0,1420.0,1391.300049,1409.449951,67397.0,1328.095337,-0.03588741718250876
2014-12-04,2014-12-04,1429.0,1457.949951,1420.0,1437.949951,28545.0,1354.950439,0.020019038891859964
2014-12-08,2014-12-08,1432.0,1432.0,1411.099976,1424.75,96085.0,1342.512329,-0.009222146307592105
2014-12-24,2014-12-24,1379.900024,1399.900024,1367.050049,1384.599976,6874.0,1304.67981,-0.028585076623345532
2015-01-02,2015-01-02,1407.0,1450.0,1407.0,1436.349976,16347.0,1353.442749,0.03669387634417376
2015-01-05,2015-01-05,1435.0,1471.0,1427.050049,1457.349976,10385.0,1373.2307130000004,0.014514617665488672
2015-01-06,2015-01-06,1448.0,1450.0,1425.0,1430.900024,10257.0,1348.307373,-0.01831614034717877
2015-01-07,2015-01-07,1431.050049,1450.0,1416.0,1428.650024,15356.0,1346.1872560000004,-0.0015736661077054848
2015-01-08,2015-01-08,1438.0,1519.849976,1437.949951,1466.449951,21704.0,1381.805298,0.026114489291794385
2015-01-09,2015-01-09,1462.0,1479.550049,1420.5,1428.75,10465.0,1346.281372,-0.026044578727890236
2015-01-12,2015-01-12,1420.050049,1468.0,1420.050049,1452.5,14398.0,1368.660645,0.01648637779320516
2015-01-13,2015-01-13,1457.0,1476.75,1448.050049,1463.949951,7864.0,1379.449585,0.0078519378975237
2015-01-14,2015-01-14,1459.0,1535.0,1453.050049,1496.099976,42562.0,1409.743774,0.02172339915207644
2015-01-15,2015-01-15,1501.0,1528.0,1454.0,1468.449951,27882.0,1383.689941,-0.018654166282113138
2015-01-16,2015-01-16,1464.0,1465.0,1391.300049,1434.900024,23795.0,1352.076416,-0.02311230429380906
2015-01-19,2015-01-19,1435.0,1458.0,1410.949951,1420.599976,64199.0,1338.601929,-0.010015763992408113
2015-01-20,2015-01-20,1425.0,1439.949951,1405.099976,1413.800049,14297.0,1332.194336,-0.00479827336715566
2015-01-21,2015-01-21,1419.0,1436.949951,1400.0,1404.5,12918.0,1323.431274,-0.006599645502346263
2015-01-22,2015-01-22,1392.0,1434.900024,1371.199951,1407.550049,37696.0,1326.305176,0.0021691992250110204
2015-01-23,2015-01-23,1412.0,1433.599976,1396.099976,1402.849976,11183.0,1321.876465,-0.003344721570574194
2015-01-27,2015-01-27,1407.949951,1412.0,1382.0,1396.75,74299.0,1316.128418,-0.00435788131694892
2015-01-28,2015-01-28,1392.0,1427.0,1392.0,1424.099976,103355.0,1341.89978,0.01939194596894467
2015-01-29,2015-01-29,1426.099976,1426.199951,1410.0,1421.75,99786.0,1339.685547,-0.0016514361716817305
2015-01-30,2015-01-30,1423.25,1429.0,1402.0,1405.550049,56627.0,1324.420532,-0.011459890566427156
2015-02-02,2015-02-02,1404.5,1435.699951,1401.150024,1409.599976,25241.0,1328.236816,0.0028773310173706435
2015-02-03,2015-02-03,1413.949951,1420.0,1406.150024,1414.099976,42407.0,1332.477051,0.003187293938101909
2015-02-04,2015-02-04,1410.300049,1421.0,1405.0,1411.900024,9885.0,1330.404053,-0.0015569590513475615
2015-02-05,2015-02-05,1416.650024,1442.0,1410.150024,1420.800049,72363.0,1338.790405,0.0062838281193675636
2015-02-06,2015-02-06,1419.949951,1425.0,1403.25,1414.949951,24298.0,1333.277954,-0.004125986374303281
2015-02-09,2015-02-09,1420.0,1420.0,1386.050049,1387.400024,36714.0,1307.318237,-0.01966264547461005
2015-02-10,2015-02-10,1394.150024,1412.0,1390.0,1400.0,15486.0,1319.190796,0.009040623668592929
2015-02-11,2015-02-11,1401.050049,1408.949951,1395.0,1400.900024,8683.0,1320.03894,0.0006427208799806294
2015-02-12,2015-02-12,1406.0,1414.849976,1385.0,1399.849976,27395.0,1319.049683,-0.0007496959652755207
2015-02-13,2015-02-13,1397.75,1405.0,1380.0,1389.699951,17161.0,1309.485474,-0.007277248077287801
2015-02-16,2015-02-16,1385.25,1396.050049,1368.150024,1376.800049,69371.0,1297.3302,-0.00932583167855583
2015-02-18,2015-02-18,1375.0,1424.0,1308.050049,1379.699951,102065.0,1300.062622,0.002103973634504541
2015-02-19,2015-02-19,1379.050049,1396.300049,1377.300049,1380.400024,33605.0,1300.72229,0.0005072837904451788
2015-02-20,2015-02-20,1380.449951,1405.0,1370.0,1395.300049,15320.0,1314.762329,0.010736193024539098
2015-02-23,2015-02-23,1455.0,1468.0,1370.0,1410.800049,73397.0,1329.367554,0.01104739493679574
2015-02-24,2015-02-24,1406.0,1416.0,1379.0,1390.050049,14868.0,1309.815186,-0.014817257957213668
2015-02-25,2015-02-25,1394.650024,1400.900024,1365.0,1371.349976,28035.0,1292.19458,-0.013544050135134713
2015-02-26,2015-02-26,1367.5,1378.0,1360.0,1363.5,5780.0,1284.797607,-0.005740796074054089
2015-02-27,2015-02-27,1368.0,1404.949951,1368.0,1390.699951,152314.0,1310.427612,0.019752303661314308
2015-03-02,2015-03-02,1399.0,1410.0,1390.050049,1395.150024,58036.0,1314.6209720000004,0.003194884538489262
2015-03-03,2015-03-03,1390.0,1415.0,1390.0,1406.5,15529.0,1325.315674,0.00810228572903693
2015-03-04,2015-03-04,1402.050049,1410.900024,1392.449951,1397.099976,10883.0,1316.458252,-0.006705687495222712
2015-03-05,2015-03-05,1395.5,1399.0,1390.050049,1395.5,6322.0,1314.950562,-0.0011459186098043972
2015-03-09,2015-03-09,1391.0,1396.949951,1326.0,1328.800049,79417.0,1252.100708,-0.04897636234309033
2015-03-10,2015-03-10,1335.0,1376.0,1335.0,1373.300049,12288.0,1294.032104,0.032940298520108165
2015-03-11,2015-03-11,1374.599976,1390.0,1374.599976,1377.650024,9889.0,1298.130981,0.0031625173894092033
2015-03-12,2015-03-12,1382.0,1395.0,1358.050049,1377.949951,16247.0,1298.413696,0.00021776247766602808
2015-03-13,2015-03-13,1373.050049,1388.0,1355.0,1363.699951,6684.0,1284.986084,-0.010395396813273727
2015-03-16,2015-03-16,1365.050049,1367.900024,1330.0,1334.699951,28183.0,1257.660156,-0.021494913198295332
2015-03-17,2015-03-17,1339.0,1374.650024,1339.0,1358.800049,14349.0,1280.369141,0.017895452242704838
2015-03-18,2015-03-18,1348.0,1358.300049,1342.0,1353.949951,130173.0,1275.798828,-0.003575913574957568
2015-03-19,2015-03-19,1359.949951,1378.0,1352.449951,1366.699951,18984.0,1287.812988,0.009372907302068969
2015-03-20,2015-03-20,1355.400024,1362.650024,1260.0,1298.949951,69591.0,1223.973511,-0.05084287897199147
2015-03-23,2015-03-23,1321.099976,1321.099976,1286.0,1303.699951,21093.0,1228.449341,0.0036501331455260906
2015-03-24,2015-03-24,1302.050049,1309.0,1268.300049,1301.900024,4769.0,1226.753418,-0.0013814934538576296
2015-03-25,2015-03-25,1296.150024,1304.75,1285.0,1298.650024,100963.0,1223.690918,-0.0024995479795100195
2015-03-26,2015-03-26,1298.650024,1310.0,1296.0,1300.599976,9936.0,1225.52832,0.0015003984259047698
2015-03-27,2015-03-27,1306.150024,1315.0,1295.650024,1300.050049,25403.0,1225.010132,-0.0004229176712575722
2015-03-30,2015-03-30,1300.0,1310.199951,1285.0,1291.0,13368.0,1216.482544,-0.006985581207333169
2015-03-31,2015-03-31,1302.050049,1303.849976,1290.0,1296.25,21577.0,1221.429443,0.004058313684792481
2015-04-01,2015-04-01,1302.300049,1329.849976,1285.050049,1299.900024,24626.0,1224.868774,0.00281186753292495
2015-04-06,2015-04-06,1299.900024,1303.349976,1287.650024,1290.550049,8751.0,1216.0584720000004,-0.007218847079058398
2015-04-07,2015-04-07,1304.949951,1326.0,1281.0,1316.050049,15434.0,1240.086548,0.01956630604123788
2015-04-08,2015-04-08,1316.050049,1326.0,1299.949951,1314.349976,9934.0,1238.4846189999996,-0.001292623140606075
2015-04-09,2015-04-09,1310.800049,1320.0,1295.900024,1300.400024,8992.0,1225.339844,-0.010670321619523191
2015-04-10,2015-04-10,1304.650024,1315.0,1297.800049,1299.75,9240.0,1224.727417,-0.0004999266938527924
2015-04-13,2015-04-13,1324.849976,1348.0,1285.0,1288.599976,8867.0,1214.220947,-0.00861562724773268
2015-04-15,2015-04-15,1290.050049,1305.0,1272.0,1294.699951,13236.0,1219.968872,0.0047226684118175655
2015-04-16,2015-04-16,1292.050049,1299.0,1290.0,1293.599976,3400.0,1218.932373,-0.0008499721458807841
2015-04-17,2015-04-17,1293.150024,1298.449951,1280.0,1287.550049,9479.0,1213.231689,-0.004687754850474235
2015-04-20,2015-04-20,1287.050049,1294.0,1281.050049,1292.900024,35437.0,1218.272827,0.004146523430074822
2015-04-21,2015-04-21,1287.0,1298.0,1267.050049,1270.0,12521.0,1196.69458,-0.017870900633954356
2015-04-22,2015-04-22,1271.150024,1273.800049,1263.050049,1267.199951,21414.0,1194.056274,-0.0022070949522632333
2015-04-23,2015-04-23,1265.150024,1274.949951,1265.150024,1270.25,9079.0,1196.930176,0.002403947863456324
2015-04-24,2015-04-24,1265.5,1274.849976,1251.25,1267.0,16555.0,1193.867676,-0.0025619076681575588
2015-04-27,2015-04-27,1261.050049,1266.099976,1244.199951,1256.699951,10924.0,1184.162109,-0.00816274123360472
2015-04-28,2015-04-28,1253.400024,1310.0,1253.0,1303.300049,14070.0,1228.072632,0.03641053108090908
2015-04-29,2015-04-29,1297.0,1298.599976,1263.75,1283.550049,22320.0,1209.462524,-0.015269908672179255
2015-04-30,2015-04-30,1277.0,1298.0,1271.050049,1293.099976,3581.0,1218.46106,0.007412570364412119
2015-05-04,2015-05-04,1290.0,1306.150024,1290.0,1299.699951,11319.0,1224.680298,0.005091192462775672
2015-05-05,2015-05-05,1296.0,1305.949951,1278.300049,1290.050049,23719.0,1215.58728,-0.007452510673330971
2015-05-06,2015-05-06,1296.0,1296.0,1259.050049,1278.099976,6258.0,1204.327026,-0.009306391752667231
2015-05-07,2015-05-07,1272.75,1289.900024,1272.0,1281.699951,15845.0,1207.719238,0.002812727340323562
2015-05-08,2015-05-08,1287.900024,1300.050049,1277.900024,1295.949951,39487.0,1221.146606,0.01105660472976133
2015-05-11,2015-05-11,1296.099976,1303.349976,1278.449951,1294.849976,58450.0,1220.110229,-0.0008490520517145939
2015-05-12,2015-05-12,1272.0,1315.300049,1272.0,1296.050049,21418.0,1221.240967,0.0009263215244956767
2015-05-13,2015-05-13,1303.150024,1305.0,1290.0,1298.75,134719.0,1223.785034,0.0020810150215790912
2015-05-14,2015-05-14,1299.050049,1305.0,1295.599976,1299.0,50945.0,1224.02063,0.00019249567414014732
2015-05-15,2015-05-15,1300.650024,1306.0,1297.0,1301.199951,72933.0,1226.09375,0.001692264256448972
2015-05-18,2015-05-18,1305.400024,1311.199951,1297.050049,1304.949951,41722.0,1229.627075,0.002877629576004459
2015-05-19,2015-05-19,1309.150024,1311.0,1295.0,1301.650024,37807.0,1226.517822,-0.0025318169662398304
2015-05-20,2015-05-20,1299.0,1308.0,1296.0,1302.599976,47121.0,1227.412842,0.000729458295475105
2015-05-21,2015-05-21,1286.0,1319.75,1286.0,1303.650024,21935.0,1228.402344,0.0008058440709932668
2015-05-22,2015-05-22,1286.099976,1338.0,1286.099976,1325.5,14696.0,1248.991089,0.01662167885444088
2015-05-25,2015-05-25,1301.099976,1329.0,1301.099976,1314.599976,3496.0,1238.720337,-0.0082572361482498
2015-05-26,2015-05-26,1300.050049,1326.349976,1300.050049,1307.349976,3571.0,1231.888672,-0.005530363070208821
2015-05-27,2015-05-27,1290.0,1344.0,1290.0,1331.949951,6637.0,1255.068848,0.0186419326512679
2015-05-28,2015-05-28,1337.599976,1339.75,1313.0,1324.050049,2540.0,1247.625,-0.005948686018579785
2015-05-29,2015-05-29,1325.75,1346.0,1320.300049,1331.550049,4717.0,1254.691772,0.005648198394514914
2015-06-01,2015-06-01,1305.0,1330.0,1296.300049,1322.599976,4642.0,1246.258423,-0.006744141472029064
2015-06-02,2015-06-02,1322.5,1335.0,1318.949951,1327.25,5407.0,1250.640015,0.0035096313336913103
2015-06-03,2015-06-03,1311.25,1330.0,1304.050049,1320.550049,9297.0,1244.326782,-0.0050607859646820685
2015-06-04,2015-06-04,1320.150024,1360.0,1312.0,1335.050049,16377.0,1257.98999,0.010920554855760932
2015-06-05,2015-06-05,1317.099976,1349.949951,1305.0,1309.099976,32066.0,1233.537598,-0.019629063903278343
2015-06-08,2015-06-08,1320.150024,1338.599976,1320.150024,1326.800049,5309.0,1250.216064,0.0134302503085717
2015-06-09,2015-06-09,1326.75,1349.0,1310.0,1337.0,5421.0,1259.827393,0.007658334319740946
2015-06-10,2015-06-10,1321.650024,1371.849976,1321.0,1347.300049,4350.0,1269.532837,0.007674266020182507
2015-06-11,2015-06-11,1349.099976,1354.050049,1306.0,1327.800049,3721.0,1251.158325,-0.014579205687197394
2015-06-12,2015-06-12,1320.050049,1345.0,1315.949951,1338.150024,3103.0,1260.910889,0.00776460532486123
2015-06-15,2015-06-15,1349.949951,1349.949951,1323.0,1327.949951,2306.0,1251.299683,-0.007651630002439624
2015-06-16,2015-06-16,1334.550049,1337.849976,1311.599976,1320.150024,2188.0,1243.949951,-0.0058909963597759685
2015-06-17,2015-06-17,1313.0,1340.800049,1313.0,1332.400024,3405.0,1255.492798,0.00923640204649967
2015-06-18,2015-06-18,1337.0,1344.0,1331.050049,1334.849976,2447.0,1257.801392,0.0018371065818474364
2015-06-19,2015-06-19,1331.099976,1339.949951,1316.150024,1323.949951,39982.0,1247.53064,-0.008199160356719304
2015-06-22,2015-06-22,1330.150024,1365.0,1325.0,1354.099976,8438.0,1275.940308,0.022517293799928062
2015-06-23,2015-06-23,1351.5,1407.199951,1351.050049,1401.349976,118942.0,1320.462891,0.03429894686208268
2015-06-24,2015-06-24,1410.0,1494.099976,1404.199951,1448.800049,49240.0,1365.174194,0.033299685020708125
2015-06-25,2015-06-25,1443.650024,1469.699951,1425.0,1459.449951,20779.0,1375.209351,0.007323939654723333
2015-06-26,2015-06-26,1428.0,1449.949951,1413.0,1434.199951,8368.0,1351.416748,-0.017452489668611015
2015-06-29,2015-06-29,1430.0,1450.0,1387.0,1423.050049,211165.0,1340.910522,-0.007804607891866765
2015-06-30,2015-06-30,1438.0,1474.0,1417.400024,1459.550049,15348.0,1375.303589,0.02532562150644146
2015-07-01,2015-07-01,1450.0,1466.0,1439.849976,1455.25,20881.0,1371.251831,-0.0029504308631258525
2015-07-02,2015-07-02,1450.0,1485.0,1450.0,1478.349976,9193.0,1393.018433,0.015748859417205274
2015-07-03,2015-07-03,1475.0,1510.0,1455.650024,1473.25,13611.0,1388.212891,-0.003455697295498439
2015-07-06,2015-07-06,1475.0,1523.099976,1475.0,1508.300049,10730.0,1421.239868,0.02351240711525282
2015-07-07,2015-07-07,1500.0,1537.900024,1498.0,1504.900024,10874.0,1418.036133,-0.002256727671801961
2015-07-08,2015-07-08,1506.0,1525.0,1476.849976,1504.099976,28302.0,1417.282104,-0.0005318831642506794
2015-07-09,2015-07-09,1486.0,1490.0,1462.400024,1469.5,5260.0,1415.259644,-0.0014280180301788905
2015-07-10,2015-07-10,1469.5,1495.300049,1444.050049,1451.099976,11641.0,1397.538818,-0.012600305849633564
2015-07-13,2015-07-13,1456.150024,1456.199951,1424.099976,1428.349976,15578.0,1375.628418,-0.01580204442125677
2015-07-14,2015-07-14,1437.0,1439.949951,1416.550049,1420.75,15102.0,1368.30896,-0.005335016330514364
2015-07-15,2015-07-15,1412.0,1414.0,1390.0,1399.800049,44219.0,1348.132324,-0.014855470776594437
2015-07-16,2015-07-16,1399.949951,1428.0,1398.75,1406.650024,12594.0,1354.72937,0.004881536569143029
2015-07-17,2015-07-17,1415.25,1419.650024,1400.099976,1410.199951,3685.0,1358.1484380000004,0.0025206220495306297
2015-07-20,2015-07-20,1410.0,1413.300049,1390.0,1395.5,7540.0,1343.991089,-0.01047871762520014
2015-07-21,2015-07-21,1398.0,1422.0,1386.25,1392.800049,12950.0,1341.390625,-0.0019367561783187879
2015-07-22,2015-07-22,1398.75,1410.550049,1372.25,1379.449951,14287.0,1328.533447,-0.009631193276651295
2015-07-23,2015-07-23,1394.75,1432.0,1394.75,1424.599976,25405.0,1372.016968,0.03220623415848234
2015-07-24,2015-07-24,1431.949951,1431.949951,1399.949951,1404.349976,35938.0,1352.514404,-0.01431651498478903
2015-07-27,2015-07-27,1405.0,1439.0,1402.349976,1433.449951,15424.0,1380.540161,0.020509462009016488
2015-07-28,2015-07-28,1438.0,1446.550049,1415.900024,1420.699951,26788.0,1368.260742,-0.008934441682872496
2015-07-29,2015-07-29,1440.0,1455.0,1428.449951,1444.75,11811.0,1391.423218,0.016786719242952053
2015-07-30,2015-07-30,1449.0,1499.150024,1449.0,1483.0,30456.0,1428.261353,0.026130746320878195
2015-07-31,2015-07-31,1483.0,1500.0,1461.0,1475.449951,11820.0,1420.989868,-0.005104148579805568
2015-08-03,2015-08-03,1462.0,1499.300049,1462.0,1477.550049,7250.0,1423.012573,0.0014224357278243005
2015-08-04,2015-08-04,1480.0,1521.0,1479.099976,1503.150024,63611.0,1447.667725,0.017177641318425252
2015-08-05,2015-08-05,1512.050049,1529.300049,1507.300049,1523.449951,33178.0,1467.218262,0.013414473334329102
2015-08-06,2015-08-06,1529.949951,1565.0,1526.400024,1558.199951,45274.0,1500.685547,0.022553765754373067
2015-08-07,2015-08-07,1558.199951,1630.0,1558.0,1581.900024,34924.0,1523.510864,0.015095415332186947
2015-08-10,2015-08-10,1593.0,1609.300049,1566.5,1599.599976,35416.0,1540.557495,0.0111269102894056
2015-08-11,2015-08-11,1606.949951,1606.949951,1551.099976,1581.699951,17147.0,1523.318237,-0.011253354532827942
2015-08-12,2015-08-12,1584.050049,1584.050049,1565.050049,1575.5,4442.0,1517.347168,-0.003927480258459681
2015-08-13,2015-08-13,1580.0,1613.0,1580.0,1600.25,41043.0,1541.183594,0.01558716289642881
2015-08-14,2015-08-14,1610.050049,1665.0,1610.0,1645.349976,149984.0,1584.6188960000004,0.02779324549265194
2015-08-17,2015-08-17,1645.0,1667.0,1638.0,1645.949951,49609.0,1585.196655,0.0003645379342120947
2015-08-18,2015-08-18,1645.050049,1665.0,1645.050049,1657.099976,3234.0,1595.935059,0.006751336162052368
2015-08-19,2015-08-19,1661.0,1672.0,1654.099976,1664.650024,6277.0,1603.206543,0.004545904762516706
2015-08-20,2015-08-20,1668.0,1694.050049,1651.300049,1660.25,18736.0,1598.968872,-0.0026467466173052396
2015-08-21,2015-08-21,1640.0,1674.900024,1640.0,1656.099976,26556.0,1594.972046,-0.0025027564309327843
2015-08-24,2015-08-24,1669.0,1669.0,1615.0,1618.300049,70387.0,1558.567383,-0.023089154970145742
2015-08-25,2015-08-25,1580.0,1630.0,1580.0,1611.849976,61012.0,1552.3553470000004,-0.003993698844867666
2015-08-26,2015-08-26,1605.050049,1621.25,1531.050049,1575.099976,98682.0,1516.961792,-0.02306384275260065
2015-08-27,2015-08-27,1545.0,1604.0,1545.0,1585.150024,25066.0,1526.6408689999996,0.006360297783472468
2015-08-28,2015-08-28,1582.5,1639.900024,1582.5,1626.400024,107108.0,1566.368286,0.025689934883947885
2015-08-31,2015-08-31,1626.400024,1626.400024,1551.25,1584.449951,22609.0,1525.966797,-0.026131571730021008
2015-09-01,2015-09-01,1616.050049,1618.25,1561.25,1613.650024,149195.0,1554.088989,0.01826134035047033
2015-09-02,2015-09-02,1635.0,1635.0,1542.25,1556.900024,17657.0,1499.433594,-0.03580208198685053
2015-09-03,2015-09-03,1584.0,1616.0,1569.0,1611.699951,65942.0,1552.210815,0.034592814145763214
2015-09-04,2015-09-04,1610.0,1610.0,1576.699951,1588.75,11233.0,1530.108032,-0.014341904881622904
2015-09-07,2015-09-07,1588.0,1590.349976,1545.0,1553.5,2860.0,1496.15918,-0.022437064426838127
2015-09-08,2015-09-08,1588.900024,1588.900024,1489.0,1497.550049,6800.0,1442.274292,-0.036680040495047805
2015-09-09,2015-09-09,1490.099976,1514.949951,1490.099976,1500.699951,11851.0,1445.307983,0.0021011987380719077
2015-09-10,2015-09-10,1480.050049,1606.0,1480.050049,1600.5,40594.0,1541.424438,0.06438451277598922
2015-09-11,2015-09-11,1575.0,1660.349976,1567.400024,1639.599976,21785.0,1579.081055,0.024136118424096686
2015-09-14,2015-09-14,1649.0,1649.0,1609.0,1616.599976,12425.0,1556.930054,-0.014127098806437031
2015-09-15,2015-09-15,1596.0,1616.25,1580.0,1600.0,10031.0,1540.942749,-0.010321564473414035
2015-09-16,2015-09-16,1592.949951,1615.0,1580.0,1601.099976,180500.0,1542.002075,0.000687216996842821
2015-09-18,2015-09-18,1582.0,1645.0,1575.099976,1617.699951,150725.0,1557.98938,0.010314510198775828
2015-09-21,2015-09-21,1622.0,1622.0,1536.0,1553.050049,29872.0,1495.725708,-0.040784618519811744
2015-09-22,2015-09-22,1560.0,1584.0,1560.0,1573.349976,6887.0,1515.276489,0.012986410825961414
2015-09-23,2015-09-23,1551.0,1599.0,1551.0,1589.449951,4847.0,1530.782104,0.010180860581638916
2015-09-24,2015-09-24,1587.800049,1595.0,1565.099976,1578.25,7564.0,1519.995605,-0.007071340475154564
2015-09-28,2015-09-28,1590.0,1592.0,1561.050049,1566.099976,8896.0,1508.294067,-0.007728188189895845
2015-09-29,2015-09-29,1560.0,1568.0,1545.0,1557.099976,7922.0,1499.626221,-0.005763364160565665
2015-09-30,2015-09-30,1566.25,1580.0,1558.099976,1570.849976,4155.0,1512.868652,0.008791727027186447
2015-10-01,2015-10-01,1572.800049,1600.0,1569.599976,1591.400024,9916.0,1532.6602779999996,0.01299735124677337
2015-10-05,2015-10-05,1619.0,1628.099976,1580.0,1593.349976,63929.0,1534.538208,0.0012245247532742811
2015-10-06,2015-10-06,1572.0,1608.0,1572.0,1586.25,2061.0,1527.700195,-0.004466030051014869
2015-10-07,2015-10-07,1592.949951,1619.0,1580.0,1583.75,39542.0,1525.292603,-0.0015772015581978494
2015-10-08,2015-10-08,1583.0,1605.0,1572.0,1584.800049,26204.0,1526.303833,0.0006627547634314722
2015-10-09,2015-10-09,1585.0,1599.0,1579.199951,1591.050049,35257.0,1532.323242,0.003936025297364587
2015-10-12,2015-10-12,1584.0,1608.0,1571.0,1572.300049,2722.0,1514.265259,-0.011854698771067262
2015-10-13,2015-10-13,1575.099976,1597.400024,1570.5,1581.5,45430.0,1523.12561,0.0058342021257375976
2015-10-14,2015-10-14,1587.199951,1587.199951,1570.099976,1578.300049,184377.0,1520.043823,-0.0020253805260272983
2015-10-15,2015-10-15,1579.099976,1580.5,1560.199951,1574.75,29439.0,1516.624878,-0.0022517744155088337
2015-10-16,2015-10-16,1579.550049,1580.0,1562.800049,1566.300049,5040.0,1508.486694,-0.005380432052847439
2015-10-19,2015-10-19,1559.099976,1595.0,1559.099976,1590.199951,34320.0,1531.504395,0.015143558126849753
2015-10-20,2015-10-20,1599.550049,1617.0,1580.050049,1597.400024,37302.0,1538.438721,0.004517567610339945
2015-10-21,2015-10-21,1600.0,1639.0,1598.0,1629.050049,55170.0,1568.920654,0.01961981677529589
2015-10-23,2015-10-23,1630.949951,1630.949951,1590.099976,1621.650024,31263.0,1561.793701,-0.004552932336318705
2015-10-26,2015-10-26,1624.849976,1639.0,1610.050049,1625.199951,120000.0,1565.2126460000004,0.0021867217286972718
2015-10-27,2015-10-27,1630.0,1680.0,1630.0,1667.800049,17084.0,1606.240356,0.02587457479653299
2015-10-28,2015-10-28,1679.0,1718.949951,1650.0,1651.300049,14207.0,1590.349243,-0.009942623798461449
2015-10-29,2015-10-29,1657.550049,1665.0,1649.0,1650.25,3614.0,1589.338013,-0.0006360562864689001
2015-10-30,2015-10-30,1650.25,1665.0,1650.0,1658.849976,15131.0,1597.620605,0.005197814995757888
2015-11-02,2015-11-02,1662.599976,1725.0,1650.0,1677.8499760000002,11437.0,1615.919189,0.01138855153408791
2015-11-03,2015-11-03,1677.0,1709.0,1653.0,1661.949951,10955.0,1600.606201,-0.009521518926101535
2015-11-04,2015-11-04,1661.0,1682.0,1653.25,1670.099976,9079.0,1608.455322,0.004891858006693006
2015-11-05,2015-11-05,1680.800049,1695.0,1653.0,1680.449951,55747.0,1618.423218,0.0061780619142277615
2015-11-06,2015-11-06,1680.0,1687.9000239999998,1650.050049,1665.300049,19519.0,1603.83252,-0.009056263008692332
2015-11-09,2015-11-09,1664.949951,1670.25,1649.949951,1653.900024,3994.0,1592.8532710000004,-0.006869171942189389
2015-11-10,2015-11-10,1661.0,1662.099976,1650.25,1651.349976,4158.0,1590.397339,-0.0015430343307398786
2015-11-13,2015-11-13,1655.150024,1659.949951,1650.150024,1653.949951,5042.0,1592.901367,0.0015732287464862438
2015-11-16,2015-11-16,1667.5,1667.5,1650.849976,1657.150024,2377.0,1595.983276,0.0019329077746981227
2015-11-17,2015-11-17,1670.0,1683.949951,1652.599976,1669.449951,2423.0,1607.829224,0.00739494086066017
2015-11-18,2015-11-18,1660.099976,1685.0,1654.550049,1667.5,10611.0,1605.951294,-0.0011686735937450619
2015-11-19,2015-11-19,1652.050049,1676.0,1652.050049,1661.800049,14562.0,1600.461792,-0.003424079939892799
2015-11-20,2015-11-20,1665.599976,1671.5,1659.099976,1664.699951,9235.0,1603.254639,0.0017435049372362954
2015-11-23,2015-11-23,1665.0,1680.0,1656.0,1670.800049,15991.0,1609.129639,0.0036577233865449092
2015-11-24,2015-11-24,1670.0,1694.0,1670.0,1684.699951,75360.0,1622.516357,0.008284814974446775
2015-11-26,2015-11-26,1685.0,1709.0,1685.0,1693.800049,10829.0,1631.28064,0.005387124153004129
2015-11-27,2015-11-27,1690.0,1740.0,1689.949951,1709.5999760000002,12202.0,1646.497314,0.009284816439519616
2015-11-30,2015-11-30,1724.0,1724.0,1681.25,1712.0,14948.0,1648.808716,0.0014028453551944153
2015-12-01,2015-12-01,1713.199951,1725.0,1700.0,1718.8499760000002,158612.0,1655.4060060000004,0.0039932627397680776
2015-12-02,2015-12-02,1704.25,1740.0,1704.25,1733.6500239999998,94319.0,1669.65979,0.008573587523634352
2015-12-03,2015-12-03,1747.800049,1747.800049,1725.0,1725.199951,3324.0,1661.521484,-0.0048861478989286064
2015-12-04,2015-12-04,1720.0,1738.0,1720.0,1729.0999760000002,2902.0,1665.2775880000004,0.002258089842356981
2015-12-07,2015-12-07,1722.0,1735.5,1720.0,1720.0999760000002,69545.0,1656.609741,-0.005218639775133482
2015-12-08,2015-12-08,1699.0,1737.949951,1693.199951,1718.5,19808.0,1655.068848,-0.0009305813168687392
2015-12-09,2015-12-09,1718.199951,1730.050049,1711.0999760000002,1729.800049,24185.0,1665.951782,0.006553992985090851
2015-12-10,2015-12-10,1730.0,1735.050049,1680.0999760000002,1693.5999760000002,15932.0,1631.087891,-0.021149390962983183
2015-12-11,2015-12-11,1693.5999760000002,1716.0,1662.25,1675.150024,6135.0,1613.31897,-0.010953680857640258
2015-12-14,2015-12-14,1675.0,1680.0,1602.0,1610.400024,9630.0,1550.958862,-0.039420168818795176
2015-12-15,2015-12-15,1601.0,1659.0,1601.0,1648.050049,3282.0,1587.219238,0.023110217881299636
2015-12-16,2015-12-16,1621.199951,1668.0,1621.199951,1652.699951,3669.0,1591.69751,0.002817484896561417
2015-12-17,2015-12-17,1641.0,1697.949951,1620.0,1669.800049,4010.0,1608.166382,0.010293573709710737
2015-12-18,2015-12-18,1693.0999760000002,1747.0,1644.0,1720.800049,17247.0,1657.283936,0.030085442429419018
2015-12-21,2015-12-21,1690.050049,1730.0,1690.0,1718.449951,17177.0,1655.02063,-0.001366605218300343
2015-12-22,2015-12-22,1691.050049,1732.0,1661.900024,1679.449951,44874.0,1617.460205,-0.022956329699939104
2015-12-23,2015-12-23,1675.099976,1695.0,1631.099976,1638.550049,14643.0,1578.069946,-0.024654597138097145
2015-12-24,2015-12-24,1674.800049,1674.849976,1606.099976,1617.849976,19646.0,1558.133911,-0.01271365283741588
2015-12-28,2015-12-28,1619.0,1679.0,1619.0,1662.75,4359.0,1601.376709,0.027374808069078327
2015-12-29,2015-12-29,1641.0,1670.25,1641.0,1651.5,4733.0,1590.54187,-0.0067889454861811424
2015-12-30,2015-12-30,1655.050049,1666.849976,1648.099976,1650.099976,9322.0,1589.1936039999996,-0.0008480366318694976
2015-12-31,2015-12-31,1660.0,1670.25,1651.0,1659.199951,2360.0,1597.95752,0.005499543477998081
2016-01-01,2016-01-01,1632.050049,1695.0,1632.050049,1677.099976,15983.0,1615.196899,0.010730604366858463
2016-01-04,2016-01-04,1677.099976,1684.949951,1651.0,1660.150024,6517.0,1598.872681,-0.010158061587005385
2016-01-05,2016-01-05,1665.0,1670.0,1650.0,1652.599976,11430.0,1591.601196,-0.004558255526118771
2016-01-06,2016-01-06,1650.050049,1663.449951,1650.0,1655.0,19496.0,1593.912598,0.001451195979750075
2016-01-07,2016-01-07,1695.0,1695.0,1645.0,1657.949951,18527.0,1596.753784,0.0017809362752467806
2016-01-08,2016-01-08,1635.099976,1675.0,1632.0,1668.699951,20242.0,1607.106934,0.006462943897086682
2016-01-11,2016-01-11,1650.0,1657.5,1620.099976,1644.400024,29844.0,1583.703979,-0.014669233184341657
2016-01-12,2016-01-12,1656.0,1664.949951,1615.0,1620.900024,8885.0,1561.071411,-0.014394006539169446
2016-01-13,2016-01-13,1639.949951,1651.0,1610.0,1625.349976,21639.0,1565.357056,0.002741561324389963
2016-01-14,2016-01-14,1616.0,1661.650024,1614.0,1630.949951,7600.0,1570.750366,0.003439496542197773
2016-01-15,2016-01-15,1653.0,1653.0,1601.099976,1617.300049,4550.0,1557.604248,-0.008404542965739559
2016-01-18,2016-01-18,1598.050049,1600.0,1529.150024,1552.400024,15677.0,1495.099731,-0.04095598802820799
2016-01-19,2016-01-19,1546.199951,1547.599976,1502.050049,1505.25,7075.0,1449.690186,-0.03084304554133777
2016-01-20,2016-01-20,1506.0,1513.5,1470.0,1478.050049,3438.0,1423.494141,-0.018235356959317
2016-01-21,2016-01-21,1486.5,1496.0,1406.650024,1414.800049,4767.0,1362.578735,-0.043735478774387104
2016-01-22,2016-01-22,1445.0,1480.0,1430.0,1474.900024,12027.0,1420.460327,0.04160195998219951
2016-01-25,2016-01-25,1478.900024,1520.599976,1452.099976,1469.300049,8298.0,1415.067017,-0.0038041012126912577
2016-01-27,2016-01-27,1467.0,1477.0,1445.5,1456.400024,3904.0,1402.643188,-0.008818443777068197
2016-01-28,2016-01-28,1469.849976,1487.800049,1458.050049,1470.650024,10604.0,1416.3671880000004,0.00973682718084845
2016-01-29,2016-01-29,1441.199951,1498.0,1425.0,1480.449951,3591.0,1425.80542,0.006641585853932597
2016-02-01,2016-02-01,1495.300049,1526.0,1466.0,1473.300049,4129.0,1418.919312,-0.004841327086945846
2016-02-02,2016-02-02,1473.300049,1494.0,1412.349976,1426.099976,21453.0,1373.461548,-0.032561303452178336
2016-02-03,2016-02-03,1447.900024,1499.0,1382.0,1435.849976,18158.0,1382.851685,0.006813574898154151
2016-02-04,2016-02-04,1443.099976,1479.900024,1421.150024,1459.699951,75835.0,1405.821289,0.016473873907566272
2016-02-05,2016-02-05,1479.0,1498.0,1435.0,1471.050049,7067.0,1416.752441,0.007745559688151715
2016-02-08,2016-02-08,1471.0,1484.900024,1425.0,1432.400024,38207.0,1379.529053,-0.02662506404096998
2016-02-09,2016-02-09,1432.0,1432.0,1401.050049,1421.400024,2359.0,1368.935059,-0.007709066616653716
2016-02-10,2016-02-10,1420.0,1428.75,1375.0,1380.449951,6729.0,1329.49646,-0.029232839323698023
2016-02-11,2016-02-11,1380.449951,1404.0,1341.0,1349.900024,6036.0,1300.074219,-0.022378914665966757
2016-02-12,2016-02-12,1386.0,1386.0,1310.0,1359.349976,4931.0,1309.175415,0.006976130448828499
2016-02-15,2016-02-15,1361.050049,1419.0,1361.050049,1404.199951,9488.0,1352.369995,0.03246112029706083
2016-02-16,2016-02-16,1363.099976,1401.0,1363.099976,1380.550049,7539.0,1329.592896,-0.0169858029776977
2016-02-17,2016-02-17,1380.0,1416.300049,1375.050049,1383.349976,15554.0,1332.289429,0.0020260354089085553
2016-02-18,2016-02-18,1383.0,1423.0,1380.0,1404.0,4014.0,1352.1772460000002,0.01481723058706841
2016-02-19,2016-02-19,1399.449951,1410.0,1380.0,1383.699951,3119.0,1332.626587,-0.014564195970011797
2016-02-22,2016-02-22,1396.0,1405.050049,1386.650024,1394.75,1051.0,1343.268799,0.007954173519403085
2016-02-23,2016-02-23,1390.0,1393.5,1380.0,1387.900024,17735.0,1336.6716310000004,-0.0049233790812932545
2016-02-24,2016-02-24,1388.0,1400.0,1380.0,1392.949951,54419.0,1341.535156,0.0036319304168763718
2016-02-25,2016-02-25,1392.0,1424.0,1383.349976,1412.400024,4783.0,1360.267334,0.013866652522994904
2016-02-26,2016-02-26,1412.0,1429.5,1412.0,1419.800049,3272.0,1367.394165,0.005225609717555813
2016-02-29,2016-02-29,1420.0,1420.0,1331.0,1349.150024,12735.0,1299.351929,-0.051041235252831114
2016-03-01,2016-03-01,1379.949951,1411.449951,1350.550049,1406.550049,7782.0,1354.633301,0.0416651671242656
2016-03-02,2016-03-02,1410.599976,1436.25,1406.050049,1416.75,2334.0,1364.456665,0.007225510638472876
2016-03-03,2016-03-03,1430.0,1430.0,1390.0,1412.699951,33923.0,1360.55603,-0.0028628399942816074
2016-03-04,2016-03-04,1415.0,1444.0,1397.849976,1431.400024,117757.0,1378.56604,0.013150395698040107
2016-03-08,2016-03-08,1458.0,1458.0,1416.0,1423.300049,13605.0,1370.765015,-0.005674868380246778
2016-03-09,2016-03-09,1400.349976,1439.949951,1397.949951,1429.900024,147616.0,1377.12146,0.00462643300263199
2016-03-10,2016-03-10,1445.0,1449.650024,1425.75,1439.400024,4711.0,1386.270752,0.0066218073511326025
2016-03-11,2016-03-11,1449.0,1473.400024,1410.0,1454.5,3997.0,1400.813354,0.010435805614824822
2016-03-14,2016-03-14,1436.849976,1455.0,1420.0,1443.599976,7802.0,1390.315552,-0.0075222978622493395
2016-03-15,2016-03-15,1430.0,1454.0,1417.0,1420.25,27094.0,1367.827515,-0.016307011481150546
2016-03-16,2016-03-16,1408.75,1409.199951,1395.0,1401.150024,2994.0,1373.611572,0.004219729418799112
2016-03-17,2016-03-17,1421.0,1470.0,1401.099976,1459.900024,9705.0,1431.206909,0.04107462547487817
2016-03-18,2016-03-18,1458.900024,1458.900024,1417.0,1427.0,12900.0,1398.953613,-0.022793542739823813
2016-03-21,2016-03-21,1437.0,1454.900024,1427.0,1439.25,3453.0,1410.9626460000004,0.008547661218697655
2016-03-22,2016-03-22,1434.949951,1435.0,1425.0,1426.150024,3492.0,1398.120239,-0.009143551115608162
2016-03-23,2016-03-23,1431.75,1449.900024,1425.0,1434.199951,5645.0,1406.011841,0.0056285671353419895
2016-03-28,2016-03-28,1449.949951,1449.949951,1420.0,1425.0,10484.0,1396.992798,-0.006435290188199438
2016-03-29,2016-03-29,1438.699951,1441.599976,1420.099976,1430.0,166081.0,1401.894531,0.003502633321888382
2016-03-30,2016-03-30,1433.0,1465.900024,1425.0,1437.300049,7350.0,1409.051147,0.005091974220055029
2016-03-31,2016-03-31,1456.0,1533.300049,1430.349976,1468.5,38416.0,1439.637817,0.021475033509616992
2016-04-01,2016-04-01,1468.550049,1538.699951,1420.0,1482.349976,20909.0,1453.215576,0.00938717374176079
2016-04-04,2016-04-04,1482.0,1493.699951,1450.0,1474.650024,5136.0,1445.666992,-0.005207938496556429
2016-04-05,2016-04-05,1454.0,1479.0,1429.5,1435.5,4383.0,1407.286499,-0.026907419799006682
2016-04-06,2016-04-06,1432.099976,1461.0,1432.099976,1441.900024,1633.0,1413.560669,0.0044484369217778754
2016-04-07,2016-04-07,1464.949951,1464.949951,1426.0,1429.949951,20889.0,1401.845459,-0.00832226477010689
2016-04-08,2016-04-08,1440.050049,1454.0,1432.0,1451.800049,1935.0,1423.266113,0.015164756478597496
2016-04-11,2016-04-11,1451.25,1472.699951,1440.300049,1450.449951,4247.0,1421.942505,-0.0009304119825239711
2016-04-12,2016-04-12,1450.0,1469.0,1448.0,1464.050049,1405.0,1435.275391,0.00933284282954272
2016-04-13,2016-04-13,1464.0,1510.0,1462.0,1504.550049,8635.0,1474.97937,0.02728726234956813
2016-04-18,2016-04-18,1473.099976,1510.0,1473.099976,1509.300049,9141.0,1479.635986,0.003152098865333741
2016-04-20,2016-04-20,1508.949951,1522.900024,1500.0,1507.400024,15022.0,1477.7734380000004,-0.0012595809231799038
2016-04-21,2016-04-21,1509.0,1510.0,1478.699951,1499.449951,4943.0,1469.979614,-0.005287988528174914
2016-04-22,2016-04-22,1519.949951,1519.949951,1476.0,1482.650024,4850.0,1453.509766,-0.011267372718802626
2016-04-25,2016-04-25,1476.0,1494.849976,1475.099976,1477.449951,1301.0,1448.411865,-0.003513469274827763
2016-04-26,2016-04-26,1477.0,1491.0,1461.0,1467.349976,105366.0,1438.510376,-0.006859573621021298
2016-04-27,2016-04-27,1467.0,1484.75,1451.0,1455.800049,9016.0,1427.1875,-0.007902392655440238
2016-04-28,2016-04-28,1455.0,1469.0,1423.0,1434.099976,5909.0,1405.91394,-0.015018141985901678
2016-04-29,2016-04-29,1464.0,1464.0,1430.0,1438.949951,3236.0,1410.668701,0.0033762655833200483
2016-05-02,2016-05-02,1438.0,1459.900024,1395.050049,1442.099976,20298.0,1413.756714,0.0021866495139351017
2016-05-03,2016-05-03,1442.0,1452.949951,1425.0,1435.0,5398.0,1406.796265,-0.0049355308559828615
2016-05-04,2016-05-04,1435.050049,1435.050049,1415.0,1419.349976,18817.0,1391.453735,-0.010965913514688452
2016-05-05,2016-05-05,1420.0,1429.900024,1406.0,1409.650024,41892.0,1381.94458,-0.006857429898923685
2016-05-06,2016-05-06,1424.650024,1443.0,1409.0,1434.599976,4085.0,1406.404175,0.017544593277671442
2016-05-09,2016-05-09,1453.050049,1453.050049,1425.5,1430.300049,199989.0,1402.188721,-0.003001828546564056
2016-05-10,2016-05-10,1435.0,1530.949951,1435.0,1488.099976,47877.0,1458.852539,0.03961580655179642
2016-05-11,2016-05-11,1468.0,1488.949951,1465.0,1478.599976,2845.0,1449.539307,-0.006404407883177754
2016-05-12,2016-05-12,1490.0,1515.0,1467.0,1511.400024,10722.0,1481.694702,0.021940714964898692
2016-05-13,2016-05-13,1509.900024,1535.0,1491.050049,1520.199951,310988.0,1490.321655,0.005805470894894249
2016-05-16,2016-05-16,1512.0,1574.900024,1501.0,1538.25,26468.0,1508.016968,0.011803549013392534
2016-05-17,2016-05-17,1540.0,1540.0,1494.050049,1515.0,16252.0,1485.223999,-0.015229919555117988
2016-05-18,2016-05-18,1515.0,1539.900024,1501.0,1534.050049,5378.0,1503.899536,0.012495823467498113
2016-05-19,2016-05-19,1524.050049,1527.949951,1499.099976,1509.949951,23769.0,1480.273193,-0.01583476481795465
2016-05-20,2016-05-20,1520.0,1520.0,1481.0,1481.800049,4794.0,1452.676514,-0.018818933977319933
2016-05-23,2016-05-23,1494.0,1502.849976,1480.0,1493.699951,4778.0,1464.342529,0.007998629440118421
2016-05-24,2016-05-24,1504.949951,1518.400024,1468.5,1507.650024,3520.0,1478.018433,0.009295937962386702
2016-05-25,2016-05-25,1499.949951,1548.0,1472.0,1501.75,13519.0,1472.234375,-0.003921064252538464
2016-05-26,2016-05-26,1578.0,1595.599976,1520.0,1530.599976,28012.0,1500.517334,0.01902870820191982
2016-05-27,2016-05-27,1540.5,1543.449951,1515.0,1532.949951,6475.0,1502.821045,0.0015341004982429851
2016-05-30,2016-05-30,1539.650024,1548.0,1507.099976,1517.300049,16602.0,1487.47876,-0.010261459134980557
2016-05-31,2016-05-31,1518.550049,1538.949951,1512.800049,1527.699951,2734.0,1497.674316,0.006830869563321684
2016-06-01,2016-06-01,1538.650024,1541.599976,1515.050049,1518.050049,2511.0,1488.213989,-0.006336713024338359
2016-06-02,2016-06-02,1520.0,1538.800049,1505.699951,1522.0,98480.0,1492.086426,0.002598690494277633
2016-06-03,2016-06-03,1528.0,1532.5,1493.0,1507.050049,14985.0,1477.430298,-0.009871132826573259
2016-06-06,2016-06-06,1507.150024,1554.949951,1500.0,1545.0,6173.0,1514.634399,0.024869795495912502
2016-06-07,2016-06-07,1545.0,1545.0,1522.0,1540.449951,55392.0,1510.173706,-0.0029494077500373805
2016-06-08,2016-06-08,1539.0,1550.0,1525.099976,1541.349976,3564.0,1511.05603,0.0005840827094809597
2016-06-09,2016-06-09,1547.699951,1555.0,1542.0,1548.300049,2576.0,1517.869507,0.004498947504076868
2016-06-10,2016-06-10,1548.0,1559.849976,1540.050049,1550.25,16981.0,1519.781128,0.001258618242879983
2016-06-13,2016-06-13,1520.050049,1546.0,1500.0,1542.349976,2037.0,1512.036377,-0.0051089934227404035
2016-06-14,2016-06-14,1542.5,1548.0,1519.949951,1529.800049,3276.0,1499.733154,-0.008170141381142138
2016-06-15,2016-06-15,1533.050049,1556.5,1527.0,1534.449951,18171.0,1504.291626,0.003034912048155647
2016-06-16,2016-06-16,1555.0,1555.0,1517.349976,1534.650024,20338.0,1504.487793,0.00013039639864498298
2016-06-17,2016-06-17,1544.949951,1566.949951,1530.0,1554.699951,14681.0,1524.143555,0.012980145626473316
2016-06-20,2016-06-20,1548.0,1584.0,1531.099976,1578.400024,487646.0,1547.37793,0.015129191374911422
2016-06-21,2016-06-21,1577.949951,1599.900024,1560.099976,1590.949951,8260.0,1559.681152,0.007919570230017214
2016-06-22,2016-06-22,1575.0,1600.0,1570.150024,1596.150024,6083.0,1564.779053,0.0032632232061358124
2016-06-23,2016-06-23,1596.0,1629.0,1550.449951,1565.150024,5395.0,1534.388306,-0.019612829935587328
2016-06-24,2016-06-24,1549.699951,1554.949951,1517.0,1542.849976,12814.0,1512.526611,-0.014350299080301275
2016-06-27,2016-06-27,1542.050049,1580.75,1542.0,1564.5,5994.0,1533.750977,0.013934849225923251
2016-06-28,2016-06-28,1574.949951,1616.0,1574.949951,1585.349976,15459.0,1554.191284,0.013238981703828756
2016-06-29,2016-06-29,1586.050049,1650.0,1586.0,1637.599976,27196.0,1605.414307,0.03242652272588753
2016-06-30,2016-06-30,1661.0,1695.25,1650.0,1665.150024,30849.0,1632.422852,0.016683464998063613
2016-07-01,2016-07-01,1673.949951,1720.0,1673.949951,1681.050049,20327.0,1648.010376,0.00950340411258832
2016-07-04,2016-07-04,1683.199951,1715.949951,1665.0,1673.550049,7374.0,1640.657837,-0.004471446053075923
2016-07-05,2016-07-05,1675.150024,1688.449951,1610.349976,1620.400024,12124.0,1588.55249,-0.03227406359741991
2016-07-07,2016-07-07,1620.050049,1635.0,1601.25,1607.349976,6145.0,1575.758911,-0.00808621345349625
2016-07-08,2016-07-08,1623.0,1623.0,1576.599976,1600.949951,34063.0,1569.4846189999996,-0.003989707164405942
2016-07-11,2016-07-11,1603.0,1699.9000239999998,1603.0,1659.099976,39429.0,1626.491821,0.0356781410140643
2016-07-12,2016-07-12,1689.949951,1689.949951,1625.0,1631.050049,18119.0,1598.993042,-0.017051355956949617
2016-07-13,2016-07-13,1642.0,1655.050049,1612.25,1625.0,8120.0,1593.062012,-0.0037161243932724024
2016-07-14,2016-07-14,1625.0,1632.0,1611.25,1618.949951,26880.0,1594.48999,0.0008959716388199367
2016-07-15,2016-07-15,1618.550049,1622.0,1601.099976,1613.25,22229.0,1588.876221,-0.003526942517572351
2016-07-18,2016-07-18,1613.5,1674.0,1613.5,1631.25,42919.0,1606.604248,0.011095801746539458
2016-07-19,2016-07-19,1641.0,1650.0,1622.25,1626.099976,11363.0,1601.531982,-0.0031621289514198736
2016-07-20,2016-07-20,1627.099976,1669.900024,1623.5,1661.699951,24415.0,1636.594116,0.02165666395044319
2016-07-21,2016-07-21,1662.050049,1714.5,1662.050049,1705.550049,79708.0,1679.781738,0.026046543271749382
2016-07-22,2016-07-22,1707.0999760000002,1798.0,1707.0999760000002,1788.8499760000002,71595.0,1761.82312,0.04768526943192963
2016-07-25,2016-07-25,1818.900024,1830.0,1747.0,1808.599976,34729.0,1781.2746579999996,0.010980071476829778
2016-07-26,2016-07-26,1808.0,1855.0,1777.0,1829.75,129115.0,1802.105225,0.011626342906307485
2016-07-27,2016-07-27,1840.0,1897.099976,1814.400024,1844.550049,68759.0,1816.681641,0.008056011792330509
2016-07-28,2016-07-28,1821.699951,1821.699951,1742.5,1799.949951,73740.0,1772.7553710000002,-0.02447651977195786
2016-07-29,2016-07-29,1819.0,1833.0,1796.800049,1807.699951,43843.0,1780.3883059999996,0.00429644699765941
2016-08-01,2016-08-01,1811.25,1855.0,1811.25,1838.699951,28650.0,1810.919922,0.017003470413224697
2016-08-02,2016-08-02,1849.800049,1865.099976,1770.75,1788.199951,64464.0,1761.182861,-0.02784929694529481
2016-08-03,2016-08-03,1790.0999760000002,1809.900024,1773.949951,1781.5999760000002,16869.0,1754.6826170000004,-0.003697667869844601
2016-08-04,2016-08-04,1808.699951,1815.0,1782.0,1801.4000239999998,16566.0,1774.183472,0.011052305763862513
2016-08-05,2016-08-05,1805.099976,1817.75,1798.0,1800.800049,31359.0,1773.5926510000004,-0.0003330655514774961
2016-08-08,2016-08-08,1810.050049,1825.0,1799.0,1818.300049,22205.0,1790.828247,0.009670984896101407
2016-08-09,2016-08-09,1806.650024,1824.0,1778.300049,1808.25,11301.0,1780.930054,-0.0055424905632230894
2016-08-10,2016-08-10,1797.1500239999998,1820.0,1776.3499760000002,1798.199951,9609.0,1771.03186,-0.005573381619283779
2016-08-11,2016-08-11,1800.050049,1824.900024,1800.0,1814.599976,46244.0,1787.184082,0.009078894148351502
2016-08-12,2016-08-12,1814.0,1827.949951,1800.0,1816.449951,20033.0,1789.0061039999996,0.0010189738592671915
2016-08-16,2016-08-16,1816.0,1816.0,1800.0,1808.900024,30209.0,1781.57019,-0.004165111812589828
2016-08-17,2016-08-17,1809.900024,1818.0,1785.0,1797.4000239999998,46212.0,1770.2440190000002,-0.006377703744961494
2016-08-18,2016-08-18,1804.150024,1833.849976,1787.0,1791.75,32983.0,1764.679321,-0.003148414865867366
2016-08-19,2016-08-19,1800.9000239999998,1824.75,1790.3499760000002,1810.199951,13936.0,1782.850464,0.010244481665773186
2016-08-22,2016-08-22,1809.900024,1816.0,1782.0999760000002,1790.5999760000002,10867.0,1763.546631,-0.010886555078487348
2016-08-23,2016-08-23,1792.1500239999998,1802.949951,1770.0999760000002,1785.449951,9658.0,1758.4744870000004,-0.0028802482077958658
2016-08-24,2016-08-24,1790.949951,1795.0,1766.1500239999998,1780.8499760000002,7416.0,1753.94397,-0.002579715126763027
2016-08-25,2016-08-25,1840.0,1894.849976,1795.0,1798.25,56126.0,1771.081055,0.009723176369042186
2016-08-26,2016-08-26,1812.25,1824.050049,1796.0,1806.900024,14116.0,1779.600464,0.0047987550013637295
2016-08-29,2016-08-29,1810.0,1810.0,1782.050049,1791.25,12475.0,1764.18689,-0.008698981997803834
2016-08-30,2016-08-30,1790.0,1806.349976,1789.050049,1799.8499760000002,48347.0,1772.65686,0.004789573297808936
2016-08-31,2016-08-31,1808.75,1822.5,1799.0999760000002,1808.25,18335.0,1780.930054,0.00465625811194581
2016-09-01,2016-09-01,1806.699951,1839.900024,1797.0,1820.949951,53091.0,1793.43811,0.0069987793550128075
2016-09-02,2016-09-02,1829.0,1925.0,1821.0,1869.75,73929.0,1841.500854,0.02644641120582225
2016-09-06,2016-09-06,1894.699951,1924.0,1851.0,1868.599976,27099.0,1840.368164,-0.0006152799190823899
2016-09-07,2016-09-07,1869.900024,1875.0,1840.199951,1866.800049,9576.0,1838.595459,-0.0009636981056901917
2016-09-08,2016-09-08,1867.0,1908.0,1845.5,1895.550049,37323.0,1866.911133,0.015283321974608022
2016-09-09,2016-09-09,1894.949951,1911.0,1863.150024,1868.099976,19105.0,1839.875732,-0.014587232221437318
2016-09-12,2016-09-12,1828.0,1864.300049,1805.0,1831.800049,17907.0,1804.124268,-0.019622728414994132
2016-09-14,2016-09-14,1832.300049,1849.0,1830.0,1843.050049,17847.0,1815.204224,0.00612267752843909
2016-09-15,2016-09-15,1843.050049,1896.0,1833.050049,1864.0,10604.0,1835.837769,0.011302945686020749
2016-09-16,2016-09-16,1863.949951,1880.0,1760.3499760000002,1796.6500239999998,125326.0,1769.5052489999996,-0.03680094000945111
2016-09-19,2016-09-19,1836.0,1852.949951,1803.25,1843.599976,23067.0,1815.74585,0.025796332770932292
2016-09-20,2016-09-20,1830.050049,1850.349976,1830.050049,1839.949951,19886.0,1812.151001,-0.0019817819106737744
2016-09-21,2016-09-21,1840.0,1893.0,1840.0,1849.949951,35042.0,1821.999878,0.005420193844456911
2016-09-22,2016-09-22,1870.0,1870.050049,1820.050049,1840.099976,29137.0,1812.298828,-0.005338621739968907
2016-09-23,2016-09-23,1868.900024,1897.050049,1843.400024,1872.0,67676.0,1843.716797,0.017187422398649232
2016-09-26,2016-09-26,1898.949951,1898.949951,1861.599976,1880.25,22521.0,1851.842163,0.004397374893070349
2016-09-27,2016-09-27,1882.050049,1953.5,1882.050049,1905.050049,85088.0,1876.267578,0.013103565179060972
2016-09-28,2016-09-28,1908.0,1964.0,1908.0,1950.0,78702.0,1920.53833,0.0233210543396476
2016-09-29,2016-09-29,1955.0,1965.0,1836.599976,1905.0,47696.0,1876.218262,-0.023347338782603973
2016-09-30,2016-09-30,1905.0,1925.0,1865.0,1909.599976,11327.0,1880.748779,0.002411796082656181
2016-10-03,2016-10-03,1871.0,1952.0,1871.0,1938.199951,43295.0,1908.916626,0.01486588536601463
2016-10-04,2016-10-04,1956.0,2000.0,1935.0,1991.699951,30128.0,1961.608276,0.027228816140843826
2016-10-05,2016-10-05,2009.0,2241.949951,1999.0,2130.399902,134855.0,2098.212646,0.06732117561215922
2016-10-06,2016-10-06,2147.0,2197.0,2070.199951,2094.75,43960.0,2063.101318,-0.016875516511891675
2016-10-07,2016-10-07,2118.0,2120.0,2048.0,2053.800049,41627.0,2022.770142,-0.01974241546897026
2016-10-10,2016-10-10,2074.899902,2074.899902,1990.0,2005.800049,144268.0,1975.495361,-0.023648746786756547
2016-10-13,2016-10-13,2018.0,2023.0,1980.0,2018.449951,27137.0,1987.954102,0.006286837842420567
2016-10-14,2016-10-14,2021.599976,2109.0,2005.099976,2086.850098,68810.0,2055.3208010000008,0.03332592286455238
2016-10-17,2016-10-17,2087.050049,2169.850098,2085.100098,2100.0,63972.0,2068.272217,0.0062816376547827355
2016-10-18,2016-10-18,2124.0,2187.0,2082.600098,2106.600098,37941.0,2074.772461,0.003137909358411406
2016-10-19,2016-10-19,2120.0,2138.699951,2095.0,2106.600098,18786.0,2074.772461,0.0
2016-10-20,2016-10-20,2119.899902,2143.0,2104.300049,2131.699951,51248.0,2099.493164,0.011844474803016423
2016-10-21,2016-10-21,2131.0,2199.0,2115.050049,2172.600098,44807.0,2139.775391,0.019004900925230217
2016-10-24,2016-10-24,2156.149902,2189.949951,2126.0,2155.0,27046.0,2122.441162,-0.008133948313202133
2016-10-25,2016-10-25,2145.0,2197.949951,2139.949951,2169.149902,68630.0,2136.377197,0.006544578128010237
2016-10-26,2016-10-26,2184.649902,2238.949951,2143.050049,2159.149902,63416.0,2126.52832,-0.004620742582516435
2016-10-27,2016-10-27,2160.0,2175.0,2118.899902,2140.0,30422.0,2107.667725,-0.008908760737692312
2016-10-28,2016-10-28,2151.199951,2188.0,2151.199951,2177.399902,29644.0,2144.502686,0.01732568493712261
2016-11-01,2016-11-01,2245.0,2245.0,2173.600098,2190.699951,33513.0,2157.601807,0.006089652867241391
2016-11-02,2016-11-02,2170.0,2225.0,2145.0,2202.399902,18051.0,2169.125,0.005326530080863812
2016-11-03,2016-11-03,2204.899902,2210.0,2180.0,2195.0,32120.0,2161.83667,-0.003365689856175358
2016-11-04,2016-11-04,2195.0,2205.0,2173.0,2190.100098,31242.0,2157.010986,-0.0022347099933268666
2016-11-07,2016-11-07,2194.0,2208.0,2110.0,2122.399902,467309.0,2090.333496,-0.031399839867727763
2016-11-08,2016-11-08,2132.649902,2225.0,2105.100098,2187.050049,547941.0,2154.006836,0.030006131648314668
2016-11-09,2016-11-09,1980.0,2155.399902,1902.550049,2067.449951,38176.0,2036.213867,-0.05623761645709546
2016-11-10,2016-11-10,2141.899902,2163.949951,2080.199951,2149.75,20339.0,2117.270508,0.039035627019627483
2016-11-11,2016-11-11,2180.0,2180.0,2105.100098,2119.899902,14106.0,2087.871338,-0.013982714532129849
2016-11-15,2016-11-15,2119.899902,2119.899902,1961.599976,2011.550049,17258.0,1981.158447,-0.05246330053035386
2016-11-16,2016-11-16,2011.0,2048.0,1965.050049,1975.599976,10618.0,1945.751587,-0.01803342537884056
2016-11-17,2016-11-17,1968.0,1975.0,1912.0,1919.400024,13718.0,1890.400757,-0.02885947514599163
2016-11-18,2016-11-18,1936.0,1951.050049,1898.900024,1902.199951,9344.0,1873.460571,-0.009001553941198281
2016-11-21,2016-11-21,1916.75,1918.949951,1841.599976,1852.400024,7805.0,1824.412964,-0.02652902166564264
2016-11-22,2016-11-22,1859.050049,1950.0,1840.099976,1924.150024,12901.0,1895.078979,0.038002243510472766
2016-11-23,2016-11-23,1954.0,2045.0,1905.5,1999.800049,12905.0,1969.58606,0.03856288360533888
2016-11-24,2016-11-24,2001.0,2140.0,1992.0,2122.149902,333797.0,2090.087402,0.059382485397277314
2016-11-25,2016-11-25,2115.0,2115.0,2033.0,2041.099976,17667.0,2010.261963,-0.03894084081154592
2016-11-28,2016-11-28,2055.0,2088.0,2050.25,2073.350098,6252.0,2042.02478,0.015676811400916257
2016-11-29,2016-11-29,2079.949951,2132.0,2079.0,2103.300049,8641.0,2071.522217,0.014341852725801909
2016-11-30,2016-11-30,2112.199951,2159.699951,2101.100098,2135.449951,7811.0,2103.186523,0.015169879002054463
2016-12-01,2016-12-01,2154.850098,2155.050049,2034.550049,2053.350098,279483.0,2022.327026,-0.03920474511074268
2016-12-02,2016-12-02,2049.899902,2053.800049,1975.050049,2018.75,5926.0,1988.249634,-0.016994170673951814
2016-12-05,2016-12-05,2025.0,2025.050049,1970.0,1976.400024,16388.0,1946.539551,-0.0212014638775031
2016-12-06,2016-12-06,1998.949951,2043.0,1980.0,2027.099976,10466.0,1996.473511,0.025329172818506333
2016-12-07,2016-12-07,2017.949951,2058.949951,2001.25,2009.699951,12043.0,1979.336304,-0.008620791200248945
2016-12-08,2016-12-08,2044.849976,2050.0,1999.050049,2039.550049,8064.0,2008.735474,0.014743818166285116
2016-12-09,2016-12-09,2064.949951,2064.949951,2006.050049,2014.25,15080.0,1983.817627,-0.012482323918044713
2016-12-12,2016-12-12,2034.400024,2054.899902,2020.050049,2037.400024,6788.0,2006.61792,0.011427595236145116
2016-12-13,2016-12-13,2021.050049,2040.050049,1992.150024,1996.849976,9216.0,1966.6805420000005,-0.02010356052583795
2016-12-14,2016-12-14,2007.949951,2015.0,1988.0,1994.199951,3518.0,1964.070557,-0.0013279830331827116
2016-12-15,2016-12-15,1999.849976,2005.800049,1940.550049,1946.900024,12106.0,1917.485229,-0.02400458346957901
2016-12-16,2016-12-16,1969.0,1969.0,1925.0,1931.199951,14047.0,1902.022339,-0.008096841910667505
2016-12-19,2016-12-19,1935.050049,1942.949951,1884.550049,1898.349976,8290.0,1869.668701,-0.017156459129245686
2016-12-20,2016-12-20,1900.050049,1902.949951,1840.0,1843.400024,8911.0,1815.54895,-0.02937337615211355
2016-12-21,2016-12-21,1851.050049,1859.699951,1829.0,1840.349976,4627.0,1812.545044,-0.0016559144781655988
2016-12-22,2016-12-22,1850.0,1850.0,1792.0,1796.800049,47935.0,1769.653076,-0.023948434185061984
2016-12-23,2016-12-23,1805.0,1839.849976,1780.8499760000002,1806.849976,11357.0,1779.551147,0.005577642783514136
2016-12-26,2016-12-26,1801.550049,1815.150024,1756.0,1767.199951,12418.0,1740.500122,-0.022188669534257244
2016-12-27,2016-12-27,1775.6500239999998,1817.099976,1742.6500239999998,1757.8499760000002,20737.0,1731.2915039999998,-0.0053048342683981176
2016-12-28,2016-12-28,1762.1500239999998,1790.0,1748.0,1767.8499760000002,144618.0,1741.140381,0.005672625834853839
2016-12-29,2016-12-29,1785.0,1819.900024,1770.0,1810.699951,14301.0,1783.342896,0.023949344537808948
2016-12-30,2016-12-30,1810.699951,1879.300049,1806.349976,1819.349976,16198.0,1791.862305,0.004765838404394707
2017-01-02,2017-01-02,1870.0,1870.0,1801.25,1825.650024,10818.0,1798.067139,0.003456803413830478
2017-01-03,2017-01-03,1825.0,1887.5,1819.800049,1840.75,12224.0,1812.938965,0.008236989723576116
2017-01-04,2017-01-04,1859.0,1887.0,1821.0,1838.449951,14011.0,1810.673706,-0.0012502767269886306
2017-01-05,2017-01-05,1853.599976,1870.0,1840.849976,1862.5,9508.0,1834.360352,0.012996849438119185
2017-01-06,2017-01-06,1855.199951,1899.0,1855.199951,1891.800049,40899.0,1863.217773,0.015609139786368688
2017-01-09,2017-01-09,1900.349976,1924.849976,1896.0,1903.849976,5968.0,1875.085571,0.006349317739945626
2017-01-10,2017-01-10,1909.0,1920.0,1892.0,1910.5,3101.0,1881.635132,0.003486853643735799
2017-01-11,2017-01-11,1938.949951,1938.949951,1906.0,1918.949951,5494.0,1889.957397,0.0044131376562504
2017-01-12,2017-01-12,1924.949951,1925.0,1870.400024,1886.949951,8619.0,1858.440918,-0.016816367451149006
2017-01-13,2017-01-13,1896.099976,1909.300049,1887.0,1899.349976,6733.0,1870.653564,0.006549949174521785
2017-01-16,2017-01-16,1907.949951,1908.0,1878.050049,1897.599976,8138.0,1868.930054,-0.0009217657889699636
2017-01-17,2017-01-17,1894.050049,1919.0,1888.0,1911.849976,5457.0,1882.964722,0.007481411020114238
2017-01-18,2017-01-18,1916.050049,1943.150024,1886.050049,1889.900024,15302.0,1861.346436,-0.011547398336702486
2017-01-19,2017-01-19,1889.949951,1912.599976,1864.0,1880.5,11210.0,1852.088379,-0.004986260237749285
2017-01-20,2017-01-20,1886.0,1892.900024,1870.0,1882.449951,7807.0,1854.008911,0.0010364175690131816
2017-01-23,2017-01-23,1871.150024,1892.849976,1870.449951,1874.800049,3710.0,1846.474609,-0.004072069160836911
2017-01-24,2017-01-24,1877.150024,1905.0,1874.800049,1891.75,7503.0,1863.168457,0.009000305632626215
2017-01-25,2017-01-25,1891.75,1934.0,1891.0,1927.599976,12422.0,1898.476807,0.018773374159878564
2017-01-27,2017-01-27,1934.699951,1943.949951,1914.599976,1929.650024,18937.0,1900.49585,0.0010629416804990301
2017-01-30,2017-01-30,1947.0,1947.0,1911.050049,1933.849976,33808.0,1904.632324,0.0021741583674774745
2017-01-31,2017-01-31,1940.0,2010.0,1938.599976,1999.449951,137779.0,1969.241211,0.0333593122944853
2017-02-01,2017-02-01,2022.050049,2056.149902,1990.0,2043.699951,30858.0,2012.822632,0.02188973502806668
2017-02-02,2017-02-02,2075.949951,2075.949951,2008.699951,2057.75,15007.0,2026.6604,0.0068512837009961905
2017-02-03,2017-02-03,2060.0,2099.0,2012.150024,2026.550049,19796.0,1995.931885,-0.015278263644449732
2017-02-06,2017-02-06,2010.449951,2096.0,2010.449951,2086.75,23762.0,2055.222168,0.029272901498062612
2017-02-07,2017-02-07,2099.699951,2099.699951,2023.050049,2033.099976,20040.0,2002.382813,-0.026046075155103487
2017-02-08,2017-02-08,2045.800049,2090.0,2037.0,2049.550049,31196.0,2018.584351,0.00805857149148448
2017-02-09,2017-02-09,2053.0,2079.0,2040.099976,2058.550049,8964.0,2027.448364,0.0043815894756953355
2017-02-10,2017-02-10,2062.699951,2069.300049,2030.0,2040.349976,6713.0,2009.523315,-0.008880501637146487
2017-02-13,2017-02-13,2058.949951,2073.300049,2018.0,2031.650024,6050.0,2000.954834,-0.004273053595756693
2017-02-14,2017-02-14,2037.0,2048.800049,2014.0,2027.099976,9115.0,1996.473511,-0.002242103918093541
2017-02-15,2017-02-15,2020.0,2069.5,2020.0,2037.550049,9154.0,2006.765625,0.005141904506124284
2017-02-16,2017-02-16,2053.699951,2077.399902,2030.0,2056.100098,128601.0,2025.0354,0.009062897666445302
2017-02-17,2017-02-17,2068.949951,2073.550049,2011.400024,2032.150024,8950.0,2001.447266,-0.011716630023358654
2017-02-20,2017-02-20,2033.0,2040.0,2019.75,2031.949951,24490.0,2001.250122,-9.85055731419493e-05
2017-02-21,2017-02-21,2046.900024,2046.900024,2020.099976,2030.199951,5005.0,1999.526611,-0.0008615882473028691
2017-02-22,2017-02-22,2030.050049,2035.0,2025.0,2030.949951,19509.0,2000.265259,0.000369343222049956
2017-02-23,2017-02-23,2025.050049,2080.0,2025.050049,2062.449951,20061.0,2031.289429,0.01539097684208457
2017-02-27,2017-02-27,2050.050049,2060.949951,2030.949951,2052.699951,11976.0,2021.686646,-0.004738641823332834
2017-02-28,2017-02-28,2055.0,2084.0,2040.050049,2064.699951,14859.0,2033.505371,0.005828951336384946
2017-03-01,2017-03-01,2084.949951,2138.899902,2060.100098,2105.449951,35867.0,2073.639648,0.01954425974282881
2017-03-02,2017-03-02,2109.899902,2121.0,2091.350098,2106.050049,19680.0,2074.230713,0.00028499685504090877
2017-03-03,2017-03-03,2106.0,2122.649902,2073.050049,2096.800049,6210.0,2065.120605,-0.0044017151525563855
2017-03-06,2017-03-06,2128.850098,2128.850098,2071.0,2102.0,33595.0,2070.241943,0.0024768520577111985
2017-03-07,2017-03-07,2102.050049,2131.0,2100.0,2128.850098,59906.0,2096.686279,0.012692654930952507
2017-03-08,2017-03-08,2114.949951,2139.0,2100.0,2107.350098,35596.0,2075.51123,-0.010150636813827774
2017-03-09,2017-03-09,2102.100098,2114.899902,2101.0,2106.449951,6525.0,2074.624512000001,-0.0004273200052322679
2017-03-10,2017-03-10,2092.0,2119.199951,2058.100098,2070.0,31273.0,2038.725342,-0.017455399021388374
2017-03-14,2017-03-14,2118.0,2118.0,2067.0,2076.75,41395.0,2045.373413,0.003255590655684593
2017-03-15,2017-03-15,2098.0,2098.0,2065.100098,2075.800049,32022.0,2044.437744,-0.00045756098773530596
2017-03-16,2017-03-16,2097.949951,2116.0,2062.050049,2109.75,31996.0,2077.874756,0.01622280956377331
2017-03-17,2017-03-17,2119.0,2128.899902,2090.0,2110.899902,33274.0,2079.007324,0.0005449122713745425
2017-03-20,2017-03-20,2110.899902,2136.949951,2093.100098,2105.149902,6000.0,2073.344238,-0.0027276541625154142
2017-03-21,2017-03-21,2122.0,2122.0,2082.0,2099.100098,12073.0,2067.3857420000004,-0.0028779950112944874
2017-03-22,2017-03-22,2095.0,2100.0,2048.699951,2056.899902,17878.0,2025.82312,-0.020308785562749062
2017-03-23,2017-03-23,2060.050049,2070.0,2043.0,2055.050049,24332.0,2024.001221,-0.0008997422947274457
2017-03-24,2017-03-24,2038.150024,2070.0,2038.150024,2055.850098,13675.0,2024.789185,0.000389234280332218
2017-03-27,2017-03-27,2056.850098,2075.449951,2045.0,2064.0,13444.0,2032.81604,0.003956454620701599
2017-03-28,2017-03-28,2074.800049,2128.0,2062.0,2107.699951,26225.0,2075.855713,0.020951416892819097
2017-03-29,2017-03-29,2092.0,2109.899902,2082.550049,2105.75,11677.0,2073.935303,-0.0009255454694878652
2017-03-30,2017-03-30,2150.0,2150.0,2089.899902,2101.350098,102065.0,2069.601807,-0.002091690005393332
2017-03-31,2017-03-31,2101.350098,2195.0,2084.0,2163.949951,39868.0,2131.255859,0.029355186131941657
