Date,Date.1,EIHOTEL.NS.Open,EIHOTEL.NS.High,EIHOTEL.NS.Low,EIHOTEL.NS.Close,EIHOTEL.NS.Volume,EIHOTEL.NS.Adjusted,log_returns
2013-04-01,2013-04-01,55.950001,56.400002,55.200001,56.0,49435.0,52.990929,0.015295067655376469
2013-04-02,2013-04-02,55.099998,58.25,55.099998,57.950001,36929.0,54.83614300000001,0.034228772385435764
2013-04-03,2013-04-03,57.950001,60.349998,57.0,57.700001,73737.0,54.599583,-0.0043232749871107146
2013-04-04,2013-04-04,57.700001,57.700001,55.799999,55.950001,55085.0,52.943611,-0.030798841592709625
2013-04-05,2013-04-05,56.650002,56.950001,55.0,55.650002,55257.0,52.659733,-0.005376319973096066
2013-04-08,2013-04-08,57.0,57.0,55.599998,56.049999,16548.0,53.038239,0.007162060175712971
2013-04-09,2013-04-09,56.650002,56.650002,55.299999,55.549999,24734.0,52.565102,-0.008960704488377047
2013-04-10,2013-04-10,55.650002,56.25,55.0,55.450001,63023.0,52.470482,-0.0018016756225205375
2013-04-11,2013-04-11,54.799999,56.450001,54.799999,55.700001,33234.0,52.707047,0.004498401914724948
2013-04-12,2013-04-12,55.849998,56.25,54.700001,55.5,32925.0,52.517796,-0.0035970821844770744
2013-04-15,2013-04-15,55.799999,56.799999,55.150002,56.0,21753.0,52.990929,0.00896866437241739
2013-04-16,2013-04-16,56.549999,56.650002,55.599998,55.900002,18351.0,52.896301,-0.0017873359269349187
2013-04-17,2013-04-17,55.900002,56.900002,55.5,55.900002,28474.0,52.896301,0.0
2013-04-18,2013-04-18,56.0,56.25,55.349998,55.950001,28746.0,52.943611,0.0008939917325503367
2013-04-22,2013-04-22,55.0,58.25,55.0,57.75,108092.0,54.64689300000001,0.031664956541030964
2013-04-23,2013-04-23,59.0,59.25,57.650002,58.849998,41931.0,55.687786,0.018868480712931124
2013-04-25,2013-04-25,59.849998,60.0,58.5,59.75,57061.0,56.539425,0.0151773414021239
2013-04-26,2013-04-26,59.799999,60.900002,59.299999,60.0,94483.0,56.775997,0.004175465961019143
2013-04-29,2013-04-29,60.0,60.599998,59.0,60.150002,32299.0,56.917931,0.0024967749154267693
2013-04-30,2013-04-30,60.150002,61.849998,60.099998,61.25,74418.0,57.958824,0.018122404092688168
2013-05-02,2013-05-02,61.450001,61.450001,59.75,60.549999,33452.0,57.29644,-0.011494334745820291
2013-05-03,2013-05-03,59.0,60.900002,59.0,60.0,18253.0,56.775997,-0.009124844262294651
2013-05-06,2013-05-06,60.5,60.599998,59.25,60.049999,32664.0,56.82330699999999,0.0008329276865142178
2013-05-07,2013-05-07,59.650002,61.099998,59.5,60.0,61371.0,56.775997,-0.0008329276865142178
2013-05-08,2013-05-08,60.0,65.0,59.549999,64.550003,282221.0,61.081509,0.07309553696632687
2013-05-09,2013-05-09,65.400002,65.699997,62.099998,63.0,528270.0,59.614792,-0.024305454152538708
2013-05-10,2013-05-10,62.75,63.75,62.099998,62.450001,68596.0,59.09435300000001,-0.008768361265769187
2013-05-13,2013-05-13,63.0,63.150002,61.549999,61.700001,39442.0,58.384651,-0.012082339984388568
2013-05-14,2013-05-14,61.700001,61.900002,60.5,60.950001,28678.0,57.674946,-0.012230162168587631
2013-05-15,2013-05-15,61.049999,62.0,60.599998,60.849998,41706.0,57.58031800000001,-0.001642059858760092
2013-05-16,2013-05-16,60.799999,61.400002,60.099998,60.299999,34683.0,57.059875,-0.009079652813261063
2013-05-17,2013-05-17,62.75,62.75,60.099998,60.25,34437.0,57.012562,-0.0008295255884309682
2013-05-20,2013-05-20,60.799999,61.200001,60.0,60.450001,52425.0,57.201813,0.003313964169604056
2013-05-21,2013-05-21,61.799999,61.799999,60.200001,60.450001,43774.0,57.201813,0.0
2013-05-22,2013-05-22,60.0,60.900002,59.650002,60.0,66603.0,56.775997,-0.007471945304194705
2013-05-23,2013-05-23,59.200001,60.0,58.150002,58.799999,49923.0,55.640472,-0.020202798258512008
2013-05-24,2013-05-24,58.450001,59.0,58.150002,58.400002,23388.0,55.261971,-0.006825863513306274
2013-05-27,2013-05-27,58.0,58.75,58.0,58.299999,21740.0,55.167336,-0.0017139476057161929
2013-05-28,2013-05-28,58.099998,58.75,57.950001,58.25,36220.0,55.120029,-0.0008578861758348211
2013-05-29,2013-05-29,58.299999,58.799999,58.0,58.25,37544.0,55.120029,0.0
2013-05-30,2013-05-30,58.0,60.0,58.0,58.049999,23892.0,54.93077099999999,-0.0034394695281818603
2013-05-31,2013-05-31,58.0,58.799999,56.0,56.450001,68495.0,53.416748,-0.02794935354948569
2013-06-03,2013-06-03,56.75,56.950001,55.099998,56.099998,30057.0,53.085556,-0.006219453573244049
2013-06-04,2013-06-04,55.700001,57.25,55.299999,56.349998,47781.0,53.32211700000001,0.004446322019085791
2013-06-05,2013-06-05,56.200001,56.849998,56.150002,56.599998,15772.0,53.558685,0.004426770418905601
2013-06-06,2013-06-06,56.400002,57.349998,56.150002,56.5,88132.0,53.464062,-0.0017682787502302235
2013-06-07,2013-06-07,56.400002,56.849998,56.0,56.200001,84944.0,53.180176,-0.005323994542679955
2013-06-10,2013-06-10,56.0,56.849998,54.400002,54.950001,43563.0,51.997349,-0.02249295881161961
2013-06-11,2013-06-11,54.099998,54.799999,52.799999,53.150002,71596.0,50.294071,-0.03330553911789913
2013-06-12,2013-06-12,53.0,54.0,52.900002,53.099998,43767.0,50.24675,-0.000941329164086735
2013-06-13,2013-06-13,53.0,53.900002,52.549999,53.0,16144.0,50.152126,-0.0018849618997172077
2013-06-14,2013-06-14,53.0,53.599998,52.75,53.400002,22572.0,50.530632,0.007518820316004148
2013-06-17,2013-06-17,53.0,53.650002,52.700001,53.450001,28407.0,50.57795,0.0009359839198310739
2013-06-18,2013-06-18,53.049999,53.799999,53.049999,53.5,24466.0,50.625259,0.0009349308962338654
2013-06-19,2013-06-19,53.299999,54.900002,53.25,54.650002,33397.0,51.713467,0.02126758969042664
2013-06-20,2013-06-20,54.0,54.0,52.700001,53.200001,45458.0,50.341381,-0.026890808370023226
2013-06-21,2013-06-21,53.0,53.849998,52.150002,52.400002,66249.0,49.584366,-0.015151840351893318
2013-06-24,2013-06-24,52.049999,53.950001,51.150002,51.5,33476.0,48.732731,-0.017324683641445127
2013-06-25,2013-06-25,51.049999,51.700001,51.0,51.099998,18064.0,48.354218,-0.007797441812706919
2013-06-26,2013-06-26,51.0,53.450001,50.049999,52.299999,51692.0,49.489746,0.023212039623297542
2013-06-27,2013-06-27,52.0,54.0,50.75,51.299999,51206.0,48.543472,-0.01930577022407398
2013-06-28,2013-06-28,51.25,53.349998,51.25,51.799999,36180.0,49.016605,0.009699391879038009
2013-07-01,2013-07-01,52.0,53.849998,51.5,52.900002,96275.0,50.057503,0.021013286360126667
2013-07-02,2013-07-02,52.099998,53.5,52.099998,52.650002,41381.0,49.820938,-0.004737067178943288
2013-07-03,2013-07-03,52.0,52.950001,52.0,52.700001,24183.0,49.868248,0.000949150162621315
2013-07-04,2013-07-04,52.0,53.0,52.0,52.650002,19702.0,49.820938,-0.000949150162621315
2013-07-05,2013-07-05,52.150002,52.950001,51.75,52.5,42162.0,49.678993,-0.002853169743260331
2013-07-08,2013-07-08,52.049999,52.599998,52.0,52.400002,24936.0,49.584366,-0.0019065852620325785
2013-07-09,2013-07-09,52.299999,53.0,52.099998,52.950001,20325.0,50.104816,0.010441548783845622
2013-07-10,2013-07-10,52.950001,53.400002,52.549999,52.849998,38238.0,50.010185,-0.0018904465312368226
2013-07-11,2013-07-11,52.25,53.25,52.25,52.75,34611.0,49.915558,-0.0018939469539063227
2013-07-12,2013-07-12,53.0,53.150002,52.400002,52.950001,29747.0,50.104816,0.0037843934851431453
2013-07-15,2013-07-15,53.150002,53.5,52.099998,52.900002,46339.0,50.057503,-0.0009447265996094244
2013-07-16,2013-07-16,53.099998,54.5,52.400002,53.049999,65548.0,50.199436,0.002831386959063486
2013-07-17,2013-07-17,53.150002,53.700001,52.299999,52.599998,21564.0,49.773617,-0.008518727043206553
2013-07-18,2013-07-18,52.799999,52.799999,52.200001,52.549999,24701.0,49.726311,-0.0009508751315756571
2013-07-19,2013-07-19,52.599998,53.349998,52.400002,52.650002,26810.0,49.820938,0.0019011480367754352
2013-07-22,2013-07-22,52.599998,52.900002,52.150002,52.5,31106.0,49.678993,-0.002853169743260331
2013-07-23,2013-07-23,52.549999,52.599998,51.799999,52.25,43234.0,50.304794,0.0125182130217123
2013-07-24,2013-07-24,52.0,52.0,51.25,51.5,34688.0,49.582714,-0.014458115791937232
2013-07-25,2013-07-25,51.950001,51.950001,50.5,50.549999,26659.0,48.668083,-0.01861882956684013
2013-07-26,2013-07-26,52.0,52.0,50.599998,50.950001,24976.0,49.053192,0.00788182499011425
2013-07-29,2013-07-29,50.0,50.950001,49.0,49.200001,77611.0,47.368343,-0.03495112396785593
2013-07-30,2013-07-30,49.400002,49.400002,46.25,46.75,105433.0,45.009556,-0.05107931359710927
2013-07-31,2013-07-31,46.650002,47.950001,44.25,46.900002,189273.0,45.153969,0.0032033601945213874
2013-08-01,2013-08-01,46.200001,47.700001,46.0,46.400002,39293.0,44.672585,-0.01071818047069506
2013-08-02,2013-08-02,46.049999,47.0,44.599998,44.900002,97679.0,43.228428,-0.03286166812344815
2013-08-05,2013-08-05,45.0,45.900002,44.049999,45.049999,37630.0,43.372841,0.00333512743005393
2013-08-06,2013-08-06,45.099998,45.950001,44.0,44.200001,61830.0,42.554489,-0.01904811294489006
2013-08-07,2013-08-07,44.049999,46.700001,43.5,46.349998,76913.0,44.624443,0.047496409362020035
2013-08-08,2013-08-08,46.400002,52.0,46.25,50.549999,740936.0,48.668083,0.08674167712728886
2013-08-12,2013-08-12,50.150002,50.799999,48.0,48.349998,91905.0,46.549988,-0.04449668942075924
2013-08-13,2013-08-13,48.0,49.0,48.0,48.599998,44868.0,46.79068,0.005157291856680235
2013-08-14,2013-08-14,48.299999,49.75,48.099998,49.450001,58354.0,47.609035,0.017338516357532363
2013-08-16,2013-08-16,49.900002,49.900002,47.950001,48.299999,163927.0,46.501846,-0.0235305434198696
2013-08-19,2013-08-19,49.0,49.0,47.049999,47.549999,40997.0,45.77977,-0.0156497202462198
2013-08-20,2013-08-20,47.549999,48.0,46.599998,47.799999,25623.0,46.020462,0.0052438331864168575
2013-08-21,2013-08-21,48.5,49.0,47.0,47.349998,51098.0,45.587212,-0.009458885076664814
2013-08-22,2013-08-22,47.200001,48.0,47.0,47.75,35006.0,45.972324,0.008412324656291048
2013-08-23,2013-08-23,47.599998,49.349998,47.450001,48.849998,38534.0,47.031372,0.022775305149934862
2013-08-26,2013-08-26,49.0,49.799999,47.900002,49.0,40604.0,47.175789,0.003065947675189307
2013-08-27,2013-08-27,49.5,49.5,47.700001,48.400002,31962.0,46.598125,-0.012320511804401413
2013-08-28,2013-08-28,48.400002,49.0,46.549999,48.650002,44096.0,46.838818,0.00515199929849075
2013-08-29,2013-08-29,48.799999,49.950001,48.150002,49.099998,76521.0,47.272064,0.00920720434034239
2013-08-30,2013-08-30,49.0,51.0,48.25,50.25,103522.0,48.37925,0.023151494878613562
2013-09-02,2013-09-02,50.25,51.299999,50.0,51.0,42332.0,49.10133,0.01481511922193457
2013-09-03,2013-09-03,51.599998,51.599998,50.150002,51.049999,110176.0,49.14947100000001,0.000979961554768316
2013-09-04,2013-09-04,51.0,54.349998,51.0,53.700001,53460.0,51.700813,0.05060742316447708
2013-09-05,2013-09-05,53.349998,54.200001,52.099998,52.700001,48024.0,50.738041,-0.018797561896254592
2013-09-06,2013-09-06,52.599998,54.299999,52.25,52.900002,67495.0,50.930599,0.0037879572352910174
2013-09-10,2013-09-10,52.5,54.0,52.5,53.450001,30782.0,51.460121,0.010343256123411582
2013-09-11,2013-09-11,53.799999,56.599998,53.5,56.150002,104172.0,54.059601,0.0492800019412587
2013-09-12,2013-09-12,56.049999,58.549999,56.049999,57.849998,127177.0,55.696312,0.029826772759005138
2013-09-13,2013-09-13,57.0,58.349998,57.0,58.049999,58254.0,55.888866,0.003451250328747157
2013-09-16,2013-09-16,58.0,59.349998,58.0,58.75,76453.0,56.562805,0.011986430490107836
2013-09-17,2013-09-17,58.450001,59.950001,58.099998,59.450001,36991.0,57.236748,0.011844525946315798
2013-09-18,2013-09-18,60.0,60.0,57.200001,57.400002,50815.0,55.26306500000001,-0.03509135662578089
2013-09-19,2013-09-19,57.950001,58.75,55.650002,56.400002,95162.0,54.300297,-0.017575086493143655
2013-09-20,2013-09-20,56.450001,57.799999,56.099998,56.400002,44814.0,54.300297,0.0
2013-09-23,2013-09-23,57.0,57.849998,55.0,55.049999,26218.0,53.000553,-0.024227349078238536
2013-09-24,2013-09-24,54.049999,55.549999,54.0,54.299999,18369.0,52.278473,-0.013717667240672693
2013-09-25,2013-09-25,54.25,54.849998,54.150002,54.700001,20195.0,52.663582,0.007339492804056658
2013-09-26,2013-09-26,54.349998,55.5,54.0,54.950001,47569.0,52.904274,0.004559956528112252
2013-09-27,2013-09-27,54.0,55.0,54.0,54.799999,22949.0,52.759861,-0.002733436277450707
2013-09-30,2013-09-30,54.349998,54.5,53.700001,53.799999,15578.0,51.797089,-0.018416742498863048
2013-10-01,2013-10-01,53.400002,54.400002,53.400002,53.900002,10085.0,51.893368,0.0018570470312262446
2013-10-03,2013-10-03,53.549999,54.650002,53.200001,54.25,25668.0,52.230339,0.006472535143470903
2013-10-04,2013-10-04,53.799999,54.5,53.599998,53.900002,19721.0,51.893368,-0.006472535143470903
2013-10-07,2013-10-07,54.799999,55.349998,54.200001,55.099998,23068.0,53.04869100000001,0.022019192114140832
2013-10-08,2013-10-08,55.150002,55.900002,54.5,54.549999,15142.0,52.519165,-0.010032039317547705
2013-10-09,2013-10-09,55.0,55.0,53.799999,54.0,20513.0,51.989647,-0.010133547997643431
2013-10-10,2013-10-10,54.799999,55.200001,54.0,54.650002,27585.0,52.615448,0.011965162233339656
2013-10-11,2013-10-11,54.849998,57.400002,54.150002,56.950001,58360.0,54.829823,0.04122449641232962
2013-10-14,2013-10-14,56.0,57.5,55.049999,55.200001,36622.0,53.14497,-0.031210798758961825
2013-10-15,2013-10-15,56.0,57.5,54.0,54.5,103342.0,52.471031,-0.012762235663020594
2013-10-17,2013-10-17,54.549999,55.5,54.049999,54.599998,64498.0,52.567303,0.0018330836617748147
2013-10-18,2013-10-18,54.700001,56.0,54.0,55.549999,92411.0,53.481937,0.017249660234416986
2013-10-21,2013-10-21,56.0,56.700001,55.25,56.349998,62821.0,54.252155,0.014298744408725916
2013-10-22,2013-10-22,56.099998,56.849998,56.0,56.25,39203.0,54.15588,-0.0017761603244674797
2013-10-23,2013-10-23,56.450001,56.849998,55.400002,56.0,31468.0,53.915188,-0.004454335511260954
2013-10-24,2013-10-24,56.599998,56.900002,54.599998,54.849998,79159.0,52.807999,-0.020749543848242347
2013-10-25,2013-10-25,54.5,55.200001,53.650002,54.25,27630.0,52.230339,-0.01099914250011258
2013-10-28,2013-10-28,54.25,54.650002,53.25,53.400002,22617.0,51.411983,-0.01579225536410389
2013-10-29,2013-10-29,53.049999,54.900002,53.049999,54.200001,41297.0,52.182198,0.014870124654622341
2013-10-30,2013-10-30,54.700001,56.0,54.099998,55.700001,111174.0,53.626354000000006,0.027299224106318576
2013-10-31,2013-10-31,56.299999,56.900002,54.599998,54.900002,79406.0,52.85614,-0.014466742916674491
2013-11-01,2013-11-01,55.0,57.0,54.799999,56.75,195996.0,54.637264,0.03314225737239252
2013-11-05,2013-11-05,58.0,58.799999,56.200001,58.200001,153621.0,56.033283,0.025229712668832786
2013-11-06,2013-11-06,60.0,60.950001,58.799999,59.799999,635892.0,57.573715,0.027120273271743045
2013-11-07,2013-11-07,59.049999,59.799999,58.049999,58.150002,70969.0,55.98514599999999,-0.027979721192817664
2013-11-08,2013-11-08,58.299999,58.349998,57.200001,57.299999,38981.0,55.166786,-0.014725336261482981
2013-11-11,2013-11-11,57.299999,58.450001,55.799999,56.150002,50833.0,54.059601,-0.02027390915572269
2013-11-12,2013-11-12,56.0,56.25,54.0,54.099998,78414.0,52.085918,-0.037192535815847805
2013-11-13,2013-11-13,54.049999,55.150002,54.0,55.0,43583.0,52.952415,0.01649905575541766
2013-11-14,2013-11-14,55.75,56.0,54.5,54.549999,16705.0,52.519165,-0.008215529469555172
2013-11-18,2013-11-18,55.0,55.150002,54.099998,54.299999,26017.0,52.278473,-0.004593470383674525
2013-11-19,2013-11-19,54.549999,55.0,53.599998,54.0,61254.0,51.989647,-0.005540077613968908
2013-11-20,2013-11-20,54.150002,54.650002,53.400002,53.75,101929.0,51.748951,-0.004640441196683387
2013-11-21,2013-11-21,53.900002,54.299999,53.599998,53.950001,20213.0,51.941505,0.0037140201474259453
2013-11-22,2013-11-22,54.099998,54.400002,53.25,53.599998,28393.0,51.604534,-0.006508644711667788
2013-11-25,2013-11-25,53.75,54.400002,53.200001,53.75,32878.0,51.748951,0.002794624564241843
2013-11-26,2013-11-26,53.549999,56.0,53.549999,54.650002,155724.0,52.615448,0.01660560343002304
2013-11-27,2013-11-27,54.650002,54.75,52.799999,53.400002,143710.0,51.411983,-0.02313848725292233
2013-11-28,2013-11-28,53.75,53.849998,53.0,53.349998,48010.0,51.363838,-0.0009368935816462807
2013-11-29,2013-11-29,53.900002,53.900002,53.099998,53.299999,31050.0,51.315704,-0.000937557815088308
2013-12-02,2013-12-02,53.349998,53.75,53.0,53.049999,169429.0,51.075012,-0.004701450536730435
2013-12-03,2013-12-03,53.599998,54.349998,53.0,53.700001,86732.0,51.700813,0.012178131076969743
2013-12-04,2013-12-04,53.650002,54.700001,53.549999,54.099998,116737.0,52.085918,0.007421117587858904
2013-12-05,2013-12-05,54.25,54.849998,53.599998,54.150002,77955.0,52.13406,0.000923853647793127
2013-12-06,2013-12-06,54.450001,54.450001,53.25,53.900002,52863.0,51.893368,-0.004627480158523767
2013-12-09,2013-12-09,54.950001,54.950001,53.599998,54.0,130808.0,51.989647,0.0018536047989496927
2013-12-10,2013-12-10,54.099998,54.700001,53.549999,54.400002,132953.0,52.374756,0.007380116914921686
2013-12-11,2013-12-11,55.0,56.599998,54.0,54.200001,262256.0,52.182198,-0.0036833172798820257
2013-12-12,2013-12-12,54.25,54.650002,53.650002,53.900002,48210.0,51.893368,-0.005550404433989353
2013-12-13,2013-12-13,53.799999,54.450001,53.200001,53.450001,133037.0,51.460121,-0.008383839614680255
2013-12-16,2013-12-16,53.549999,54.75,53.25,54.25,83781.0,52.230339,0.01485637475815116
2013-12-17,2013-12-17,54.299999,55.849998,53.599998,53.849998,299846.0,51.845226,-0.00740067580163295
2013-12-18,2013-12-18,54.400002,55.0,54.099998,54.700001,64121.0,52.663582,0.0156613158751373
2013-12-19,2013-12-19,55.0,55.200001,54.0,54.099998,50183.0,52.085918,-0.011029548706244618
2013-12-20,2013-12-20,54.200001,54.849998,53.5,53.75,73303.0,51.748951,-0.006490462908464335
2013-12-23,2013-12-23,54.200001,55.900002,53.549999,55.5,207065.0,53.4338,0.032039343125086266
2013-12-24,2013-12-24,55.950001,56.400002,55.099998,55.950001,140567.0,53.867046,0.00807539493958398
2013-12-26,2013-12-26,55.099998,59.0,55.099998,56.0,418878.0,53.915188,0.0008933198248892715
2013-12-27,2013-12-27,56.349998,61.599998,55.25,60.0,692961.0,57.76627,0.06899282202655188
2013-12-30,2013-12-30,60.950001,61.75,59.0,60.450001,398209.0,58.199516,0.0074719972268706405
2013-12-31,2013-12-31,60.5,63.299999,59.799999,62.75,503805.0,60.41389100000001,0.037342023390730006
2014-01-01,2014-01-01,63.200001,63.200001,59.599998,60.0,300505.0,57.76627,-0.04481402061760065
2014-01-02,2014-01-02,60.5,61.450001,56.5,57.5,417459.0,55.359341,-0.04255963398791085
2014-01-03,2014-01-03,57.049999,58.25,56.200001,56.950001,126837.0,54.829823,-0.0096111460858479
2014-01-06,2014-01-06,57.849998,58.5,57.099998,58.0,123746.0,55.840729,0.018269252275512567
2014-01-07,2014-01-07,58.5,58.950001,56.049999,56.5,348709.0,54.396572,-0.02620237635598821
2014-01-08,2014-01-08,56.599998,57.25,56.349998,57.049999,125567.0,54.92609399999999,0.009687398971902628
2014-01-09,2014-01-09,56.650002,57.25,56.400002,56.799999,133647.0,54.685402,-0.0043917361890404285
2014-01-10,2014-01-10,56.650002,57.900002,56.549999,57.299999,156255.0,55.166786,0.008764269335295616
2014-01-13,2014-01-13,57.599998,58.5,57.049999,57.75,98024.0,55.600037,0.007822797435278694
2014-01-14,2014-01-14,57.099998,62.650002,57.099998,58.150002,218483.0,55.98514599999999,0.006902538826204285
2014-01-15,2014-01-15,57.299999,58.75,57.299999,58.150002,43059.0,55.98514599999999,0.0
2014-01-16,2014-01-16,58.049999,58.650002,57.5,57.900002,73484.0,55.74445,-0.004308551735010546
2014-01-17,2014-01-17,57.650002,58.150002,57.299999,57.5,101463.0,55.359341,-0.0069324464783067094
2014-01-20,2014-01-20,57.299999,58.0,56.950001,57.75,59319.0,55.600037,0.0043384593871129695
2014-01-21,2014-01-21,57.099998,58.400002,57.099998,57.650002,73831.0,55.50375699999999,-0.001733154568973383
2014-01-22,2014-01-22,57.349998,57.799999,56.799999,57.099998,87249.0,54.97423199999999,-0.009586145798081702
2014-01-23,2014-01-23,57.099998,57.700001,56.75,57.200001,65718.0,55.070515,0.0017498886079332365
2014-01-24,2014-01-24,56.549999,57.5,56.25,56.599998,60128.0,54.492847,-0.010545009615776646
2014-01-27,2014-01-27,56.0,56.25,55.599998,55.900002,126064.0,53.818909,-0.01244457153036693
2014-01-28,2014-01-28,55.049999,56.200001,54.900002,55.950001,144036.0,53.867046,0.0008940256546221547
2014-01-29,2014-01-29,55.75,56.900002,55.400002,55.950001,71875.0,53.867046,0.0
2014-01-30,2014-01-30,55.0,55.599998,54.299999,55.200001,236563.0,53.14497,-0.013495436981279418
2014-01-31,2014-01-31,56.450001,57.299999,55.75,56.650002,86319.0,54.540989,0.02592904824102904
2014-02-03,2014-02-03,57.200001,57.200001,56.0,56.25,44527.0,54.15588,-0.007085955923599395
2014-02-04,2014-02-04,55.799999,56.450001,54.5,55.099998,298182.0,53.04869100000001,-0.020656364888945955
2014-02-05,2014-02-05,55.700001,56.549999,54.799999,56.099998,54378.0,54.011463,0.01798611189381072
2014-02-06,2014-02-06,56.599998,56.799999,55.599998,56.25,37283.0,54.15588,0.002670252995135236
2014-02-07,2014-02-07,56.099998,56.799999,56.099998,56.5,46868.0,54.396572,0.004434582361056538
2014-02-10,2014-02-10,56.049999,57.200001,55.5,57.049999,66184.0,54.92609399999999,0.009687398971902628
2014-02-11,2014-02-11,57.0,59.400002,56.599998,58.549999,104948.0,56.37025500000001,0.025953089623654613
2014-02-12,2014-02-12,58.599998,59.400002,57.5,58.75,86375.0,56.562805,0.003409987944738013
2014-02-13,2014-02-13,58.0,60.0,57.75,59.400002,180549.0,57.18861,0.011003138972637494
2014-02-14,2014-02-14,58.0,59.700001,58.0,58.950001,67748.0,56.755363,-0.007604598584333821
2014-02-17,2014-02-17,58.0,58.900002,56.799999,57.5,36383.0,55.359341,-0.024904746762275387
2014-02-18,2014-02-18,56.099998,58.0,56.099998,57.049999,34281.0,54.92609399999999,-0.007856871194420911
2014-02-19,2014-02-19,57.0,57.599998,56.75,57.25,43073.0,55.118649,0.003499580102965361
2014-02-20,2014-02-20,56.5,61.849998,56.5,60.150002,672669.0,57.91069,0.04941387996192237
2014-02-21,2014-02-21,60.25,61.900002,58.700001,59.200001,550006.0,56.996056,-0.01591992374914586
2014-02-24,2014-02-24,58.400002,61.950001,58.400002,61.349998,245187.0,59.06601,0.0356735596014337
2014-02-25,2014-02-25,61.5,63.299999,60.5,61.200001,146444.0,58.921597,-0.002447936283934915
2014-02-26,2014-02-26,61.049999,63.099998,61.049999,62.200001,163516.0,59.884365,0.016207756910593396
2014-02-28,2014-02-28,62.200001,65.400002,61.5,64.849998,253660.0,62.435707,0.0417218865934812
2014-03-03,2014-03-03,64.5,65.650002,62.700001,62.950001,123347.0,60.606445,-0.02973609872423388
2014-03-04,2014-03-04,63.5,64.0,61.799999,62.650002,182208.0,60.317616,-0.004777040183243209
2014-03-05,2014-03-05,62.049999,64.800003,61.549999,64.25,206616.0,61.858047,0.025217995096284973
2014-03-06,2014-03-06,63.849998,64.349998,62.900002,63.450001,81354.0,61.087833,-0.01252948169006185
2014-03-07,2014-03-07,63.5,64.150002,62.049999,62.849998,97599.0,60.51017,-0.009501263695201878
2014-03-10,2014-03-10,62.5,64.849998,62.150002,63.200001,122374.0,60.847137,0.00555331812012394
2014-03-11,2014-03-11,63.200001,63.599998,62.25,62.950001,121734.0,60.606445,-0.003963527647901977
2014-03-12,2014-03-12,62.0,65.0,62.0,64.400002,318719.0,62.002464,0.022772885635396808
2014-03-13,2014-03-13,63.650002,64.800003,63.0,63.349998,98248.0,60.991554,-0.01643873062030199
2014-03-14,2014-03-14,63.299999,64.0,62.0,63.450001,90842.0,61.087833,0.0015773182078850922
2014-03-18,2014-03-18,63.450001,64.150002,62.599998,63.5,80069.0,61.135971,0.0007877025736995336
2014-03-19,2014-03-19,63.5,64.300003,63.25,63.700001,222733.0,61.328526,0.003144669082018936
2014-03-20,2014-03-20,63.900002,64.800003,62.049999,62.450001,131381.0,60.125061,-0.019818342455762302
2014-03-21,2014-03-21,62.0,63.549999,62.0,62.799999,62815.0,60.462029,0.005588805187885626
2014-03-24,2014-03-24,63.099998,64.699997,63.099998,64.0,198125.0,61.617355,0.018928019705731103
2014-03-25,2014-03-25,63.400002,67.199997,63.400002,66.699997,421766.0,64.216827,0.04132171128467288
2014-03-26,2014-03-26,67.199997,71.300003,67.150002,70.75,633052.0,68.116058,0.058947706495918524
2014-03-27,2014-03-27,71.75,74.0,70.650002,73.150002,538009.0,70.426712,0.033359637363497015
2014-03-28,2014-03-28,72.0,74.900002,72.0,74.300003,202171.0,71.533897,0.0155987982576411
2014-03-31,2014-03-31,74.0,75.0,71.599998,72.949997,462807.0,70.234154,-0.01833670434001444
2014-04-01,2014-04-01,72.5,73.800003,70.150002,71.5,187697.0,68.838142,-0.02007673607668004
2014-04-02,2014-04-02,71.5,72.949997,71.099998,71.599998,115886.0,68.93441,0.0013974919426260612
2014-04-03,2014-04-03,72.949997,72.949997,69.099998,69.550003,159349.0,66.960739,-0.02904901023971806
2014-04-04,2014-04-04,70.900002,71.400002,69.300003,70.449997,152845.0,67.827225,0.01285720045983929
2014-04-07,2014-04-07,70.099998,72.699997,70.0,72.349998,150548.0,69.656494,0.026612270476289446
2014-04-09,2014-04-09,72.050003,74.849998,72.0,73.75,386544.0,71.004379,0.019165617699650642
2014-04-10,2014-04-10,73.5,74.300003,73.0,73.400002,194996.0,70.667404,-0.004757131284030436
2014-04-11,2014-04-11,73.050003,75.699997,72.449997,74.449997,405678.0,71.678314,0.01420382727295699
2014-04-15,2014-04-15,74.0,76.0,73.599998,75.0,247633.0,72.20784,0.007360380076538498
2014-04-16,2014-04-16,75.0,78.449997,74.5,77.050003,345932.0,74.181519,0.02696642180813935
2014-04-17,2014-04-17,76.800003,77.900002,76.050003,77.699997,157090.0,74.807312,0.008400585144146433
2014-04-21,2014-04-21,78.0,81.75,77.050003,81.050003,387554.0,78.0326,0.04221105387778845
2014-04-22,2014-04-22,80.050003,81.300003,79.349998,80.449997,161438.0,77.454941,-0.007430327265885772
2014-04-23,2014-04-23,79.650002,80.400002,78.25,78.949997,88498.0,76.01078000000003,-0.018821188492463392
2014-04-24,2014-04-24,78.949997,78.949997,78.949997,78.949997,0.0,76.01078000000003,0.0
2014-04-25,2014-04-25,78.150002,79.050003,77.550003,78.050003,178004.0,75.144295,-0.011464973852640448
2014-04-28,2014-04-28,78.25,78.349998,77.050003,77.550003,95181.0,74.662903,-0.006426842813820778
2014-04-29,2014-04-29,77.550003,77.849998,76.5,77.0,58533.0,74.133377,-0.007117492929571867
2014-04-30,2014-04-30,76.150002,77.800003,75.0,75.449997,91297.0,72.641083,-0.02033521941405425
2014-05-02,2014-05-02,75.050003,76.900002,75.0,76.150002,99423.0,73.315025,0.009234924100457677
2014-05-05,2014-05-05,75.400002,76.550003,75.199997,76.099998,141658.0,73.26688399999998,-0.0006568477932828997
2014-05-06,2014-05-06,75.349998,76.300003,74.699997,74.900002,35321.0,72.111565,-0.015894285983057976
2014-05-07,2014-05-07,74.25,75.800003,74.25,74.550003,66890.0,71.774597,-0.0046838224239920115
2014-05-08,2014-05-08,74.25,76.0,74.25,74.949997,86180.0,72.15969799999998,0.005351079378494994
2014-05-09,2014-05-09,74.400002,75.5,74.0,74.449997,109667.0,71.678314,-0.006693443416796008
2014-05-12,2014-05-12,75.0,75.800003,73.550003,74.349998,119825.0,71.582031,-0.0013441684018973275
2014-05-13,2014-05-13,74.699997,76.650002,74.699997,76.300003,176037.0,73.45945,0.02588947451290835
2014-05-14,2014-05-14,76.0,77.0,75.300003,76.150002,54968.0,73.315025,-0.0019679858723771204
2014-05-15,2014-05-15,76.0,78.800003,75.75,77.300003,153614.0,74.422218,0.01498895886720586
2014-05-16,2014-05-16,76.150002,78.0,76.0,77.550003,260818.0,74.662903,0.003228829375962583
2014-05-19,2014-05-19,78.0,83.0,77.5,82.25,319704.0,79.187927,0.0588404946655201
2014-05-20,2014-05-20,83.0,89.699997,82.0,87.150002,363964.0,83.90550999999998,0.057867434405482136
2014-05-21,2014-05-21,88.0,91.800003,86.25,86.849998,373575.0,83.616676,-0.0034483108548588604
2014-05-22,2014-05-22,87.949997,90.400002,85.0,86.400002,346645.0,83.18343399999998,-0.005194756457538753
2014-05-23,2014-05-23,87.800003,87.800003,85.150002,86.800003,152095.0,83.56854200000002,0.004618939983980218
2014-05-26,2014-05-26,86.050003,89.5,84.0,85.150002,203358.0,81.979965,-0.019192269266375742
2014-05-27,2014-05-27,85.5,85.75,82.599998,83.25,94920.0,80.150696,-0.02256632540681469
2014-05-28,2014-05-28,82.0,85.0,82.0,83.699997,69589.0,80.583946,0.005390885796058065
2014-05-29,2014-05-29,83.199997,86.300003,81.050003,81.800003,203660.0,78.754684,-0.022961693229950345
2014-05-30,2014-05-30,81.050003,83.599998,79.699997,80.449997,261680.0,77.454941,-0.01664139447657753
2014-06-02,2014-06-02,81.150002,84.800003,80.5,84.199997,162658.0,81.065331,0.045559024311435437
2014-06-03,2014-06-03,84.400002,89.5,83.300003,88.650002,449958.0,85.349663,0.05150111564823323
2014-06-04,2014-06-04,89.099998,93.900002,88.0,90.300003,743497.0,86.93824000000002,0.01844148072432006
2014-06-05,2014-06-05,90.5,94.150002,89.800003,93.099998,617766.0,89.633995,0.030536674996423763
2014-06-06,2014-06-06,94.5,99.400002,93.900002,98.550003,885121.0,94.881104,0.056889914426312416
2014-06-09,2014-06-09,99.0,99.0,96.0,97.900002,487236.0,94.255295,-0.006617565810727477
2014-06-10,2014-06-10,98.900002,102.449997,96.0,99.800003,788235.0,96.084564,0.019221673603723843
2014-06-11,2014-06-11,101.0,105.800003,99.0,100.150002,1632543.0,96.421532,0.003500858945858276
2014-06-12,2014-06-12,101.050003,104.099998,99.199997,103.099998,1179827.0,99.261711,0.0290303698976615
2014-06-13,2014-06-13,103.5,104.849998,99.800003,102.150002,837707.0,98.347076,-0.009257093729694963
2014-06-16,2014-06-16,102.5,102.5,98.5,99.699997,255598.0,95.988281,-0.02427670273929916
2014-06-17,2014-06-17,100.0,101.75,98.0,100.900002,161010.0,97.143616,0.011964349749368886
2014-06-18,2014-06-18,101.849998,103.0,100.0,101.199997,239483.0,97.432442,0.002968774422735798
2014-06-19,2014-06-19,100.400002,102.0,97.650002,98.800003,85420.0,95.121796,-0.024001101654541838
2014-06-20,2014-06-20,98.0,99.949997,97.199997,99.400002,82614.0,95.699463,0.006054553540671748
2014-06-23,2014-06-23,98.5,99.0,97.300003,98.300003,59337.0,94.640411,-0.011128124724585577
2014-06-24,2014-06-24,99.0,99.0,97.050003,98.199997,174261.0,94.544128,-0.001017873963928828
2014-06-25,2014-06-25,97.849998,99.25,97.25,97.449997,167252.0,93.822044,-0.007666849406904319
2014-06-26,2014-06-26,97.5,98.25,95.400002,96.0,74979.0,92.426033,-0.014991157672542775
2014-06-27,2014-06-27,96.0,97.300003,93.0,94.25,162903.0,90.74118,-0.018397403050883557
2014-06-30,2014-06-30,94.949997,95.900002,94.050003,95.449997,244372.0,91.896507,0.012651741595123944
2014-07-01,2014-07-01,95.900002,96.349998,93.5,93.650002,107095.0,90.163521,-0.019038098170166332
2014-07-02,2014-07-02,94.0,95.0,90.5,92.550003,238065.0,89.104477,-0.01181534163600162
2014-07-03,2014-07-03,91.849998,95.300003,90.0,91.449997,338620.0,88.045425,-0.011956705649855516
2014-07-04,2014-07-04,91.849998,93.550003,91.199997,93.050003,151801.0,89.585861,0.01734463171150313
2014-07-07,2014-07-07,93.75,94.650002,91.800003,92.150002,105437.0,88.719368,-0.009719286707634113
2014-07-08,2014-07-08,92.0,94.5,89.0,90.099998,178669.0,86.74568199999999,-0.02249757711002065
2014-07-09,2014-07-09,89.0,90.449997,87.650002,90.050003,129695.0,86.697548,-0.0005550404156524634
2014-07-10,2014-07-10,90.900002,92.0,89.150002,90.25,118213.0,86.89009899999998,0.002218488265734564
2014-07-11,2014-07-11,91.0,91.0,83.150002,84.800003,136679.0,81.64299799999998,-0.06228803075968159
2014-07-14,2014-07-14,84.300003,85.599998,82.449997,85.349998,99891.0,82.172516,0.006464831459414454
2014-07-15,2014-07-15,84.400002,87.75,84.400002,87.5,134907.0,84.24247700000002,0.024878380555181327
2014-07-16,2014-07-16,88.0,94.599998,87.949997,93.199997,324484.0,89.730278,0.06310898801160736
2014-07-17,2014-07-17,94.0,95.0,92.0,92.650002,249771.0,89.20075200000002,-0.005918789444905315
2014-07-18,2014-07-18,92.0,93.449997,89.75,90.949997,159090.0,87.564041,-0.018519047243374945
2014-07-21,2014-07-21,90.900002,93.300003,90.900002,92.900002,180837.0,89.44144399999998,0.021213731377745404
2014-07-22,2014-07-22,92.5,97.199997,92.050003,95.900002,606978.0,92.329758,0.03178234056978013
2014-07-23,2014-07-23,96.900002,97.5,94.25,96.949997,228258.0,94.423729,0.022425913341755255
2014-07-24,2014-07-24,96.5,98.400002,96.300003,98.0,143995.0,95.446373,0.010772142407840413
2014-07-25,2014-07-25,97.5,98.75,97.0,98.050003,356623.0,95.495071,0.0005100830918181032
2014-07-28,2014-07-28,97.699997,101.349998,97.699997,101.0,309532.0,98.368195,0.02964289667688469
2014-07-30,2014-07-30,100.0,101.849998,100.0,101.0,180159.0,98.368195,0.0
2014-07-31,2014-07-31,100.900002,101.5,100.099998,100.949997,224649.0,98.319496,-0.0004951911403052733
2014-08-01,2014-08-01,100.050003,100.75,98.449997,99.900002,211887.0,97.296867,-0.010455549835646671
2014-08-04,2014-08-04,99.050003,100.849998,99.050003,99.900002,146150.0,97.296867,0.0
2014-08-05,2014-08-05,99.5,100.800003,99.5,100.099998,174336.0,97.491638,0.001999820933088259
2014-08-06,2014-08-06,99.050003,100.0,96.0,98.199997,391635.0,95.641151,-0.019163432992069573
2014-08-07,2014-08-07,99.0,99.0,97.099998,98.5,271303.0,95.933342,0.003050418894451568
2014-08-08,2014-08-08,98.0,98.0,94.699997,95.0,307504.0,92.524544,-0.03617964626332349
2014-08-11,2014-08-11,94.0,95.0,93.099998,94.550003,491211.0,92.086266,-0.004748138241826183
2014-08-12,2014-08-12,95.0,95.0,91.0,91.949997,67457.0,89.554016,-0.027883837664875344
2014-08-13,2014-08-13,92.0,94.0,91.0,92.050003,126058.0,89.651413,0.0010869872652117252
2014-08-14,2014-08-14,92.0,93.550003,91.0,91.75,197037.0,89.35923000000003,-0.0032644233278311674
2014-08-18,2014-08-18,91.0,92.0,90.0,90.199997,87737.0,87.84961700000002,-0.01703808297346221
2014-08-19,2014-08-19,90.199997,92.0,89.949997,90.400002,77575.0,88.044403,0.0022148118466462923
2014-08-20,2014-08-20,90.900002,91.849998,90.050003,91.449997,42736.0,89.06703900000002,0.011548066608656704
2014-08-21,2014-08-21,90.050003,101.5,90.050003,100.25,501194.0,97.637741,0.0918747758724212
2014-08-22,2014-08-22,100.949997,102.599998,97.5,99.0,363190.0,96.420311,-0.012547234803117924
2014-08-25,2014-08-25,98.5,101.5,97.400002,100.25,198750.0,97.637741,0.012547234803117924
2014-08-26,2014-08-26,100.0,101.0,98.599998,100.199997,228726.0,97.589043,-0.0004988864746149346
2014-08-27,2014-08-27,100.0,107.0,100.0,104.900002,896610.0,102.16658,0.04583939564801298
2014-08-28,2014-08-28,106.650002,109.449997,105.5,108.25,761829.0,105.429283,0.031435806424192414
2014-09-01,2014-09-01,110.0,110.75,106.099998,107.400002,766857.0,104.601433,-0.00788317349910006
2014-09-02,2014-09-02,107.400002,108.199997,104.5,105.5,171683.0,102.750938,-0.01784926905732931
2014-09-03,2014-09-03,105.650002,106.699997,103.099998,104.099998,176456.0,101.387421,-0.01335895208104354
2014-09-04,2014-09-04,104.900002,105.449997,100.800003,102.050003,268210.0,99.390839,-0.019889083770010533
2014-09-05,2014-09-05,101.0,107.699997,101.0,105.900002,245863.0,103.140518,0.03703236447259517
2014-09-08,2014-09-08,107.0,109.599998,104.75,105.050003,275814.0,102.312668,-0.008058813751881999
2014-09-09,2014-09-09,105.949997,108.0,103.699997,104.949997,187873.0,102.215263,-0.0009524861165690623
2014-09-10,2014-09-10,104.099998,105.300003,103.199997,103.5,113728.0,100.803047,-0.013912427686527451
2014-09-11,2014-09-11,103.0,104.5,101.650002,102.400002,199965.0,99.73172,-0.0106848025242261
2014-09-12,2014-09-12,103.0,105.0,103.0,104.25,123089.0,101.533508,0.01790509124959172
2014-09-15,2014-09-15,104.0,105.5,102.5,102.699997,100583.0,100.023895,-0.01497976463628792
2014-09-16,2014-09-16,103.0,104.400002,96.849998,97.599998,152928.0,95.056786,-0.05093464705492323
2014-09-17,2014-09-17,96.050003,99.099998,96.050003,96.699997,54337.0,94.180244,-0.009264024793505854
2014-09-18,2014-09-18,96.050003,101.0,96.050003,98.150002,155347.0,95.592468,0.014883594746990525
2014-09-19,2014-09-19,99.0,101.0,97.0,97.400002,183514.0,94.862007,-0.0076707526217738575
2014-09-22,2014-09-22,97.75,101.099998,97.099998,99.900002,116095.0,97.296867,0.02534351156932324
2014-09-23,2014-09-23,100.0,100.199997,99.0,99.300003,75983.0,96.712502,-0.00602410873477499
2014-09-24,2014-09-24,99.0,99.650002,98.0,98.349998,39922.0,95.787247,-0.00961312552560134
2014-09-25,2014-09-25,97.150002,98.900002,96.300003,97.25,88006.0,94.715912,-0.011247543609276713
2014-09-26,2014-09-26,97.0,100.449997,97.0,100.0,166801.0,97.394257,0.027885234450542033
2014-09-29,2014-09-29,99.150002,101.0,99.150002,100.300003,50170.0,97.68644,0.0029955113240331954
2014-09-30,2014-09-30,100.25,103.699997,100.0,100.150002,101955.0,97.540344,-0.0014966801611802085
2014-10-01,2014-10-01,100.0,100.400002,99.0,99.25,36006.0,96.663795,-0.009027150059340627
2014-10-07,2014-10-07,99.25,100.800003,98.050003,100.150002,129163.0,97.540344,0.009027150059340627
2014-10-08,2014-10-08,99.449997,101.400002,99.0,100.75,101461.0,98.124718,0.0059732251791526645
2014-10-09,2014-10-09,100.099998,101.900002,99.849998,100.800003,145913.0,98.173416,0.0004961636670373082
2014-10-10,2014-10-10,100.0,101.0,99.650002,100.400002,73047.0,97.783836,-0.003976178572573375
2014-10-13,2014-10-13,99.400002,100.400002,99.25,99.75,97259.0,97.150772,-0.0064951650411568815
2014-10-14,2014-10-14,99.0,100.0,97.300003,97.900002,67507.0,95.348969,-0.018720603073396624
2014-10-15,2014-10-15,97.900002,97.900002,97.900002,97.900002,0.0,95.348969,0.0
2014-10-16,2014-10-16,97.0,98.0,96.25,97.050003,66720.0,94.521133,-0.008720080065055312
2014-10-17,2014-10-17,96.5,97.5,95.400002,96.25,124057.0,93.741974,-0.008277388608896706
2014-10-20,2014-10-20,95.400002,99.349998,95.400002,99.099998,112640.0,96.5177,0.02918036069567353
2014-10-21,2014-10-21,98.449997,99.349998,96.699997,99.199997,100125.0,96.615105,0.0010086842394141369
2014-10-22,2014-10-22,99.050003,101.0,98.5,99.949997,58807.0,97.345551,0.0075319342411610535
2014-10-27,2014-10-27,99.0,99.400002,95.599998,96.599998,121352.0,94.082848,-0.03409127389433042
2014-10-28,2014-10-28,97.0,101.300003,97.0,100.099998,547507.0,97.491638,0.035590854422316916
2014-10-29,2014-10-29,100.900002,102.800003,100.099998,102.349998,235282.0,99.683014,0.02222868111635989
2014-10-30,2014-10-30,102.849998,102.849998,101.25,102.0,135543.0,99.342133,-0.003425510177647695
2014-10-31,2014-10-31,101.400002,102.400002,100.050003,102.099998,254997.0,99.439537,0.0009800099556027675
2014-11-03,2014-11-03,102.199997,104.900002,101.650002,103.25,201586.0,100.55957,0.011200497101151008
2014-11-05,2014-11-05,103.0,105.050003,103.0,104.449997,262430.0,101.728302,0.01155526520608241
2014-11-07,2014-11-07,104.5,104.900002,103.0,103.400002,181426.0,100.705666,-0.01010348914615733
2014-11-10,2014-11-10,103.400002,104.699997,102.449997,103.300003,151098.0,100.608269,-0.0009676131719267287
2014-11-11,2014-11-11,103.050003,104.0,102.900002,103.099998,157740.0,100.413475,-0.001938039707489736
2014-11-12,2014-11-12,103.099998,103.849998,101.650002,103.050003,108320.0,100.364784,-0.00048502264335859024
2014-11-13,2014-11-13,103.849998,104.599998,102.099998,103.849998,169607.0,101.143929,0.007733153283978389
2014-11-14,2014-11-14,103.650002,104.0,103.199997,103.599998,81313.0,100.900452,-0.002410135007496983
2014-11-17,2014-11-17,104.0,104.75,102.5,104.25,166846.0,101.533508,0.006254465047991431
2014-11-18,2014-11-18,104.349998,105.5,104.349998,105.199997,105301.0,102.458755,0.0090714552735065
2014-11-19,2014-11-19,105.300003,106.0,105.0,105.400002,120334.0,102.653542,0.0018993211173148337
2014-11-20,2014-11-20,105.5,106.949997,103.099998,104.949997,725799.0,102.215263,-0.004278637429659504
2014-11-21,2014-11-21,106.0,110.75,106.0,108.599998,1024393.0,105.770164,0.034187464831400234
2014-11-24,2014-11-24,109.0,109.0,105.900002,108.300003,220377.0,105.477989,-0.0027661797952305282
2014-11-25,2014-11-25,108.5,110.0,107.150002,108.849998,324271.0,106.013649,0.005065553895912346
2014-11-26,2014-11-26,109.0,109.0,108.0,108.25,157364.0,105.429283,-0.005527425128742713
2014-11-27,2014-11-27,108.300003,109.400002,108.300003,108.949997,198268.0,106.111038,0.006445649294161804
2014-11-28,2014-11-28,109.849998,110.5,108.699997,110.0,244986.0,107.133682,0.009591345002480269
2014-12-01,2014-12-01,111.0,115.25,110.0,114.75,341457.0,111.75991100000002,0.042275499457550936
2014-12-02,2014-12-02,116.5,125.949997,116.099998,124.949997,1732125.0,121.694115,0.08515772361056761
2014-12-03,2014-12-03,125.800003,130.949997,125.300003,129.649994,740594.0,126.271652,0.036924912231318004
2014-12-04,2014-12-04,129.449997,129.449997,121.0,125.199997,254554.0,121.937607,-0.034926058559291207
2014-12-05,2014-12-05,125.099998,128.0,125.0,126.699997,174485.0,123.398521,0.011909630104508295
2014-12-08,2014-12-08,127.0,128.0,124.099998,125.349998,277157.0,122.083694,-0.010712300061157087
2014-12-09,2014-12-09,125.0,125.699997,117.300003,117.650002,163839.0,114.584343,-0.06339565401480217
2014-12-10,2014-12-10,118.0,119.900002,115.199997,117.050003,117217.0,113.999977,-0.005112925270123192
2014-12-11,2014-12-11,116.550003,117.5,115.199997,115.5,80947.0,112.490364,-0.01333068199740417
2014-12-12,2014-12-12,114.550003,117.5,113.099998,114.550003,117194.0,111.565125,-0.00825906353377448
2014-12-15,2014-12-15,113.650002,117.0,112.400002,115.650002,124140.0,112.636459,0.009556954372027526
2014-12-16,2014-12-16,114.599998,117.349998,113.099998,116.150002,184079.0,113.123428,0.0043140503100032035
2014-12-17,2014-12-17,116.5,116.5,108.199997,112.650002,138337.0,109.71463,-0.030596783682673486
2014-12-18,2014-12-18,112.75,117.0,112.75,115.550003,116526.0,112.53906299999998,0.02541766593364514
2014-12-19,2014-12-19,115.550003,116.849998,114.5,115.099998,108698.0,112.100777,-0.0039021266764915907
2014-12-22,2014-12-22,114.5,119.0,114.5,117.449997,147470.0,114.389549,0.0202114585120583
2014-12-23,2014-12-23,118.800003,118.800003,115.949997,117.099998,118866.0,114.048676,-0.002984380157912802
2014-12-24,2014-12-24,116.0,117.5,115.050003,116.0,105332.0,112.977333,-0.00943813404903171
2014-12-26,2014-12-26,115.199997,116.150002,114.5,115.199997,84739.0,112.198181,-0.006920424834569339
2014-12-29,2014-12-29,115.5,119.0,114.550003,118.199997,284570.0,115.120003,0.025708307802909225
2014-12-30,2014-12-30,118.900002,125.25,118.25,123.849998,203203.0,120.62278700000002,0.0466931247379927
2014-12-31,2014-12-31,126.300003,127.5,124.400002,126.800003,230014.0,123.495918,0.02353988951333452
2015-01-01,2015-01-01,126.5,126.5,121.75,122.0,39998.0,118.820992,-0.03859001123462314
2015-01-02,2015-01-02,120.800003,124.5,119.0,119.849998,144312.0,116.727013,-0.017780105284400882
2015-01-05,2015-01-05,119.0,121.599998,117.0,118.0,144828.0,114.925224,-0.015556295583548875
2015-01-06,2015-01-06,118.0,118.0,115.099998,116.599998,29229.0,113.561699,-0.011935398040814782
2015-01-07,2015-01-07,115.599998,116.650002,115.0,115.699997,84472.0,112.68515,-0.00774864613273163
2015-01-08,2015-01-08,115.099998,116.75,114.5,115.099998,91251.0,112.100777,-0.005199385248661592
2015-01-09,2015-01-09,114.550003,119.0,114.550003,117.050003,120433.0,113.999977,0.016799985274667858
2015-01-12,2015-01-12,116.0,117.349998,114.550003,115.25,275138.0,112.24688,-0.01549751550423917
2015-01-13,2015-01-13,114.75,117.199997,114.25,114.849998,142497.0,111.8573,-0.003476779348218884
2015-01-14,2015-01-14,114.650002,116.949997,113.550003,115.449997,268140.0,112.441666,0.005210610932109283
2015-01-15,2015-01-15,115.449997,120.449997,114.599998,117.349998,641039.0,114.292152,0.01632334430639837
2015-01-16,2015-01-16,117.900002,117.900002,115.099998,115.199997,221509.0,112.198181,-0.018491126190173013
2015-01-19,2015-01-19,115.0,116.699997,112.0,112.849998,75008.0,109.909416,-0.02061024520754096
2015-01-20,2015-01-20,113.0,115.599998,112.050003,112.599998,77560.0,109.665924,-0.002217845590567258
2015-01-21,2015-01-21,112.5,116.800003,112.5,116.050003,378532.0,113.02603899999998,0.030179535757050683
2015-01-22,2015-01-22,116.050003,117.5,115.849998,116.199997,226388.0,113.172127,0.001291681739909123
2015-01-23,2015-01-23,117.0,121.449997,110.199997,113.0,5252935.0,110.055511,-0.027925023578550427
2015-01-27,2015-01-27,113.0,114.900002,110.349998,111.849998,354800.0,108.935471,-0.01022918620805946
2015-01-28,2015-01-28,112.849998,115.050003,111.75,113.599998,384116.0,110.639862,0.015524742319013463
2015-01-29,2015-01-29,114.5,114.5,111.5,111.949997,276575.0,109.032867,-0.014631071179656454
2015-01-30,2015-01-30,113.0,114.199997,111.699997,112.800003,143814.0,109.860725,0.007564058313344724
2015-02-02,2015-02-02,114.0,115.150002,110.0,110.800003,87800.0,107.912842,-0.01788954440995738
2015-02-03,2015-02-03,111.5,113.449997,109.900002,111.300003,178258.0,108.399811,0.004502462670638252
2015-02-04,2015-02-04,111.050003,112.449997,109.650002,111.050003,103345.0,108.156326,-0.002248701939135067
2015-02-05,2015-02-05,111.0,111.550003,107.150002,108.150002,62801.0,105.331894,-0.0264613832539764
2015-02-06,2015-02-06,107.050003,110.800003,106.150002,110.150002,57013.0,107.279778,0.018323909351572357
2015-02-09,2015-02-09,110.150002,110.300003,106.599998,109.949997,130372.0,107.084976,-0.0018174821185681367
2015-02-10,2015-02-10,109.400002,110.199997,107.0,108.099998,66963.0,105.283188,-0.016968939227925972
2015-02-11,2015-02-11,107.150002,111.400002,107.150002,111.150002,124717.0,108.253716,0.02782394596442384
2015-02-12,2015-02-12,111.5,111.5,108.5,110.400002,51298.0,107.523254,-0.0067705537841868954
2015-02-13,2015-02-13,110.0,110.349998,107.5,109.949997,112801.0,107.084976,-0.0040844529523109685
2015-02-16,2015-02-16,111.5,111.5,108.5,108.900002,24447.0,106.06234,-0.009595653052666188
2015-02-18,2015-02-18,108.5,110.0,108.5,109.25,39853.0,106.403221,0.003208814556913353
2015-02-19,2015-02-19,109.900002,114.900002,107.900002,113.349998,155168.0,110.396385,0.03684153973593229
2015-02-20,2015-02-20,113.5,115.449997,110.0,110.949997,202075.0,108.058929,-0.021400671535324992
2015-02-23,2015-02-23,113.0,113.0,108.949997,110.0,68408.0,107.133682,-0.008599298064819294
2015-02-24,2015-02-24,109.0,111.400002,108.25,110.150002,44280.0,107.279778,0.0013627504785329592
2015-02-25,2015-02-25,109.050003,112.199997,109.050003,111.800003,68409.0,108.88678,0.014868457173858653
2015-02-26,2015-02-26,110.050003,111.900002,109.199997,109.349998,27879.0,106.500618,-0.02215783884436551
2015-02-27,2015-02-27,109.0,111.199997,108.800003,110.550003,73726.0,107.66935,0.010914168895058474
2015-03-02,2015-03-02,110.050003,111.0,108.5,109.949997,140827.0,107.084976,-0.0054422693431197535
2015-03-03,2015-03-03,109.800003,111.5,108.5,108.949997,51735.0,106.111038,-0.009136613362445091
2015-03-04,2015-03-04,108.800003,110.0,107.099998,107.949997,147884.0,105.137093,-0.009220927979126436
2015-03-05,2015-03-05,107.5,108.0,104.099998,106.25,100476.0,103.4814,-0.015873259749218604
2015-03-09,2015-03-09,104.150002,107.0,104.0,105.400002,88883.0,102.653542,-0.008032237939496591
2015-03-10,2015-03-10,105.699997,106.900002,104.5,104.650002,60075.0,101.92308,-0.007141237323732064
2015-03-11,2015-03-11,104.699997,105.400002,103.5,103.75,246829.0,101.046547,-0.008637139084058276
2015-03-12,2015-03-12,103.75,104.650002,103.0,103.599998,64029.0,100.900452,-0.0014468650310224265
2015-03-13,2015-03-13,104.0,104.900002,102.550003,103.25,201972.0,100.55957,-0.0033841188136314315
2015-03-16,2015-03-16,104.0,104.25,101.650002,102.699997,110357.0,100.023895,-0.005341180774665054
2015-03-17,2015-03-17,103.0,104.0,101.150002,102.25,197327.0,99.585632,-0.00439121028769307
2015-03-18,2015-03-18,102.099998,105.699997,102.099998,103.949997,269870.0,101.241325,0.01648912614725262
2015-03-19,2015-03-19,105.5,106.699997,101.150002,101.949997,203285.0,99.293434,-0.01942757729875311
2015-03-20,2015-03-20,102.0,106.5,102.0,103.800003,185919.0,101.095238,0.017983577032875786
2015-03-23,2015-03-23,106.800003,106.900002,102.550003,103.349998,241688.0,100.65696,-0.004344722821146618
2015-03-24,2015-03-24,103.0,104.800003,101.900002,102.949997,310631.0,100.267387,-0.003877812659322189
2015-03-25,2015-03-25,103.0,103.800003,101.0,102.349998,141781.0,99.683014,-0.005845196217654447
2015-03-26,2015-03-26,101.5,104.400002,101.5,102.599998,57739.0,99.926506,0.0024396844476477497
2015-03-27,2015-03-27,102.5,107.650002,102.5,106.75,396638.0,103.968369,0.039651732862072464
2015-03-30,2015-03-30,106.75,111.25,106.75,109.800003,292695.0,106.938896,0.028170897272016937
2015-03-31,2015-03-31,109.0,109.949997,107.050003,107.400002,43713.0,104.601433,-0.022100354575607103
2015-04-01,2015-04-01,107.25,110.0,107.25,109.5,57306.0,106.646706,0.01936430701864911
2015-04-06,2015-04-06,110.0,112.800003,109.0,110.400002,129059.0,107.523254,0.008185582089368816
2015-04-07,2015-04-07,110.75,112.349998,109.099998,109.199997,50284.0,106.354515,-0.01092914554791058
2015-04-08,2015-04-08,109.0,111.5,109.0,109.949997,93962.0,107.084976,0.006844692595599611
2015-04-09,2015-04-09,109.650002,110.5,107.550003,108.5,102151.0,105.672768,-0.013275462634357638
2015-04-10,2015-04-10,108.5,110.0,108.5,109.900002,52537.0,107.036285,0.012820664258783587
2015-04-13,2015-04-13,110.300003,110.400002,107.5,110.0,118669.0,107.133682,0.000909530015609228
2015-04-15,2015-04-15,109.5,110.400002,106.400002,107.650002,54326.0,104.844917,-0.02159514174793209
2015-04-16,2015-04-16,108.0,110.0,106.650002,109.900002,164759.0,107.036285,0.020685611732322858
2015-04-17,2015-04-17,110.400002,111.400002,108.099998,109.949997,126704.0,107.084976,0.0004547983755740504
2015-04-20,2015-04-20,110.0,110.0,105.050003,106.349998,173279.0,103.578789,-0.033290118020308235
2015-04-21,2015-04-21,106.199997,108.5,105.5,108.0,95345.0,105.185799,0.015395731216100828
2015-04-22,2015-04-22,108.5,108.5,105.5,107.150002,74644.0,104.357948,-0.007901503328079151
2015-04-23,2015-04-23,106.800003,108.150002,106.099998,108.0,94146.0,105.185799,0.007901503328079151
2015-04-24,2015-04-24,107.800003,107.800003,99.699997,104.75,199830.0,102.020485,-0.030554674243985506
2015-04-27,2015-04-27,105.949997,105.949997,101.0,102.900002,143644.0,100.218689,-0.017818938228584713
2015-04-28,2015-04-28,103.0,106.5,103.0,104.400002,38100.0,101.679604,0.014472044077705524
2015-04-29,2015-04-29,105.0,106.0,101.599998,105.0,138395.0,102.263962,0.00573060097597633
2015-04-30,2015-04-30,103.5,108.0,102.550003,105.599998,115474.0,102.848335,0.005698094065331283
2015-05-04,2015-05-04,105.5,109.449997,105.099998,108.849998,31917.0,106.013649,0.030312422629900308
2015-05-05,2015-05-05,109.0,109.5,105.75,108.400002,115014.0,105.575371,-0.0041427350702765145
2015-05-06,2015-05-06,107.5,107.5,100.0,105.550003,194495.0,102.799637,-0.02664329301691648
2015-05-07,2015-05-07,105.0,105.5,102.400002,105.050003,63862.0,102.312668,-0.004748324728319986
2015-05-08,2015-05-08,105.5,110.199997,104.25,109.300003,162420.0,106.451927,0.03965999641302709
2015-05-11,2015-05-11,109.949997,109.949997,105.5,106.400002,45501.0,103.627495,-0.026890803204078214
2015-05-12,2015-05-12,107.0,107.0,104.050003,104.449997,25897.0,101.728302,-0.018497136942220216
2015-05-13,2015-05-13,105.5,110.300003,101.099998,109.849998,192779.0,106.987587,0.050407264961672034
2015-05-14,2015-05-14,109.0,109.0,105.900002,106.349998,30423.0,103.578789,-0.032380248905331754
2015-05-15,2015-05-15,106.849998,108.900002,106.0,106.25,52886.0,103.4814,-0.0009406830704818957
2015-05-18,2015-05-18,106.0,107.599998,104.5,106.900002,43357.0,104.114456,0.0060989460437177465
2015-05-19,2015-05-19,107.5,109.5,106.199997,107.400002,58770.0,104.601433,0.004666418891365431
2015-05-20,2015-05-20,106.400002,108.400002,105.099998,105.650002,62647.0,102.897041,-0.016428364993093858
2015-05-21,2015-05-21,105.550003,106.0,103.400002,104.449997,25398.0,101.728302,-0.011423332927847696
2015-05-22,2015-05-22,105.5,106.0,102.599998,103.300003,48602.0,100.608269,-0.011071102318084058
2015-05-25,2015-05-25,104.050003,105.400002,101.0,104.150002,53182.0,101.436119,0.008194779780867911
2015-05-26,2015-05-26,105.25,105.349998,102.5,104.349998,98102.0,101.630898,0.0019183721966493648
2015-05-27,2015-05-27,102.550003,106.449997,102.550003,106.0,106510.0,103.237907,0.01568849841070019
2015-05-28,2015-05-28,105.949997,105.949997,103.400002,104.050003,15540.0,101.33873,-0.018567433595990224
2015-05-29,2015-05-29,103.650002,105.75,102.5,105.0,91458.0,102.263962,0.009088665379409557
2015-06-01,2015-06-01,105.0,107.449997,103.400002,106.599998,74922.0,103.822273,0.015123190543140375
2015-06-02,2015-06-02,105.599998,106.900002,103.099998,105.400002,63859.0,102.653542,-0.011320875350331328
2015-06-03,2015-06-03,105.300003,108.349998,103.0,107.949997,204195.0,105.137093,0.023905497688715197
2015-06-04,2015-06-04,108.0,108.150002,105.199997,105.5,34258.0,102.750938,-0.022957163871464736
2015-06-05,2015-06-05,105.949997,106.75,104.550003,105.0,26008.0,102.263962,-0.0047506490100595045
2015-06-08,2015-06-08,105.949997,107.0,102.599998,105.050003,58387.0,102.312668,0.0004761638797186052
2015-06-09,2015-06-09,105.5,105.5,102.0,102.550003,41809.0,99.877815,-0.024085908237323927
2015-06-10,2015-06-10,102.5,103.699997,102.5,103.050003,30855.0,100.364784,0.004863799835120197
2015-06-11,2015-06-11,102.650002,103.5,102.0,102.050003,16235.0,99.390839,-0.00975144231850944
2015-06-12,2015-06-12,101.0,102.699997,99.050003,99.25,37844.0,96.663795,-0.027821019462793476
2015-06-15,2015-06-15,99.0,101.0,99.0,100.0,12598.0,97.394257,0.007528318896487641
2015-06-16,2015-06-16,99.5,100.800003,99.099998,99.5,12136.0,96.90728,-0.005012600797440037
2015-06-17,2015-06-17,99.5,102.0,99.099998,101.050003,34843.0,98.416901,0.015457902365903388
2015-06-18,2015-06-18,102.5,102.5,100.099998,101.5,13379.0,98.855171,0.004443312392079513
2015-06-19,2015-06-19,101.099998,102.25,101.0,102.0,25214.0,99.342133,0.004913921330368609
2015-06-22,2015-06-22,102.0,102.5,100.0,100.300003,35909.0,97.68644,-0.016807023966878276
2015-06-23,2015-06-23,100.849998,102.0,100.150002,100.449997,31769.0,97.83252,0.0014942799121016035
2015-06-24,2015-06-24,101.0,102.400002,100.199997,101.0,33074.0,98.368195,0.005460493158928159
2015-06-25,2015-06-25,100.849998,101.400002,100.25,100.599998,7105.0,97.978615,-0.0039682896934936105
2015-06-26,2015-06-26,101.300003,103.800003,99.5,99.849998,59808.0,97.248161,-0.007483168278604956
2015-06-29,2015-06-29,99.199997,100.0,98.5,98.949997,30136.0,96.371605,-0.009054468008993231
2015-06-30,2015-06-30,99.0,99.849998,97.550003,98.400002,32663.0,95.835953,-0.005573697437201375
2015-07-01,2015-07-01,98.0,102.800003,98.0,100.349998,146271.0,97.735138,0.01962323953751
2015-07-02,2015-07-02,101.0,104.0,101.0,101.949997,68035.0,99.293434,0.015818299619526854
2015-07-03,2015-07-03,102.199997,103.800003,101.099998,102.300003,59873.0,99.634323,0.0034272676555451302
2015-07-06,2015-07-06,102.300003,102.449997,101.050003,101.349998,45184.0,98.709076,-0.00932981602817762
2015-07-07,2015-07-07,101.0,102.449997,100.300003,100.550003,27614.0,97.929924,-0.007924735964395245
2015-07-08,2015-07-08,101.25,102.400002,99.800003,100.150002,59560.0,97.540344,-0.0039860846339259135
2015-07-09,2015-07-09,99.0,101.0,98.25,98.550003,28841.0,95.982048,-0.016104903052784003
2015-07-10,2015-07-10,99.0,99.949997,98.699997,99.050003,33471.0,96.469017,0.005060715453112152
2015-07-13,2015-07-13,99.5,99.5,98.150002,98.599998,36543.0,96.030731,-0.0045536346088397295
2015-07-14,2015-07-14,99.599998,101.949997,98.300003,100.400002,44951.0,97.783836,0.018091032482128174
2015-07-15,2015-07-15,101.400002,102.5,100.150002,101.25,76215.0,98.611687,0.008430496688742295
2015-07-16,2015-07-16,101.199997,108.0,101.199997,107.099998,143584.0,104.30925,0.05617026055931795
2015-07-17,2015-07-17,107.699997,111.300003,106.0,110.550003,358257.0,107.66935,0.03170491228898609
2015-07-20,2015-07-20,111.099998,115.5,110.199997,114.800003,216805.0,111.808601,0.0377235329387462
2015-07-21,2015-07-21,114.699997,119.400002,114.650002,118.699997,201770.0,115.606979,0.033407836604932406
2015-07-22,2015-07-22,119.0,121.199997,117.5,120.050003,209676.0,118.015457,0.020619281024166547
2015-07-23,2015-07-23,120.0,123.0,117.650002,120.050003,154769.0,118.015457,0.0
2015-07-24,2015-07-24,119.150002,122.0,116.75,118.949997,182339.0,116.934097,-0.0092051048170827
2015-07-27,2015-07-27,118.25,120.300003,117.0,119.050003,155568.0,117.03241,0.000840402389616024
2015-07-28,2015-07-28,118.0,120.0,115.150002,116.0,318821.0,114.034096,-0.025953413589003386
2015-07-29,2015-07-29,117.5,118.0,109.099998,111.800003,83147.0,109.905273,-0.03687865115560296
2015-07-30,2015-07-30,112.800003,114.5,111.5,113.599998,153268.0,111.674767,0.015971940584169175
2015-07-31,2015-07-31,114.400002,114.900002,112.349998,113.400002,54554.0,111.478165,-0.0017620386979029234
2015-08-03,2015-08-03,114.5,114.5,110.099998,110.849998,168363.0,108.971375,-0.0227435090656698
2015-08-04,2015-08-04,111.75,113.800003,111.099998,112.449997,69198.0,110.54425,0.014330660225825296
2015-08-05,2015-08-05,114.5,117.5,112.099998,113.0,115899.0,111.084938,0.004879222610977507
2015-08-06,2015-08-06,113.5,114.900002,112.5,113.550003,90295.0,111.625618,0.004855459677739482
2015-08-07,2015-08-07,112.0,116.0,112.0,114.0,60386.0,112.067986,0.0039551294159059225
2015-08-10,2015-08-10,114.5,115.949997,113.0,113.949997,58651.0,112.018829,-0.0004387317548202319
2015-08-11,2015-08-11,114.0,114.5,113.099998,113.949997,62625.0,112.018829,0.0
2015-08-12,2015-08-12,113.5,114.5,112.75,113.0,34775.0,111.084938,-0.008371857338825173
2015-08-13,2015-08-13,113.75,113.75,112.0,112.949997,21853.0,111.035782,-0.0004426061720170793
2015-08-14,2015-08-14,113.0,113.5,112.550003,112.900002,22539.0,110.986633,-0.000442739088328814
2015-08-17,2015-08-17,113.0,115.0,112.75,114.5,64835.0,112.559517,0.014072351114722714
2015-08-18,2015-08-18,115.099998,117.900002,113.699997,116.550003,52038.0,114.574776,0.017745553589849198
2015-08-19,2015-08-19,116.0,118.5,114.550003,116.25,98568.0,114.279861,-0.0025773142909830678
2015-08-20,2015-08-20,114.5,116.0,113.0,114.050003,27379.0,112.117149,-0.019106063190466042
2015-08-21,2015-08-21,113.0,114.0,110.199997,111.5,23073.0,109.610359,-0.02261241138967396
2015-08-24,2015-08-24,112.0,112.0,104.050003,105.050003,137037.0,103.269669,-0.059588173982979775
2015-08-25,2015-08-25,106.0,108.0,102.5,106.849998,73872.0,105.039162,0.01698953956164395
2015-08-26,2015-08-26,107.0,107.0,104.300003,106.800003,48095.0,104.990013,-0.0004680207013834092
2015-08-27,2015-08-27,107.0,107.699997,104.25,105.150002,50019.0,103.367973,-0.015570056130966847
2015-08-28,2015-08-28,105.0,106.75,103.300003,105.050003,67769.0,103.269669,-0.0009514627292936949
2015-08-31,2015-08-31,105.5,105.5,101.650002,102.699997,29208.0,100.959488,-0.022624385023226168
2015-09-01,2015-09-01,102.0,104.849998,100.300003,104.0,66262.0,102.237457,0.012578790007018448
2015-09-02,2015-09-02,105.5,105.5,101.0,101.150002,32663.0,99.43576,-0.027786309955444292
2015-09-03,2015-09-03,101.5,103.800003,100.150002,101.150002,66666.0,99.43576,0.0
2015-09-04,2015-09-04,100.050003,100.900002,98.0,99.650002,30266.0,97.961182,-0.014940509355625409
2015-09-07,2015-09-07,99.0,100.900002,98.099998,99.0,21735.0,97.322197,-0.006544205489834809
2015-09-08,2015-09-08,99.0,102.5,98.5,101.349998,23228.0,99.63237,0.023460019118706654
2015-09-09,2015-09-09,102.5,102.5,101.0,101.300003,9826.0,99.583221,-0.0004934252459900534
2015-09-10,2015-09-10,101.0,102.449997,99.5,101.300003,15552.0,99.583221,0.0
2015-09-11,2015-09-11,101.0,102.25,100.199997,100.800003,6922.0,99.091698,-0.004948022682485842
2015-09-14,2015-09-14,100.5,102.5,100.150002,101.050003,20414.0,99.337463,0.00247710693761416
2015-09-15,2015-09-15,100.400002,102.349998,100.0,100.849998,24790.0,99.140846,-0.0019812448554823447
2015-09-16,2015-09-16,100.199997,104.699997,100.099998,103.25,134689.0,101.500175,0.02351899667513901
2015-09-18,2015-09-18,103.0,103.949997,99.650002,101.550003,93330.0,99.828987,-0.016601930571762402
2015-09-21,2015-09-21,101.5,101.800003,99.650002,99.900002,43676.0,98.206955,-0.016381554346814653
2015-09-22,2015-09-22,100.849998,103.5,99.5,101.849998,319544.0,100.123901,0.019331391348923255
2015-09-23,2015-09-23,102.0,102.0,98.5,99.599998,55735.0,97.912025,-0.022339057637310592
2015-09-24,2015-09-24,99.900002,102.050003,99.900002,101.050003,20769.0,99.337463,0.01445339938730772
2015-09-28,2015-09-28,101.900002,102.5,98.0,98.699997,56402.0,97.027283,-0.02353056380245011
2015-09-29,2015-09-29,98.900002,98.900002,95.650002,97.099998,69514.0,95.454399,-0.016343570929873152
2015-09-30,2015-09-30,96.25,98.900002,96.099998,97.849998,18393.0,96.191689,0.00769432494187683
2015-10-01,2015-10-01,98.949997,107.800003,98.949997,105.199997,467950.0,103.417122,0.07242757729961635
2015-10-05,2015-10-05,105.949997,106.650002,100.650002,104.449997,87764.0,102.67984,-0.007154740545264104
2015-10-06,2015-10-06,104.199997,104.5,103.0,103.800003,31587.0,102.040855,-0.0062425254569973285
2015-10-07,2015-10-07,104.699997,105.0,103.050003,104.550003,40975.0,102.778145,0.007199460837257198
2015-10-08,2015-10-08,104.0,106.349998,102.599998,105.75,37476.0,103.957802,0.011412333659771791
2015-10-09,2015-10-09,105.75,105.75,104.0,104.75,13013.0,102.974754,-0.009501215412628385
2015-10-12,2015-10-12,105.5,105.5,104.0,104.349998,10640.0,102.581528,-0.003825973848588404
2015-10-13,2015-10-13,104.199997,107.0,102.199997,103.400002,54720.0,101.647636,-0.009145594008946212
2015-10-14,2015-10-14,102.599998,106.449997,102.599998,106.0,47987.0,104.203568,0.02483408704323331
2015-10-15,2015-10-15,106.0,109.900002,104.199997,108.050003,66069.0,106.218826,0.019154991825055312
2015-10-16,2015-10-16,108.0,110.800003,105.550003,109.849998,70140.0,107.988319,0.016521701466684746
2015-10-19,2015-10-19,108.550003,111.349998,106.900002,107.599998,24284.0,105.776451,-0.020695149558124012
2015-10-20,2015-10-20,107.25,110.75,107.25,110.099998,64028.0,108.234077,0.022968347065638998
2015-10-21,2015-10-21,110.5,111.5,108.5,109.150002,22054.0,107.300186,-0.008665878282147155
2015-10-23,2015-10-23,110.0,110.0,107.050003,108.099998,18698.0,106.267975,-0.00966641312635641
2015-10-26,2015-10-26,107.800003,110.849998,107.0,110.050003,56960.0,108.184929,0.017878098389569885
2015-10-27,2015-10-27,108.550003,111.449997,108.550003,111.050003,44353.0,109.167992,0.00904583843555784
2015-10-28,2015-10-28,111.349998,111.449997,108.800003,111.099998,43053.0,109.217133,0.0004500398168545416
2015-10-29,2015-10-29,111.5,113.300003,108.800003,112.949997,65124.0,111.035782,0.016514563117385528
2015-10-30,2015-10-30,113.050003,116.550003,111.550003,115.199997,229994.0,113.24765,0.019724503870214072
2015-11-02,2015-11-02,115.199997,115.199997,111.0,112.849998,70636.0,110.937477,-0.02061024125020161
2015-11-03,2015-11-03,112.5,115.800003,111.5,115.099998,96559.0,113.149338,0.0197417490759193
2015-11-04,2015-11-04,115.5,116.849998,114.0,116.300003,83791.0,114.32901,0.010371822950117071
2015-11-05,2015-11-05,115.5,116.5,114.5,116.050003,72728.0,114.083252,-0.002151881800757316
2015-11-06,2015-11-06,117.5,118.099998,111.0,114.949997,134419.0,113.001884,-0.009523971431322664
2015-11-09,2015-11-09,114.449997,115.449997,111.5,114.150002,63202.0,112.215446,-0.0069838426419357455
2015-11-10,2015-11-10,113.5,113.5,110.0,110.449997,86030.0,108.578148,-0.03295047671411755
2015-11-13,2015-11-13,112.550003,113.800003,107.0,112.599998,130814.0,110.691711,0.019278787078636842
2015-11-16,2015-11-16,112.0,115.949997,110.599998,115.0,115240.0,113.051041,0.02109044813417782
2015-11-17,2015-11-17,116.0,116.0,113.0,115.0,99437.0,113.051041,0.0
2015-11-18,2015-11-18,114.050003,115.599998,112.5,115.050003,100080.0,113.100197,0.0004347179454669004
2015-11-19,2015-11-19,114.550003,117.849998,113.0,117.150002,105185.0,115.164604,0.018088319162306018
2015-11-20,2015-11-20,116.0,119.0,112.25,113.099998,49956.0,111.183235,-0.035182838042360665
2015-11-23,2015-11-23,114.400002,117.300003,113.25,117.0,78685.0,115.017143,0.03390158075680372
2015-11-24,2015-11-24,116.0,117.349998,113.650002,113.949997,186049.0,112.018829,-0.02641421358210394
2015-11-26,2015-11-26,114.75,115.400002,112.550003,115.050003,165226.0,113.100197,0.009607151705354866
2015-11-27,2015-11-27,114.699997,115.0,113.0,113.650002,55021.0,111.723923,-0.012243269909335552
2015-11-30,2015-11-30,114.5,115.849998,113.599998,115.349998,53322.0,113.395111,0.01484742245686643
2015-12-01,2015-12-01,114.949997,116.199997,114.0,115.0,61419.0,113.051041,-0.003038870492997781
2015-12-02,2015-12-02,115.75,127.0,114.400002,125.599998,1311934.0,123.471397,0.08817011900850602
2015-12-03,2015-12-03,133.0,136.0,127.199997,129.050003,4141840.0,126.862923,0.027097631083035974
2015-12-04,2015-12-04,127.900002,132.350006,124.699997,126.449997,789413.0,124.306992,-0.020352909147761444
2015-12-07,2015-12-07,127.099998,127.699997,120.550003,122.300003,350171.0,120.227325,-0.0333699222236703
2015-12-08,2015-12-08,122.0,126.900002,119.0,122.449997,484386.0,120.374779,0.0012257084706188692
2015-12-09,2015-12-09,123.5,124.699997,121.25,122.300003,268260.0,120.227325,-0.0012257084706188692
2015-12-10,2015-12-10,122.0,124.800003,119.599998,123.25,207803.0,121.161224,0.007737762735418484
2015-12-11,2015-12-11,123.0,125.949997,120.699997,121.5,204068.0,119.44088700000002,-0.014300508925816581
2015-12-14,2015-12-14,121.349998,122.699997,119.949997,121.349998,144762.0,119.293419,-0.0012354153973674895
2015-12-15,2015-12-15,122.0,124.449997,120.099998,123.099998,116362.0,121.01376299999998,0.014318118801226019
2015-12-16,2015-12-16,124.199997,125.099998,121.0,122.199997,101783.0,120.129013,-0.007338009329752816
2015-12-17,2015-12-17,122.5,124.5,121.25,122.099998,296645.0,120.030716,-0.0008185969054705923
2015-12-18,2015-12-18,122.5,123.900002,120.599998,122.800003,111121.0,120.718857,0.005716669529079788
2015-12-21,2015-12-21,123.0,123.400002,120.5,120.699997,115132.0,118.654434,-0.017248993623205422
2015-12-22,2015-12-22,120.849998,122.75,120.5,120.800003,68118.0,118.752754,0.0008282816240683387
2015-12-23,2015-12-23,121.0,125.400002,119.400002,123.0,366186.0,120.915466,0.018048039118457204
2015-12-24,2015-12-24,123.5,124.699997,121.050003,122.949997,176285.0,120.866302,-0.0004066807938762906
2015-12-28,2015-12-28,122.949997,126.5,122.0,126.099998,249875.0,123.962921,0.025297504145481042
2015-12-29,2015-12-29,126.5,130.350006,126.400002,129.699997,523105.0,127.5019,0.028148769753392425
2015-12-30,2015-12-30,130.699997,131.0,126.5,127.800003,169664.0,125.634117,-0.014757417133865582
2015-12-31,2015-12-31,127.300003,131.0,126.5,130.050003,157323.0,127.845978,0.017452393187281427
2016-01-01,2016-01-01,130.300003,137.5,128.0,134.75,461592.0,132.466324,0.035502212130320565
2016-01-04,2016-01-04,133.699997,135.0,127.599998,130.5,192123.0,128.288361,-0.032047904194788764
2016-01-05,2016-01-05,131.5,134.699997,129.300003,130.899994,297665.0,128.68156399999998,0.00306030604069818
2016-01-06,2016-01-06,131.449997,132.800003,129.199997,130.550003,168418.0,128.337509,-0.002677273725203655
2016-01-07,2016-01-07,129.5,129.550003,121.150002,122.699997,128529.0,120.620537,-0.0620140227417334
2016-01-08,2016-01-08,122.0,126.800003,122.0,124.650002,72192.0,122.537498,0.015767529255369617
2016-01-11,2016-01-11,123.5,124.800003,122.5,124.0,113714.0,121.898514,-0.005228243173321268
2016-01-12,2016-01-12,124.650002,126.5,122.75,123.400002,322801.0,121.308678,-0.0048504910696483
2016-01-13,2016-01-13,124.75,125.25,114.400002,120.550003,174404.0,118.506981,-0.02336648479095782
2016-01-14,2016-01-14,120.5,123.0,116.75,122.25,87434.0,120.178169,0.014003513077224916
2016-01-15,2016-01-15,121.550003,122.400002,115.75,116.300003,56872.0,114.32901,-0.049895038937801665
2016-01-18,2016-01-18,115.900002,116.300003,111.5,114.25,86822.0,112.313751,-0.017784041325787925
2016-01-19,2016-01-19,113.650002,117.0,112.5,116.550003,68758.0,114.574776,0.019931372295982186
2016-01-20,2016-01-20,115.0,118.25,113.5,116.400002,110598.0,114.427315,-0.0012878574142041188
2016-01-21,2016-01-21,116.900002,117.5,113.0,113.550003,63609.0,111.625618,-0.02478924235228241
2016-01-22,2016-01-22,114.5,117.75,113.300003,115.599998,85239.0,113.640877,0.01789269873373911
2016-01-25,2016-01-25,116.0,121.050003,115.900002,120.0,129807.0,117.966301,0.03735572462356007
2016-01-27,2016-01-27,119.0,124.25,119.0,120.300003,280672.0,118.261223,0.0024969330265554035
2016-01-28,2016-01-28,121.449997,122.0,118.0,118.349998,51103.0,116.34426100000002,-0.01634236873916084
2016-01-29,2016-01-29,120.449997,120.449997,115.800003,116.550003,120851.0,114.574776,-0.015325887878207212
2016-02-01,2016-02-01,116.550003,116.599998,111.5,113.0,140858.0,111.084938,-0.030932559444226012
2016-02-02,2016-02-02,112.25,115.5,112.25,113.650002,55423.0,111.723923,0.0057357391348444855
2016-02-03,2016-02-03,113.0,114.0,111.5,111.800003,47646.0,109.905273,-0.016412014792243745
2016-02-04,2016-02-04,113.0,113.0,110.0,110.599998,59112.0,108.725609,-0.010791480484708238
2016-02-05,2016-02-05,110.099998,111.300003,110.0,110.349998,14693.0,108.479851,-0.0022629090895982533
2016-02-08,2016-02-08,110.5,112.0,110.050003,111.150002,18957.0,109.266289,0.0072234705937388455
2016-02-09,2016-02-09,110.5,112.75,109.5,112.25,58480.0,110.347641,0.009847833779004668
2016-02-10,2016-02-10,111.0,112.800003,109.5,109.900002,26855.0,108.037476,-0.021157588105168657
2016-02-11,2016-02-11,109.5,110.050003,105.5,107.849998,171914.0,106.022209,-0.018829575899664164
2016-02-12,2016-02-12,105.5,107.0,101.650002,105.25,136791.0,103.466278,-0.02440284784337976
2016-02-15,2016-02-15,106.0,108.5,104.25,105.300003,31659.0,103.515434,0.00047497917037375714
2016-02-16,2016-02-16,105.0,107.0,103.400002,105.599998,35536.0,103.810349,0.0028449447497136404
2016-02-17,2016-02-17,106.949997,106.949997,102.050003,105.25,43047.0,103.466278,-0.0033199239200873976
2016-02-18,2016-02-18,104.300003,107.0,104.300003,105.550003,17046.0,103.7612,0.0028463619010601353
2016-02-19,2016-02-19,105.0,105.0,100.699997,102.199997,177932.0,100.467964,-0.03225319457841813
2016-02-22,2016-02-22,100.099998,104.949997,100.099998,103.75,31001.0,101.991699,0.01505251710636468
2016-02-23,2016-02-23,103.5,106.5,102.699997,105.449997,33679.0,103.662888,0.01625274506642338
2016-02-24,2016-02-24,106.400002,108.449997,104.0,107.5,32492.0,105.678146,0.019253943846520016
2016-02-25,2016-02-25,106.650002,109.800003,105.550003,108.5,35962.0,106.661201,0.009259348655267452
2016-02-26,2016-02-26,108.0,108.5,105.699997,107.949997,104050.0,106.120522,-0.005082016970708203
2016-02-29,2016-02-29,108.400002,108.5,104.0,107.300003,46870.0,105.481544,-0.006039448993117702
2016-03-01,2016-03-01,107.050003,108.400002,107.0,108.0,132753.0,106.169678,0.006502550925081785
2016-03-02,2016-03-02,108.5,108.5,106.0,106.550003,29713.0,104.744247,-0.013516914096102894
2016-03-03,2016-03-03,105.550003,107.849998,105.0,105.550003,42909.0,103.7612,-0.009429530961310384
2016-03-04,2016-03-04,106.050003,106.5,104.0,104.199997,44314.0,102.434067,-0.012872762266942672
2016-03-08,2016-03-08,108.5,108.699997,105.5,106.099998,67379.0,104.301872,0.01806996724721266
2016-03-09,2016-03-09,105.5,107.25,104.199997,107.0,46573.0,105.186623,0.008446824351764803
2016-03-10,2016-03-10,107.0,107.5,105.0,105.349998,21074.0,103.564583,-0.0155407259811291
2016-03-11,2016-03-11,105.300003,107.599998,104.25,107.050003,85879.0,105.235771,0.016007862581559174
2016-03-14,2016-03-14,108.0,108.5,104.699997,105.099998,35212.0,103.318817,-0.018383752726533583
2016-03-15,2016-03-15,105.0,105.400002,102.5,104.400002,71767.0,102.630684,-0.006682565944258201
2016-03-16,2016-03-16,103.800003,105.0,103.800003,104.150002,15809.0,102.384918,-0.002397535751699209
2016-03-17,2016-03-17,104.699997,105.25,103.5,104.0,20782.0,103.328789,0.009176613823059121
2016-03-18,2016-03-18,104.0,105.0,103.300003,104.199997,27239.0,103.527496,0.0019212088346227676
2016-03-21,2016-03-21,105.449997,105.449997,104.0,104.699997,25682.0,104.024269,0.004786988428065797
2016-03-22,2016-03-22,103.099998,105.75,103.099998,104.199997,35755.0,103.527496,-0.004786988428065797
2016-03-23,2016-03-23,104.150002,104.75,103.800003,104.150002,213800.0,103.477821,-0.0004799393723162737
2016-03-28,2016-03-28,105.400002,105.400002,103.199997,103.5,16246.0,102.832016,-0.006260555664491464
2016-03-29,2016-03-29,103.800003,104.800003,102.699997,104.199997,53132.0,103.527496,0.0067404950368077365
2016-03-30,2016-03-30,104.0,105.449997,103.650002,104.449997,16465.0,103.775887,0.002396401981249241
2016-03-31,2016-03-31,104.949997,105.5,104.0,104.300003,26235.0,103.626862,-0.0014370593096275641
2016-04-01,2016-04-01,104.300003,105.0,103.5,103.75,42400.0,103.080406,-0.0052872574661320115
2016-04-04,2016-04-04,105.25,105.900002,103.5,105.300003,37400.0,104.620407,0.01482930373963942
2016-04-05,2016-04-05,104.599998,106.199997,104.25,105.400002,25550.0,104.719757,0.0009491729208637168
2016-04-06,2016-04-06,106.900002,106.900002,104.5,105.599998,20471.0,104.918465,0.0018957235719083696
2016-04-07,2016-04-07,105.75,106.050003,104.5,105.900002,19246.0,105.21653,0.002836892540447167
2016-04-08,2016-04-08,105.849998,106.400002,104.550003,105.150002,14088.0,104.471367,-0.007107383377656262
2016-04-11,2016-04-11,106.900002,108.199997,105.5,106.25,58921.0,105.56427,0.010406927885380668
2016-04-12,2016-04-12,105.550003,111.5,105.550003,110.349998,103983.0,109.63781000000002,0.0378623350278291
2016-04-13,2016-04-13,113.0,114.849998,107.550003,108.550003,260844.0,107.849426,-0.016446246158984046
2016-04-18,2016-04-18,107.099998,109.800003,106.550003,107.150002,275039.0,106.458466,-0.012981132141197449
2016-04-20,2016-04-20,106.75,107.949997,105.800003,106.400002,59254.0,105.713303,-0.0070241773192876176
2016-04-21,2016-04-21,106.400002,107.800003,106.0,106.5,179644.0,105.812653,0.0009393646924884537
2016-04-22,2016-04-22,105.650002,107.400002,105.650002,106.400002,31857.0,105.713303,-0.0009393646924884537
2016-04-25,2016-04-25,107.75,107.75,104.5,104.900002,99985.0,104.222984,-0.014198060342010875
2016-04-26,2016-04-26,104.949997,105.699997,104.5,104.699997,74867.0,104.024269,-0.0019084531243560574
2016-04-27,2016-04-27,105.0,105.5,104.25,104.849998,30484.0,104.173302,0.0014316499922575332
2016-04-28,2016-04-28,105.25,106.0,102.550003,103.0,187068.0,102.335243,-0.01780175769688519
2016-04-29,2016-04-29,103.0,103.550003,101.449997,102.800003,67288.0,102.136536,-0.0019436135737196378
2016-05-02,2016-05-02,103.800003,103.800003,101.900002,102.849998,26818.0,102.186211,0.00048624053570200937
2016-05-03,2016-05-03,102.0,104.0,102.0,102.75,209709.0,102.086861,-0.0009727176162854787
2016-05-04,2016-05-04,102.949997,103.75,101.449997,101.849998,103647.0,101.192665,-0.008797755339058355
2016-05-05,2016-05-05,102.099998,102.900002,101.699997,102.050003,164699.0,101.39138,0.0019618036922146587
2016-05-06,2016-05-06,102.0,102.449997,100.300003,100.449997,145510.0,99.801697,-0.015802890500738798
2016-05-09,2016-05-09,101.949997,104.849998,101.0,103.650002,56195.0,102.981049,0.03135979382921583
2016-05-10,2016-05-10,103.5,104.400002,101.5,102.25,74241.0,101.590088,-0.013599009680014262
2016-05-11,2016-05-11,101.099998,105.0,101.0,104.199997,44724.0,103.527496,0.01889126792924589
2016-05-12,2016-05-12,104.800003,107.400002,103.699997,106.550003,82224.0,105.86233500000002,0.022302284361611413
2016-05-13,2016-05-13,105.550003,108.900002,105.5,108.300003,82156.0,107.601044,0.016290826661917283
2016-05-16,2016-05-16,109.0,109.5,105.699997,108.050003,82000.0,107.352654,-0.002311103394539771
2016-05-17,2016-05-17,108.449997,114.800003,107.650002,112.849998,267277.0,112.121674,0.043465409728505655
2016-05-18,2016-05-18,112.0,112.0,108.300003,110.300003,284468.0,109.588135,-0.02285554526240929
2016-05-19,2016-05-19,111.050003,111.5,109.0,109.800003,68425.0,109.09136200000002,-0.004543396718631243
2016-05-20,2016-05-20,110.0,110.050003,105.5,109.099998,100902.0,108.395874,-0.0063956890852550075
2016-05-23,2016-05-23,109.099998,110.5,106.699997,110.050003,65315.0,109.339745,0.008669935738751633
2016-05-24,2016-05-24,109.0,110.699997,108.099998,109.849998,103977.0,109.141037,-0.0018189980186873453
2016-05-25,2016-05-25,110.0,112.449997,107.550003,109.0,139838.0,108.296524,-0.007767905808269581
2016-05-26,2016-05-26,109.199997,109.849998,107.099998,107.849998,96549.0,107.15393799999998,-0.010606584001550344
2016-05-27,2016-05-27,107.5,107.5,106.0,106.650002,47177.0,105.961693,-0.011188831457087822
2016-05-30,2016-05-30,106.0,108.5,105.5,105.75,36778.0,105.067497,-0.00847466980050271
2016-05-31,2016-05-31,106.0,107.75,104.599998,106.150002,93981.0,105.46492,0.00377541357028921
2016-06-01,2016-06-01,106.5,106.5,105.349998,105.699997,37785.0,105.01781499999998,-0.004248383341028728
2016-06-02,2016-06-02,105.550003,109.800003,105.5,108.050003,101919.0,107.352654,0.021989244455875582
2016-06-03,2016-06-03,108.050003,109.699997,105.199997,105.550003,45174.0,104.86879,-0.023409297203339285
2016-06-06,2016-06-06,106.75,107.849998,105.0,106.349998,22271.0,105.66362,0.007550702300961555
2016-06-07,2016-06-07,106.800003,108.0,105.699997,106.599998,46184.0,105.91201,0.0023480030674321033
2016-06-08,2016-06-08,107.800003,110.0,106.699997,107.199997,119013.0,106.508133,0.005612693377554656
2016-06-09,2016-06-09,107.800003,108.0,106.0,106.349998,58733.0,105.66362,-0.007960696444986759
2016-06-10,2016-06-10,106.75,107.900002,105.650002,106.25,48061.0,105.56427,-0.0009406902405384443
2016-06-13,2016-06-13,106.25,106.800003,105.050003,105.900002,26519.0,105.21653,-0.0032995445077244057
2016-06-14,2016-06-14,105.400002,106.699997,105.199997,106.199997,30398.0,105.514587,0.002828791523521445
2016-06-15,2016-06-15,106.699997,112.150002,105.849998,110.650002,188105.0,109.935875,0.041048032501709734
2016-06-16,2016-06-16,111.5,113.150002,110.050003,111.5,82256.0,110.780388,0.007652513773192204
2016-06-17,2016-06-17,112.550003,115.0,111.5,112.849998,130812.0,112.121674,0.012034901580722844
2016-06-20,2016-06-20,112.0,116.0,111.550003,113.599998,83779.0,112.866829,0.006623962688331986
2016-06-21,2016-06-21,113.5,114.900002,111.550003,111.949997,31001.0,111.227478,-0.01463116369735662
2016-06-22,2016-06-22,112.0,113.800003,110.050003,110.5,35117.0,109.786842,-0.013036769778843826
2016-06-23,2016-06-23,110.300003,112.5,110.050003,111.699997,28153.0,110.979095,0.010801164413109632
2016-06-24,2016-06-24,109.0,110.800003,107.0,110.099998,75157.0,109.38942,-0.014427674254402056
2016-06-27,2016-06-27,110.0,113.949997,109.550003,112.5,72342.0,111.773933,0.021564200123960653
2016-06-28,2016-06-28,112.050003,113.849998,111.599998,112.849998,232190.0,112.121674,0.0031062805052002322
2016-06-29,2016-06-29,112.699997,113.0,108.5,111.25,83713.0,110.531998,-0.014279602917018687
2016-06-30,2016-06-30,113.0,113.800003,111.449997,112.949997,56428.0,112.221024,0.015165301514569409
2016-07-01,2016-07-01,114.449997,114.449997,111.599998,112.5,82735.0,111.773933,-0.003991979102750953
2016-07-04,2016-07-04,112.5,114.800003,112.5,113.050003,74193.0,112.320389,0.004877027478982221
2016-07-05,2016-07-05,113.800003,113.800003,110.550003,111.400002,68419.0,110.68103,-0.014702942607470073
2016-07-07,2016-07-07,110.25,112.900002,109.25,110.150002,75336.0,109.439102,-0.01128421255190304
2016-07-08,2016-07-08,110.0,112.150002,109.599998,111.349998,65238.0,110.631355,0.010835299574581292
2016-07-11,2016-07-11,112.900002,113.0,110.050003,111.900002,79511.0,111.177803,0.004927200575941093
2016-07-12,2016-07-12,111.099998,112.0,110.25,111.0,46932.0,110.283615,-0.008075382767539274
2016-07-13,2016-07-13,110.5,112.0,109.5,111.400002,172617.0,110.68103,0.003597095168919928
2016-07-14,2016-07-14,111.75,115.0,111.75,113.550003,214710.0,112.817162,0.01911601189797185
2016-07-15,2016-07-15,113.300003,126.5,113.25,117.150002,754750.0,116.393921,0.031211835966555405
2016-07-18,2016-07-18,117.050003,119.0,114.599998,115.099998,112133.0,114.357147,-0.017653889238835596
2016-07-19,2016-07-19,116.0,119.0,113.150002,114.449997,137428.0,113.711342,-0.005663270089489636
2016-07-20,2016-07-20,114.5,115.5,113.0,113.75,38771.0,113.015862,-0.0061349689767498106
2016-07-21,2016-07-21,114.25,118.5,113.599998,116.449997,112578.0,115.698433,0.02345890991797717
2016-07-22,2016-07-22,116.599998,116.599998,113.0,113.800003,65019.0,113.065544,-0.023019404505491003
2016-07-25,2016-07-25,114.699997,117.400002,113.800003,116.75,107540.0,115.996506,0.02559238400801256
2016-07-26,2016-07-26,116.650002,118.199997,116.0,117.050003,67604.0,116.294571,0.00256630747453368
2016-07-27,2016-07-27,116.25,118.150002,115.5,117.699997,77530.0,116.940369,0.00553776076927992
2016-07-28,2016-07-28,118.5,118.550003,114.550003,114.949997,85393.0,114.208115,-0.02364178396492811
2016-07-29,2016-07-29,116.400002,119.0,115.849998,117.849998,98106.0,117.089401,0.024915399882641687
2016-08-01,2016-08-01,118.849998,119.0,117.0,118.650002,52763.0,117.884239,0.006765363396946889
2016-08-02,2016-08-02,119.0,119.949997,114.5,116.400002,95126.0,115.648766,-0.019145399026403
2016-08-03,2016-08-03,113.699997,113.699997,111.0,111.699997,221207.0,110.979095,-0.041215868253092765
2016-08-04,2016-08-04,110.800003,112.599998,110.150002,110.699997,130325.0,109.98555,-0.008992856714956865
2016-08-05,2016-08-05,111.099998,112.0,109.699997,111.0,100572.0,110.283615,0.0027063722871076834
2016-08-08,2016-08-08,111.949997,112.0,110.300003,110.949997,78505.0,110.233932,-0.0004506036051692419
2016-08-09,2016-08-09,110.050003,111.800003,109.949997,110.199997,122956.0,109.488777,-0.0067827113559442145
2016-08-10,2016-08-10,109.550003,110.650002,109.550003,110.150002,14974.0,109.439102,-0.0004538024218696535
2016-08-11,2016-08-11,109.550003,111.5,109.099998,109.699997,47705.0,108.992004,-0.004093726691055011
2016-08-12,2016-08-12,110.0,114.0,108.599998,113.099998,170219.0,112.370056,0.03052297453317632
2016-08-16,2016-08-16,112.949997,114.0,112.050003,113.699997,22255.0,112.966187,0.0052910475722489645
2016-08-17,2016-08-17,113.75,114.449997,110.150002,110.300003,153359.0,109.588135,-0.030359432491188443
2016-08-18,2016-08-18,111.449997,112.800003,109.5,110.199997,127937.0,109.488777,-0.0009070605013121736
2016-08-19,2016-08-19,109.25,114.400002,109.25,112.550003,109930.0,111.823616,0.021100721908124957
2016-08-22,2016-08-22,113.849998,114.0,111.650002,113.25,38521.0,112.519089,0.006200114489238295
2016-08-23,2016-08-23,113.150002,117.5,113.0,115.0,184483.0,114.257797,0.015334385271859041
2016-08-24,2016-08-24,114.050003,115.150002,112.75,114.550003,36052.0,113.810707,-0.003920669139907851
2016-08-25,2016-08-25,114.949997,115.0,112.0,113.949997,32919.0,113.214569,-0.005251744481209464
2016-08-26,2016-08-26,114.0,114.199997,112.300003,112.599998,24534.0,111.873283,-0.011918029909981698
2016-08-29,2016-08-29,111.550003,114.0,111.550003,113.150002,31060.0,112.419739,0.0048727069290706035
2016-08-30,2016-08-30,114.400002,114.449997,111.699997,112.150002,41578.0,111.426193,-0.00887711039155814
2016-08-31,2016-08-31,112.099998,112.900002,109.25,110.0,119946.0,109.29007,-0.01935688534258873
2016-09-01,2016-09-01,110.0,111.300003,108.5,108.949997,81525.0,108.246841,-0.009591356177389264
2016-09-02,2016-09-02,108.949997,109.449997,108.150002,108.5,18554.0,107.799751,-0.004138835369541738
2016-09-06,2016-09-06,108.949997,114.75,108.0,114.400002,277818.0,113.661674,0.052950915257860665
2016-09-07,2016-09-07,114.050003,115.400002,112.150002,114.949997,142762.0,114.208115,0.0047960903448931455
2016-09-08,2016-09-08,115.650002,115.650002,111.5,111.849998,64973.0,111.128128,-0.027338512322611308
2016-09-09,2016-09-09,112.0,114.599998,111.099998,112.800003,63628.0,112.071999,0.0084576710516302
2016-09-12,2016-09-12,112.699997,112.699997,110.0,111.400002,85830.0,110.68103,-0.012489051987855326
2016-09-14,2016-09-14,111.349998,112.0,110.550003,111.349998,28441.0,110.631355,-0.00044891297732174717
2016-09-15,2016-09-15,112.5,112.5,109.599998,110.050003,42694.0,109.339745,-0.01174358671653408
2016-09-16,2016-09-16,110.75,111.449997,108.300003,108.550003,58994.0,107.849426,-0.013723910675032869
2016-09-19,2016-09-19,109.5,110.900002,108.550003,108.849998,45116.0,108.147491,0.0027599022554412045
2016-09-20,2016-09-20,108.650002,109.699997,107.0,108.5,60305.0,107.799751,-0.0032206042304698808
2016-09-21,2016-09-21,108.0,109.900002,108.0,108.599998,28968.0,107.899101,0.0009211918014813136
2016-09-22,2016-09-22,109.099998,110.300003,108.150002,108.849998,36591.0,108.147491,0.002299412428988568
2016-09-23,2016-09-23,109.599998,112.400002,108.199997,112.0,165658.0,111.277161,0.028528082198647556
2016-09-26,2016-09-26,112.0,112.650002,108.800003,109.5,63893.0,108.793297,-0.02257431100024121
2016-09-27,2016-09-27,109.25,111.0,108.5,108.849998,17580.0,108.147491,-0.0059537711984063435
2016-09-28,2016-09-28,109.75,114.0,109.099998,111.449997,85352.0,110.730705,0.023605219658329624
2016-09-29,2016-09-29,110.099998,112.400002,107.099998,108.150002,58345.0,107.452011,-0.03005683393290859
2016-09-30,2016-09-30,107.0,110.5,106.550003,110.150002,68372.0,109.439102,0.01832390983612342
2016-10-03,2016-10-03,110.150002,112.25,109.300003,111.400002,82543.0,110.68103,0.01128421255190304
2016-10-04,2016-10-04,110.5,112.650002,109.349998,110.949997,58419.0,110.233932,-0.00404769877408917
2016-10-05,2016-10-05,111.5,111.5,109.849998,110.349998,27242.0,109.63781000000002,-0.005422465435815482
2016-10-06,2016-10-06,110.0,111.400002,110.0,110.900002,15802.0,110.184258,0.0049717403768632104
2016-10-07,2016-10-07,109.400002,111.300003,109.400002,110.75,17916.0,110.035225,-0.0013534953467466693
2016-10-10,2016-10-10,110.25,111.449997,109.099998,109.25,30545.0,108.544907,-0.013636565050489937
2016-10-13,2016-10-13,109.599998,110.900002,108.0,108.550003,113822.0,107.849426,-0.006427926138610651
2016-10-14,2016-10-14,109.599998,110.449997,107.650002,110.0,26350.0,109.29007,0.013269489571902326
2016-10-17,2016-10-17,109.300003,110.949997,107.650002,108.349998,21380.0,107.650719,-0.015113637345583797
2016-10-18,2016-10-18,109.349998,109.349998,107.550003,108.150002,36404.0,107.452011,-0.0018475642454562906
2016-10-19,2016-10-19,108.400002,110.0,107.800003,108.650002,43175.0,107.948784,0.004612553827982424
2016-10-20,2016-10-20,109.099998,110.550003,108.599998,109.300003,35359.0,108.59458899999998,0.005964688789407369
2016-10-21,2016-10-21,108.599998,110.0,108.050003,109.199997,29244.0,108.495224,-0.00091542763399044
2016-10-24,2016-10-24,109.599998,110.199997,108.699997,109.550003,45140.0,108.842972,0.003200066101194388
2016-10-25,2016-10-25,109.449997,109.900002,109.0,109.400002,13620.0,108.693939,-0.001370186076756319
2016-10-26,2016-10-26,109.599998,120.599998,109.599998,113.75,2468459.0,113.015862,0.038992146939641266
2016-10-27,2016-10-27,112.900002,114.25,109.75,111.800003,146283.0,111.078453,-0.0172914451004873
2016-10-28,2016-10-28,111.650002,113.150002,110.300003,111.150002,69558.0,110.432648,-0.00583092067932256
2016-11-01,2016-11-01,111.949997,114.0,110.650002,111.199997,52084.0,110.482323,0.00044972054734326866
2016-11-02,2016-11-02,110.0,111.0,108.5,109.050003,72220.0,108.346199,-0.01952388869989008
2016-11-03,2016-11-03,109.0,110.800003,107.599998,108.099998,44865.0,107.402328,-0.008749788792719926
2016-11-04,2016-11-04,107.0,109.949997,104.0,107.900002,113453.0,107.203621,-0.0018518317661850856
2016-11-07,2016-11-07,107.900002,109.5,107.0,108.050003,33990.0,107.352654,0.001389220836991889
2016-11-08,2016-11-08,108.0,108.599998,107.099998,107.800003,30325.0,107.104271,-0.002316391611618229
2016-11-09,2016-11-09,100.0,107.75,91.25,107.0,224821.0,106.309433,-0.007448834449148124
2016-11-10,2016-11-10,106.550003,108.449997,104.599998,105.300003,46182.0,104.620407,-0.016015392623093483
2016-11-11,2016-11-11,104.0,105.949997,104.0,105.400002,107339.0,104.719757,0.0009491729208637168
2016-11-15,2016-11-15,104.0,106.0,100.0,104.900002,145982.0,104.222984,-0.004755120313570949
2016-11-16,2016-11-16,106.900002,106.900002,100.300003,104.699997,77586.0,104.024269,-0.0019084531243560574
2016-11-17,2016-11-17,104.949997,104.949997,101.0,101.300003,26286.0,100.646217,-0.03301266200093611
2016-11-18,2016-11-18,102.0,104.0,101.0,103.800003,34958.0,103.130081,0.02437954805768872
2016-11-21,2016-11-21,103.0,104.0,98.050003,100.699997,150350.0,100.050087,-0.030320183149552093
2016-11-22,2016-11-22,100.0,102.5,99.0,102.150002,57471.0,101.49073,0.014296533667156552
2016-11-23,2016-11-23,102.449997,102.5,101.0,101.550003,10149.0,100.894608,-0.005890977378655293
2016-11-24,2016-11-24,102.25,102.300003,100.550003,101.050003,9821.0,100.397835,-0.004935843602974721
2016-11-25,2016-11-25,101.900002,102.0,100.0,101.050003,44576.0,100.397835,0.0
2016-11-28,2016-11-28,100.5,101.849998,100.099998,100.949997,12104.0,100.29847,-0.0009902026658537009
2016-11-29,2016-11-29,100.300003,102.150002,98.0,98.949997,49210.0,98.311378,-0.020010672448294464
2016-11-30,2016-11-30,99.900002,103.699997,99.400002,102.5,72224.0,101.83847,0.03524816240395712
2016-12-01,2016-12-01,102.5,103.0,101.199997,102.050003,13774.0,101.39138,-0.0043998528883104635
2016-12-02,2016-12-02,101.25,102.25,100.150002,102.0,43071.0,101.341698,-0.0004901222976014806
2016-12-05,2016-12-05,102.0,102.0,99.5,100.050003,77581.0,99.404289,-0.01930269375900373
2016-12-06,2016-12-06,100.949997,101.0,99.599998,100.199997,13396.0,99.553314,0.0014980581352288524
2016-12-07,2016-12-07,100.75,100.949997,99.599998,99.800003,26097.0,99.155899,-0.003999970850659729
2016-12-08,2016-12-08,99.650002,100.400002,99.550003,99.800003,36402.0,99.155899,0.0
2016-12-09,2016-12-09,99.800003,100.849998,98.599998,99.199997,40482.0,98.559769,-0.006030192877108043
2016-12-12,2016-12-12,100.0,100.0,98.25,99.050003,19585.0,98.410744,-0.0015131709428510831
2016-12-13,2016-12-13,99.0,100.400002,99.0,100.0,13120.0,99.354607,0.009545354247285864
2016-12-14,2016-12-14,99.699997,102.800003,99.650002,100.050003,52525.0,99.404289,0.0004999222881041376
2016-12-15,2016-12-15,99.050003,102.5,99.050003,100.650002,32678.0,100.000412,0.005979044354602614
2016-12-16,2016-12-16,101.0,101.400002,100.099998,100.599998,36025.0,99.950729,-0.0004969514129697927
2016-12-19,2016-12-19,100.800003,100.849998,99.0,100.0,189909.0,99.354607,-0.00598201522973696
2016-12-20,2016-12-20,99.300003,100.25,97.300003,97.949997,24964.0,97.317833,-0.020713088418353287
2016-12-21,2016-12-21,98.0,98.300003,96.099998,96.349998,21440.0,95.728165,-0.016469690638724718
2016-12-22,2016-12-22,97.349998,97.349998,95.349998,95.949997,25642.0,95.330742,-0.004160220315690744
2016-12-23,2016-12-23,95.300003,96.949997,94.300003,94.949997,16753.0,94.337196,-0.010476784830840023
2016-12-26,2016-12-26,94.0,94.800003,92.0,92.349998,41210.0,91.753975,-0.027764744886396464
2016-12-27,2016-12-27,92.349998,94.800003,91.25,93.800003,28543.0,93.194626,0.015579248837990887
2016-12-28,2016-12-28,94.5,94.900002,92.900002,93.25,24195.0,92.64817,-0.005880858302495184
2016-12-29,2016-12-29,93.949997,93.949997,92.5,93.050003,24916.0,92.449463,-0.002147051511283138
2016-12-30,2016-12-30,93.949997,95.449997,93.25,95.050003,20108.0,94.436554,0.0212660735045338
2017-01-02,2017-01-02,95.949997,98.0,94.5,97.199997,15989.0,96.572678,0.022367641998140897
2017-01-03,2017-01-03,96.599998,98.0,95.699997,96.949997,48344.0,96.324287,-0.002575376313349586
2017-01-04,2017-01-04,97.900002,97.900002,95.0,95.849998,39157.0,95.231392,-0.011410853118840159
2017-01-05,2017-01-05,96.0,97.0,95.800003,96.199997,34830.0,95.579132,0.0036448763694041375
2017-01-06,2017-01-06,96.900002,97.199997,96.0,96.599998,30630.0,95.976547,0.004149347826893468
2017-01-09,2017-01-09,97.449997,97.5,96.5,97.099998,11011.0,96.47332,0.0051626338963908225
2017-01-10,2017-01-10,97.449997,100.599998,96.199997,98.75,114812.0,98.112671,0.016850028914319637
2017-01-11,2017-01-11,98.900002,99.699997,97.0,97.449997,20575.0,96.82106,-0.013251989745771908
2017-01-12,2017-01-12,97.0,98.0,96.599998,97.150002,31794.0,96.523003,-0.0030831796072341433
2017-01-13,2017-01-13,97.0,97.800003,95.099998,96.25,52269.0,95.628807,-0.009307249876653323
2017-01-16,2017-01-16,96.25,96.699997,95.099998,96.349998,14396.0,95.728165,0.0010384571608810234
2017-01-17,2017-01-17,95.349998,96.849998,95.349998,96.449997,15628.0,95.827515,0.0010372964028864118
2017-01-18,2017-01-18,96.949997,99.25,96.300003,98.900002,31571.0,98.261711,0.025084582892147544
2017-01-19,2017-01-19,99.449997,99.75,98.300003,99.5,14739.0,98.857834,0.006048358292543021
2017-01-20,2017-01-20,99.949997,100.400002,98.5,98.699997,23504.0,98.062996,-0.008072709388211585
2017-01-23,2017-01-23,99.449997,100.0,96.199997,99.5,42624.0,98.857834,0.008072709388211585
2017-01-24,2017-01-24,99.150002,100.5,98.599998,99.300003,62803.0,98.659126,-0.0020120608077123237
2017-01-25,2017-01-25,99.5,101.0,98.099998,99.050003,40534.0,98.410744,-0.00252075197007251
2017-01-27,2017-01-27,98.599998,100.75,98.599998,99.800003,41020.0,99.155899,0.007543363819959127
2017-01-30,2017-01-30,100.0,101.0,99.5,100.300003,65271.0,99.652672,0.004997511238217457
2017-01-31,2017-01-31,100.900002,100.900002,98.75,99.449997,39279.0,98.808151,-0.008510758796903772
2017-02-01,2017-02-01,99.050003,101.5,99.0,100.800003,33796.0,100.149445,0.013483419058118784
2017-02-02,2017-02-02,101.099998,101.900002,99.650002,100.25,42760.0,99.602997,-0.0054712659097102545
2017-02-03,2017-02-03,100.849998,103.900002,100.0,103.449997,140900.0,102.782341,0.031421303610229316
2017-02-06,2017-02-06,104.0,108.0,104.0,105.0,118598.0,104.322334,0.014871913284795648
2017-02-07,2017-02-07,105.050003,105.5,104.099998,104.449997,54927.0,103.775887,-0.00525183015375319
2017-02-08,2017-02-08,104.449997,106.0,104.25,104.550003,33881.0,103.875244,0.0009569609094244312
2017-02-09,2017-02-09,104.650002,108.349998,104.199997,104.550003,132278.0,103.875244,0.0
2017-02-10,2017-02-10,105.300003,106.849998,104.699997,105.150002,448533.0,104.471367,0.005722431710018404
2017-02-13,2017-02-13,104.599998,105.5,104.25,105.25,84853.0,104.570724,0.0009505933183744377
2017-02-14,2017-02-14,106.199997,108.0,104.25,105.0,373865.0,104.322334,-0.0023781557840640843
2017-02-15,2017-02-15,104.550003,105.349998,102.5,102.900002,43807.0,102.235893,-0.020202651759730017
2017-02-16,2017-02-16,102.849998,103.25,101.349998,102.25,111773.0,101.590088,-0.006336848304518306
2017-02-17,2017-02-17,104.0,104.699997,102.099998,102.699997,262531.0,102.037178,0.0043912657398648145
2017-02-20,2017-02-20,102.25,102.75,101.199997,101.650002,52387.0,100.993958,-0.010276543800247671
2017-02-21,2017-02-21,102.449997,103.349998,101.5,101.800003,42749.0,101.14299,0.0014745649271787895
2017-02-22,2017-02-22,101.699997,103.449997,101.699997,102.25,62746.0,101.590088,0.004410713133204069
2017-02-23,2017-02-23,102.050003,104.349998,102.0,103.050003,89800.0,102.384926,0.007793523408069269
2017-02-27,2017-02-27,102.650002,104.099998,102.0,103.0,105818.0,102.335243,-0.0004853747553852372
2017-02-28,2017-02-28,102.599998,103.099998,102.0,102.449997,177180.0,101.788795,-0.0053540906866214035
2017-03-01,2017-03-01,103.650002,107.400002,103.050003,106.050003,271254.0,105.365562,0.03453581717832943
2017-03-02,2017-03-02,106.849998,107.900002,104.25,107.050003,146165.0,106.359108,0.009385333253681516
2017-03-03,2017-03-03,107.0,110.5,106.0,109.900002,156990.0,109.190712,0.02627482502022982
2017-03-06,2017-03-06,109.900002,111.449997,105.0,105.099998,302613.0,104.421692,-0.04465857310486943
2017-03-07,2017-03-07,106.5,107.5,106.0,106.650002,25121.0,105.961693,0.014640210360167494
2017-03-08,2017-03-08,106.650002,107.0,103.800003,106.199997,221619.0,105.514587,-0.004228433242485785
2017-03-09,2017-03-09,105.949997,110.699997,105.449997,106.699997,203494.0,106.01136,0.004697049419928767
2017-03-10,2017-03-10,107.0,107.599998,104.5,105.25,83790.0,104.570724,-0.013682631002732036
2017-03-14,2017-03-14,107.0,111.900002,106.400002,111.050003,289647.0,110.333298,0.05364213928882844
2017-03-15,2017-03-15,111.050003,111.050003,108.550003,108.949997,55064.0,108.246841,-0.019091582458464096
2017-03-16,2017-03-16,108.5,109.849998,107.849998,108.5,49171.0,107.799751,-0.004138835369541738
2017-03-17,2017-03-17,109.050003,110.0,106.25,107.800003,117139.0,107.104271,-0.006472493362518428
2017-03-20,2017-03-20,108.5,108.5,105.599998,106.150002,97650.0,105.46492,-0.015424469503228622
2017-03-21,2017-03-21,106.5,108.0,105.550003,106.0,87946.0,105.31588,-0.0014141707863188913
2017-03-22,2017-03-22,105.550003,107.0,103.699997,104.300003,108779.0,103.626862,-0.016167633056201502
2017-03-23,2017-03-23,104.5,109.0,104.150002,108.400002,335685.0,107.700394,0.038556660534834634
2017-03-24,2017-03-24,108.25,112.599998,108.25,111.199997,168402.0,110.482323,0.025502292844335802
2017-03-27,2017-03-27,111.0,111.5,110.0,110.550003,44456.0,109.836517,-0.005862484112807209
2017-03-28,2017-03-28,110.099998,114.5,109.650002,113.599998,128974.0,112.866829,0.027215568107841648
2017-03-29,2017-03-29,114.0,117.900002,114.0,116.699997,263539.0,115.946823,0.02692304427975145
2017-03-30,2017-03-30,117.5,121.0,117.25,120.550003,328051.0,119.77198,0.0324581049236059
2017-03-31,2017-03-31,120.550003,121.75,119.0,120.449997,75105.0,119.672623,-0.000829895553773774
