Date,Date.1,FEDERALBNK.NS.Open,FEDERALBNK.NS.High,FEDERALBNK.NS.Low,FEDERALBNK.NS.Close,FEDERALBNK.NS.Volume,FEDERALBNK.NS.Adjusted,log_returns
2013-04-01,2013-04-01,48.400002,49.200001,48.0,48.450001,1633740.0,34.562733,0.007978073776120809
2013-04-02,2013-04-02,48.880001,49.139999,48.599998,48.82,1994550.0,34.826683,0.007607825178862716
2013-04-03,2013-04-03,48.82,49.900002,47.994999,48.080002,2423270.0,34.298790000000004,-0.015273769267464044
2013-04-04,2013-04-04,47.599998,48.16,47.215,47.459999,1333800.0,33.856495,-0.012979219706073408
2013-04-05,2013-04-05,47.459999,48.099998,46.200001,46.525002,3051750.0,33.189503,-0.019897205645754482
2013-04-08,2013-04-08,46.599998,46.805,44.064999,44.560001,5586900.0,31.787729,-0.043153316417943184
2013-04-09,2013-04-09,44.73,45.305,44.18,44.415001,3561610.0,31.68429,-0.003259360367063646
2013-04-10,2013-04-10,44.455002,45.0,43.360001,44.775002,3896660.0,31.941099,0.008072576015530686
2013-04-11,2013-04-11,44.900002,45.084999,44.044998,44.509998,5699010.0,31.752058,-0.0059360083247286255
2013-04-12,2013-04-12,44.244999,44.639999,44.0,44.07,4585470.0,31.438177000000003,-0.009934559716344271
2013-04-15,2013-04-15,44.099998,44.400002,40.59,41.895,21841760.0,29.8866,-0.05061276301176365
2013-04-16,2013-04-16,42.009998,44.169998,41.654999,43.880001,8067170.0,31.302637,0.04629212379104386
2013-04-17,2013-04-17,44.380001,45.849998,43.450001,43.645,7936920.0,31.134996,-0.005369883346993286
2013-04-18,2013-04-18,43.705002,45.505001,43.5,45.215,5765730.0,32.254982,0.03534005207940672
2013-04-22,2013-04-22,44.994999,46.595001,44.605,46.369999,7070540.0,33.078922,0.025223770027203333
2013-04-23,2013-04-23,46.400002,46.404999,44.314999,44.990002,6690400.0,32.094475,-0.03021238501639756
2013-04-25,2013-04-25,45.650002,45.650002,44.400002,45.349998,8629170.0,32.351288000000004,0.00796993774108623
2013-04-26,2013-04-26,45.400002,46.5,45.0,46.150002,3279110.0,32.921986,0.01748686737432204
2013-04-29,2013-04-29,45.099998,45.189999,43.5,44.855,6951880.0,31.998171000000006,-0.02846195714100208
2013-04-30,2013-04-30,45.0,45.950001,43.919998,45.645,9080620.0,32.561733000000004,0.01745901961742824
2013-05-02,2013-05-02,45.645,46.0,44.805,45.174999,5731420.0,32.226448,-0.01035028266051885
2013-05-03,2013-05-03,45.299999,45.299999,44.450001,44.735001,4123700.0,31.912573,-0.009787411803273471
2013-05-06,2013-05-06,44.465,45.025002,44.099998,44.805,2994620.0,31.962498,0.0015632079740930394
2013-05-07,2013-05-07,45.77,45.77,44.02,45.165001,3988960.0,32.219315,0.008002839391951788
2013-05-08,2013-05-08,44.705002,45.349998,44.705002,45.080002,5435170.0,32.15868,-0.001883718743640461
2013-05-09,2013-05-09,45.025002,45.665001,44.455002,44.73,9516220.0,31.908998,-0.00779435970994191
2013-05-10,2013-05-10,44.599998,46.0,44.209999,45.599998,3379460.0,32.529629,0.019263296580824815
2013-05-13,2013-05-13,45.5,45.695,44.455002,44.650002,1699900.0,31.851927000000003,-0.02105345302040229
2013-05-14,2013-05-14,44.5,46.005001,44.5,45.75,2554070.0,32.636635,0.024337547875805218
2013-05-15,2013-05-15,45.799999,47.900002,45.799999,47.77,6767160.0,34.077641,0.043206049663195856
2013-05-16,2013-05-16,47.799999,48.435001,47.099998,48.035,4587700.0,34.266684999999995,0.005532119290498905
2013-05-17,2013-05-17,47.720001,48.599998,47.224998,47.654999,4490680.0,33.995609,-0.007942230155128627
2013-05-20,2013-05-20,48.0,48.264999,46.715,46.895,2925980.0,33.453449,-0.01607647884019414
2013-05-21,2013-05-21,46.799999,47.575001,46.5,46.950001,3333620.0,33.49268,0.0011720171151563539
2013-05-22,2013-05-22,47.0,47.5,46.23,46.380001,1831020.0,33.08606,-0.012214861853078407
2013-05-23,2013-05-23,46.290001,46.290001,44.255001,44.939999,4088970.0,32.058807,-0.03154011062845718
2013-05-24,2013-05-24,44.904999,45.700001,44.5,45.09,1640040.0,32.165817,0.0033323698096241468
2013-05-27,2013-05-27,45.099998,45.799999,44.799999,45.639999,2067200.0,32.558167,0.012123938660671294
2013-05-28,2013-05-28,45.224998,46.419998,45.205002,45.419998,1033680.0,32.401226,-0.0048319818922997184
2013-05-29,2013-05-29,45.25,45.595001,44.814999,44.924999,4135870.0,32.048111,-0.010958019116428463
2013-05-30,2013-05-30,44.52,45.974998,44.52,45.09,6516200.0,32.165817,0.0036660623480568866
2013-05-31,2013-05-31,44.705002,45.549999,44.599998,45.035,2780480.0,32.126579,-0.0012206110617403176
2013-06-03,2013-06-03,45.009998,46.095001,44.529999,45.849998,2884920.0,32.707973,0.0179351770548215
2013-06-04,2013-06-04,45.900002,47.0,45.400002,45.755001,2581280.0,32.640205,-0.0020740600998321312
2013-06-05,2013-06-05,45.740002,46.0,45.110001,45.895,835410.0,32.740074,0.003055021459128504
2013-06-06,2013-06-06,45.610001,46.200001,45.205002,45.290001,2124920.0,32.308487,-0.01326988104015836
2013-06-07,2013-06-07,44.805,45.514999,44.619999,44.915001,3814220.0,32.040974,-0.00831442989368103
2013-06-10,2013-06-10,45.09,45.285,43.349998,44.224998,14517660.0,31.548746,-0.015481679475646716
2013-06-11,2013-06-11,43.674999,44.18,42.105,42.43,13602010.0,30.268251,-0.041434500378958905
2013-06-12,2013-06-12,42.400002,42.970001,41.830002,42.264999,13218210.0,30.150543,-0.003896408422855657
2013-06-13,2013-06-13,42.200001,42.740002,41.014999,42.18,8799550.0,30.089911,-0.0020130001169733625
2013-06-14,2013-06-14,42.099998,43.200001,42.064999,42.415001,6918950.0,30.257551,0.005555840317421179
2013-06-17,2013-06-17,42.505001,43.48,42.404999,43.220001,2237850.0,30.831814,0.018801305798794576
2013-06-18,2013-06-18,43.0,43.75,42.955002,43.459999,3543330.0,31.003019,0.005537507879596504
2013-06-19,2013-06-19,43.799999,44.599998,43.334999,44.23,4311010.0,31.552317,0.017562438436343975
2013-06-20,2013-06-20,43.799999,43.799999,42.845001,43.029999,5909060.0,30.696272,-0.027505811281664183
2013-06-21,2013-06-21,43.0,43.0,41.439999,41.605,2219100.0,29.679722,-0.03367716231629103
2013-06-24,2013-06-24,41.400002,41.549999,39.5,40.064999,4592340.0,28.581133,-0.037717236855471466
2013-06-25,2013-06-25,40.299999,41.970001,39.005001,40.985001,3484480.0,29.237434000000004,0.02270305970978104
2013-06-26,2013-06-26,41.549999,41.549999,40.0,40.299999,2892900.0,28.748775,-0.0168547168928721
2013-06-27,2013-06-27,40.535,41.200001,39.0,39.84,8132040.0,28.420624,-0.011480078843259632
2013-06-28,2013-06-28,40.209999,41.200001,40.209999,40.924999,1936510.0,29.194632,0.02686977796128831
2013-07-01,2013-07-01,40.904999,42.095001,40.740002,41.759998,2525080.0,29.790293,0.020197745434136216
2013-07-02,2013-07-02,41.759998,42.439999,41.215,41.509998,2635680.0,29.61195,-0.0060046061173300025
2013-07-03,2013-07-03,41.209999,41.255001,39.825001,40.09,3444220.0,28.598965000000003,-0.034807467714978564
2013-07-04,2013-07-04,40.115002,41.0,39.424999,40.044998,3429310.0,28.566866,-0.0011230136188697948
2013-07-05,2013-07-05,40.240002,40.48,39.535,39.630001,2780130.0,28.270819,-0.010417372814804704
2013-07-08,2013-07-08,39.599998,40.0,38.41,39.705002,3245990.0,28.32432,0.001890657638882853
2013-07-09,2013-07-09,39.240002,40.055,38.814999,39.810001,2460700.0,36.723373,0.2596926192671454
2013-07-10,2013-07-10,39.814999,40.599998,39.125,39.57,1798800.0,36.501984,-0.006046803556554625
2013-07-11,2013-07-11,40.119999,40.900002,40.0,40.080002,3405810.0,36.97244600000001,0.012806317237134213
2013-07-12,2013-07-12,40.099998,40.560001,39.424999,39.59,11492160.0,36.520432,-0.012301047721196223
2013-07-15,2013-07-15,39.5,40.25,39.5,39.884998,4068410.0,36.792557,0.007423684492189332
2013-07-16,2013-07-16,39.52,39.525002,38.400002,38.560001,2055310.0,35.570293,-0.033784746078670665
2013-07-17,2013-07-17,38.305,38.400002,36.57,36.799999,4969580.0,33.946746999999995,-0.04671779116961439
2013-07-18,2013-07-18,36.849998,38.150002,36.220001,37.924999,2698080.0,34.984524,0.030112760238800718
2013-07-19,2013-07-19,38.18,38.959999,37.509998,38.220001,4115940.0,35.25665700000001,0.007748570217760875
2013-07-22,2013-07-22,37.5,38.345001,36.255001,38.014999,5482790.0,35.067543,-0.005378360674451077
2013-07-23,2013-07-23,38.02,38.404999,37.709999,37.84,1348640.0,34.906116,-0.00461394440950702
2013-07-24,2013-07-24,37.509998,37.509998,34.720001,34.904999,4947260.0,32.198677,-0.08073669265828354
2013-07-25,2013-07-25,34.605,35.43,34.200001,34.759998,4466410.0,32.064922,-0.004162704710746201
2013-07-26,2013-07-26,34.904999,35.099998,33.455002,34.764999,6175920.0,32.069534000000004,0.00014382284642611154
2013-07-29,2013-07-29,34.700001,34.775002,33.810001,34.0,3259150.0,31.363848,-0.022250590849119067
2013-07-30,2013-07-30,34.0,34.400002,33.5,33.720001,2634800.0,31.105556,-0.008269439289361191
2013-07-31,2013-07-31,33.98,35.450001,32.150002,34.965,4456550.0,32.254025,0.0362563889087375
2013-08-01,2013-08-01,35.0,35.575001,33.900002,34.759998,2180500.0,32.064922,-0.0058801816166833545
2013-08-02,2013-08-02,35.099998,35.49000200000001,34.400002,34.950001,3070830.0,32.240192,0.005451212916679715
2013-08-05,2013-08-05,34.630001,36.200001,34.035,35.645,1660500.0,32.881302000000005,0.01969029498844144
2013-08-06,2013-08-06,35.299999,35.599998,33.619999,33.895,2497320.0,31.266985,-0.0503414194152092
2013-08-07,2013-08-07,34.23,34.389999,33.055,33.34,3062820.0,30.755018,-0.01650958059806662
2013-08-08,2013-08-08,33.119999,33.700001,31.610001,31.795,5668550.0,29.329807,-0.04744886525635339
2013-08-12,2013-08-12,32.200001,33.395,30.860001,33.064999,3747550.0,30.501339,0.03916628161456703
2013-08-13,2013-08-13,32.900002,34.490002000000004,32.349998,34.134998,4958810.0,31.48838,0.03184800459739323
2013-08-14,2013-08-14,34.400002,34.575001,32.619999,32.805,2981770.0,30.261501000000006,-0.039742278319574435
2013-08-16,2013-08-16,32.740002000000004,33.0,30.355,31.01,5219690.0,28.605673,-0.05627125576779468
2013-08-19,2013-08-19,31.0,31.67,29.424999,29.575001,5281830.0,27.281933,-0.04738036656285649
2013-08-20,2013-08-20,29.395,30.02,28.105,29.700001,5748980.0,27.397243,0.004217699657263374
2013-08-21,2013-08-21,31.0,32.400002,28.025,28.690001,5797110.0,26.465549,-0.034598538419334364
2013-08-22,2013-08-22,27.809999,28.195,27.174999,27.74,5073240.0,25.589209,-0.03367311029211928
2013-08-23,2013-08-23,27.49,28.99,27.025,28.555,6900310.0,26.341019,0.02895664279330035
2013-08-26,2013-08-26,28.625,29.5,28.139999,28.76,2026790.0,26.530125,0.007153497810401087
2013-08-27,2013-08-27,28.389999,28.48,26.51,26.74,3317180.0,24.666742000000006,-0.07282502120028989
2013-08-28,2013-08-28,26.290001,26.290001,23.9,25.725,10538530.0,23.730438,-0.038697330659572586
2013-08-29,2013-08-29,25.83,27.77,25.125,27.014999,6628610.0,24.92042,0.04892901978393294
2013-08-30,2013-08-30,26.98,27.4,25.35,25.615,10796150.0,23.628967000000006,-0.05321417308229215
2013-09-02,2013-09-02,25.77,26.389999,24.57,24.805,9427670.0,22.881773000000006,-0.03213271985947275
2013-09-03,2013-09-03,24.969999,25.065001,22.705,23.01,10419840.0,21.225945,-0.07511640059355518
2013-09-04,2013-09-04,23.0,24.66,22.315001,24.415001,7963470.0,22.522009,0.0592687547095343
2013-09-05,2013-09-05,25.325001,27.9,25.325001,27.455,19781310.0,25.326307,0.11735064900095392
2013-09-06,2013-09-06,27.785,28.639999,26.549999,28.075001,7942490.0,25.898235,0.0223311617802735
2013-09-10,2013-09-10,29.0,29.49,28.299999,28.625,6118340.0,26.405592,0.01940098623853226
2013-09-11,2013-09-11,28.59,30.08,27.870001,29.860001,8926460.0,27.544838,0.04223934371843052
2013-09-12,2013-09-12,30.0,30.290001,28.9,29.66,7606460.0,27.360344,-0.006720483847491021
2013-09-13,2013-09-13,29.4,30.549999,29.299999,30.07,5204910.0,27.738556,0.013728692962542866
2013-09-16,2013-09-16,30.690001,31.32,29.16,30.105,4937640.0,27.770840000000003,0.001163190593536978
2013-09-17,2013-09-17,30.125,30.219999,29.41,29.59,2197200.0,27.295771,-0.017254767564347517
2013-09-18,2013-09-18,29.620001,30.0,29.105,29.57,5331830.0,27.277321,-0.0006761574258220547
2013-09-19,2013-09-19,31.389999,32.035,31.0,31.635,12021940.0,29.182213,0.06750375549450237
2013-09-20,2013-09-20,31.895,32.200001,28.84,30.530001,12018300.0,28.162888,-0.03555429698570434
2013-09-23,2013-09-23,30.139999,30.485001,29.0,29.610001,5388170.0,27.314219,-0.03059767375904698
2013-09-24,2013-09-24,29.5,30.334999,29.0,30.02,4714880.0,27.692432,0.013751753777047071
2013-09-25,2013-09-25,30.110001,30.280001,29.115,30.004999,4820520.0,27.678593,-0.0004998643347544629
2013-09-26,2013-09-26,29.799999,30.6,29.4,30.049999,7539340.0,27.720104,0.0014986275857382658
2013-09-27,2013-09-27,29.764999,30.299999,29.43,29.629999,3619340.0,27.332668,-0.014075309281945891
2013-09-30,2013-09-30,29.424999,29.68,28.145,28.459999,4377180.0,26.253382,-0.04028779800251403
2013-10-01,2013-10-01,28.139999,29.24,27.83,28.559999,5623500.0,26.345631,0.003507635954392629
2013-10-03,2013-10-03,28.65,29.375,28.620001,29.084999,7785730.0,26.829926,0.0182154515387829
2013-10-04,2013-10-04,28.775,29.5,28.6,28.92,3685070.0,26.677719,-0.0056891836872172705
2013-10-07,2013-10-07,28.9,29.23,28.495001,29.125,2551150.0,26.866823,0.007063457046189381
2013-10-08,2013-10-08,30.299999,30.4,29.215,29.389999,4814320.0,27.111277,0.009057587104617236
2013-10-09,2013-10-09,29.299999,30.43,28.83,30.295,4044000.0,27.946108,0.030328174456073945
2013-10-10,2013-10-10,30.299999,31.4,30.25,31.280001,7270140.0,28.854738,0.031996266992742495
2013-10-11,2013-10-11,31.700001,33.099998,31.315001,32.619999,9799460.0,30.090843,0.041946697962119917
2013-10-14,2013-10-14,32.599998,34.990002000000004,32.599998,34.764999,10083380.0,32.069534000000004,0.06368557668377095
2013-10-15,2013-10-15,34.990002000000004,35.555,33.25,33.470001,7842530.0,30.874941,-0.03796159887028727
2013-10-17,2013-10-17,34.450001,35.799999,33.525002,34.375,6472970.0,31.709772,0.026680014348432483
2013-10-18,2013-10-18,34.799999,35.950001,34.625,35.674999,6069636.0,32.908978000000005,0.03712060971871445
2013-10-21,2013-10-21,36.25,42.5,36.25,39.200001,29875016.0,36.160671,0.09422658368544834
2013-10-22,2013-10-22,39.5,40.0,38.575001,39.450001,8367090.0,36.391289,0.0063573410481749795
2013-10-23,2013-10-23,39.650002,40.125,38.5,39.174999,4785602.0,36.137604,-0.006995447580667058
2013-10-24,2013-10-24,39.900002,41.700001,38.875,41.075001,19220878.0,37.890293,0.04736097267642414
2013-10-25,2013-10-25,41.599998,41.849998,39.775002,40.150002,9602326.0,37.03701,-0.022777274934127508
2013-10-28,2013-10-28,40.150002,40.450001,37.599998,38.150002,5065530.0,35.192081,-0.051096597274303164
2013-10-29,2013-10-29,38.150002,40.375,37.625,39.900002,9048440.0,36.806393,0.04485046720967123
2013-10-30,2013-10-30,40.0,40.575001,38.825001,39.875,5684548.0,36.783333,-0.0006267179403489642
2013-10-31,2013-10-31,39.650002,41.375,39.5,41.049999,7287522.0,37.867233,0.029041338520456875
2013-11-01,2013-11-01,41.150002,42.375,40.875,41.450001,8725052.0,38.236221,0.009697086585089831
2013-11-05,2013-11-05,41.625,43.25,40.549999,42.724998,10950644.0,39.412357,0.03029613649597307
2013-11-06,2013-11-06,43.0,43.25,40.25,40.650002,6692172.0,37.498245,-0.049785264692868925
2013-11-07,2013-11-07,41.25,42.950001,39.075001,39.424999,15076352.0,36.36822100000001,-0.03059878801869953
2013-11-08,2013-11-08,39.5,39.875,38.5,39.025002,6516364.0,35.999237,-0.01019760007545134
2013-11-11,2013-11-11,39.0,39.349998,38.025002,38.150002,3979892.0,35.192081,-0.022676658083822243
2013-11-12,2013-11-12,38.150002,38.799999,37.25,37.400002,4869306.0,34.500233,-0.019855008065541302
2013-11-13,2013-11-13,37.275002,37.950001,36.650002,36.900002,4593946.0,34.038998,-0.013459210323466751
2013-11-14,2013-11-14,37.5,38.049999,37.400002,37.825001,3220894.0,34.892277,0.024758648007758843
2013-11-18,2013-11-18,38.400002,39.275002,38.099998,39.075001,3327094.0,36.045364,0.03251274097156465
2013-11-19,2013-11-19,39.075001,39.375,38.575001,38.75,2353396.0,35.745556,-0.00835230257268593
2013-11-20,2013-11-20,39.25,39.950001,38.599998,39.400002,5080426.0,36.345161,0.016635118976176866
2013-11-21,2013-11-21,38.950001,39.400002,38.25,38.900002,3208114.0,35.883934,-0.01277139826153606
2013-11-22,2013-11-22,39.0,39.5,38.400002,38.825001,2587992.0,35.814747,-0.0019299384733408864
2013-11-25,2013-11-25,39.125,39.700001,38.875,39.525002,3726858.0,36.460468,0.017868869190609704
2013-11-26,2013-11-26,39.450001,40.099998,39.025002,39.075001,4007536.0,36.045364,-0.011450348859223693
2013-11-27,2013-11-27,38.875,39.424999,38.599998,38.950001,1507108.0,35.930054,-0.0032041522469064
2013-11-28,2013-11-28,39.150002,39.349998,37.900002,38.174999,4828178.0,35.215141,-0.02009797188171092
2013-11-29,2013-11-29,38.25,39.700001,38.25,39.424999,8811850.0,36.36822100000001,0.03221921169757547
2013-12-02,2013-12-02,39.525002,40.25,39.400002,39.674999,2652318.0,36.598839,0.006321174730202106
2013-12-03,2013-12-03,39.5,39.775002,39.325001,39.575001,1398480.0,36.506596,-0.002523562002006763
2013-12-04,2013-12-04,39.25,39.599998,38.549999,38.900002,5779702.0,35.883934,-0.017203282155198618
2013-12-05,2013-12-05,40.099998,40.25,39.049999,39.174999,6776616.0,36.137604,0.007044310799736221
2013-12-06,2013-12-06,39.099998,39.700001,38.924999,39.474998,3599730.0,36.414349,0.007628915026447468
2013-12-09,2013-12-09,40.974998,41.549999,40.075001,41.25,8380192.0,38.051723,0.0439834655437763
2013-12-10,2013-12-10,41.400002,41.450001,39.875,40.125,3508712.0,37.013947,-0.027651578241572942
2013-12-11,2013-12-11,40.025002,40.5,39.5,40.275002,2092784.0,37.152321,0.0037314580951379743
2013-12-12,2013-12-12,40.299999,40.325001,39.299999,39.474998,1398786.0,36.414349,-0.020063345397341337
2013-12-13,2013-12-13,39.049999,39.349998,38.299999,38.525002,3650324.0,35.53801,-0.024360072349912887
2013-12-16,2013-12-16,38.525002,38.875,38.224998,38.575001,1245778.0,35.584126,0.0012968116273350814
2013-12-17,2013-12-17,38.974998,40.200001,38.625,39.200001,3538448.0,36.160671,0.016072452228622414
2013-12-18,2013-12-18,39.0,40.349998,38.950001,40.025002,3550348.0,36.921707,0.020827551901030358
2013-12-19,2013-12-19,40.25,40.5,39.025002,39.200001,1365408.0,36.160671,-0.020827551901030358
2013-12-20,2013-12-20,39.25,40.0,39.075001,39.775002,1134842.0,36.691086,0.01456174550727285
2013-12-23,2013-12-23,39.924999,42.325001,39.75,41.825001,7422180.0,38.582146,0.05025579333157637
2013-12-24,2013-12-24,42.325001,42.450001,40.75,41.075001,6067210.0,37.890293,-0.018094672694917158
2013-12-26,2013-12-26,41.275002,43.0,41.150002,42.049999,8017616.0,38.789696,0.023459686438086717
2013-12-27,2013-12-27,42.224998,42.650002,41.650002,42.174999,3554112.0,38.905006,0.0029682869409484174
2013-12-30,2013-12-30,42.474998,42.525002,41.099998,41.25,2422672.0,38.051723,-0.0221765654852355
2013-12-31,2013-12-31,41.5,42.200001,41.25,42.025002,2061066.0,38.76664,0.01861371717462168
2014-01-01,2014-01-01,42.224998,43.5,42.0,43.150002,6507148.0,39.804413,0.026417702560621148
2014-01-02,2014-01-02,43.400002,44.799999,41.099998,41.349998,12289842.0,38.143967,-0.04261017924081845
2014-01-03,2014-01-03,41.299999,42.375,41.075001,41.974998,4616388.0,38.720509,0.015001801683236947
2014-01-06,2014-01-06,41.5,43.625,41.325001,42.349998,4175318.0,39.066433,0.008894199245116585
2014-01-07,2014-01-07,42.599998,42.849998,40.799999,41.049999,5354438.0,37.867233,-0.03117743373522908
2014-01-08,2014-01-08,41.275002,42.075001,40.525002,41.549999,3333130.0,38.328465,0.01210665813694023
2014-01-09,2014-01-09,41.900002,42.474998,40.75,40.875,8130772.0,37.705795,-0.01637903546085484
2014-01-10,2014-01-10,41.0,41.450001,38.674999,38.950001,5870828.0,35.930054,-0.04823969212245549
2014-01-13,2014-01-13,39.224998,40.200001,39.075001,39.875,5531174.0,36.783333,0.02347073092591323
2014-01-14,2014-01-14,39.799999,40.450001,39.75,40.025002,2857634.0,36.921707,0.0037548086962067018
2014-01-15,2014-01-15,40.150002,41.025002,40.150002,40.950001,3051458.0,37.774986,0.022847493874480932
2014-01-16,2014-01-16,41.099998,41.349998,40.700001,40.775002,1901290.0,37.613552,-0.004282726553163307
2014-01-17,2014-01-17,40.950001,41.799999,39.025002,39.724998,15771902.0,36.644962,-0.02608845458920417
2014-01-20,2014-01-20,40.5,41.5,40.0,41.299999,4704764.0,38.097847,0.038881814948718674
2014-01-21,2014-01-21,42.5,42.825001,41.5,41.75,9656476.0,38.512955,0.01083690684938965
2014-01-22,2014-01-22,41.5,42.0,41.200001,41.900002,3016624.0,38.651329,0.003586481754270121
2014-01-23,2014-01-23,41.900002,42.224998,41.450001,41.875,3031320.0,38.628269,-0.0005967940124227411
2014-01-24,2014-01-24,42.150002,42.150002,40.549999,40.775002,2474540.0,37.613552,-0.02661995495075153
2014-01-27,2014-01-27,40.0,40.400002,37.599998,39.924999,3610734.0,36.829456,-0.02106645120966899
2014-01-28,2014-01-28,39.924999,40.974998,39.375,39.924999,3077704.0,36.829456,0.0
2014-01-29,2014-01-29,40.099998,40.549999,39.125,39.375,3434800.0,36.322102,-0.01387153327264512
2014-01-30,2014-01-30,38.5,39.0,37.549999,38.575001,6320470.0,35.584126,-0.020526786968656285
2014-01-31,2014-01-31,38.599998,39.849998,38.549999,39.625,3420182.0,36.552719,0.026855935134651787
2014-02-03,2014-02-03,39.474998,39.825001,38.5,38.599998,1582226.0,35.607189,-0.026208019000308447
2014-02-04,2014-02-04,38.25,39.174999,37.099998,38.325001,5194592.0,35.353512,-0.007149818902189242
2014-02-05,2014-02-05,38.450001,38.900002,37.950001,38.375,1871242.0,35.39963200000001,0.0013036878342012061
2014-02-06,2014-02-06,38.575001,39.049999,38.025002,38.450001,3017934.0,35.468819,0.0019525478828641414
2014-02-07,2014-02-07,38.625,39.125,38.525002,39.0,2255650.0,35.976177,0.014202996914600696
2014-02-10,2014-02-10,38.799999,39.5,38.674999,39.0,3915510.0,35.976177,0.0
2014-02-11,2014-02-11,39.25,39.325001,38.875,39.049999,1347428.0,36.02229699999999,0.0012811384393542902
2014-02-12,2014-02-12,39.25,39.349998,38.674999,38.799999,1377620.0,35.79167899999999,-0.00642267161930965
2014-02-13,2014-02-13,38.900002,39.025002,37.700001,37.974998,1351002.0,35.030646999999995,-0.02149212930119226
2014-02-14,2014-02-14,38.0,38.049999,36.875,37.200001,4370284.0,34.315735,-0.02061931158614705
2014-02-17,2014-02-17,37.549999,37.549999,36.75,37.125,1533642.0,34.246555,-0.0020180196279149247
2014-02-18,2014-02-18,37.325001,37.549999,37.0,37.150002,7011492.0,34.269619,0.0006732425214268645
2014-02-19,2014-02-19,37.25,37.450001,36.849998,37.125,1447296.0,34.246555,-0.0006732425214268645
2014-02-20,2014-02-20,36.875,36.875,36.174999,36.299999,2069528.0,33.485519000000004,-0.022472898988449064
2014-02-21,2014-02-21,36.5,36.825001,36.25,36.724998,2326914.0,33.877563,0.011639860135082005
2014-02-24,2014-02-24,36.650002,37.049999,36.349998,36.875,2563128.0,34.015934,0.004076125039891743
2014-02-25,2014-02-25,37.474998,37.900002,36.700001,37.599998,8092090.0,34.684719,0.019470153425406256
2014-02-26,2014-02-26,37.75,37.825001,37.025002,37.549999,7708350.0,34.638599,-0.0013305770160734198
2014-02-28,2014-02-28,37.900002,38.549999,37.349998,38.400002,4977256.0,35.42269500000001,0.022384078113161454
2014-03-03,2014-03-03,38.049999,40.375,38.049999,39.825001,9735596.0,36.737213,0.03643750311676275
2014-03-04,2014-03-04,40.0,40.25,39.599998,39.825001,3837522.0,36.737213,0.0
2014-03-05,2014-03-05,40.099998,40.875,39.575001,40.325001,3519034.0,37.198444,0.012476712913791932
2014-03-06,2014-03-06,40.325001,41.575001,40.049999,40.424999,5153972.0,37.290691,0.0024767920088590856
2014-03-07,2014-03-07,40.849998,43.0,40.5,42.125,12571216.0,38.858883,0.041192974870029264
2014-03-10,2014-03-10,41.775002,43.200001,41.549999,42.950001,7149742.0,39.619919,0.01939529752011904
2014-03-11,2014-03-11,43.224998,44.224998,42.25,42.400002,7882122.0,39.112564,-0.01288825154711537
2014-03-12,2014-03-12,42.125,42.950001,41.75,42.650002,4218382.0,39.343178,0.005878847317107638
2014-03-13,2014-03-13,42.674999,43.375,41.325001,41.700001,4058974.0,38.466831,-0.022526255122480517
2014-03-14,2014-03-14,41.200001,42.0,40.775002,41.75,2195318.0,38.512955,0.0011983407051712194
2014-03-18,2014-03-18,41.900002,43.25,41.900002,42.974998,5759720.0,39.642982,0.028919255476776762
2014-03-19,2014-03-19,43.25,43.849998,42.625,43.099998,4226574.0,39.758286,0.0029043385314917462
2014-03-20,2014-03-20,43.075001,43.099998,41.900002,42.049999,2041116.0,38.789696,-0.02466362785750187
2014-03-21,2014-03-21,42.200001,43.450001,42.099998,42.974998,4941854.0,39.642982,0.021759289326010126
2014-03-24,2014-03-24,46.5,47.424999,45.275002,45.700001,13635008.0,42.1567,0.0614796942490492
2014-03-25,2014-03-25,45.474998,46.25,45.099998,45.75,5686852.0,42.20282,0.0010934155290338587
2014-03-26,2014-03-26,46.0,46.775002,45.75,46.049999,7057144.0,42.479561,0.006535999151482841
2014-03-27,2014-03-27,46.325001,48.25,46.0,47.025002,17889110.0,43.378971,0.020951741903483256
2014-03-28,2014-03-28,47.5,48.5,47.5,48.174999,7916204.0,44.4398,0.02416067980244252
2014-03-31,2014-03-31,48.5,48.875,46.650002,47.875,10294986.0,44.163067,-0.00624661276134164
2014-04-01,2014-04-01,47.875,48.099998,46.650002,46.900002,3742418.0,43.26366,-0.020575829888107574
2014-04-02,2014-04-02,47.375,48.0,46.625,47.849998,9840314.0,44.140003,0.02005344713234392
2014-04-03,2014-04-03,48.200001,48.325001,46.25,46.924999,9156498.0,43.286716,-0.0195206706936748
2014-04-04,2014-04-04,46.900002,47.375,46.299999,47.200001,4001544.0,43.540398,0.00584339868389705
2014-04-07,2014-04-07,47.25,47.5,46.099998,46.525002,4620000.0,42.917736,-0.014404029714194966
2014-04-09,2014-04-09,46.674999,49.0,46.625,48.75,7291792.0,44.970219,0.046715303613854335
2014-04-10,2014-04-10,49.0,49.950001,48.450001,49.125,6876254.0,45.316143,0.007662855940554269
2014-04-11,2014-04-11,48.400002,49.0,47.825001,48.674999,5213878.0,44.901031,-0.009202570001920485
2014-04-15,2014-04-15,48.525002,48.849998,46.450001,46.674999,4497858.0,43.056107,-0.04195667750556797
2014-04-16,2014-04-16,46.950001,47.700001,45.099998,45.424999,6389854.0,41.903019,-0.027146202278697903
2014-04-17,2014-04-17,45.700001,47.5,45.424999,47.200001,5088714.0,43.540398,0.03833131994597272
2014-04-21,2014-04-21,47.400002,48.049999,46.349998,47.900002,6869678.0,44.186123,0.01472158372772858
2014-04-22,2014-04-22,48.0,48.150002,46.549999,46.700001,5090834.0,43.079166,-0.02537128774278541
2014-04-23,2014-04-23,46.700001,47.950001,46.5,47.349998,10459404.0,43.678764,0.01382254156367635
2014-04-24,2014-04-24,47.349998,47.349998,47.349998,47.349998,0.0,43.678764,0.0
2014-04-25,2014-04-25,47.150002,48.099998,46.650002,47.049999,3542736.0,43.402031,-0.006355797086567971
2014-04-28,2014-04-28,47.049999,47.674999,46.275002,47.375,7229528.0,43.701832,0.006883786173204509
2014-04-29,2014-04-29,47.674999,47.825001,45.724998,46.125,8552492.0,42.548748,-0.026739593039962983
2014-04-30,2014-04-30,47.25,47.474998,43.375,45.224998,15306840.0,41.718525,-0.019705155618014558
2014-05-02,2014-05-02,45.674999,46.450001,45.5,46.200001,4226816.0,42.617931,0.02132980544655361
2014-05-05,2014-05-05,46.174999,46.900002,46.150002,46.450001,4214588.0,42.848549,0.005396701951856375
2014-05-06,2014-05-06,46.650002,46.950001,46.0,46.150002,5631824.0,42.571808,-0.006479531998011989
2014-05-07,2014-05-07,46.200001,46.450001,45.5,45.724998,2236248.0,42.17976,-0.009251765028036374
2014-05-08,2014-05-08,45.724998,46.25,45.5,46.0,2547002.0,42.433437,0.005996174806170984
2014-05-09,2014-05-09,46.0,47.875,45.799999,47.650002,6312224.0,43.955509,0.035241303320934225
2014-05-12,2014-05-12,47.799999,49.5,47.625,49.049999,8677494.0,45.24696,0.02895752230754045
2014-05-13,2014-05-13,50.025002,52.450001,49.75,51.349998,13496202.0,47.368629,0.045824688579574335
2014-05-14,2014-05-14,51.549999,53.174999,51.125,52.099998,10347698.0,48.060478,0.014500002011585522
2014-05-15,2014-05-15,52.200001,52.700001,50.5,51.174999,10484902.0,47.207203,-0.017913689279207556
2014-05-16,2014-05-16,52.424999,56.224998,52.174999,53.700001,31039554.0,49.53643,0.04816187160452934
2014-05-19,2014-05-19,54.5,58.474998,54.099998,57.474998,22992196.0,53.018734,0.06793696430868977
2014-05-20,2014-05-20,58.5,59.5,57.5,58.174999,25389572.0,53.664463,0.012105690567648876
2014-05-21,2014-05-21,58.950001,60.424999,57.825001,59.575001,18076970.0,54.95591700000001,0.02378034139993268
2014-05-22,2014-05-22,60.424999,62.75,59.650002,62.299999,21608430.0,57.469635,0.044725366598343363
2014-05-23,2014-05-23,62.474998,63.650002,60.875,63.200001,18387942.0,58.299854,0.014342867705390285
2014-05-26,2014-05-26,64.099998,64.650002,57.174999,60.275002,14034166.0,55.601639,-0.047386909825823935
2014-05-27,2014-05-27,60.5,61.349998,57.575001,59.075001,6533324.0,54.494682,-0.020109560312816743
2014-05-28,2014-05-28,59.575001,60.0,58.099998,58.375,3801098.0,53.84895699999999,-0.011920084128210108
2014-05-29,2014-05-29,58.0,59.900002,57.349998,57.950001,6430970.0,53.456905000000006,-0.00730721951576907
2014-05-30,2014-05-30,58.5,59.099998,57.150002,58.150002,5087302.0,53.641403,0.003445398642733189
2014-06-02,2014-06-02,58.950001,59.424999,58.049999,58.900002,9167964.0,54.333252,0.012815201279757105
2014-06-03,2014-06-03,58.950001,59.799999,57.549999,57.924999,8808352.0,53.433846,-0.01669204979335337
2014-06-04,2014-06-04,57.924999,61.5,57.674999,61.150002,15716814.0,56.40880600000001,0.05418091565636063
2014-06-05,2014-06-05,61.974998,62.625,59.849998,61.025002,16405532.0,56.293491,-0.002046365394685168
2014-06-06,2014-06-06,61.849998,63.825001,60.099998,63.349998,15476530.0,58.438225,0.03739129771572003
2014-06-09,2014-06-09,64.375,64.650002,62.799999,63.75,11227152.0,58.807213,0.006294304060191713
2014-06-10,2014-06-10,63.75,64.199997,61.375,62.775002,8772916.0,57.90780600000001,-0.015412323304669684
2014-06-11,2014-06-11,62.825001,66.099998,61.5,63.150002,17756280.0,58.25373100000001,0.005955947752164903
2014-06-12,2014-06-12,63.5,65.0,61.75,63.200001,10143392.0,58.299854,0.0007914471684005164
2014-06-13,2014-06-13,63.599998,64.400002,60.400002,61.400002,8319160.0,56.639416,-0.02889445046730188
2014-06-16,2014-06-16,60.849998,61.200001,57.5,59.549999,14293972.0,54.93285,-0.03059360837298009
2014-06-17,2014-06-17,59.25,62.849998,58.849998,62.549999,14450536.0,57.700249,0.04914995870448813
2014-06-18,2014-06-18,62.849998,64.574997,61.450001,63.224998,15759490.0,58.322914,0.010733563229252674
2014-06-19,2014-06-19,63.75,63.950001,60.0,61.375,9599816.0,56.616348,-0.029697274731693923
2014-06-20,2014-06-20,61.0,63.150002,60.549999,61.599998,5816502.0,56.82390600000001,0.003659340036622716
2014-06-23,2014-06-23,61.799999,64.300003,61.275002,63.400002,9073656.0,58.484348,0.02880204541934717
2014-06-24,2014-06-24,63.75,66.474998,63.625,66.125,15909054.0,60.99807,0.04208306144563334
2014-06-25,2014-06-25,66.300003,67.375,65.400002,65.849998,12585396.0,60.744385,-0.004167574363124871
2014-06-26,2014-06-26,66.199997,66.275002,64.5,64.675003,17344200.0,59.660496,-0.018004557135270716
2014-06-27,2014-06-27,65.275002,65.974998,64.300003,65.574997,6406650.0,60.49070699999999,0.013819657102695615
2014-06-30,2014-06-30,65.75,67.949997,65.599998,66.849998,13298792.0,61.666851,0.019256775662121584
2014-07-01,2014-07-01,67.324997,67.349998,65.175003,65.650002,7454296.0,60.559895,-0.01811365028494727
2014-07-02,2014-07-02,66.474998,66.599998,65.050003,65.400002,9910378.0,60.32928100000001,-0.0038153007138488353
2014-07-03,2014-07-03,65.75,66.824997,65.25,65.724998,7640580.0,60.629078,0.004957038378633705
2014-07-04,2014-07-04,65.400002,65.599998,63.674999,64.525002,7991076.0,61.39021700000001,0.01247587723603516
2014-07-07,2014-07-07,63.900002,64.974998,63.125,63.325001,7520776.0,60.248512,-0.01877261524045881
2014-07-08,2014-07-08,63.5,63.700001,58.5,59.275002,9527770.0,56.395275,-0.06609249657153704
2014-07-09,2014-07-09,59.450001,60.275002,56.099998,58.049999,10099802.0,55.229786,-0.020882969198999568
2014-07-10,2014-07-10,57.5,61.924999,56.049999,59.375,12378098.0,56.490414,0.02256855084125053
2014-07-11,2014-07-11,59.299999,60.075001,56.200001,56.674999,8137120.0,53.921589,-0.046540024286662714
2014-07-14,2014-07-14,56.125,59.099998,55.5,58.5,8516850.0,55.65792800000001,0.03169359363534596
2014-07-15,2014-07-15,59.625,62.599998,58.825001,62.0,14407478.0,58.987888,0.0581076053058851
2014-07-16,2014-07-16,63.375,64.449997,61.924999,62.549999,26115506.0,59.511166,0.008831824114837517
2014-07-17,2014-07-17,62.900002,63.400002,61.924999,62.224998,12118180.0,59.201954,-0.005209410708464368
2014-07-18,2014-07-18,61.849998,63.400002,60.575001,63.049999,11448500.0,59.986874,0.013171223520510368
2014-07-21,2014-07-21,63.5,64.050003,62.275002,62.724998,7845170.0,59.677666,-0.00516792507085917
2014-07-22,2014-07-22,63.299999,63.299999,61.25,61.825001,6289102.0,58.821388,-0.014452316288378063
2014-07-23,2014-07-23,62.5,63.224998,61.5,62.224998,7504234.0,59.201954,0.006449017838726867
2014-07-24,2014-07-24,62.075001,62.849998,61.575001,61.875,6087924.0,58.868961,-0.005640574274827337
2014-07-25,2014-07-25,61.25,62.150002,58.625,59.174999,11924476.0,56.300133,-0.044617076339741324
2014-07-28,2014-07-28,59.200001,60.150002,59.025002,59.799999,4684988.0,56.894768000000006,0.010506488626253585
2014-07-30,2014-07-30,59.849998,60.099998,57.700001,59.849998,7506608.0,56.942337,0.0008357380973231798
2014-07-31,2014-07-31,59.375,61.349998,59.375,59.974998,18306958.0,57.061264,0.002086373449560419
2014-08-01,2014-08-01,59.0,60.75,58.450001,58.924999,8485070.0,56.062279,-0.01766229987831469
2014-08-04,2014-08-04,59.400002,60.200001,59.025002,59.775002,5803270.0,56.870983,0.014322048423111687
2014-08-05,2014-08-05,60.075001,60.349998,59.075001,59.775002,5191846.0,56.870983,0.0
2014-08-06,2014-08-06,59.200001,60.424999,59.150002,59.700001,7034422.0,56.799629,-0.0012554521897376605
2014-08-07,2014-08-07,59.75,60.25,58.075001,58.450001,7064082.0,55.610352,-0.02116042303939469
2014-08-08,2014-08-08,57.900002,57.900002,56.25,56.474998,7324502.0,53.731304,-0.03437359703438192
2014-08-11,2014-08-11,56.974998,57.400002,56.849998,57.0,6677606.0,54.230801,0.009253257224306031
2014-08-12,2014-08-12,57.099998,57.575001,56.549999,57.400002,4171082.0,54.61137,0.006993071663632389
2014-08-13,2014-08-13,56.875,57.400002,55.275002,55.924999,6890244.0,53.208027,-0.026032834405314453
2014-08-14,2014-08-14,55.775002,57.450001,55.625,57.275002,6003966.0,54.49243900000001,0.023852689675319283
2014-08-18,2014-08-18,57.0,59.625,56.849998,59.450001,11947512.0,56.561775,0.037271445598639374
2014-08-19,2014-08-19,59.825001,60.849998,59.400002,60.150002,11175322.0,57.227764,0.011705761541689341
2014-08-20,2014-08-20,60.25,60.349998,58.825001,59.025002,3893588.0,56.157421,-0.018880328941709656
2014-08-21,2014-08-21,58.950001,61.700001,58.950001,61.299999,9954184.0,58.321896,0.03781876116160099
2014-08-22,2014-08-22,61.650002,62.875,60.900002,61.299999,12642904.0,58.321896,0.0
2014-08-25,2014-08-25,61.724998,62.0,58.849998,59.275002,6514670.0,56.395275,-0.03359221906120702
2014-08-26,2014-08-26,58.700001,59.549999,58.0,58.825001,5651894.0,55.96714,-0.007620645604063725
2014-08-27,2014-08-27,59.0,61.450001,59.0,61.075001,6368284.0,58.107826,0.03753562078722883
2014-08-28,2014-08-28,61.474998,61.474998,60.025002,60.375,8995556.0,57.441833,-0.01152751779128458
2014-09-01,2014-09-01,60.75,62.325001,60.575001,62.200001,6971144.0,59.178169,0.029779871196143226
2014-09-02,2014-09-02,62.5,62.799999,61.549999,61.75,6651580.0,58.750034,-0.0072609752393315566
2014-09-03,2014-09-03,61.625,63.849998,61.424999,62.900002,10945844.0,59.844162,0.0184521516391154
2014-09-04,2014-09-04,62.575001,63.674999,61.5,62.724998,7483734.0,59.677666,-0.002786036834963923
2014-09-05,2014-09-05,62.375,63.099998,61.849998,62.349998,7625032.0,59.32088100000001,-0.005996477740153772
2014-09-08,2014-09-08,62.650002,63.599998,62.099998,63.275002,9541954.0,60.200947,0.01472671427655303
2014-09-09,2014-09-09,63.424999,63.450001,62.150002,62.450001,4757274.0,59.416023,-0.013124145620018624
2014-09-10,2014-09-10,62.200001,62.299999,61.5,62.0,4378516.0,58.987888,-0.007231802772404983
2014-09-11,2014-09-11,62.25,64.650002,62.200001,64.050003,16696174.0,60.938293,0.03252962731109399
2014-09-12,2014-09-12,64.375,64.425003,63.549999,63.75,10205908.0,60.652866,-0.00469487299282445
2014-09-15,2014-09-15,63.325001,65.0,62.625,64.025002,12591512.0,60.914509,0.004304500347934059
2014-09-16,2014-09-16,63.950001,64.949997,59.950001,61.099998,10530518.0,58.131611,-0.04676179428754157
2014-09-17,2014-09-17,61.325001,62.0,59.299999,61.325001,7750652.0,58.34568,0.0036757249277536985
2014-09-18,2014-09-18,61.25,63.200001,60.849998,62.674999,5139630.0,59.630093,0.021775042749392348
2014-09-19,2014-09-19,62.825001,64.074997,62.099998,63.150002,10429574.0,60.082016,0.0075501994011277765
2014-09-22,2014-09-22,62.174999,64.5,62.049999,64.175003,8217134.0,61.05722,0.016100895129806503
2014-09-23,2014-09-23,64.199997,65.974998,62.5,63.025002,12710286.0,59.96309300000001,-0.018082200988813742
2014-09-24,2014-09-24,63.025002,63.950001,62.5,63.325001,6537884.0,60.248512,0.004748618676789107
2014-09-25,2014-09-25,62.900002,63.424999,60.200001,61.075001,9971030.0,58.107826,-0.036177521388371936
2014-09-26,2014-09-26,60.849998,63.299999,60.049999,62.849998,5640330.0,59.79659300000001,0.028648332507423824
2014-09-29,2014-09-29,62.375,63.325001,61.875,62.724998,4397222.0,59.677666,-0.0019908395377452592
2014-09-30,2014-09-30,62.150002,64.175003,61.700001,62.924999,5685258.0,59.86795,0.003183456944186425
2014-10-01,2014-10-01,62.625,63.25,61.5,61.849998,4748936.0,58.845173,-0.017231495243613004
2014-10-07,2014-10-07,62.25,62.875,60.450001,60.799999,4599462.0,57.846184,-0.017122320487467313
2014-10-08,2014-10-08,61.0,62.0,60.599998,61.174999,3450780.0,58.202969,0.0061488794171769
2014-10-09,2014-10-09,61.599998,66.300003,61.599998,65.949997,13762054.0,62.745987,0.07515825659368948
2014-10-10,2014-10-10,65.25,66.724998,63.849998,64.199997,14493632.0,61.08100500000001,-0.02689368972951911
2014-10-13,2014-10-13,63.549999,68.150002,63.325001,67.849998,12123892.0,64.553673,0.0552960832543512
2014-10-14,2014-10-14,68.599998,70.0,67.050003,69.525002,17730528.0,66.147308,0.024387177043156072
2014-10-15,2014-10-15,69.525002,69.525002,69.525002,69.525002,0.0,66.147308,0.0
2014-10-16,2014-10-16,69.449997,69.800003,65.099998,65.75,15536302.0,62.55570600000001,-0.05582673856968157
2014-10-17,2014-10-17,66.0,68.5,64.574997,67.925003,15749176.0,64.625038,0.032544465062221306
2014-10-20,2014-10-20,69.699997,70.224998,68.699997,69.324997,15759578.0,65.95701600000001,0.020401336292787956
2014-10-21,2014-10-21,69.724998,70.900002,68.849998,70.25,20224952.0,66.837082,0.01325478915215772
2014-10-22,2014-10-22,71.25,71.599998,69.550003,70.824997,10378104.0,67.384148,0.008151751096638016
2014-10-27,2014-10-27,71.025002,71.400002,68.574997,69.175003,10178988.0,65.814308,-0.023572535876089876
2014-10-28,2014-10-28,69.474998,70.125,69.375,69.824997,4737762.0,66.432724,0.00935250490456596
2014-10-29,2014-10-29,70.050003,70.474998,69.275002,69.525002,4651076.0,66.147308,-0.0043055720625995155
2014-10-30,2014-10-30,69.474998,70.125,68.5,69.800003,9348488.0,66.40894300000001,0.003947536804670193
2014-10-31,2014-10-31,70.0,71.400002,69.650002,71.025002,8397346.0,67.574432,0.01739795550349932
2014-11-03,2014-11-03,72.474998,72.75,71.400002,72.074997,7346196.0,68.57341,0.014675163610692543
2014-11-05,2014-11-05,72.150002,73.5,71.974998,73.0,7475212.0,69.453476,0.012752268081362315
2014-11-07,2014-11-07,73.800003,73.800003,71.699997,72.375,7449790.0,68.858841,-0.008598491826926844
2014-11-10,2014-11-10,72.5,72.949997,71.099998,72.675003,5017866.0,69.144272,0.004136593744959782
2014-11-11,2014-11-11,72.599998,73.599998,71.400002,73.25,4905912.0,69.69133000000001,0.007880699523592938
2014-11-12,2014-11-12,73.5,73.675003,72.25,72.650002,4065984.0,69.120483,-0.008224807466860717
2014-11-13,2014-11-13,73.175003,73.349998,69.75,71.050003,4089168.0,67.598213,-0.02226956453033946
2014-11-14,2014-11-14,70.900002,72.599998,69.525002,69.800003,10265022.0,66.40894300000001,-0.017749816639979876
2014-11-17,2014-11-17,71.25,72.25,70.224998,72.0,6894230.0,68.50206,0.031032086660409238
2014-11-18,2014-11-18,71.625,72.349998,71.050003,71.824997,5074064.0,68.335564,-0.0024334839687600858
2014-11-19,2014-11-19,72.050003,72.900002,71.25,71.449997,6094132.0,67.97878299999999,-0.0052346920564287905
2014-11-20,2014-11-20,71.099998,71.800003,70.349998,71.150002,4051352.0,67.693359,-0.0042075612115741725
2014-11-21,2014-11-21,71.925003,74.75,71.550003,73.800003,11748770.0,70.21462199999999,0.03656849936864681
2014-11-24,2014-11-24,74.0,74.724998,72.800003,73.050003,5271518.0,69.501053,-0.010214676405474243
2014-11-25,2014-11-25,73.449997,73.875,70.0,72.050003,18898144.0,68.549637,-0.013783792945617712
2014-11-26,2014-11-26,72.0,72.625,71.125,71.75,4421384.0,68.264206,-0.004172551663754297
2014-11-27,2014-11-27,71.5,74.349998,71.25,73.949997,6943128.0,70.357323,0.03020131303390894
2014-11-28,2014-11-28,74.625,76.474998,74.300003,75.900002,9768876.0,72.212585,0.026027466228577545
2014-12-01,2014-12-01,75.75,76.099998,73.599998,73.849998,6518964.0,70.26218399999999,-0.027380607290528932
2014-12-02,2014-12-02,73.5,74.224998,72.099998,73.275002,8844578.0,69.715126,-0.007816420893809628
2014-12-03,2014-12-03,73.599998,75.800003,73.550003,74.925003,7703116.0,71.28495799999997,0.022268027417608142
2014-12-04,2014-12-04,75.025002,75.349998,73.199997,73.650002,5453374.0,70.071907,-0.017163379767885626
2014-12-05,2014-12-05,73.724998,74.849998,72.675003,72.974998,4590642.0,69.429695,-0.009207299811797576
2014-12-08,2014-12-08,72.949997,73.324997,70.224998,70.650002,5103174.0,67.217651,-0.032378781112295314
2014-12-09,2014-12-09,70.699997,71.324997,68.875,69.125,5255352.0,65.766739,-0.021821652521709645
2014-12-10,2014-12-10,68.5,70.875,68.099998,70.375,7189266.0,66.956009,0.017921597449193527
2014-12-11,2014-12-11,70.400002,71.824997,69.099998,71.199997,6459400.0,67.740921,0.011654621742949622
2014-12-12,2014-12-12,71.949997,72.25,70.800003,71.099998,4815752.0,67.64579,-0.0014053227965105108
2014-12-15,2014-12-15,70.275002,70.949997,69.300003,70.125,4691512.0,66.71815500000001,-0.013808015812989185
2014-12-16,2014-12-16,69.099998,70.525002,66.449997,66.949997,6981690.0,63.697407,-0.04633324947727857
2014-12-17,2014-12-17,66.300003,70.900002,65.650002,69.375,10025726.0,66.00458499999999,0.03558035399731985
2014-12-18,2014-12-18,71.0,71.650002,70.099998,70.824997,5150322.0,67.384148,0.020685588067253846
2014-12-19,2014-12-19,72.0,74.199997,71.300003,72.900002,9783544.0,69.358337,0.028876558451860213
2014-12-22,2014-12-22,72.849998,73.324997,71.599998,72.949997,3088264.0,69.405907,0.0006856233348333518
2014-12-23,2014-12-23,73.150002,74.099998,71.849998,73.300003,4821730.0,69.73891400000001,0.004786489836788199
2014-12-24,2014-12-24,73.400002,74.25,72.75,73.849998,6571100.0,70.26218399999999,0.0074752618964692985
2014-12-26,2014-12-26,73.900002,74.5,73.275002,73.925003,3164124.0,70.33354200000001,0.0010150807305082663
2014-12-29,2014-12-29,74.349998,75.599998,73.5,74.724998,4076750.0,71.094673,0.01076359972998997
2014-12-30,2014-12-30,75.0,75.425003,74.175003,75.074997,2247850.0,71.427666,0.004672861928346706
2014-12-31,2014-12-31,75.349998,75.974998,74.650002,75.849998,2373742.0,72.16501600000002,0.010270112247092731
2015-01-01,2015-01-01,75.75,75.949997,74.800003,75.050003,3335568.0,71.40389300000002,-0.010602993864935684
2015-01-02,2015-01-02,75.050003,75.900002,74.199997,74.5,4671958.0,70.880608,-0.0073555075305549176
2015-01-05,2015-01-05,74.925003,75.050003,73.675003,73.900002,4015974.0,70.309753,-0.008086360947036297
2015-01-06,2015-01-06,73.150002,74.425003,72.550003,72.849998,5133636.0,69.31076800000001,-0.01431024667045655
2015-01-07,2015-01-07,73.0,74.074997,72.375,73.074997,4635120.0,69.524826,0.0030836208993791914
2015-01-08,2015-01-08,74.25,74.75,73.574997,74.25,10707970.0,70.64275400000002,0.015951644525695308
2015-01-09,2015-01-09,74.875,75.224998,74.025002,74.625,7128944.0,70.999542,0.005037884370563185
2015-01-12,2015-01-12,74.550003,75.400002,74.025002,74.925003,5754872.0,71.28495799999997,0.0040119111052066
2015-01-13,2015-01-13,75.074997,75.400002,73.275002,74.175003,5226262.0,70.571404,-0.010060317467079471
2015-01-14,2015-01-14,74.25,75.0,73.25,74.074997,5299726.0,70.476242,-0.0013493598388594208
2015-01-15,2015-01-15,76.5,76.900002,71.625,72.324997,18783478.0,68.811272,-0.023908091386800837
2015-01-16,2015-01-16,72.925003,73.025002,71.525002,72.375,8802216.0,68.858841,0.000691057788164251
2015-01-19,2015-01-19,72.599998,73.699997,72.425003,73.474998,9952050.0,69.905403,0.01508431587299608
2015-01-20,2015-01-20,74.0,74.074997,72.25,72.425003,10663742.0,68.906418,-0.01439361921642579
2015-01-21,2015-01-21,72.949997,73.199997,71.300003,72.199997,12292622.0,68.692337,-0.003111673106878321
2015-01-22,2015-01-22,72.550003,72.949997,71.599998,71.925003,7370600.0,68.430717,-0.003815847296505304
2015-01-23,2015-01-23,72.900002,72.949997,71.650002,71.949997,6686906.0,68.454491,0.0003473567463769811
2015-01-27,2015-01-27,72.0,72.900002,72.0,72.599998,6674604.0,69.072914,0.00899351177800689
2015-01-28,2015-01-28,72.5,73.775002,72.425003,72.550003,9174358.0,69.025345,-0.0006889153016969017
2015-01-29,2015-01-29,72.449997,73.224998,71.650002,72.125,10361696.0,68.620987,-0.005875335104283508
2015-01-30,2015-01-30,72.5,72.650002,70.474998,70.925003,6540618.0,67.479294,-0.016777625624686543
2015-02-02,2015-02-02,70.949997,72.75,69.75,72.400002,4263996.0,68.88262900000001,0.020583231955390247
2015-02-03,2015-02-03,72.900002,73.050003,71.449997,71.550003,5252160.0,68.073921,-0.011809838950259888
2015-02-04,2015-02-04,71.75,71.925003,69.925003,70.050003,4880360.0,66.64679699999999,-0.02118719981326045
2015-02-05,2015-02-05,69.949997,69.974998,66.550003,68.525002,10884832.0,65.195892,-0.02201052764302069
2015-02-06,2015-02-06,68.900002,70.400002,68.425003,69.824997,7816662.0,66.432724,0.018793305593549192
2015-02-09,2015-02-09,69.0,71.199997,69.0,70.349998,6057002.0,66.93222800000001,0.007490818662668097
2015-02-10,2015-02-10,69.949997,71.400002,67.125,68.849998,5472650.0,65.505089,-0.02155275078926433
2015-02-11,2015-02-11,69.175003,70.275002,68.0,69.875,3683836.0,66.480301,0.014777843934818513
2015-02-12,2015-02-12,69.974998,70.599998,69.050003,70.349998,3205282.0,66.93222800000001,0.006774906854445817
2015-02-13,2015-02-13,70.574997,70.75,69.349998,69.974998,3616122.0,66.575447,-0.005344739159360401
2015-02-16,2015-02-16,70.0,70.5,69.25,69.5,4675190.0,66.12352,-0.006811337834090382
2015-02-18,2015-02-18,69.5,69.974998,68.099998,68.349998,5510626.0,65.029381,-0.016685324923360945
2015-02-19,2015-02-19,68.599998,69.25,67.525002,68.349998,3906832.0,65.029381,0.0
2015-02-20,2015-02-20,68.5,70.25,68.074997,69.425003,3867048.0,66.05216999999999,0.015605701175144482
2015-02-23,2015-02-23,71.0,72.675003,71.0,71.425003,8335508.0,67.95500200000001,0.02840086651133333
2015-02-24,2015-02-24,71.75,71.949997,70.5,70.925003,4809242.0,67.479294,-0.007024955574732593
2015-02-25,2015-02-25,71.199997,71.550003,69.699997,70.199997,3880080.0,66.789505,-0.010274837842852769
2015-02-26,2015-02-26,70.300003,70.400002,69.099998,69.474998,8719124.0,66.099731,-0.010381280163134221
2015-02-27,2015-02-27,69.074997,71.349998,69.074997,71.099998,3911514.0,67.64579,0.02312044334560337
2015-03-02,2015-03-02,72.5,75.699997,71.900002,75.074997,11822278.0,71.427666,0.054400152683101936
2015-03-03,2015-03-03,75.699997,75.949997,74.300003,75.449997,5302808.0,71.784447,0.004982563704208687
2015-03-04,2015-03-04,76.75,77.199997,72.375,73.025002,6221302.0,69.477264,-0.03266827463152655
2015-03-05,2015-03-05,73.5,73.75,72.275002,73.349998,2779412.0,69.78647600000001,0.00444067505479584
2015-03-09,2015-03-09,72.25,72.699997,71.0,71.5,2952272.0,68.026352,-0.02554507789627181
2015-03-10,2015-03-10,71.5,71.875,68.224998,69.375,6970104.0,66.00458499999999,-0.03017095020725602
2015-03-11,2015-03-11,69.449997,69.775002,68.550003,69.224998,4275620.0,65.86187,-0.0021645392032567656
2015-03-12,2015-03-12,69.349998,70.300003,69.224998,69.800003,2513820.0,66.40894300000001,0.008272061041057377
2015-03-13,2015-03-13,70.25,70.400002,67.675003,68.0,6196714.0,64.696396,-0.02612623443866635
2015-03-16,2015-03-16,68.25,68.699997,67.699997,68.300003,3382664.0,64.98181899999999,0.004402026368214962
2015-03-17,2015-03-17,68.75,70.75,68.75,70.349998,3015166.0,66.93222800000001,0.029573061991048814
2015-03-18,2015-03-18,70.599998,70.699997,69.5,70.375,23554048.0,66.956009,0.0003552365881107633
2015-03-19,2015-03-19,71.0,71.300003,69.0,69.675003,2253804.0,66.29001600000001,-0.009996524040019494
2015-03-20,2015-03-20,69.25,70.199997,68.550003,68.75,2829680.0,65.40995799999999,-0.013364787747715212
2015-03-23,2015-03-23,69.199997,69.224998,67.300003,67.800003,1599708.0,64.506111,-0.013914546369434788
2015-03-24,2015-03-24,67.800003,68.474998,65.675003,66.25,3731148.0,63.031418,-0.02312666300432209
2015-03-25,2015-03-25,66.449997,68.5,66.324997,68.175003,2737970.0,64.862892,0.02864238773376293
2015-03-26,2015-03-26,67.75,68.449997,66.25,66.650002,5942116.0,63.411976,-0.02262294872561732
2015-03-27,2015-03-27,66.900002,67.0,63.650002,65.775002,6735426.0,62.579491,-0.013215134884998037
2015-03-30,2015-03-30,66.699997,67.0,65.150002,65.974998,3118804.0,62.769768000000006,0.0030359516708209355
2015-03-31,2015-03-31,66.449997,66.974998,64.900002,66.025002,3777944.0,62.817341000000006,0.0007576096408987709
2015-04-01,2015-04-01,66.150002,66.925003,65.400002,66.599998,2512218.0,63.36440699999999,0.008671134081209786
2015-04-06,2015-04-06,66.650002,66.949997,64.550003,65.099998,4573566.0,61.937283,-0.022779991459298543
2015-04-07,2015-04-07,65.599998,66.5,64.5,65.25,7918802.0,62.079998,0.0023015351061852485
2015-04-08,2015-04-08,65.5,65.525002,64.050003,65.25,7381624.0,62.079998,0.0
2015-04-09,2015-04-09,65.400002,66.25,64.675003,65.125,11463598.0,61.961071,-0.0019175429138060809
2015-04-10,2015-04-10,65.224998,65.449997,64.150002,64.349998,6495198.0,61.223721,-0.011971588283882006
2015-04-13,2015-04-13,64.675003,65.0,64.400002,64.650002,6213052.0,61.50914399999999,0.004651134226310028
2015-04-15,2015-04-15,65.025002,67.425003,65.0,66.275002,8132774.0,63.055199,0.024824670690709816
2015-04-16,2015-04-16,66.449997,66.5,65.0,65.550003,3303256.0,62.365421,-0.010999546241657221
2015-04-17,2015-04-17,65.724998,66.375,65.275002,65.824997,3355994.0,62.627052,0.0041863541991427064
2015-04-20,2015-04-20,65.800003,66.199997,63.400002,64.0,3481186.0,60.89072,-0.028116543182972187
2015-04-21,2015-04-21,63.849998,64.449997,63.5,63.974998,3104264.0,60.866936,-0.00039067769672751496
2015-04-22,2015-04-22,64.0,64.449997,62.75,63.950001,6124944.0,60.843155,-0.0003907810783347898
2015-04-23,2015-04-23,64.275002,64.925003,64.074997,64.525002,2291584.0,61.39021700000001,0.008951166833558233
2015-04-24,2015-04-24,64.474998,64.525002,62.700001,63.150002,4555840.0,60.082016,-0.021539928058240683
2015-04-27,2015-04-27,63.200001,63.349998,60.825001,61.299999,6507308.0,58.321896,-0.029732964692548162
2015-04-28,2015-04-28,60.724998,64.25,60.549999,63.599998,8609230.0,60.51015500000001,0.036833604731001834
2015-04-29,2015-04-29,64.0,66.224998,62.950001,65.375,9041926.0,62.198921,0.02752645013676513
2015-04-30,2015-04-30,65.650002,66.449997,65.125,65.699997,10586422.0,62.508121,0.00495883197361735
2015-05-04,2015-05-04,65.949997,68.599998,65.949997,68.25,2956252.0,64.93425,0.03807873518239724
2015-05-05,2015-05-05,67.900002,68.300003,66.5,67.349998,4818548.0,64.077965,-0.013274674406495102
2015-05-06,2015-05-06,67.400002,67.875,63.599998,64.150002,4766914.0,61.033436,-0.04867869992545959
2015-05-07,2015-05-07,64.349998,64.5,62.25,62.924999,3267434.0,59.86795,-0.01928054165600379
2015-05-08,2015-05-08,63.549999,66.625,62.599998,65.650002,4009450.0,62.46056,0.04239401405696963
2015-05-11,2015-05-11,67.625,68.400002,66.175003,67.525002,8401930.0,64.244469,0.0281603169138247
2015-05-12,2015-05-12,67.974998,68.175003,64.900002,65.125,5257984.0,61.961071,-0.036189333721975636
2015-05-13,2015-05-13,65.949997,66.599998,65.125,65.949997,5783158.0,62.745987,0.012588323030967352
2015-05-14,2015-05-14,65.875,69.300003,65.125,68.425003,4555134.0,65.100746,0.03684138466663178
2015-05-15,2015-05-15,68.724998,69.75,68.025002,69.400002,6056786.0,66.02838100000001,0.014148656305660978
2015-05-18,2015-05-18,71.0,71.074997,68.099998,68.375,6450698.0,65.053169,-0.014879744603990552
2015-05-19,2015-05-19,69.150002,70.699997,68.5,69.199997,10158682.0,65.838089,0.011993610894782236
2015-05-20,2015-05-20,69.75,70.974998,69.375,70.474998,5100782.0,67.05115500000001,0.0182573044913914
2015-05-21,2015-05-21,70.75,72.0,69.550003,71.25,7571010.0,67.78849,0.01093658099290451
2015-05-22,2015-05-22,71.224998,71.900002,70.0,70.224998,5301902.0,66.813293,-0.014490358771699796
2015-05-25,2015-05-25,70.25,71.099998,69.125,70.525002,4175260.0,67.098724,0.004262969652069515
2015-05-26,2015-05-26,70.675003,71.650002,70.050003,70.75,4370166.0,67.312782,0.0031851169194938573
2015-05-27,2015-05-27,70.474998,72.949997,70.199997,72.224998,5115248.0,68.716133,0.02063385994210165
2015-05-28,2015-05-28,71.900002,72.650002,70.775002,71.425003,5791704.0,70.089966,0.0197956411565432
2015-05-29,2015-05-29,71.474998,71.925003,71.0,71.449997,4178348.0,70.114494,0.0003498890156592438
2015-06-01,2015-06-01,71.75,71.949997,70.800003,71.425003,2804556.0,70.089966,-0.0003498890156592438
2015-06-02,2015-06-02,71.574997,71.699997,69.050003,69.449997,1982680.0,68.151878,-0.028040930798791663
2015-06-03,2015-06-03,69.0,69.949997,67.875,68.949997,2376718.0,67.661224,-0.007225460981532983
2015-06-04,2015-06-04,69.099998,69.425003,67.300003,67.900002,2168784.0,66.630844,-0.015345660180141609
2015-06-05,2015-06-05,67.199997,68.150002,67.199997,67.675003,3066790.0,66.410057,-0.003319087604325865
2015-06-08,2015-06-08,68.0,68.0,65.75,66.375,1894342.0,65.134354,-0.01939638461928084
2015-06-09,2015-06-09,66.300003,68.324997,66.099998,67.974998,2380700.0,66.70444499999999,0.023819471142835447
2015-06-10,2015-06-10,68.0,68.5,67.25,68.175003,3245780.0,66.900711,0.002938002500117776
2015-06-11,2015-06-11,68.375,68.550003,65.699997,65.974998,2847700.0,64.74182900000001,-0.03280209531395695
2015-06-12,2015-06-12,65.900002,66.599998,65.050003,65.875,2184108.0,64.6437,-0.001516846892744006
2015-06-15,2015-06-15,66.0,67.349998,65.5,66.199997,2498966.0,64.962624,0.0049214364525758105
2015-06-16,2015-06-16,65.875,68.125,65.425003,67.599998,2334680.0,66.33645600000001,0.020927521198983
2015-06-17,2015-06-17,68.0,71.0,67.400002,70.449997,6340736.0,69.133186,0.041295265652249384
2015-06-18,2015-06-18,70.824997,71.0,69.25,70.300003,4359490.0,68.98599200000001,-0.0021314064832314017
2015-06-19,2015-06-19,70.75,71.125,70.099998,70.800003,1546134.0,69.476646,0.007087197829173775
2015-06-22,2015-06-22,70.875,72.574997,70.875,71.800003,5281716.0,70.457954,0.014025467416123759
2015-06-23,2015-06-23,72.199997,72.25,69.525002,71.175003,4684840.0,69.844635,-0.008742859430967975
2015-06-24,2015-06-24,71.0,72.025002,70.099998,70.724998,6124834.0,69.403046,-0.006342518269090824
2015-06-25,2015-06-25,70.5,75.849998,70.5,74.75,26828282.0,73.352814,0.055350110821778216
2015-06-26,2015-06-26,74.650002,75.0,73.25,73.724998,10954024.0,72.34697,-0.013807295411988996
2015-06-29,2015-06-29,71.0,73.925003,70.449997,73.599998,4364868.0,72.224312,-0.0016968519298439233
2015-06-30,2015-06-30,74.275002,74.900002,72.275002,73.900002,9062632.0,72.5187,0.004067739117163072
2015-07-01,2015-07-01,74.300003,75.449997,74.0,75.025002,4541356.0,73.62267299999998,0.015108575723591144
2015-07-02,2015-07-02,75.300003,77.449997,75.074997,77.025002,8806972.0,75.585289,0.026308638943104867
2015-07-03,2015-07-03,77.775002,79.800003,76.925003,77.275002,12198796.0,75.830612,0.0032403890613847963
2015-07-06,2015-07-06,76.900002,78.25,75.625,77.949997,6974198.0,76.49299599999998,0.008697117720766201
2015-07-07,2015-07-07,78.425003,78.75,76.300003,76.900002,7685900.0,75.462624,-0.013561693764009064
2015-07-08,2015-07-08,76.0,77.449997,73.650002,75.400002,5425635.0,73.990662,-0.019698591269004414
2015-07-09,2015-07-09,75.400002,76.699997,74.349998,76.099998,2861199.0,74.67757399999998,0.009240936822921595
2015-07-10,2015-07-10,76.699997,77.0,75.349998,76.050003,5002762.0,74.628517,-0.0006571332949212305
2015-07-13,2015-07-13,76.900002,78.900002,76.25,78.400002,3432781.0,76.934593,0.030432919734870726
2015-07-14,2015-07-14,78.949997,79.400002,77.400002,77.949997,4933977.0,76.49299599999998,-0.005756438229857608
2015-07-15,2015-07-15,79.0,79.0,76.150002,77.599998,8508969.0,76.149536,-0.004500194999893736
2015-07-16,2015-07-16,77.949997,77.949997,76.349998,76.650002,5442501.0,75.2173,-0.01231772839646883
2015-07-17,2015-07-17,77.199997,77.25,75.599998,75.800003,4731519.0,74.38319399999997,-0.011151228463166518
2015-07-20,2015-07-20,71.0,71.800003,68.349998,70.699997,24382986.0,69.37850999999999,-0.06965286384460967
2015-07-21,2015-07-21,70.900002,71.550003,69.300003,69.650002,5816339.0,68.348145,-0.014962742301679375
2015-07-22,2015-07-22,69.699997,70.849998,69.25,70.449997,3516173.0,69.133186,0.011420452897855426
2015-07-23,2015-07-23,70.900002,71.099998,69.650002,69.900002,3050129.0,68.593468,-0.007837564438142762
2015-07-24,2015-07-24,69.900002,70.599998,69.0,69.699997,2151321.0,68.39720200000001,-0.002865394180297187
2015-07-27,2015-07-27,69.400002,69.75,68.0,68.25,2882297.0,66.974312,-0.021022774470890404
2015-07-28,2015-07-28,68.650002,69.150002,67.849998,68.599998,2427682.0,67.317764,0.005115011384895674
2015-07-29,2015-07-29,68.949997,69.400002,68.0,68.5,2401468.0,67.219635,-0.0014587619224215589
2015-07-30,2015-07-30,69.0,69.349998,66.849998,68.400002,7828277.0,67.12150600000001,-0.0014608930179074164
2015-07-31,2015-07-31,69.0,69.300003,67.400002,67.75,5990656.0,66.48365799999999,-0.009548326231929137
2015-08-03,2015-08-03,68.0,68.5,67.449997,67.699997,3195702.0,66.434586,-0.000738378731959699
2015-08-04,2015-08-04,68.0,68.199997,66.949997,67.5,3416234.0,66.238327,-0.0029585412533155164
2015-08-05,2015-08-05,68.0,69.699997,67.099998,68.449997,5066300.0,67.17057,0.01397595205844926
2015-08-06,2015-08-06,68.0,68.400002,67.349998,67.599998,2075573.0,66.33645600000001,-0.01249559484873064
2015-08-07,2015-08-07,67.699997,68.5,67.449997,67.949997,2616362.0,66.679916,0.005164187808492926
2015-08-10,2015-08-10,68.300003,68.300003,67.0,67.199997,1992261.0,65.94393199999999,-0.01109893230132375
2015-08-11,2015-08-11,67.550003,68.800003,66.949997,67.400002,5064324.0,66.14019,0.002971714411380333
2015-08-12,2015-08-12,67.199997,67.650002,65.0,65.150002,3081344.0,63.932251,-0.03395263569868145
2015-08-13,2015-08-13,65.449997,66.599998,64.050003,64.599998,1916647.0,63.392532,-0.008477881838049761
2015-08-14,2015-08-14,65.0,67.400002,64.650002,67.199997,1667262.0,65.94393199999999,0.03945880312535088
2015-08-17,2015-08-17,67.449997,68.300003,66.050003,67.699997,2667689.0,66.434586,0.00741292853642772
2015-08-18,2015-08-18,67.949997,68.150002,67.099998,67.449997,1609578.0,66.189262,-0.003699550020681564
2015-08-19,2015-08-19,67.0,67.849998,66.599998,67.300003,1715534.0,66.042068,-0.0022263114315919093
2015-08-20,2015-08-20,67.0,67.800003,66.150002,66.699997,1870466.0,65.453278,-0.008955357781220918
2015-08-21,2015-08-21,65.900002,68.0,65.599998,67.0,2940958.0,65.74767299999999,0.004487703661235186
2015-08-24,2015-08-24,65.0,65.5,60.400002,60.950001,8411376.0,59.810757,-0.09463875107386066
2015-08-25,2015-08-25,62.950001,62.950001,59.400002,62.5,14581446.0,61.331783,0.025112663724756068
2015-08-26,2015-08-26,62.349998,62.349998,59.75,60.75,13111336.0,59.61449399999999,-0.028399459022111277
2015-08-27,2015-08-27,61.900002,62.150002,61.0,61.700001,11357135.0,60.546738,0.01551686329016011
2015-08-28,2015-08-28,62.900002,63.299999,61.5,62.450001,4274159.0,61.28271899999999,0.012082298836912031
2015-08-31,2015-08-31,62.25,62.700001,60.950001,61.400002,2935319.0,60.252346,-0.016956385180404432
2015-09-01,2015-09-01,61.0,61.0,58.900002,59.25,2855491.0,58.142532,-0.035644065137992335
2015-09-02,2015-09-02,59.799999,60.700001,58.5,59.200001,3040034.0,58.09346800000001,-0.0008442135468182954
2015-09-03,2015-09-03,59.900002,60.0,59.0,59.349998,3936087.0,58.240662,0.0025305398948356483
2015-09-04,2015-09-04,59.200001,59.349998,56.299999,57.700001,3045581.0,56.621502,-0.028194963521453783
2015-09-07,2015-09-07,58.299999,58.650002,56.799999,57.200001,3362359.0,56.130848,-0.008703270435132637
2015-09-08,2015-09-08,57.5,59.0,57.0,58.200001,1845137.0,57.11215600000001,0.01733144704594114
2015-09-09,2015-09-09,59.0,59.900002,58.349998,59.700001,2686344.0,58.584122,0.025446720565033054
2015-09-10,2015-09-10,58.799999,60.349998,58.099998,59.650002,1831187.0,58.53505300000001,-0.0008379328640435446
2015-09-11,2015-09-11,60.200001,61.849998,59.75,60.400002,2466486.0,59.271034,0.012494949863146587
2015-09-14,2015-09-14,60.700001,61.299999,60.049999,61.049999,1373305.0,59.908886,0.010704120128885995
2015-09-15,2015-09-15,61.5,61.849998,59.75,60.0,1887838.0,58.878513,-0.01734862201816867
2015-09-16,2015-09-16,61.0,61.099998,59.75,60.400002,1574698.0,59.271034,0.0066445018892826715
2015-09-18,2015-09-18,61.200001,63.799999,61.0,63.200001,5153098.0,62.0187,0.04531523123672798
2015-09-21,2015-09-21,63.200001,65.699997,62.599998,65.400002,2875599.0,64.177582,0.03421800721143775
2015-09-22,2015-09-22,65.900002,66.349998,63.5,63.599998,2755245.0,62.411224,-0.027908828688465448
2015-09-23,2015-09-23,62.5,64.550003,62.299999,64.0,2658470.0,62.80374499999999,0.006269574458831251
2015-09-24,2015-09-24,63.900002,65.0,63.549999,64.449997,3939405.0,63.245335,0.0070066644927955215
2015-09-28,2015-09-28,64.699997,65.050003,64.0,64.150002,1313421.0,62.950943,-0.004665629425763207
2015-09-29,2015-09-29,63.650002,65.300003,63.150002,64.550003,3566781.0,63.343472,0.006216114369667736
2015-09-30,2015-09-30,64.75,65.150002,63.450001,63.950001,2745279.0,62.754684,-0.009338634246404355
2015-10-01,2015-10-01,64.5,66.650002,64.050003,65.349998,2561003.0,64.12850999999999,0.021655818190643217
2015-10-05,2015-10-05,65.5,65.699997,64.25,65.050003,1624197.0,63.834126,-0.0046011012049715925
2015-10-06,2015-10-06,65.25,65.849998,64.300003,65.150002,3318851.0,63.932251,0.0015360069150638367
2015-10-07,2015-10-07,65.5,65.699997,64.949997,65.050003,1655845.0,63.834126,-0.0015360069150638367
2015-10-08,2015-10-08,65.150002,65.599998,64.199997,64.5,2033204.0,63.294399,-0.008491095807140248
2015-10-09,2015-10-09,65.099998,65.5,63.900002,64.300003,2305248.0,63.09814100000001,-0.003105533882483691
2015-10-12,2015-10-12,64.5,67.0,64.0,66.300003,2446966.0,65.06076,0.03063029456128685
2015-10-13,2015-10-13,66.699997,67.25,64.5,64.650002,2800644.0,63.441597,-0.02520185209979431
2015-10-14,2015-10-14,64.800003,65.5,64.199997,64.400002,2633653.0,63.19627,-0.003874469978148553
2015-10-15,2015-10-15,65.0,65.25,64.199997,64.349998,2084251.0,63.14720500000001,-0.0007766923058989407
2015-10-16,2015-10-16,64.550003,65.0,64.199997,64.550003,2137860.0,63.343472,0.003103266772911617
2015-10-19,2015-10-19,64.849998,65.25,64.449997,64.900002,2662217.0,63.686924,0.005407411890309355
2015-10-20,2015-10-20,66.0,67.0,64.599998,65.449997,4819815.0,64.226639,0.008438795546678255
2015-10-21,2015-10-21,60.5,61.0,55.75,57.450001,39584654.0,56.376175,-0.13037142215007955
2015-10-23,2015-10-23,58.5,58.950001,56.75,57.049999,12731250.0,55.98365,-0.006986956358136176
2015-10-26,2015-10-26,57.349998,57.700001,56.599998,57.099998,9868234.0,56.032715,0.0008760327678523082
2015-10-27,2015-10-27,57.200001,57.450001,56.400002,56.549999,4416595.0,55.492996,-0.0096789019968897
2015-10-28,2015-10-28,56.549999,57.200001,55.950001,56.25,4132058.0,55.19860500000001,-0.00531913336594414
2015-10-29,2015-10-29,56.349998,56.75,54.900002,55.150002,5664819.0,54.119167,-0.019749269762549204
2015-10-30,2015-10-30,55.299999,55.549999,53.900002,54.25,4935810.0,53.235989,-0.016453758864840573
2015-11-02,2015-11-02,54.599998,55.299999,52.150002,54.75,3402929.0,53.726643,0.009174371129661909
2015-11-03,2015-11-03,55.099998,55.549999,54.599998,55.200001,3626793.0,54.168232,0.008185587418812812
2015-11-04,2015-11-04,55.900002,55.900002,55.0,55.200001,2245920.0,54.168232,0.0
2015-11-05,2015-11-05,55.200001,55.299999,54.049999,54.700001,4610133.0,53.677578,-0.009099238725182257
2015-11-06,2015-11-06,54.900002,55.950001,54.299999,54.599998,3792178.0,53.57944499999999,-0.0018298667003371352
2015-11-09,2015-11-09,52.650002,54.450001,52.650002,54.150002,2633776.0,53.137859,-0.008275856000664383
2015-11-10,2015-11-10,54.0,54.849998,53.450001,53.650002,1481266.0,52.64720500000001,-0.009276498968386893
2015-11-13,2015-11-13,54.450001,54.450001,53.25,53.700001,1228170.0,52.69627,0.0009315243027239184
2015-11-16,2015-11-16,53.700001,56.900002,53.549999,56.75,4704868.0,55.689262,0.055242670529619176
2015-11-17,2015-11-17,57.0,57.099998,55.799999,56.799999,2648501.0,55.738323,0.0008805899036641307
2015-11-18,2015-11-18,56.849998,57.599998,55.0,55.549999,3402737.0,54.511688,-0.022252798095293347
2015-11-19,2015-11-19,55.950001,57.299999,55.650002,56.950001,3439842.0,55.885521,0.02489019311859897
2015-11-20,2015-11-20,57.200001,57.200001,56.099998,56.400002,2605502.0,55.345806,-0.009704446584358095
2015-11-23,2015-11-23,56.599998,57.450001,56.549999,56.950001,2377119.0,55.885521,0.009704446584358095
2015-11-24,2015-11-24,56.950001,57.099998,56.400002,56.900002,1697499.0,55.83646,-0.0008782694813405102
2015-11-26,2015-11-26,57.0,57.299999,56.549999,56.75,3272873.0,55.689262,-0.002639715445629243
2015-11-27,2015-11-27,58.0,59.400002,56.900002,58.75,6687403.0,57.651878,0.034635476490029404
2015-11-30,2015-11-30,58.75,59.400002,58.25,58.700001,2845235.0,57.602814,-0.0008514013982843237
2015-12-01,2015-12-01,58.900002,59.200001,58.400002,58.900002,1789274.0,57.799072,0.003401299510935374
2015-12-02,2015-12-02,59.049999,59.049999,57.200001,57.349998,2448900.0,56.278042000000006,-0.026668278879174775
2015-12-03,2015-12-03,57.200001,57.900002,57.0,57.0,3058001.0,55.934589,-0.006121486849475666
2015-12-04,2015-12-04,56.900002,57.400002,56.599998,56.799999,2091696.0,55.738323,-0.00351501897036588
2015-12-07,2015-12-07,57.099998,57.75,56.950001,57.549999,1383865.0,56.474304,0.013117802753836116
2015-12-08,2015-12-08,57.0,57.900002,57.0,57.5,1355597.0,56.425243,-0.0008691089449319732
2015-12-09,2015-12-09,57.349998,57.900002,54.849998,55.0,2965072.0,53.97197,-0.04445179157139378
2015-12-10,2015-12-10,55.349998,56.0,54.549999,55.450001,1369492.0,54.413559,0.008148531404106318
2015-12-11,2015-12-11,55.5,56.950001,54.0,54.400002,2795464.0,53.383186,-0.019117541658054904
2015-12-14,2015-12-14,54.299999,54.900002,52.549999,53.349998,4496694.0,52.35281,-0.019490214421813867
2015-12-15,2015-12-15,53.75,54.0,52.900002,53.75,3134948.0,52.745335,0.007469719377670271
2015-12-16,2015-12-16,53.900002,54.700001,53.25,54.299999,4215758.0,53.28505300000001,0.010180527897304614
2015-12-17,2015-12-17,54.900002,56.0,54.700001,55.150002,7372321.0,54.119167,0.015532551138206509
2015-12-18,2015-12-18,55.349998,55.849998,54.150002,55.099998,1813238.0,54.070099,-0.00090707710993021
2015-12-21,2015-12-21,55.099998,56.5,54.900002,56.299999,1855261.0,55.247669,0.02154481511048401
2015-12-22,2015-12-22,56.599998,56.75,55.700001,56.099998,3630361.0,55.051407,-0.0035587280374080885
2015-12-23,2015-12-23,56.450001,57.099998,56.299999,56.450001,2279949.0,55.39486700000001,0.006219514605860788
2015-12-24,2015-12-24,57.0,57.099998,56.0,56.200001,1032581.0,55.14954,-0.0044385312548005365
2015-12-28,2015-12-28,56.200001,57.099998,56.049999,56.75,3247911.0,55.689262,0.009738940807200612
2015-12-29,2015-12-29,57.099998,57.25,56.299999,56.849998,2580063.0,55.787388,0.0017604767517376274
2015-12-30,2015-12-30,56.799999,57.150002,56.150002,56.400002,1331057.0,55.345806,-0.00794693840912597
2015-12-31,2015-12-31,56.549999,56.849998,55.700001,56.0,3677199.0,54.95327800000001,-0.0071175506245459985
2016-01-01,2016-01-01,56.25,57.150002,55.799999,56.950001,1233722.0,55.885521,0.016821997208904094
2016-01-04,2016-01-04,56.549999,56.849998,55.400002,55.799999,2143302.0,54.757015,-0.02039984216759194
2016-01-05,2016-01-05,55.900002,56.349998,55.549999,55.75,2303821.0,54.707951,-0.0008964329881688826
2016-01-06,2016-01-06,55.900002,55.900002,54.5,54.849998,2476342.0,53.824772,-0.016275248063032155
2016-01-07,2016-01-07,54.400002,54.599998,52.200001,52.5,4639507.0,51.5187,-0.04378895873312949
2016-01-08,2016-01-08,52.950001,53.700001,52.5,52.599998,2035620.0,51.616825,0.0019028366725715171
2016-01-11,2016-01-11,52.75,53.0,51.25,52.299999,2749591.0,51.322437,-0.005719660250972147
2016-01-12,2016-01-12,52.0,52.5,47.400002,48.25,28531477.0,47.348137,-0.08060055142299749
2016-01-13,2016-01-13,48.400002,51.099998,47.799999,49.75,21241380.0,48.820099,0.030614619263103382
2016-01-14,2016-01-14,49.049999,49.400002,47.5,48.049999,8931612.0,47.151875,-0.0347683178293865
2016-01-15,2016-01-15,48.700001,48.700001,47.549999,47.950001,8986344.0,47.053745,-0.0020833159527429146
2016-01-18,2016-01-18,48.099998,48.900002,46.849998,48.0,3757705.0,47.10281,0.0010422005019430358
2016-01-19,2016-01-19,48.25,49.150002,48.0,48.549999,4438820.0,47.642529,0.011393169180416772
2016-01-20,2016-01-20,48.099998,48.200001,46.900002,47.700001,4079725.0,46.808418,-0.017662770176942733
2016-01-21,2016-01-21,48.400002,48.900002,46.950001,47.450001,4948719.0,46.563091,-0.005254869866803791
2016-01-22,2016-01-22,48.450001,49.25,47.5,48.599998,4028533.0,47.691593,0.02394694630476879
2016-01-25,2016-01-25,48.900002,49.200001,47.0,47.150002,2075043.0,46.2687,-0.030289428415741337
2016-01-27,2016-01-27,47.200001,48.150002,46.5,47.450001,4197105.0,46.563091,0.006342482110972547
2016-01-28,2016-01-28,47.400002,47.450001,46.150002,46.5,5892246.0,45.630844,-0.020224297305314387
2016-01-29,2016-01-29,46.200001,46.5,45.700001,46.150002,5891062.0,45.287392,-0.007555219917018795
2016-02-01,2016-02-01,46.700001,47.150002,45.75,46.900002,2027299.0,46.023373,0.016120704686890086
2016-02-02,2016-02-02,47.400002,47.900002,46.099998,46.549999,4096702.0,45.679913,-0.0074907153487080436
2016-02-03,2016-02-03,45.900002,46.5,44.799999,46.049999,2166176.0,45.189259,-0.010799234936837545
2016-02-04,2016-02-04,46.400002,46.900002,44.900002,45.099998,2722342.0,44.257015,-0.0208455358930264
2016-02-05,2016-02-05,45.150002,46.150002,45.0,45.799999,2806592.0,44.943932,0.015401867404133185
2016-02-08,2016-02-08,45.849998,47.200001,45.299999,46.099998,2420195.0,45.238323,0.006528824228535957
2016-02-09,2016-02-09,45.900002,45.950001,44.400002,44.599998,2822916.0,43.766361,-0.03307907298517199
2016-02-10,2016-02-10,44.450001,46.200001,44.0,45.200001,2963656.0,44.355148,0.01336327007196303
2016-02-11,2016-02-11,46.5,46.5,43.25,43.549999,6056864.0,42.735985,-0.03718747330671679
2016-02-12,2016-02-12,44.0,44.200001,41.349998,43.049999,3597260.0,42.245331,-0.011547466554518326
2016-02-15,2016-02-15,43.5,45.150002,43.099998,44.299999,2136143.0,43.471966,0.028622431750174208
2016-02-16,2016-02-16,44.900002,46.5,44.349998,44.599998,2985136.0,43.766361,0.006749238039097882
2016-02-17,2016-02-17,44.849998,46.150002,42.799999,45.75,2492173.0,44.894863,0.0254578697931942
2016-02-18,2016-02-18,46.099998,47.400002,45.799999,46.950001,3528635.0,46.072437,0.02589149690970638
2016-02-19,2016-02-19,46.799999,48.950001,46.599998,48.299999,5172375.0,47.397202,0.028348322109794214
2016-02-22,2016-02-22,48.400002,49.700001,48.25,49.349998,1898264.0,48.427574,0.021506164819978583
2016-02-23,2016-02-23,49.349998,49.599998,47.75,48.200001,3195022.0,47.299072,-0.023578686387726755
2016-02-24,2016-02-24,47.900002,47.900002,46.099998,46.349998,3430802.0,45.48365,-0.03913775513586781
2016-02-25,2016-02-25,45.950001,46.700001,44.75,44.900002,4945135.0,44.06075300000001,-0.03178348915971263
2016-02-26,2016-02-26,45.349998,46.5,44.0,46.049999,3651343.0,45.189259,0.02528999429616308
2016-02-29,2016-02-29,46.849998,47.450001,44.25,46.25,3824197.0,45.385517,0.004333619486906136
2016-03-01,2016-03-01,46.75,48.400002,46.349998,47.5,2715275.0,46.612156,0.026668320140475377
2016-03-02,2016-03-02,48.200001,50.5,47.75,50.099998,2730399.0,49.163555,0.053291231490322666
2016-03-03,2016-03-03,50.700001,50.799999,49.049999,49.5,1562330.0,48.574772,-0.01204829549342179
2016-03-04,2016-03-04,49.75,52.0,48.75,49.900002,6860819.0,48.967297,0.008048365651416756
2016-03-08,2016-03-08,48.549999,50.400002,48.549999,49.549999,2145473.0,48.623837,-0.0070387832166001205
2016-03-09,2016-03-09,49.150002,49.950001,48.5,48.849998,4519962.0,47.93692,-0.014227903947860552
2016-03-10,2016-03-10,49.0,49.75,48.25,48.950001,2007937.0,48.035057,0.002045118528815948
2016-03-11,2016-03-11,48.400002,49.549999,48.200001,48.5,1929945.0,47.593464,-0.009235657610746628
2016-03-14,2016-03-14,48.450001,49.5,47.849998,48.200001,3410898.0,47.299072,-0.0062047650298904244
2016-03-15,2016-03-15,48.349998,48.700001,47.400002,47.650002,4198150.0,46.759354,-0.01147635457335916
2016-03-16,2016-03-16,47.650002,48.799999,47.049999,48.299999,2434331.0,47.397202,0.013548876141107336
2016-03-17,2016-03-17,48.700001,51.700001,48.599998,50.099998,7256399.0,49.163555,0.03658939955053864
2016-03-18,2016-03-18,50.299999,50.549999,49.349998,49.900002,3063405.0,48.967297,-0.003999929842005034
2016-03-21,2016-03-21,50.0,50.700001,49.799999,50.5,1805886.0,49.55608,0.011952290456099137
2016-03-22,2016-03-22,50.700001,50.849998,49.599998,49.900002,1591315.0,48.967297,-0.011952290456099137
2016-03-23,2016-03-23,50.0,50.349998,49.5,49.599998,3223033.0,48.672901,-0.0060302395558902155
2016-03-28,2016-03-28,49.700001,50.25,47.200001,47.5,3376155.0,46.612156,-0.043261062092427416
2016-03-29,2016-03-29,47.450001,48.549999,46.549999,46.950001,4603252.0,46.072437,-0.011646490170010182
2016-03-30,2016-03-30,47.099998,47.950001,45.900002,46.700001,6294066.0,45.82711,-0.0053390379119111495
2016-03-31,2016-03-31,47.049999,47.299999,45.75,46.450001,34227524.0,45.581783,-0.005367696314475534
2016-04-01,2016-04-01,46.25,46.950001,45.799999,46.75,5933236.0,45.876171,0.00643769084783985
2016-04-04,2016-04-04,47.200001,47.349998,44.650002,44.849998,9979240.0,44.011688,-0.041490596927707735
2016-04-05,2016-04-05,44.950001,45.5,43.400002,43.650002,9058621.0,42.834118,-0.027120300441284773
2016-04-06,2016-04-06,44.0,44.450001,43.549999,43.950001,3895840.0,43.128513,0.0068493983378119525
2016-04-07,2016-04-07,44.400002,44.400002,42.599998,42.75,4453874.0,41.950943,-0.027683421100933803
2016-04-08,2016-04-08,42.799999,43.349998,42.400002,43.150002,3675193.0,42.343464,0.009313164445323707
2016-04-11,2016-04-11,43.5,43.799999,43.099998,43.549999,2366043.0,42.735985,0.009227229127683144
2016-04-12,2016-04-12,43.5,44.450001,43.5,44.049999,5389314.0,43.226639,0.0114156433466861
2016-04-13,2016-04-13,44.549999,45.150002,44.25,44.75,3124349.0,43.913555,0.015766093631071953
2016-04-18,2016-04-18,44.75,45.5,44.299999,45.25,3812853.0,44.404209,0.011111219889332613
2016-04-20,2016-04-20,45.400002,45.5,43.400002,43.900002,10468894.0,43.079445,-0.030288293045651837
2016-04-21,2016-04-21,44.400002,46.650002,44.349998,46.049999,14429884.0,45.189259,0.04781345665884418
2016-04-22,2016-04-22,46.099998,48.049999,45.650002,47.400002,9329005.0,46.514027,0.02889449716260284
2016-04-25,2016-04-25,47.5,48.700001,46.799999,48.150002,7096494.0,47.250008,0.0156989002336152
2016-04-26,2016-04-26,48.25,49.349998,47.450001,48.400002,8525220.0,47.495335,0.005178672439403621
2016-04-27,2016-04-27,48.400002,49.0,47.900002,48.0,6090050.0,47.10281,-0.008298836151303224
2016-04-28,2016-04-28,48.200001,48.5,46.200001,46.400002,15181075.0,45.532719,-0.03390149310973545
2016-04-29,2016-04-29,46.650002,47.099998,44.5,45.849998,9018425.0,44.99299600000001,-0.011924333218249927
2016-05-02,2016-05-02,44.0,47.650002,43.650002,46.450001,18350641.0,45.581783,0.013001307874651593
2016-05-03,2016-05-03,46.150002,47.5,46.150002,46.900002,12082250.0,46.023373,0.009641235054560935
2016-05-04,2016-05-04,47.0,50.150002,46.900002,48.849998,23356690.0,47.93692,0.040736603825692885
2016-05-05,2016-05-05,49.599998,50.150002,48.400002,48.950001,10460056.0,48.035057,0.002045118528815948
2016-05-06,2016-05-06,48.950001,49.049999,47.650002,48.200001,5286492.0,47.299072,-0.015440422640637053
2016-05-09,2016-05-09,48.599998,49.549999,48.150002,49.299999,6810621.0,48.37851,0.02256503100216012
2016-05-10,2016-05-10,49.450001,50.150002,48.549999,49.150002,11669842.0,48.231316,-0.0030471872270143585
2016-05-11,2016-05-11,48.299999,49.400002,48.0,48.599998,6072529.0,47.691593,-0.011253384648805652
2016-05-12,2016-05-12,49.150002,49.150002,48.450001,48.849998,3849916.0,47.93692,0.005130844985480998
2016-05-13,2016-05-13,48.5,51.200001,48.5,49.950001,16833926.0,49.016365,0.022268241976767026
2016-05-16,2016-05-16,49.5,51.200001,49.0,50.849998,7695351.0,49.899536,0.017857482173352146
2016-05-17,2016-05-17,51.450001,51.450001,50.099998,50.549999,5958804.0,49.605148,-0.005917085449426818
2016-05-18,2016-05-18,50.299999,50.849998,50.0,50.400002,6090880.0,49.457951,-0.002971784848582182
2016-05-19,2016-05-19,50.349998,50.849998,49.450001,49.650002,4507542.0,48.72197,-0.01499277609530081
2016-05-20,2016-05-20,49.849998,51.349998,49.349998,50.599998,11110008.0,49.654209,0.018953102588279425
2016-05-23,2016-05-23,50.400002,51.200001,49.25,49.549999,7252042.0,48.623837,-0.02096927639722823
2016-05-24,2016-05-24,49.599998,50.200001,49.25,49.450001,4739574.0,48.525711,-0.0020201027259441067
2016-05-25,2016-05-25,49.950001,51.0,49.799999,50.700001,4942604.0,49.752346,0.024963837082853768
2016-05-26,2016-05-26,51.0,53.5,50.950001,52.75,20589614.0,51.764027,0.03963783028561218
2016-05-27,2016-05-27,53.099998,53.700001,52.099998,52.549999,8218025.0,51.567764,-0.0037986999762384963
2016-05-30,2016-05-30,53.0,53.299999,52.200001,52.400002,3282617.0,51.42057,-0.0028584616239042404
2016-05-31,2016-05-31,52.5,52.75,51.150002,52.349998,5768693.0,51.371498,-0.0009547819142596836
2016-06-01,2016-06-01,52.349998,52.5,50.75,50.950001,4018086.0,49.997673,-0.02710704069778069
2016-06-02,2016-06-02,50.849998,51.700001,49.900002,51.5,5210921.0,50.537388,0.010736954443200108
2016-06-03,2016-06-03,51.75,51.849998,50.700001,51.0,2192138.0,50.046734,-0.009756169901535385
2016-06-06,2016-06-06,52.0,54.099998,51.5,53.599998,11489645.0,52.598137,0.04972345197868133
2016-06-07,2016-06-07,54.450001,57.5,53.400002,56.650002,24460189.0,55.591133,0.055343009255763416
2016-06-08,2016-06-08,56.650002,58.700001,55.900002,57.950001,16620703.0,56.866829,0.02268849089487368
2016-06-09,2016-06-09,57.799999,59.0,56.700001,58.349998,12163890.0,57.259354,0.006878816718056235
2016-06-10,2016-06-10,57.799999,59.299999,56.349998,58.450001,9726689.0,57.357483,0.0017122968412728312
2016-06-13,2016-06-13,58.150002,58.150002,55.599998,56.799999,7144813.0,55.738323,-0.028635379088333583
2016-06-14,2016-06-14,57.349998,58.700001,57.200001,58.450001,4646199.0,57.357483,0.028635379088333583
2016-06-15,2016-06-15,59.099998,60.599998,58.75,59.099998,7112114.0,57.995335,0.011059261701748646
2016-06-16,2016-06-16,58.849998,58.849998,57.349998,57.700001,6544541.0,56.621502,-0.02397376921657024
2016-06-17,2016-06-17,58.349998,58.75,57.25,57.75,4577292.0,56.67057,0.0008662213021954912
2016-06-20,2016-06-20,57.0,57.75,53.650002,57.0,5559439.0,55.934589,-0.013072073905341595
2016-06-21,2016-06-21,56.599998,57.5,56.450001,56.700001,3758573.0,55.640194,-0.005277100708092064
2016-06-22,2016-06-22,56.700001,57.299999,55.25,55.650002,3919754.0,54.609821,-0.018692115378639684
2016-06-23,2016-06-23,55.799999,56.349998,54.900002,56.0,7986038.0,54.95327800000001,0.006269594930767397
2016-06-24,2016-06-24,53.900002,55.400002,52.0,55.049999,9695858.0,54.021034,-0.017109844061357737
2016-06-27,2016-06-27,54.799999,56.5,54.5,55.950001,4062769.0,54.904213,0.016216595857420746
2016-06-28,2016-06-28,55.900002,56.549999,55.650002,56.0,3237130.0,54.95327800000001,0.0008932482039369916
2016-06-29,2016-06-29,56.299999,56.75,56.049999,56.25,4121431.0,55.19860500000001,0.0044543479230769725
2016-06-30,2016-06-30,56.799999,58.349998,56.349998,57.599998,28708743.0,56.523373,0.023716552801174903
2016-07-01,2016-07-01,58.400002,60.349998,58.0,59.0,9742487.0,57.89720500000001,0.024014876503734683
2016-07-04,2016-07-04,59.5,61.450001,59.5,60.799999,9120864.0,59.663559,0.030052321487861636
2016-07-05,2016-07-05,60.950001,61.349998,59.799999,60.0,4307465.0,58.878513,-0.013245212671075812
2016-07-07,2016-07-07,60.25,61.0,59.650002,60.0,5258720.0,58.878513,0.0
2016-07-08,2016-07-08,59.799999,61.599998,59.0,60.950001,6129624.0,59.810757,0.015709308376454345
2016-07-11,2016-07-11,61.599998,62.599998,61.049999,61.400002,7775645.0,60.252346,0.007355981649312505
2016-07-12,2016-07-12,62.5,63.25,62.0,62.400002,9637177.0,61.233654,0.0161554309663412
2016-07-13,2016-07-13,62.5,62.799999,60.599998,61.099998,5933172.0,59.957951,-0.02105344046974711
2016-07-14,2016-07-14,61.049999,63.200001,60.75,62.700001,7262056.0,61.528046,0.02584960351292942
2016-07-15,2016-07-15,63.0,63.5,61.349998,61.549999,5771403.0,60.39954,-0.018511614363840856
2016-07-18,2016-07-18,61.650002,62.299999,59.0,59.75,15521853.0,58.633186,-0.029680638736841125
2016-07-19,2016-07-19,59.700001,60.950001,58.400002,60.25,8169024.0,59.12384,0.00833337688842839
2016-07-20,2016-07-20,60.049999,62.900002,59.5,62.700001,7813627.0,61.528046,0.039858876212253584
2016-07-21,2016-07-21,62.799999,62.849998,60.450001,60.950001,6640806.0,59.810757,-0.02830757565883601
2016-07-22,2016-07-22,61.200001,64.25,60.299999,63.849998,22924361.0,62.656551,0.04648271319669561
2016-07-25,2016-07-25,64.900002,66.400002,63.5,66.099998,21420811.0,64.864494,0.034632145256038534
2016-07-26,2016-07-26,66.5,67.300003,64.0,64.5,10029597.0,63.294399,-0.0245035443525472
2016-07-27,2016-07-27,64.800003,65.800003,64.400002,65.0,5942048.0,63.785057,0.007722104793962181
2016-07-28,2016-07-28,65.25,65.900002,64.5,64.800003,7999757.0,63.588799,-0.003081608133313374
2016-07-29,2016-07-29,64.400002,65.699997,64.099998,64.650002,4607290.0,64.134407,0.008543652104036958
2016-08-01,2016-08-01,64.849998,65.400002,63.349998,65.0,5802961.0,64.481613,0.005399122806569068
2016-08-02,2016-08-02,65.199997,65.5,63.0,63.349998,10020546.0,62.844772,-0.025712363997540955
2016-08-03,2016-08-03,63.5,63.75,61.650002,61.900002,6635181.0,61.406338,-0.02315469481514576
2016-08-04,2016-08-04,62.5,63.25,61.400002,62.75,6881864.0,62.249557,0.013638364272142491
2016-08-05,2016-08-05,63.5,64.599998,62.900002,64.150002,9250859.0,63.63839300000001,0.02206553288292845
2016-08-08,2016-08-08,64.400002,64.599998,63.25,63.549999,2776798.0,63.043179,-0.009397079158906864
2016-08-09,2016-08-09,63.650002,64.300003,62.950001,63.950001,4180054.0,63.439991000000006,0.0062745628825995325
2016-08-10,2016-08-10,64.199997,64.25,62.400002,62.700001,3839950.0,62.199959,-0.019740094879322708
2016-08-11,2016-08-11,62.700001,63.25,62.099998,63.049999,5117810.0,62.547165,0.005566571563831779
2016-08-12,2016-08-12,63.099998,64.699997,62.700001,63.599998,6347431.0,63.09277700000001,0.008685381753647192
2016-08-16,2016-08-16,63.950001,65.25,62.900002,64.949997,6299094.0,64.432007,0.02100421885235271
2016-08-17,2016-08-17,64.949997,65.449997,63.700001,64.25,6168234.0,63.737595,-0.010835935882266943
2016-08-18,2016-08-18,64.5,65.199997,64.400002,64.949997,4980747.0,64.432007,0.010835935882266943
2016-08-19,2016-08-19,65.5,66.849998,64.650002,66.5,8033269.0,65.96965,0.02358427502807725
2016-08-22,2016-08-22,67.0,67.449997,65.699997,66.5,7304279.0,65.96965,0.0
2016-08-23,2016-08-23,66.349998,67.449997,66.099998,66.949997,5160447.0,66.416061,0.00674412198480745
2016-08-24,2016-08-24,67.199997,67.900002,66.75,67.75,4920304.0,67.209686,0.011878464283494594
2016-08-25,2016-08-25,67.800003,68.25,66.400002,66.800003,6674726.0,66.26726500000001,-0.01412133935848825
2016-08-26,2016-08-26,66.849998,67.199997,65.550003,66.550003,3980860.0,66.019257,-0.003749562492338043
2016-08-29,2016-08-29,66.699997,67.400002,66.0,67.050003,3045376.0,66.515266,0.007485013029506327
2016-08-30,2016-08-30,67.400002,68.0,67.099998,67.800003,3209370.0,67.25928499999999,0.011123590640266913
2016-08-31,2016-08-31,68.449997,70.0,67.949997,68.75,13307890.0,68.201706,0.013914503333224635
2016-09-01,2016-09-01,68.75,70.650002,68.550003,69.650002,9047870.0,69.094528,0.013005958858333777
2016-09-02,2016-09-02,69.75,70.449997,69.199997,70.099998,3622856.0,69.540939,0.006440091450749641
2016-09-06,2016-09-06,70.300003,72.199997,70.300003,71.800003,8454682.0,71.227386,0.02396174978798093
2016-09-07,2016-09-07,72.25,76.300003,72.0,74.400002,26037892.0,73.806648,0.035571429553787226
2016-09-08,2016-09-08,74.449997,74.599998,72.800003,73.800003,7022254.0,73.211433,-0.008097211554464856
2016-09-09,2016-09-09,73.699997,74.050003,72.599998,73.449997,5164459.0,72.86421999999997,-0.004753888095256009
2016-09-12,2016-09-12,70.5,72.300003,70.25,70.900002,5177860.0,70.334564,-0.035334366915235726
2016-09-14,2016-09-14,71.0,73.099998,71.0,72.400002,11568286.0,71.822601,0.020935861395810385
2016-09-15,2016-09-15,72.75,72.900002,70.199997,71.550003,7865539.0,70.979378,-0.011809819532902388
2016-09-16,2016-09-16,72.0,73.550003,71.900002,72.449997,11056353.0,71.8722,0.0125001576888355
2016-09-19,2016-09-19,72.650002,74.449997,72.199997,74.050003,5894406.0,73.45944200000002,0.02184390255512536
2016-09-20,2016-09-20,74.099998,74.150002,71.5,71.900002,6794459.0,71.326584,-0.029464339337217812
2016-09-21,2016-09-21,72.349998,72.449997,70.699997,71.0,6666568.0,70.433762,-0.012596382986017396
2016-09-22,2016-09-22,71.900002,73.949997,71.650002,73.199997,24121594.0,72.616219,0.030515577015210123
2016-09-23,2016-09-23,73.75,73.849998,72.400002,72.900002,6961736.0,72.318611,-0.004106789489882523
2016-09-26,2016-09-26,72.349998,74.199997,72.199997,72.949997,6201472.0,72.36820999999998,0.0006856049721744029
2016-09-27,2016-09-27,73.300003,73.650002,72.300003,72.400002,5441100.0,71.822601,-0.007567910885325267
2016-09-28,2016-09-28,72.449997,75.849998,72.400002,75.550003,29019523.0,74.947479,0.04258838454472347
2016-09-29,2016-09-29,76.599998,76.650002,68.150002,70.300003,18495629.0,69.739349,-0.0720228816934414
2016-09-30,2016-09-30,70.199997,72.599998,69.550003,72.0,6218299.0,71.425789,0.02389428807585237
2016-10-03,2016-10-03,73.0,74.699997,72.449997,74.300003,4341550.0,73.707451,0.03144489852717846
2016-10-04,2016-10-04,74.900002,75.800003,73.949997,75.400002,7429132.0,74.798676,0.014696291153685868
2016-10-05,2016-10-05,75.599998,75.949997,73.949997,74.300003,6759451.0,73.707451,-0.014696291153685868
2016-10-06,2016-10-06,74.349998,74.699997,72.5,73.050003,4579197.0,72.467415,-0.01696688058271345
2016-10-07,2016-10-07,73.349998,73.599998,72.650002,73.199997,3069265.0,72.616219,0.002051286531433938
2016-10-10,2016-10-10,73.300003,73.599998,72.5,73.0,2972760.0,72.417816,-0.002735952616378157
2016-10-13,2016-10-13,72.650002,72.800003,69.25,70.550003,5978148.0,69.987358,-0.034137720728457666
2016-10-14,2016-10-14,70.75,71.199997,69.900002,70.949997,6368612.0,70.384163,0.0056536547317103105
2016-10-17,2016-10-17,71.300003,71.699997,69.650002,70.099998,5675890.0,69.540939,-0.012052650962529832
2016-10-18,2016-10-18,70.199997,72.349998,70.199997,71.900002,3867227.0,71.326584,0.025353475546462608
2016-10-19,2016-10-19,72.199997,72.199997,70.400002,70.599998,4782306.0,70.03694899999999,-0.01824615940839447
2016-10-20,2016-10-20,71.949997,73.75,70.800003,73.25,6750740.0,72.665817,0.036848135745605866
2016-10-21,2016-10-21,73.0,73.5,71.550003,73.150002,3738067.0,72.56662,-0.0013660449067005589
2016-10-24,2016-10-24,73.800003,75.400002,72.699997,75.0,6862511.0,74.401863,0.024975945362754715
2016-10-25,2016-10-25,75.0,81.800003,74.099998,81.199997,31819592.0,80.552414,0.07942709628917655
2016-10-26,2016-10-26,81.050003,85.949997,79.849998,82.0,32173604.0,81.346039,0.009804063500268969
2016-10-27,2016-10-27,81.75,82.300003,80.150002,81.550003,10643052.0,80.899628,-0.005502915853162982
2016-10-28,2016-10-28,81.300003,83.300003,80.75,81.949997,6723102.0,81.296432,0.004892902967434942
2016-11-01,2016-11-01,82.599998,83.199997,80.800003,81.900002,11624949.0,81.24683399999998,-0.0006102744550409156
2016-11-02,2016-11-02,80.0,80.75,78.699997,79.449997,5538960.0,78.81636800000003,-0.030371163266852182
2016-11-03,2016-11-03,79.150002,80.300003,76.650002,76.849998,10153031.0,76.23710600000003,-0.03327239148106553
2016-11-04,2016-11-04,77.449997,78.400002,75.050003,76.599998,6653592.0,75.989098,-0.0032584169205298608
2016-11-07,2016-11-07,78.25,78.300003,77.0,77.25,7582760.0,76.63391899999998,0.008449902896710881
2016-11-08,2016-11-08,77.900002,78.150002,76.75,77.099998,12990195.0,76.48511500000002,-0.0019436387881750503
2016-11-09,2016-11-09,70.0,76.800003,69.400002,76.199997,19145196.0,75.59229300000001,-0.011741813192533536
2016-11-10,2016-11-10,77.400002,82.0,77.400002,80.300003,26573364.0,79.659599,0.052408210302423264
2016-11-11,2016-11-11,81.0,83.099998,76.75,77.300003,24565702.0,76.683525,-0.038075656459893636
2016-11-15,2016-11-15,77.699997,78.5,70.599998,73.800003,16479006.0,73.211433,-0.04633529009118576
2016-11-16,2016-11-16,75.75,76.25,71.75,72.349998,12966546.0,71.772995,-0.019843306196336563
2016-11-17,2016-11-17,73.0,74.25,72.150002,73.050003,11953021.0,72.467415,0.009628721453254665
2016-11-18,2016-11-18,73.800003,74.0,70.800003,71.099998,11193629.0,70.532967,-0.027056795011884738
2016-11-21,2016-11-21,71.849998,71.849998,65.599998,66.949997,17945593.0,66.416061,-0.06014130777708626
2016-11-22,2016-11-22,68.449997,69.900002,66.550003,69.650002,13321421.0,69.094528,0.03953662829399995
2016-11-23,2016-11-23,70.099998,70.699997,68.650002,69.599998,7841378.0,69.04493000000001,-0.0007180859524043015
2016-11-24,2016-11-24,69.0,69.150002,67.550003,67.900002,10846663.0,67.35849,-0.0247284992870398
2016-11-25,2016-11-25,68.5,71.449997,68.0,70.650002,9039700.0,70.086555,0.03970202539462342
2016-11-28,2016-11-28,68.849998,70.5,68.550003,69.949997,8137813.0,69.392136,-0.009957431241633508
2016-11-29,2016-11-29,70.449997,71.0,69.349998,69.550003,5027929.0,68.99533100000001,-0.00573471133009118
2016-11-30,2016-11-30,70.0,71.300003,69.599998,70.800003,8407205.0,70.235359,0.017813038040398688
2016-12-01,2016-12-01,70.699997,71.099998,69.099998,69.349998,4137485.0,68.796921,-0.02069288265061875
2016-12-02,2016-12-02,68.0,69.199997,67.5,68.199997,7125822.0,67.65609,-0.016721618292886653
2016-12-05,2016-12-05,68.300003,68.800003,67.699997,68.199997,4307805.0,67.65609,0.0
2016-12-06,2016-12-06,68.550003,70.0,67.550003,69.849998,10265103.0,69.29293100000001,0.02390552248291566
2016-12-07,2016-12-07,70.0,72.449997,68.5,69.199997,22578274.0,68.648117,-0.009349192370729398
2016-12-08,2016-12-08,69.599998,70.599998,69.5,70.300003,4566615.0,69.739349,0.015771003682119478
2016-12-09,2016-12-09,71.199997,71.650002,70.0,71.199997,6304513.0,70.632164,0.012720914958046059
2016-12-12,2016-12-12,71.699997,71.75,69.900002,70.550003,5402939.0,69.987358,-0.009170995751130562
2016-12-13,2016-12-13,70.050003,71.449997,69.550003,70.949997,4723635.0,70.384163,0.0056536547317103105
2016-12-14,2016-12-14,71.300003,71.300003,69.449997,69.650002,5276252.0,69.094528,-0.018492742413279476
2016-12-15,2016-12-15,68.5,70.699997,68.5,69.449997,5290219.0,68.896126,-0.002875588033891319
2016-12-16,2016-12-16,69.699997,69.949997,68.400002,68.599998,3990349.0,68.052902,-0.012314576721669468
2016-12-19,2016-12-19,68.449997,68.449997,67.650002,68.0,3926934.0,67.45768699999999,-0.008784831241272606
2016-12-20,2016-12-20,68.0,68.449997,67.5,67.800003,4616338.0,67.25928499999999,-0.0029454661947250216
2016-12-21,2016-12-21,68.0,68.400002,66.75,67.0,3179052.0,66.46566800000001,-0.011869532194562105
2016-12-22,2016-12-22,66.800003,66.949997,65.550003,65.800003,2898256.0,65.275238,-0.018072782980379287
2016-12-23,2016-12-23,66.0,66.449997,64.199997,65.0,7838087.0,64.481613,-0.012232647296970713
2016-12-26,2016-12-26,65.449997,65.5,61.799999,62.400002,5115520.0,61.902351,-0.0408219538109762
2016-12-27,2016-12-27,62.849998,64.849998,62.599998,64.300003,5719244.0,63.787201,0.029994399357143212
2016-12-28,2016-12-28,64.550003,66.099998,63.799999,65.300003,5619455.0,64.779228,0.01543243747341716
2016-12-29,2016-12-29,65.650002,66.849998,64.599998,66.25,12506202.0,65.721649,0.014443387736935875
2016-12-30,2016-12-30,66.5,67.650002,66.150002,66.849998,2818522.0,66.316856,0.009015719038748315
2017-01-02,2017-01-02,67.099998,67.550003,65.699997,66.050003,6869503.0,65.523247,-0.0120391074854993
2017-01-03,2017-01-03,66.5,66.800003,65.699997,66.150002,3323564.0,65.62244399999999,0.0015127758778996634
2017-01-04,2017-01-04,66.349998,66.900002,65.5,65.75,3698802.0,65.22563199999999,-0.00606525106977429
2017-01-05,2017-01-05,66.099998,68.0,65.949997,67.5,10842222.0,66.961678,0.02626796509231699
2017-01-06,2017-01-06,67.75,68.5,66.949997,67.199997,4708592.0,66.664063,-0.00445446348712597
2017-01-09,2017-01-09,67.849998,68.5,67.150002,68.349998,2886785.0,67.804893,0.016968338366686986
2017-01-10,2017-01-10,68.849998,70.0,68.400002,69.900002,6108650.0,69.342537,0.022424166931704903
2017-01-11,2017-01-11,70.5,73.699997,70.099998,72.550003,16348712.0,71.971405,0.03721035993657385
2017-01-12,2017-01-12,72.800003,73.75,71.800003,72.349998,6726583.0,71.772995,-0.002760596252864289
2017-01-13,2017-01-13,72.900002,73.449997,71.199997,72.550003,6595497.0,71.971405,0.002760596252864289
2017-01-16,2017-01-16,72.949997,75.150002,72.5,74.699997,8724396.0,74.104256,0.029204079197873163
2017-01-17,2017-01-17,75.0,76.099998,74.650002,75.550003,9160548.0,74.947479,0.011314621675641234
2017-01-18,2017-01-18,75.599998,77.0,75.550003,76.800003,8962794.0,76.187508,0.016409924019845867
2017-01-19,2017-01-19,77.25,78.0,74.300003,77.099998,28956770.0,76.48511500000002,0.003898634491301678
2017-01-20,2017-01-20,77.0,79.699997,76.75,78.050003,22158057.0,77.427544,0.01224643618671184
2017-01-23,2017-01-23,78.25,79.099998,77.449997,78.0,9675460.0,77.377937,-0.0006408946424576456
2017-01-24,2017-01-24,78.25,80.0,77.900002,78.550003,10442500.0,77.923553,0.007026568062858729
2017-01-25,2017-01-25,79.699997,79.699997,77.949997,78.800003,12644279.0,78.171562,0.003177667778914817
2017-01-27,2017-01-27,79.150002,79.800003,78.199997,78.599998,8489960.0,77.973152,-0.0025413618137113407
2017-01-30,2017-01-30,78.5,78.75,77.25,77.449997,4483892.0,76.832321,-0.014739164332400634
2017-01-31,2017-01-31,77.5,77.599998,75.449997,76.050003,5736347.0,75.443489,-0.01824151204659596
2017-02-01,2017-02-01,76.5,80.0,76.300003,79.349998,12935817.0,78.717171,0.04247742866802273
2017-02-02,2017-02-02,79.599998,84.5,78.800003,83.900002,19430128.0,83.23088800000002,0.05575721433270253
2017-02-03,2017-02-03,85.449997,85.900002,84.0,84.550003,14665583.0,83.875702,0.007717435923503046
2017-02-06,2017-02-06,85.5,85.5,83.150002,84.0,9154207.0,83.330086,-0.0065263044195722495
2017-02-07,2017-02-07,84.449997,84.449997,82.400002,83.050003,5880732.0,82.387665,-0.011373931327034905
2017-02-08,2017-02-08,83.199997,84.0,81.800003,83.400002,8267416.0,82.734871,0.004205440639742264
2017-02-09,2017-02-09,84.0,85.599998,83.0,83.900002,17910784.0,83.23088800000002,0.00597735918336184
2017-02-10,2017-02-10,84.400002,84.900002,83.550003,84.449997,13089790.0,83.77649699999998,0.006533973825535
2017-02-13,2017-02-13,84.849998,85.0,82.75,83.949997,5544027.0,83.280479,-0.005938326785219772
2017-02-14,2017-02-14,84.0,84.0,82.800003,83.150002,3252373.0,82.48687,-0.009575046811710841
2017-02-15,2017-02-15,83.449997,83.550003,79.849998,81.050003,6613357.0,80.40361800000002,-0.025579953987086238
2017-02-16,2017-02-16,80.949997,83.400002,80.400002,82.599998,5367104.0,81.941254,0.018943400710059063
2017-02-17,2017-02-17,83.0,85.099998,83.0,83.400002,12809121.0,82.734871,0.00963859386506094
2017-02-20,2017-02-20,83.75,86.5,82.650002,85.949997,20619578.0,85.264534,0.03011741868835038
2017-02-21,2017-02-21,85.849998,87.25,85.5,86.099998,12978855.0,85.413338,0.0017436828331485188
2017-02-22,2017-02-22,86.0,86.25,83.550003,84.300003,7316238.0,83.62769300000002,-0.02112755005070266
2017-02-23,2017-02-23,84.900002,85.349998,83.650002,84.099998,8264166.0,83.429291,-0.0023752624826487434
2017-02-27,2017-02-27,83.550003,83.949997,82.300003,83.300003,6370466.0,82.635674,-0.009557982825977971
2017-02-28,2017-02-28,83.349998,88.150002,82.800003,87.349998,23920035.0,86.653366,0.04747438542930027
2017-03-01,2017-03-01,88.199997,89.800003,86.699997,88.050003,17916708.0,87.347794,0.007981920199736871
2017-03-02,2017-03-02,88.150002,89.550003,84.400002,84.849998,14605152.0,84.173309,-0.03701990579351744
2017-03-03,2017-03-03,85.199997,85.650002,83.599998,85.300003,8213427.0,84.61972,0.005289460630763188
2017-03-06,2017-03-06,85.849998,85.900002,84.5,85.349998,8550522.0,84.66931899999999,0.0005859682553834844
2017-03-07,2017-03-07,85.449997,85.650002,84.25,84.650002,3452546.0,83.974907,-0.00823527660612644
2017-03-08,2017-03-08,84.800003,85.449997,82.849998,84.300003,4694631.0,83.62769300000002,-0.004143306806913215
2017-03-09,2017-03-09,84.75,86.800003,83.949997,85.599998,7857869.0,84.917328,0.01530345021350854
2017-03-10,2017-03-10,86.25,86.800003,84.550003,85.0,5344785.0,84.322113,-0.007034027654889918
2017-03-14,2017-03-14,87.25,87.599998,85.699997,86.349998,8366261.0,85.661346,0.015757541571866263
2017-03-15,2017-03-15,85.300003,87.699997,85.300003,86.400002,7212723.0,85.710945,0.0005788450524351062
2017-03-16,2017-03-16,86.599998,89.25,86.599998,88.449997,11395845.0,87.744591,0.023449689019160225
2017-03-17,2017-03-17,88.900002,88.949997,86.75,87.300003,5464673.0,86.603775,-0.013086813578110146
2017-03-20,2017-03-20,87.349998,87.75,85.900002,86.900002,4625435.0,86.206963,-0.004592454172816396
2017-03-21,2017-03-21,87.0,89.0,86.050003,88.75,9967617.0,88.04220600000002,0.021065361467190517
2017-03-22,2017-03-22,87.650002,88.650002,86.800003,87.050003,5306932.0,86.355766,-0.01934073601945041
2017-03-23,2017-03-23,87.099998,88.449997,87.099998,88.25,5781680.0,87.546188,0.013690939832860849
2017-03-24,2017-03-24,88.349998,90.650002,88.050003,89.849998,14152906.0,89.13343,0.017967943566599587
2017-03-27,2017-03-27,90.400002,91.150002,89.5,90.0,8532418.0,89.282234,0.0016680602046577064
2017-03-28,2017-03-28,90.75,91.400002,90.300003,90.550003,9189684.0,89.82785,0.006092540135570701
2017-03-29,2017-03-29,90.949997,91.5,89.849998,91.150002,7031000.0,90.423065,0.006604317802844761
2017-03-30,2017-03-30,91.5,91.849998,90.400002,90.75,8351438.0,90.026253,-0.004398050865703772
2017-03-31,2017-03-31,90.050003,92.0,90.050003,91.449997,7827606.0,90.720665,0.007683842405397989
