Date,Date.1,JINDALSTEL.NS.Open,JINDALSTEL.NS.High,JINDALSTEL.NS.Low,JINDALSTEL.NS.Close,JINDALSTEL.NS.Volume,JINDALSTEL.NS.Adjusted,log_returns
2013-04-01,2013-04-01,352.899994,352.899994,338.100006,342.450012,1826776.0,338.456421,-0.015358161803536776
2013-04-02,2013-04-02,341.549988,353.600006,340.75,351.0,1611068.0,346.906708,0.0246605482156852
2013-04-03,2013-04-03,352.0,360.5,341.100006,344.450012,2465086.0,340.4331049999999,-0.018837245571546646
2013-04-04,2013-04-04,344.0,344.0,326.5,329.700012,1743237.0,325.855133,-0.04376573990068078
2013-04-05,2013-04-05,327.950012,340.5,327.950012,335.549988,1631554.0,331.636871,0.017587702972825525
2013-04-08,2013-04-08,337.0,337.0,328.600006,330.600006,755540.0,326.744598,-0.014861788423614188
2013-04-09,2013-04-09,332.25,343.299988,331.149994,332.649994,2824186.0,328.770691,0.006181700064025186
2013-04-10,2013-04-10,337.0,337.75,322.200012,328.5,1997283.0,324.669098,-0.012554016261727695
2013-04-11,2013-04-11,333.75,335.899994,326.0,330.049988,1335955.0,326.200989,0.004707218411847514
2013-04-12,2013-04-12,328.0,333.399994,325.049988,327.850006,1430794.0,324.026672,-0.006687888672800568
2013-04-15,2013-04-15,325.0,332.75,325.0,329.649994,1097541.0,325.805695,0.005475342672482952
2013-04-16,2013-04-16,328.600006,340.799988,325.399994,337.700012,1886557.0,333.76181,0.02412641879190769
2013-04-17,2013-04-17,336.549988,344.299988,333.100006,336.399994,2226972.0,332.476959,-0.0038570334019762953
2013-04-18,2013-04-18,340.0,340.799988,330.299988,337.450012,1511498.0,333.51474,0.003116500825817603
2013-04-22,2013-04-22,337.049988,344.0,335.600006,341.549988,1503822.0,337.566925,0.012076724670739836
2013-04-23,2013-04-23,341.549988,347.700012,327.049988,329.899994,4719532.0,326.052765,-0.03470456285308199
2013-04-25,2013-04-25,331.200012,332.399994,324.649994,329.200012,4734175.0,325.360931,-0.00212410105702876
2013-04-26,2013-04-26,324.0,325.5,312.899994,314.950012,6405623.0,311.27713,-0.04425151440172481
2013-04-29,2013-04-29,316.0,316.0,295.0,301.299988,7631742.0,297.786285,-0.044307543848487015
2013-04-30,2013-04-30,302.0,309.200012,298.350006,304.549988,4488540.0,300.998383,0.01072882785097562
2013-05-02,2013-05-02,303.299988,312.25,302.5,305.850006,3823519.0,302.283234,0.0042595461438228455
2013-05-03,2013-05-03,306.0,321.0,304.25,318.450012,4210766.0,314.736298,0.04037070022895595
2013-05-06,2013-05-06,318.100006,327.549988,318.100006,326.600006,2095910.0,322.79129,0.025270814365757843
2013-05-07,2013-05-07,327.700012,338.100006,326.549988,333.049988,2802665.0,329.166046,0.01955636915581049
2013-05-08,2013-05-08,334.0,338.600006,326.0,329.549988,2235141.0,325.706848,-0.010564584991040071
2013-05-09,2013-05-09,329.0,330.149994,316.799988,317.850006,1707986.0,314.14328,-0.036148549979794
2013-05-10,2013-05-10,318.0,318.5,309.450012,311.399994,2971534.0,307.768494,-0.020501330073627425
2013-05-13,2013-05-13,311.100006,312.850006,303.350006,304.399994,1482205.0,300.850128,-0.022735630363844628
2013-05-14,2013-05-14,305.100006,308.0,300.450012,305.200012,1397226.0,301.640808,0.0026247048932246386
2013-05-15,2013-05-15,304.950012,315.299988,304.0,312.700012,2111542.0,309.053375,0.024277064587980846
2013-05-16,2013-05-16,310.100006,314.75,306.149994,308.350006,2629501.0,304.754089,-0.01400881078192917
2013-05-17,2013-05-17,308.100006,313.899994,306.700012,312.600006,1981775.0,308.954529,0.013688924902790944
2013-05-20,2013-05-20,310.0,316.450012,306.600006,307.799988,1856873.0,304.21048,-0.015474280478694704
2013-05-21,2013-05-21,307.899994,309.399994,302.0,302.850006,1495492.0,299.318237,-0.0162124850733969
2013-05-22,2013-05-22,303.100006,309.899994,302.149994,303.350006,1884104.0,299.812408,0.0016496272263433198
2013-05-23,2013-05-23,300.049988,305.0,289.549988,291.100006,2152667.0,287.705261,-0.04122041560401968
2013-05-24,2013-05-24,295.899994,297.399994,289.450012,295.049988,1382998.0,291.609161,0.013477859164988892
2013-05-27,2013-05-27,297.0,308.25,294.600006,306.600006,2559882.0,303.024475,0.038399161860003694
2013-05-28,2013-05-28,307.200012,312.200012,305.100006,306.399994,1941579.0,302.826813,-0.0006525099836478532
2013-05-29,2013-05-29,308.399994,308.399994,298.049988,300.200012,932291.0,296.699127,-0.020442482914686092
2013-05-30,2013-05-30,298.5,301.149994,294.850006,296.299988,1370531.0,292.844604,-0.013076478375650956
2013-05-31,2013-05-31,298.700012,298.700012,282.75,284.450012,1529559.0,281.132813,-0.04081490474996397
2013-06-03,2013-06-03,287.899994,292.25,281.799988,290.399994,1548524.0,287.013428,0.020701800320761517
2013-06-04,2013-06-04,289.299988,295.899994,282.75,284.799988,1942368.0,281.478729,-0.01947212045191637
2013-06-05,2013-06-05,285.0,288.899994,283.0,287.450012,1491973.0,284.097809,0.009261695087539046
2013-06-06,2013-06-06,285.0,288.450012,282.799988,284.899994,1355644.0,281.5775450000001,-0.00891069641981268
2013-06-07,2013-06-07,283.0,286.149994,278.0,279.200012,1185820.0,275.944031,-0.020209821416020013
2013-06-10,2013-06-10,282.0,282.950012,264.25,267.25,2413307.0,264.133392,-0.04374381065505073
2013-06-11,2013-06-11,265.299988,266.799988,202.75,226.149994,26550601.0,223.512665,-0.166986169151512
2013-06-12,2013-06-12,221.050003,240.699997,218.649994,235.550003,13913264.0,232.80307,0.04072482394076005
2013-06-13,2013-06-13,231.899994,239.699997,227.300003,236.800003,7180161.0,234.038483,0.005292656045489785
2013-06-14,2013-06-14,239.149994,246.0,233.0,243.149994,4708500.0,240.314423,0.02646260264752609
2013-06-17,2013-06-17,242.0,244.25,237.550003,240.699997,2452081.0,237.89299,-0.010127211036047969
2013-06-18,2013-06-18,238.199997,243.75,236.550003,239.850006,2751834.0,237.052917,-0.003537556019309385
2013-06-19,2013-06-19,239.25,258.899994,239.25,245.800003,8592429.0,242.933533,0.024504484483099283
2013-06-20,2013-06-20,240.0,240.800003,218.649994,221.949997,5358755.0,219.361664,-0.10206607768721376
2013-06-21,2013-06-21,217.75,220.0,195.899994,204.449997,17208324.0,202.065735,-0.08212873623367667
2013-06-24,2013-06-24,202.399994,210.0,195.350006,207.449997,10618527.0,205.030762,0.014566961161914803
2013-06-25,2013-06-25,210.899994,213.800003,201.75,207.649994,3974615.0,205.228409,0.0009635227156978844
2013-06-26,2013-06-26,208.949997,211.300003,199.600006,201.300003,5225030.0,198.952469,-0.031057602183797606
2013-06-27,2013-06-27,204.0,207.300003,194.649994,201.25,5170379.0,198.903061,-0.00024837156469370564
2013-06-28,2013-06-28,202.0,219.949997,202.0,217.449997,6179943.0,214.914139,0.07742101949190605
2013-07-01,2013-07-01,215.0,226.5,214.050003,223.649994,4571090.0,221.041824,0.02811333760477286
2013-07-02,2013-07-02,218.100006,223.149994,210.5,214.050003,4973120.0,211.553787,-0.04387265426998255
2013-07-03,2013-07-03,210.699997,218.0,208.300003,216.300003,5354085.0,213.777557,0.010456742933375729
2013-07-04,2013-07-04,217.5,219.899994,211.449997,216.850006,2769530.0,214.321136,0.002539504562945716
2013-07-05,2013-07-05,220.699997,224.949997,215.699997,223.850006,4146462.0,221.239517,0.03177037626701207
2013-07-08,2013-07-08,220.0,223.899994,216.5,221.75,3643233.0,219.164001,-0.009425589402373369
2013-07-09,2013-07-09,223.0,224.649994,214.699997,217.100006,2377874.0,214.568222,-0.021192573489664742
2013-07-10,2013-07-10,217.550003,221.350006,213.5,218.800003,2885008.0,216.248398,0.007799998609527847
2013-07-11,2013-07-11,221.350006,227.800003,220.199997,221.800003,2527943.0,219.213409,0.0136179879560947
2013-07-12,2013-07-12,221.5,223.899994,219.399994,222.550003,1686219.0,219.954666,0.0033757358338117878
2013-07-15,2013-07-15,220.449997,226.399994,219.850006,223.699997,2074694.0,221.091248,0.0051540416992788
2013-07-16,2013-07-16,219.350006,221.399994,215.100006,216.300003,1330054.0,213.777557,-0.033639482036632806
2013-07-17,2013-07-17,217.5,220.649994,211.600006,214.050003,1794827.0,211.553787,-0.010456742933375729
2013-07-18,2013-07-18,214.100006,220.899994,213.050003,216.25,2510261.0,213.72814900000003,0.010225597479519344
2013-07-19,2013-07-19,217.300003,217.949997,206.350006,210.449997,2471795.0,207.995773,-0.027187118311323036
2013-07-22,2013-07-22,210.5,213.800003,208.800003,211.600006,803400.0,209.132355,0.00544957166174953
2013-07-23,2013-07-23,213.100006,215.449997,206.899994,210.350006,1250062.0,207.896942,-0.005924843280106451
2013-07-24,2013-07-24,210.0,211.949997,195.100006,201.949997,2090704.0,199.594894,-0.04075270337324444
2013-07-25,2013-07-25,201.25,206.050003,195.75,196.550003,3418590.0,194.257874,-0.027103258569080246
2013-07-26,2013-07-26,197.649994,200.949997,187.199997,189.949997,2240010.0,187.734848,-0.03415593949376117
2013-07-29,2013-07-29,188.100006,202.25,187.5,199.600006,2238159.0,197.272308,0.04955446406326036
2013-07-30,2013-07-30,199.0,209.699997,198.300003,202.550003,4250828.0,200.187912,0.014671437049563531
2013-07-31,2013-07-31,200.0,202.25,191.550003,199.800003,3828059.0,197.469971,-0.013669958226360636
2013-08-01,2013-08-01,200.0,207.899994,196.75,202.350006,3073422.0,199.990234,0.012682008144356159
2013-08-02,2013-08-02,203.0,206.800003,181.600006,187.0,4112449.0,184.819244,-0.07889024737068429
2013-08-05,2013-08-05,187.0,203.899994,185.149994,201.449997,2833041.0,199.100723,0.07443255441946306
2013-08-06,2013-08-06,201.0,203.449997,192.350006,196.449997,2166002.0,194.159042,-0.025133215073408263
2013-08-07,2013-08-07,196.449997,207.850006,189.399994,203.600006,2845287.0,201.225662,0.03574934749287273
2013-08-08,2013-08-08,204.0,210.300003,201.25,207.399994,4197973.0,204.981339,0.01849197090264365
2013-08-12,2013-08-12,210.800003,229.699997,208.600006,226.600006,5071690.0,223.957443,0.08853710147145487
2013-08-13,2013-08-13,226.899994,230.600006,222.649994,226.100006,2697076.0,223.463272,-0.0022089777445621905
2013-08-14,2013-08-14,237.0,237.0,220.5,224.949997,3811021.0,222.326675,-0.005099260180752019
2013-08-16,2013-08-16,222.699997,225.5,209.350006,213.149994,3432703.0,210.664276,-0.05388205195974916
2013-08-19,2013-08-19,211.0,221.5,199.199997,219.0,2914337.0,216.44606,0.027075613591021508
2013-08-20,2013-08-20,215.5,224.899994,213.350006,220.899994,4762409.0,218.323914,0.008638433147654112
2013-08-21,2013-08-21,223.0,229.25,217.850006,221.0,3643063.0,218.422745,0.00045257816929034084
2013-08-22,2013-08-22,220.0,236.600006,217.25,230.949997,5897113.0,228.25669900000003,0.04403848622092532
2013-08-23,2013-08-23,233.899994,244.899994,233.0,240.550003,4934584.0,237.744751,0.0407267549269692
2013-08-26,2013-08-26,243.0,247.800003,238.75,244.050003,2910857.0,241.203949,0.014445213655194244
2013-08-27,2013-08-27,241.350006,244.600006,226.25,230.149994,3844665.0,227.466034,-0.05864191087856074
2013-08-28,2013-08-28,227.0,240.699997,226.399994,238.449997,4409783.0,235.669235,0.035428349184737584
2013-08-29,2013-08-29,241.399994,245.949997,238.0,243.5,4868128.0,240.660355,0.02095734878871891
2013-08-30,2013-08-30,246.0,246.399994,217.600006,221.850006,9594061.0,219.262833,-0.09311546322274378
2013-09-02,2013-09-02,222.600006,230.899994,222.0,227.949997,2781583.0,225.291687,0.02712478839113253
2013-09-03,2013-09-03,229.0,234.300003,218.199997,219.600006,3006650.0,217.039078,-0.037318529010650366
2013-09-04,2013-09-04,222.0,226.949997,217.100006,226.100006,1565680.0,223.463272,0.029169649176812307
2013-09-05,2013-09-05,232.0,232.350006,224.399994,227.0,1856120.0,224.35276800000003,0.0039726007572316036
2013-09-06,2013-09-06,229.0,237.5,227.0,233.300003,2077577.0,230.5793,0.02737516776666737
2013-09-10,2013-09-10,240.100006,241.5,232.699997,237.0,3054440.0,234.23616,0.015734999218458334
2013-09-11,2013-09-11,240.0,243.300003,231.149994,241.199997,4438740.0,238.387177,0.017566308796953756
2013-09-12,2013-09-12,244.199997,246.199997,236.300003,238.649994,2006192.0,235.866913,-0.010628428000575065
2013-09-13,2013-09-13,238.0,242.75,235.0,241.350006,1521236.0,240.145462,0.017977113416956847
2013-09-16,2013-09-16,246.5,248.75,238.25,242.149994,1756330.0,240.941452,0.003309134807875757
2013-09-17,2013-09-17,243.100006,250.5,239.75,247.449997,2773667.0,246.215012,0.021651220491524903
2013-09-18,2013-09-18,249.899994,252.899994,245.5,249.100006,2329326.0,247.856781,0.006645896673530771
2013-09-19,2013-09-19,254.0,264.600006,248.75,259.799988,5744048.0,258.503357,0.04205759694229183
2013-09-20,2013-09-20,258.600006,266.0,252.050003,260.75,4578762.0,259.448639,0.0036500797633980397
2013-09-23,2013-09-23,257.899994,262.799988,251.300003,252.949997,2008077.0,251.687561,-0.0303702791122209
2013-09-24,2013-09-24,249.0,251.850006,243.0,247.800003,1881522.0,246.563263,-0.020569875390217263
2013-09-25,2013-09-25,248.800003,250.199997,241.100006,245.0,1541831.0,243.777237,-0.011363760411671642
2013-09-26,2013-09-26,245.600006,246.550003,233.800003,235.550003,3375492.0,234.374405,-0.03933498711901074
2013-09-27,2013-09-27,232.800003,239.0,231.0,235.949997,2406595.0,234.7724,0.0016966761416012945
2013-09-30,2013-09-30,233.899994,237.399994,231.199997,235.5,2573500.0,234.324646,-0.0019090042872669246
2013-10-01,2013-10-01,234.600006,235.449997,228.600006,232.5,1536311.0,231.339615,-0.012820704260419369
2013-10-03,2013-10-03,235.0,242.5,233.0,241.050003,1302972.0,239.846954,0.036114202614811575
2013-10-04,2013-10-04,240.100006,242.0,235.399994,236.300003,2038997.0,235.120667,-0.019902169307606243
2013-10-07,2013-10-07,236.0,241.5,234.25,240.699997,1447185.0,239.498688,0.01844907980072641
2013-10-08,2013-10-08,242.0,247.300003,241.449997,244.350006,1536960.0,243.13049300000003,0.015050368677047562
2013-10-09,2013-10-09,244.550003,250.0,243.100006,249.300003,1270584.0,248.055771,0.020055296513411317
2013-10-10,2013-10-10,248.25,257.350006,248.25,251.699997,2703849.0,250.443787,0.009580888202050277
2013-10-11,2013-10-11,255.0,255.899994,252.0,254.5,1535514.0,253.229828,0.011062995289944588
2013-10-14,2013-10-14,253.699997,255.5,249.0,252.449997,1023812.0,251.190048,-0.008087671464245716
2013-10-15,2013-10-15,253.100006,257.5,249.0,251.350006,2603799.0,250.095551,-0.004366767133937799
2013-10-17,2013-10-17,250.5,254.399994,250.100006,253.300003,1588836.0,252.035812,0.00772813968480346
2013-10-18,2013-10-18,254.0,259.299988,252.149994,255.850006,2767220.0,254.57309,0.01001679680329737
2013-10-21,2013-10-21,255.850006,257.049988,245.199997,246.25,3886133.0,245.020996,-0.038244080496953714
2013-10-22,2013-10-22,248.0,250.25,244.100006,247.149994,2030141.0,245.916504,0.0036481588519823305
2013-10-23,2013-10-23,248.699997,249.5,243.050003,245.850006,1689276.0,244.623001,-0.005273809692545761
2013-10-24,2013-10-24,246.0,249.600006,239.699997,241.5,1918170.0,240.294708,-0.01785213396347185
2013-10-25,2013-10-25,240.0,241.199997,235.600006,238.350006,1479152.0,237.160431,-0.013129283851993634
2013-10-28,2013-10-28,238.0,241.199997,236.25,238.300003,932748.0,237.110672,-0.00020983357353188128
2013-10-29,2013-10-29,237.300003,241.949997,237.199997,240.449997,1341720.0,239.249939,0.008981772767113759
2013-10-30,2013-10-30,239.300003,243.300003,236.600006,240.050003,1462460.0,238.851944,-0.0016648965673820015
2013-10-31,2013-10-31,240.5,242.0,236.0,239.850006,2274271.0,238.652939,-0.0008335203203424513
2013-11-01,2013-11-01,240.0,250.0,240.0,247.949997,2402977.0,246.712509,0.03321336907805428
2013-11-05,2013-11-05,252.0,252.0,245.100006,248.399994,1105282.0,247.160263,0.001813236720319189
2013-11-06,2013-11-06,248.0,249.800003,242.300003,243.350006,1199688.0,242.135483,-0.020539547672053796
2013-11-07,2013-11-07,243.0,245.75,239.0,240.699997,1956537.0,239.498688,-0.010949477851565527
2013-11-08,2013-11-08,240.699997,242.449997,238.0,240.5,1208440.0,239.299698,-0.0008312058573096692
2013-11-11,2013-11-11,240.0,243.399994,235.199997,236.649994,1636563.0,235.468903,-0.016137874870914892
2013-11-12,2013-11-12,235.199997,239.199997,232.699997,235.800003,1469348.0,234.623154,-0.0035982310269551117
2013-11-13,2013-11-13,233.300003,238.800003,233.300003,235.600006,1082998.0,234.42414900000003,-0.0008485498612529341
2013-11-14,2013-11-14,238.600006,241.800003,237.0,238.649994,2073404.0,237.458923,0.012862575586444436
2013-11-18,2013-11-18,241.100006,246.399994,239.699997,244.949997,2284477.0,243.727478,0.026056054933640386
2013-11-19,2013-11-19,245.100006,257.950012,245.100006,255.300003,4961892.0,254.025833,0.041385258911085465
2013-11-20,2013-11-20,255.5,260.149994,251.050003,252.449997,4196127.0,251.190048,-0.01122615059652965
2013-11-21,2013-11-21,251.100006,254.600006,245.0,245.800003,2366906.0,244.573242,-0.026694993636329656
2013-11-22,2013-11-22,245.100006,250.899994,245.100006,248.649994,1493228.0,247.409012,0.011528063795561929
2013-11-25,2013-11-25,248.149994,254.600006,248.149994,251.5,2186979.0,250.24479700000003,0.01139674063632512
2013-11-26,2013-11-26,251.800003,253.350006,249.25,250.100006,1644242.0,248.851791,-0.005582124385043129
2013-11-27,2013-11-27,248.600006,251.600006,248.300003,250.75,1011772.0,249.498535,0.002595541045492311
2013-11-28,2013-11-28,251.550003,257.600006,250.550003,254.699997,4082939.0,253.428818,0.01562994332539347
2013-11-29,2013-11-29,255.5,259.100006,253.699997,258.149994,1935518.0,256.861603,0.013454443362912905
2013-12-02,2013-12-02,258.450012,270.899994,256.75,268.399994,6806928.0,267.060455,0.03893762587220007
2013-12-03,2013-12-03,269.850006,283.649994,269.549988,275.350006,8308097.0,273.975769,0.025564612179603152
2013-12-04,2013-12-04,274.950012,282.899994,274.0,278.700012,5964784.0,277.309052,0.012092927264548692
2013-12-05,2013-12-05,283.399994,286.700012,280.5,282.049988,4639225.0,280.642303,0.011948319957514109
2013-12-06,2013-12-06,284.0,286.0,282.100006,283.5,2053291.0,282.085083,0.0051278228049076455
2013-12-09,2013-12-09,289.5,290.0,264.600006,265.799988,5072815.0,264.473419,-0.0644679872236642
2013-12-10,2013-12-10,268.0,268.5,260.200012,266.549988,2684482.0,265.219666,0.002817659942521366
2013-12-11,2013-12-11,268.649994,273.350006,263.450012,267.0,2983846.0,265.66745,0.0016869277580626731
2013-12-12,2013-12-12,264.549988,269.399994,261.25,262.350006,2445252.0,261.04064900000003,-0.01756920018386321
2013-12-13,2013-12-13,261.0,262.0,255.5,259.799988,2284543.0,258.503357,-0.009767458166475508
2013-12-16,2013-12-16,258.0,259.0,249.75,251.449997,2245222.0,250.195038,-0.032667914622650514
2013-12-17,2013-12-17,253.0,257.399994,251.300003,252.0,1948049.0,250.742294,0.0021849288633690733
2013-12-18,2013-12-18,250.199997,252.300003,247.149994,248.449997,4242440.0,247.210007,-0.014187488409455716
2013-12-19,2013-12-19,250.0,254.800003,249.0,250.949997,3087821.0,249.69754,0.010012139259239385
2013-12-20,2013-12-20,249.600006,254.0,249.0,250.449997,2505515.0,249.200027,-0.0019944501550090976
2013-12-23,2013-12-23,251.0,266.5,250.050003,264.399994,3937595.0,263.080414,0.054203846837714835
2013-12-24,2013-12-24,263.100006,266.649994,258.600006,261.25,2902690.0,259.946136,-0.011985301775467859
2013-12-26,2013-12-26,258.75,265.5,258.75,262.149994,2232774.0,260.841644,0.0034390548971980905
2013-12-27,2013-12-27,264.0,265.350006,260.299988,261.799988,1055404.0,260.493378,-0.0013360546946170615
2013-12-30,2013-12-30,262.700012,266.0,259.75,263.049988,1415274.0,261.737152,0.004763323016332421
2013-12-31,2013-12-31,263.5,264.799988,260.600006,261.0,858382.0,259.697388,-0.00782370268199184
2014-01-01,2014-01-01,263.0,264.399994,261.0,262.549988,615128.0,261.23962400000005,0.005921024884708359
2014-01-02,2014-01-02,263.0,269.25,257.0,259.049988,4157709.0,257.757111,-0.01342037447858502
2014-01-03,2014-01-03,257.5,261.200012,253.199997,255.649994,1933259.0,254.374069,-0.013211815025992557
2014-01-06,2014-01-06,256.5,262.5,255.100006,258.899994,1561302.0,257.60784900000004,0.012632567247202077
2014-01-07,2014-01-07,259.049988,262.5,255.199997,256.799988,1593897.0,255.518326,-0.008144330387535703
2014-01-08,2014-01-08,257.25,260.899994,256.049988,258.350006,1122109.0,257.060608,0.006017752786787511
2014-01-09,2014-01-09,256.350006,265.899994,255.25,264.350006,2298715.0,263.03067000000004,0.022958755462477498
2014-01-10,2014-01-10,265.0,268.799988,259.200012,261.850006,2589145.0,260.543152,-0.00950214320158338
2014-01-13,2014-01-13,261.549988,265.700012,257.200012,260.200012,1272194.0,258.901398,-0.006321211635485824
2014-01-14,2014-01-14,258.0,262.149994,252.100006,253.899994,2357415.0,252.632813,-0.024510184001885985
2014-01-15,2014-01-15,254.350006,258.799988,254.100006,257.100006,1643269.0,255.816849,0.01252465233179212
2014-01-16,2014-01-16,257.350006,264.75,257.0,260.950012,1455905.0,259.647644,0.014863741654962404
2014-01-17,2014-01-17,261.0,267.799988,258.149994,260.350006,2419907.0,259.050629,-0.002301975135499568
2014-01-20,2014-01-20,262.0,262.850006,256.649994,260.0,1097559.0,258.702362,-0.0013453019435116784
2014-01-21,2014-01-21,261.299988,262.799988,258.100006,261.100006,749132.0,259.796875,0.004221856263686874
2014-01-22,2014-01-22,261.0,263.700012,260.0,261.600006,1078684.0,260.294403,0.00191323397569132
2014-01-23,2014-01-23,260.5,269.200012,260.5,267.0,1971383.0,265.66745,0.020432029018448542
2014-01-24,2014-01-24,266.0,268.0,260.950012,262.049988,1065415.0,260.742126,-0.018713442757110958
2014-01-27,2014-01-27,259.799988,259.799988,253.25,253.699997,2219712.0,252.433807,-0.03238283206481896
2014-01-28,2014-01-28,253.699997,261.299988,250.300003,258.25,2207980.0,256.961121,0.01777572944266304
2014-01-29,2014-01-29,260.299988,260.899994,252.100006,253.949997,1138012.0,252.682571,-0.016790752392039643
2014-01-30,2014-01-30,250.0,255.800003,247.600006,249.899994,4149903.0,248.652771,-0.016076611626325562
2014-01-31,2014-01-31,253.5,255.550003,248.149994,250.300003,1514649.0,249.050781,0.0015993861536420795
2014-02-03,2014-02-03,248.149994,250.350006,242.100006,243.199997,1500863.0,241.986221,-0.02877602891173048
2014-02-04,2014-02-04,241.100006,244.350006,238.199997,241.949997,1329383.0,240.742462,-0.005153046819133422
2014-02-05,2014-02-05,241.0,245.25,240.100006,242.399994,829664.0,241.190201,0.0018580982912927981
2014-02-06,2014-02-06,244.0,248.350006,239.449997,243.949997,1815315.0,242.732468,0.006374044120899924
2014-02-07,2014-02-07,245.800003,248.0,242.449997,244.100006,978734.0,242.881729,0.0006147308115060923
2014-02-10,2014-02-10,244.350006,247.949997,241.600006,243.399994,801207.0,242.185211,-0.002871844775529375
2014-02-11,2014-02-11,243.0,245.199997,239.300003,241.649994,1101135.0,240.443954,-0.0072157452613108575
2014-02-12,2014-02-12,243.0,244.100006,240.699997,242.75,677921.0,241.538467,0.004541721165375101
2014-02-13,2014-02-13,241.0,242.949997,232.0,234.0,1527042.0,232.832138,-0.03671098789476624
2014-02-14,2014-02-14,234.899994,237.0,231.149994,235.399994,1082293.0,234.225143,0.005965046203673553
2014-02-17,2014-02-17,238.0,238.75,232.0,236.350006,924745.0,235.17041,0.004027597925739812
2014-02-18,2014-02-18,234.149994,253.899994,233.0,252.449997,3691410.0,251.190048,0.06589941568796663
2014-02-19,2014-02-19,252.050003,252.100006,244.100006,245.199997,1233050.0,243.976227,-0.029139025756150794
2014-02-20,2014-02-20,244.199997,247.949997,240.0,242.949997,1002001.0,241.737457,-0.009218541409186544
2014-02-21,2014-02-21,245.0,247.600006,243.699997,246.0,717329.0,244.772247,0.012475925303752966
2014-02-24,2014-02-24,246.0,246.850006,240.5,243.550003,746078.0,242.334473,-0.010009282370322836
2014-02-25,2014-02-25,245.300003,246.0,239.550003,242.0,1015539.0,240.792206,-0.006384545941728882
2014-02-26,2014-02-26,242.300003,245.550003,237.100006,238.649994,1935247.0,237.458923,-0.013939693074560113
2014-02-28,2014-02-28,237.300003,242.850006,237.25,239.350006,1747349.0,238.155441,0.002928921204439661
2014-03-03,2014-03-03,239.399994,246.75,237.0,242.399994,1586627.0,241.190201,0.012662264060201878
2014-03-04,2014-03-04,242.100006,249.100006,242.0,247.75,1597591.0,246.513504,0.021830936952387248
2014-03-05,2014-03-05,249.699997,251.5,243.100006,246.75,1325547.0,245.518509,-0.00404443747565697
2014-03-06,2014-03-06,247.199997,255.800003,246.5,252.649994,1480154.0,251.389053,0.023629413587311632
2014-03-07,2014-03-07,256.0,260.799988,252.75,257.350006,2086222.0,256.065613,0.018431961366049517
2014-03-10,2014-03-10,255.100006,263.75,252.649994,261.5,2285081.0,260.194885,0.01599719550838774
2014-03-11,2014-03-11,262.100006,265.799988,253.25,254.899994,2599738.0,253.627823,-0.025562979239521333
2014-03-12,2014-03-12,254.300003,260.399994,250.399994,258.600006,2132974.0,257.309357,0.014411156045822437
2014-03-13,2014-03-13,259.0,263.0,248.600006,251.199997,2087288.0,249.946289,-0.029033033956098464
2014-03-14,2014-03-14,250.899994,257.399994,246.600006,255.899994,1681573.0,254.622833,0.018537313176048897
2014-03-18,2014-03-18,257.450012,265.75,254.600006,261.0,2700546.0,259.697388,0.019733696903153408
2014-03-19,2014-03-19,261.399994,266.600006,260.100006,264.799988,1710350.0,263.478394,0.014454307555440415
2014-03-20,2014-03-20,264.899994,265.649994,258.700012,259.75,1030461.0,258.453613,-0.019255137377142798
2014-03-21,2014-03-21,260.899994,270.850006,260.899994,264.5,2642564.0,263.179901,0.018121601516053687
2014-03-24,2014-03-24,266.0,268.0,262.549988,264.799988,2061664.0,263.478394,0.0011335358610891078
2014-03-25,2014-03-25,260.200012,272.5,260.200012,270.0,1978115.0,268.652466,0.01944722794757148
2014-03-26,2014-03-26,273.0,280.399994,273.0,278.600006,1910906.0,277.209534,0.03135506430150148
2014-03-27,2014-03-27,279.0,283.0,275.200012,281.450012,1770071.0,280.045319,0.010177782980117732
2014-03-28,2014-03-28,281.399994,282.200012,275.549988,280.700012,1720234.0,279.299072,-0.00266829329038476
2014-03-31,2014-03-31,280.700012,299.0,280.700012,292.450012,5598060.0,290.990417,0.041007185004351854
2014-04-01,2014-04-01,295.399994,299.649994,290.950012,296.0,3188667.0,294.522705,0.012065761536262263
2014-04-02,2014-04-02,297.0,297.200012,286.5,290.200012,1505230.0,288.751648,-0.019789127715007737
2014-04-03,2014-04-03,292.0,304.5,290.100006,299.0,2683204.0,297.507721,0.029873208411065555
2014-04-04,2014-04-04,300.0,303.799988,296.100006,299.5,2091640.0,298.005219,0.0016708221847760993
2014-04-07,2014-04-07,299.5,303.899994,278.5,281.450012,3707078.0,280.045319,-0.062159556131063276
2014-04-09,2014-04-09,284.100006,286.649994,281.25,284.75,2436967.0,283.328857,0.011656818224118126
2014-04-10,2014-04-10,285.0,288.0,279.75,281.350006,2318516.0,279.945831,-0.012012138128893568
2014-04-11,2014-04-11,280.100006,283.899994,274.25,280.049988,1814173.0,278.652283,-0.004631416683295697
2014-04-15,2014-04-15,280.5,284.850006,267.0,268.350006,1716689.0,267.010712,-0.04267592961007338
2014-04-16,2014-04-16,271.100006,274.899994,265.350006,269.399994,1838308.0,268.05545,0.003905084648803125
2014-04-17,2014-04-17,270.600006,281.899994,267.549988,280.299988,2867194.0,278.901031,0.03966312919762149
2014-04-21,2014-04-21,282.200012,285.700012,278.350006,282.25,1566223.0,280.841339,0.006932888684938909
2014-04-22,2014-04-22,285.0,285.0,273.75,275.850006,1911042.0,274.473267,-0.02293601174809456
2014-04-23,2014-04-23,276.799988,279.5,272.350006,274.25,2279221.0,272.881256,-0.00581712737333806
2014-04-24,2014-04-24,274.25,274.25,274.25,274.25,0.0,272.881256,0.0
2014-04-25,2014-04-25,276.700012,282.549988,273.600006,275.049988,1422183.0,273.677246,0.0029127369160093512
2014-04-28,2014-04-28,275.399994,279.149994,272.600006,273.649994,1509915.0,272.284241,-0.005102953435376811
2014-04-29,2014-04-29,276.399994,276.450012,248.399994,253.050003,3534794.0,251.787064,-0.07826277815210236
2014-04-30,2014-04-30,253.0,259.399994,249.25,255.25,3395345.0,253.976074,0.00865631954722268
2014-05-02,2014-05-02,256.75,257.049988,236.649994,239.0,5505063.0,237.807175,-0.06577990951604472
2014-05-05,2014-05-05,240.899994,249.449997,239.399994,243.800003,3456147.0,242.583221,0.019884674671110325
2014-05-06,2014-05-06,243.0,246.100006,238.0,243.600006,3316495.0,242.384232,-0.0008206283120086866
2014-05-07,2014-05-07,244.0,246.399994,241.199997,242.199997,2581044.0,240.991211,-0.00576373862841706
2014-05-08,2014-05-08,242.350006,244.649994,236.100006,239.449997,1868613.0,238.254929,-0.011419233273099572
2014-05-09,2014-05-09,238.699997,249.5,238.350006,244.800003,2455874.0,243.578232,0.02209694156414166
2014-05-12,2014-05-12,245.0,251.0,240.699997,242.300003,1995196.0,241.090714,-0.010264902930570585
2014-05-13,2014-05-13,247.800003,253.850006,243.5,245.649994,3117466.0,244.423981,0.013731075108606385
2014-05-14,2014-05-14,247.100006,263.25,245.0,261.549988,3839045.0,260.24462900000003,0.06271772501883355
2014-05-15,2014-05-15,261.899994,266.399994,256.0,258.200012,2883054.0,256.911377,-0.012890880584351729
2014-05-16,2014-05-16,260.149994,280.0,255.0,269.899994,4883135.0,268.552948,0.04431690491328233
2014-05-19,2014-05-19,271.100006,292.0,267.5,289.799988,3422104.0,288.353638,0.07113954283076662
2014-05-20,2014-05-20,289.700012,297.0,281.0,289.25,3107765.0,287.806396,-0.0018996186207616008
2014-05-21,2014-05-21,289.299988,293.0,282.200012,287.700012,2229770.0,286.26413,-0.0053731018772493755
2014-05-22,2014-05-22,291.600006,295.549988,282.0,283.850006,2729418.0,282.43335,-0.01347232254829578
2014-05-23,2014-05-23,285.200012,309.0,284.200012,300.75,7092588.0,299.2489930000001,0.057833385805772686
2014-05-26,2014-05-26,306.399994,314.799988,289.0,297.200012,5900361.0,295.716736,-0.011873956192944846
2014-05-27,2014-05-27,295.100006,319.950012,292.299988,314.899994,6492869.0,313.328369,0.05784971969329701
2014-05-28,2014-05-28,316.0,319.299988,305.850006,307.350006,4265646.0,305.816071,-0.024267896782522055
2014-05-29,2014-05-29,306.5,310.899994,295.0,296.899994,2917872.0,295.418213,-0.034591822491688795
2014-05-30,2014-05-30,298.700012,309.799988,296.299988,297.75,4143484.0,296.263977,0.0028588475040507433
2014-06-02,2014-06-02,299.100006,313.5,298.100006,311.950012,4055767.0,310.393097,0.046588677932133386
2014-06-03,2014-06-03,314.0,325.950012,309.299988,321.549988,18109270.0,319.94516,0.03031005709201828
2014-06-04,2014-06-04,324.700012,333.399994,319.75,327.399994,17625399.0,325.7659910000001,0.018029698485476864
2014-06-05,2014-06-05,329.950012,342.0,326.5,336.700012,11922819.0,335.019592,0.028009709104181543
2014-06-06,2014-06-06,341.0,343.149994,330.299988,339.600006,7214442.0,337.90509,0.008576043538023548
2014-06-09,2014-06-09,342.0,351.0,338.100006,339.950012,6207985.0,338.253357,0.0010301343785412698
2014-06-10,2014-06-10,342.899994,343.149994,325.549988,337.549988,3803440.0,335.865326,-0.0070849274746018764
2014-06-11,2014-06-11,340.0,342.0,322.950012,328.149994,4377015.0,326.512238,-0.02824283373600789
2014-06-12,2014-06-12,332.549988,339.5,325.0,335.399994,4697553.0,333.726044,0.021852998458109063
2014-06-13,2014-06-13,335.950012,341.0,310.850006,322.950012,5658559.0,321.338196,-0.037826290253102364
2014-06-16,2014-06-16,323.5,328.5,316.450012,326.700012,2849236.0,325.0694890000001,0.011544833174816915
2014-06-17,2014-06-17,324.049988,329.600006,316.649994,325.149994,4390982.0,323.527222,-0.0047557130050321925
2014-06-18,2014-06-18,324.049988,329.0,310.299988,317.25,3418398.0,315.666656,-0.024596488050755202
2014-06-19,2014-06-19,317.049988,325.399994,316.0,318.25,3146562.0,316.661652,0.00314708928456664
2014-06-20,2014-06-20,320.5,324.0,315.399994,318.600006,2283088.0,317.009918,0.0010992004424812407
2014-06-23,2014-06-23,319.0,329.0,317.299988,327.299988,2606978.0,325.666473,0.026940708242815248
2014-06-24,2014-06-24,329.850006,334.75,328.5,332.100006,2049282.0,330.442535,0.01455900255736253
2014-06-25,2014-06-25,333.399994,335.0,329.0,330.100006,1412743.0,328.452515,-0.0060404947674559395
2014-06-26,2014-06-26,330.75,331.75,321.25,322.899994,1974847.0,321.288452,-0.0220529524986226
2014-06-27,2014-06-27,323.100006,327.600006,316.75,320.399994,1875411.0,318.800903,-0.007772544579284001
2014-06-30,2014-06-30,321.0,327.399994,320.799988,322.549988,1919600.0,320.940186,0.006687989909712755
2014-07-01,2014-07-01,323.450012,332.299988,323.450012,326.899994,2921742.0,325.268463,0.01339611202783608
2014-07-02,2014-07-02,329.899994,337.200012,329.0,332.600006,3550158.0,330.940033,0.017286308433193117
2014-07-03,2014-07-03,334.700012,335.799988,327.649994,329.799988,2102981.0,328.153992,-0.00845420376554884
2014-07-04,2014-07-04,329.850006,331.799988,322.049988,324.799988,1314095.0,323.178955,-0.0152767759674024
2014-07-07,2014-07-07,325.0,331.0,323.899994,327.899994,1669970.0,326.263489,0.009499093329364605
2014-07-08,2014-07-08,327.0,329.700012,306.0,309.899994,2884808.0,308.353333,-0.056458992851531775
2014-07-09,2014-07-09,306.200012,310.700012,289.450012,297.200012,4329004.0,295.716736,-0.04184428736442492
2014-07-10,2014-07-10,297.100006,315.899994,287.399994,300.549988,2895471.0,299.049988,0.011208720203385704
2014-07-11,2014-07-11,301.200012,303.0,278.0,280.049988,2812458.0,280.049988,-0.06564262755714713
2014-07-14,2014-07-14,280.0,286.5,276.899994,283.149994,2654018.0,283.149994,0.01100865556328312
2014-07-15,2014-07-15,288.149994,288.399994,279.0,286.049988,2337324.0,286.049988,0.010189807394196393
2014-07-16,2014-07-16,288.0,295.0,282.200012,292.450012,2913709.0,292.450012,0.02212717415786081
2014-07-17,2014-07-17,289.549988,303.0,289.100006,300.399994,4196669.0,300.399994,0.026821146994921108
2014-07-18,2014-07-18,297.700012,301.0,291.149994,296.950012,3410517.0,296.950012,-0.0115510850438989
2014-07-21,2014-07-21,296.200012,301.299988,294.0,295.75,1087628.0,295.75,-0.004049312014215546
2014-07-22,2014-07-22,296.100006,299.850006,293.149994,296.049988,1432451.0,296.049988,0.0010138155855941024
2014-07-23,2014-07-23,297.600006,301.700012,291.149994,294.649994,1384696.0,294.649994,-0.004740127523310989
2014-07-24,2014-07-24,294.850006,300.0,292.649994,294.200012,2397456.0,294.200012,-0.0015283419648639553
2014-07-25,2014-07-25,293.5,296.799988,278.25,283.200012,3730854.0,283.200012,-0.03810644476347047
2014-07-28,2014-07-28,283.600006,286.25,276.100006,282.149994,1915258.0,282.149994,-0.003714581042580711
2014-07-30,2014-07-30,282.450012,283.0,274.049988,277.700012,1803832.0,277.700012,-0.01589738562501175
2014-07-31,2014-07-31,278.25,283.700012,273.399994,274.799988,3166454.0,274.799988,-0.010497920844781737
2014-08-01,2014-08-01,271.700012,279.350006,266.100006,267.149994,2784213.0,267.149994,-0.028233240735582758
2014-08-04,2014-08-04,268.799988,276.100006,266.899994,275.049988,2484146.0,275.049988,0.02914257974854717
2014-08-05,2014-08-05,274.149994,282.5,271.100006,281.299988,2296587.0,281.299988,0.0224688171436922
2014-08-06,2014-08-06,281.0,283.399994,273.25,274.399994,2173326.0,274.399994,-0.02483479885088613
2014-08-07,2014-08-07,277.0,290.899994,277.0,282.149994,7302569.0,282.149994,0.027851949164023004
2014-08-08,2014-08-08,280.200012,282.549988,274.549988,276.700012,2971768.0,276.700012,-0.019504892988716268
2014-08-11,2014-08-11,278.350006,282.899994,269.549988,272.399994,2767906.0,272.399994,-0.015662377912222247
2014-08-12,2014-08-12,274.149994,280.799988,271.700012,278.25,2017159.0,278.25,0.02124843790672859
2014-08-13,2014-08-13,277.899994,279.799988,271.899994,275.100006,2884300.0,275.100006,-0.011385300414874957
2014-08-14,2014-08-14,274.100006,287.799988,274.100006,285.200012,3133775.0,285.200012,0.0360560408750974
2014-08-18,2014-08-18,286.100006,295.700012,284.5,294.700012,3522776.0,294.700012,0.03276719984714749
2014-08-19,2014-08-19,295.600006,297.700012,292.200012,295.950012,2179098.0,295.950012,0.004232631221098515
2014-08-20,2014-08-20,295.75,299.799988,293.5,297.200012,2858205.0,297.200012,0.004214791536331752
2014-08-21,2014-08-21,295.100006,301.0,289.25,292.600006,2731767.0,292.600006,-0.015598844128621003
2014-08-22,2014-08-22,292.200012,296.549988,292.200012,294.399994,1540813.0,294.399994,0.006132857382453061
2014-08-25,2014-08-25,296.5,298.049988,238.300003,253.449997,10269041.0,253.449997,-0.1497728133925822
2014-08-26,2014-08-26,235.0,244.449997,232.149994,236.899994,20256013.0,236.899994,-0.06752846724410677
2014-08-27,2014-08-27,237.0,246.0,237.0,244.199997,5960364.0,244.199997,0.030349463553994482
2014-08-28,2014-08-28,244.0,246.300003,230.600006,233.0,7683407.0,233.0,-0.0469490958258918
2014-09-01,2014-09-01,235.199997,252.75,224.25,248.0,18509443.0,248.0,0.0623902925992823
2014-09-02,2014-09-02,252.0,252.0,238.399994,240.100006,7812531.0,240.100006,-0.03237321794818726
2014-09-03,2014-09-03,238.050003,241.199997,234.699997,238.100006,4787357.0,238.100006,-0.008364749524482741
2014-09-04,2014-09-04,235.699997,236.149994,222.850006,228.75,8506571.0,228.75,-0.0400610745366814
2014-09-05,2014-09-05,226.5,236.5,226.0,234.199997,4796552.0,234.199997,0.023545734198421545
2014-09-08,2014-09-08,234.5,240.850006,233.100006,238.100006,3723181.0,238.100006,0.016515340338259854
2014-09-09,2014-09-09,237.0,248.600006,231.0,240.550003,8849408.0,240.550003,0.01023720192456956
2014-09-10,2014-09-10,238.100006,240.899994,234.800003,238.199997,2949389.0,238.199997,-0.009817336290140588
2014-09-11,2014-09-11,236.0,242.0,235.5,236.550003,2190474.0,236.550003,-0.006951029567276557
2014-09-12,2014-09-12,236.0,239.5,234.0,236.149994,1803152.0,236.149994,-0.0016924438249192875
2014-09-15,2014-09-15,233.800003,235.850006,224.100006,225.050003,4079195.0,225.050003,-0.04814455786523286
2014-09-16,2014-09-16,224.300003,228.899994,217.0,218.300003,4129564.0,218.300003,-0.0304523357708586
2014-09-17,2014-09-17,220.0,224.449997,205.0,213.350006,7114954.0,213.350006,-0.022936239541643037
2014-09-18,2014-09-18,215.800003,222.0,213.550003,220.949997,4499908.0,220.949997,0.03500238024220525
2014-09-19,2014-09-19,221.100006,222.600006,207.699997,210.600006,4681344.0,210.600006,-0.047975789809113316
2014-09-22,2014-09-22,210.0,215.800003,207.350006,214.300003,3844336.0,214.300003,0.01741628828869501
2014-09-23,2014-09-23,213.300003,214.0,208.800003,210.899994,3288216.0,210.899994,-0.015992857443372088
2014-09-24,2014-09-24,206.600006,218.0,180.0,189.5,23761949.0,189.5,-0.10699503451274506
2014-09-25,2014-09-25,183.0,186.800003,170.0,174.899994,16728675.0,174.899994,-0.0801746768032423
2014-09-26,2014-09-26,173.0,186.0,167.300003,183.949997,12813197.0,183.949997,0.05044961752276489
2014-09-29,2014-09-29,183.0,186.5,176.199997,177.300003,4583396.0,177.300003,-0.03682073524136786
2014-09-30,2014-09-30,177.25,180.0,171.399994,172.800003,5145698.0,172.800003,-0.025708356269569244
2014-10-01,2014-10-01,172.949997,174.399994,165.100006,170.800003,7060713.0,170.800003,-0.0116415748121943
2014-10-07,2014-10-07,169.100006,170.25,161.75,163.100006,5624726.0,163.100006,-0.04612975250465734
2014-10-08,2014-10-08,161.5,168.0,160.800003,166.25,4232576.0,166.25,0.019129133121748687
2014-10-09,2014-10-09,167.0,170.699997,164.25,165.699997,4361390.0,165.699997,-0.003313773208455828
2014-10-10,2014-10-10,164.0,164.0,154.350006,155.899994,6550136.0,155.899994,-0.060964168749986676
2014-10-13,2014-10-13,154.300003,161.800003,153.050003,159.050003,5697611.0,159.050003,0.020003899479625
2014-10-14,2014-10-14,157.5,163.5,151.399994,157.0,5729334.0,157.0,-0.012972831708838228
2014-10-15,2014-10-15,157.0,157.0,157.0,157.0,0.0,157.0,0.0
2014-10-16,2014-10-16,155.0,159.0,150.5,151.149994,4327546.0,151.149994,-0.03797312381850837
2014-10-17,2014-10-17,153.0,153.75,146.0,147.649994,4797680.0,147.649994,-0.023428113976509124
2014-10-20,2014-10-20,141.0,142.600006,127.699997,135.5,23687843.0,135.5,-0.08587292723353457
2014-10-21,2014-10-21,138.5,148.0,138.5,145.449997,14879354.0,145.449997,0.07086072399581056
2014-10-22,2014-10-22,148.5,165.899994,146.149994,160.149994,14461509.0,160.149994,0.09627847427472336
2014-10-27,2014-10-27,159.699997,160.100006,151.649994,152.550003,8579622.0,152.550003,-0.048618407761927614
2014-10-28,2014-10-28,148.600006,153.399994,146.449997,150.550003,11328538.0,150.550003,-0.013197155973684538
2014-10-29,2014-10-29,151.0,157.850006,149.850006,156.850006,8716475.0,156.850006,0.04099469803511724
2014-10-30,2014-10-30,157.649994,159.949997,153.600006,158.899994,7352590.0,158.899994,0.01298506289327772
2014-10-31,2014-10-31,159.300003,163.75,156.850006,161.800003,5949260.0,161.800003,0.01808598738272771
2014-11-03,2014-11-03,162.600006,171.899994,162.300003,170.149994,8478366.0,170.149994,0.050319342518110766
2014-11-05,2014-11-05,172.699997,173.0,160.800003,162.5,9056937.0,162.5,-0.04600236391411894
2014-11-07,2014-11-07,161.899994,165.850006,160.100006,161.5,3742249.0,161.5,-0.006172859107080875
2014-11-10,2014-11-10,162.449997,163.449997,155.0,155.75,4784552.0,155.75,-0.03625298499514873
2014-11-11,2014-11-11,156.0,158.899994,152.600006,155.449997,3822498.0,155.449997,-0.0019280404616095481
2014-11-12,2014-11-12,155.600006,157.0,150.5,153.300003,5935718.0,153.300003,-0.013927311758712868
2014-11-13,2014-11-13,155.0,156.550003,151.649994,152.300003,5312994.0,152.300003,-0.006544525848159566
2014-11-14,2014-11-14,152.300003,159.899994,152.050003,158.550003,5920735.0,158.550003,0.04021774030675207
2014-11-17,2014-11-17,157.0,158.350006,153.350006,154.399994,3545162.0,154.399994,-0.026523421175260964
2014-11-18,2014-11-18,152.899994,159.5,152.850006,156.850006,5353707.0,156.850006,0.015743374159223222
2014-11-19,2014-11-19,156.149994,160.25,150.649994,152.0,4077658.0,152.0,-0.031409452043518186
2014-11-20,2014-11-20,152.0,152.949997,144.399994,146.25,6182932.0,146.25,-0.038563034734310435
2014-11-21,2014-11-21,145.350006,147.899994,141.550003,142.949997,5619187.0,142.949997,-0.022822588330003942
2014-11-24,2014-11-24,144.600006,151.5,144.600006,149.0,7012082.0,149.0,0.041451408163497135
2014-11-25,2014-11-25,147.5,148.75,142.399994,146.850006,5141376.0,146.850006,-0.014534607442812762
2014-11-26,2014-11-26,146.0,147.449997,142.300003,143.600006,3653269.0,143.600006,-0.022380000105793663
2014-11-27,2014-11-27,143.699997,145.0,139.0,141.899994,15153439.0,141.899994,-0.011909156514154695
2014-11-28,2014-11-28,142.550003,145.25,139.149994,140.699997,4854149.0,140.699997,-0.008492599084316765
2014-12-01,2014-12-01,140.199997,142.199997,134.350006,135.699997,4134785.0,135.699997,-0.03618339806514825
2014-12-02,2014-12-02,134.300003,142.75,133.600006,142.050003,8441558.0,142.050003,0.045732584686287936
2014-12-03,2014-12-03,143.0,154.449997,143.0,153.699997,13364264.0,153.699997,0.07882350160648599
2014-12-04,2014-12-04,155.0,156.449997,150.100006,152.75,5646609.0,152.75,-0.006200032974302161
2014-12-05,2014-12-05,153.0,154.800003,148.199997,152.949997,6441064.0,152.949997,0.0013084529309548287
2014-12-08,2014-12-08,153.0,155.25,147.0,148.600006,3200693.0,148.600006,-0.028852878322150662
2014-12-09,2014-12-09,148.0,148.899994,142.800003,145.100006,3644828.0,145.100006,-0.023834971419574916
2014-12-10,2014-12-10,146.0,152.350006,144.550003,148.850006,4163977.0,148.850006,0.0255159265298861
2014-12-11,2014-12-11,149.0,149.5,142.600006,143.600006,3526353.0,143.600006,-0.0359074293739674
2014-12-12,2014-12-12,144.199997,146.0,139.550003,140.5,3058563.0,140.5,-0.021824209623051868
2014-12-15,2014-12-15,139.100006,141.449997,136.0,137.75,3769371.0,137.75,-0.019767040740776842
2014-12-16,2014-12-16,136.399994,137.800003,131.0,131.949997,6065079.0,131.949997,-0.043017407819576185
2014-12-17,2014-12-17,131.5,133.149994,125.099998,128.949997,6338329.0,128.949997,-0.022998331150925644
2014-12-18,2014-12-18,132.699997,141.800003,131.5,138.600006,7697709.0,138.600006,0.07216742098332317
2014-12-19,2014-12-19,139.0,141.25,135.100006,137.0,4894689.0,137.0,-0.011611204217720328
2014-12-22,2014-12-22,139.199997,146.949997,138.449997,145.5,7791467.0,145.5,0.06019516078342235
2014-12-23,2014-12-23,146.5,149.399994,143.800003,145.850006,8016020.0,145.850006,0.0024026508403380826
2014-12-24,2014-12-24,145.5,148.050003,142.5,146.149994,12167629.0,146.149994,0.0020547130516561647
2014-12-26,2014-12-26,146.050003,150.899994,144.25,149.300003,4887880.0,149.300003,0.02132427413537385
2014-12-29,2014-12-29,150.699997,156.199997,150.300003,154.300003,7206485.0,154.300003,0.0329410541728441
2014-12-30,2014-12-30,152.899994,157.300003,149.449997,151.649994,6182841.0,151.649994,-0.017323584241958127
2014-12-31,2014-12-31,151.75,154.25,149.600006,151.850006,3639424.0,151.850006,0.0013180364346325744
2015-01-01,2015-01-01,152.0,158.350006,150.5,156.550003,6913722.0,156.550003,0.030482235931186707
2015-01-02,2015-01-02,158.0,164.600006,157.600006,161.949997,8169041.0,161.949997,0.03391216015748188
2015-01-05,2015-01-05,164.800003,166.75,161.199997,162.850006,12103749.0,162.850006,0.005541941472860579
2015-01-06,2015-01-06,160.949997,163.399994,151.050003,152.649994,9730592.0,152.649994,-0.06468188869067859
2015-01-07,2015-01-07,154.199997,154.75,148.600006,150.350006,5299465.0,150.350006,-0.015181730533863737
2015-01-08,2015-01-08,152.699997,158.5,152.100006,157.899994,6049252.0,157.899994,0.048995933921441186
2015-01-09,2015-01-09,159.100006,161.449997,151.5,152.850006,6935232.0,152.850006,-0.03250479567184872
2015-01-12,2015-01-12,152.100006,153.149994,147.899994,149.399994,4015320.0,149.399994,-0.022829855052940214
2015-01-13,2015-01-13,150.5,155.850006,147.5,148.75,6560402.0,148.75,-0.004360188112333852
2015-01-14,2015-01-14,149.699997,152.0,145.199997,146.850006,5640225.0,146.850006,-0.012855345923092898
2015-01-15,2015-01-15,149.300003,153.699997,147.199997,151.800003,7036088.0,151.800003,0.033152186221729
2015-01-16,2015-01-16,150.949997,154.300003,148.75,150.850006,5230710.0,150.850006,-0.0062778793446955925
2015-01-19,2015-01-19,150.949997,153.600006,149.600006,151.649994,3156454.0,151.649994,0.005289189190121668
2015-01-20,2015-01-20,152.800003,157.600006,152.300003,155.350006,6752913.0,155.350006,0.024105479891719742
2015-01-21,2015-01-21,156.600006,157.149994,151.100006,152.800003,5694164.0,152.800003,-0.0165507780955938
2015-01-22,2015-01-22,152.800003,155.100006,151.300003,153.649994,6123257.0,153.649994,0.0055473531607770354
2015-01-23,2015-01-23,156.0,160.25,151.949997,158.399994,6530249.0,158.399994,0.030446191974832008
2015-01-27,2015-01-27,158.899994,160.949997,156.550003,159.0,6069112.0,159.0,0.003780760718695042
2015-01-28,2015-01-28,158.600006,158.600006,154.100006,155.100006,3970022.0,155.100006,-0.02483409335301978
2015-01-29,2015-01-29,154.600006,159.0,151.300003,157.399994,11319602.0,157.399994,0.014720188996649062
2015-01-30,2015-01-30,156.800003,160.800003,154.199997,158.649994,4080173.0,158.649994,0.007910182346244632
2015-02-02,2015-02-02,158.5,160.300003,153.550003,154.75,2895611.0,154.75,-0.02488956864540004
2015-02-03,2015-02-03,155.449997,155.75,150.75,152.100006,2936509.0,152.100006,-0.0172726728517274
2015-02-04,2015-02-04,151.5,159.100006,149.75,153.800003,9302887.0,153.800003,0.011114837864417026
2015-02-05,2015-02-05,154.0,154.350006,144.5,146.300003,4196240.0,146.300003,-0.04999374804550705
2015-02-06,2015-02-06,146.100006,147.350006,140.0,142.050003,4937771.0,142.050003,-0.029480199112366986
2015-02-09,2015-02-09,140.0,145.600006,138.050003,141.949997,5872054.0,141.949997,-0.0007042676347435162
2015-02-10,2015-02-10,140.350006,144.899994,140.100006,142.699997,4284793.0,142.699997,0.0052696416748876365
2015-02-11,2015-02-11,142.699997,154.199997,141.600006,151.199997,10619398.0,151.199997,0.0578589404444978
2015-02-12,2015-02-12,154.0,154.800003,145.399994,146.75,6514194.0,146.75,-0.029872985195956936
2015-02-13,2015-02-13,148.050003,153.300003,146.649994,152.25,4261357.0,152.25,0.03679344788180039
2015-02-16,2015-02-16,152.949997,154.649994,149.25,152.149994,5493106.0,152.149994,-0.0006570696817957966
2015-02-18,2015-02-18,153.5,157.75,151.0,155.350006,6370662.0,155.350006,0.02081383755331068
2015-02-19,2015-02-19,155.5,200.5,153.699997,195.350006,68648559.0,195.350006,0.22911217775366044
2015-02-20,2015-02-20,206.550003,208.0,185.399994,194.25,57545881.0,194.25,-0.005646862967425115
2015-02-23,2015-02-23,190.0,194.25,186.449997,190.850006,13311692.0,190.850006,-0.01765817861821617
2015-02-24,2015-02-24,190.0,190.75,180.5,182.75,7878063.0,182.75,-0.0433687119996522
2015-02-25,2015-02-25,183.0,187.75,182.0,182.899994,5981834.0,182.899994,0.0008204239621196763
2015-02-26,2015-02-26,183.850006,186.800003,181.699997,184.300003,7300109.0,184.300003,0.007625358361577739
2015-02-27,2015-02-27,185.0,209.899994,185.0,193.850006,28561146.0,193.850006,0.050519814115118855
2015-03-02,2015-03-02,192.800003,194.600006,182.649994,188.699997,8512932.0,188.699997,-0.026926258592451013
2015-03-03,2015-03-03,189.5,195.600006,188.300003,193.399994,7098665.0,193.399994,0.024602115519154918
2015-03-04,2015-03-04,196.899994,201.100006,184.300003,188.550003,15468255.0,188.550003,-0.025397312380142974
2015-03-05,2015-03-05,188.800003,192.300003,182.100006,185.5,7760617.0,185.5,-0.016308357567775822
2015-03-09,2015-03-09,195.100006,201.0,191.899994,194.600006,13528386.0,194.600006,0.04789131853689188
2015-03-10,2015-03-10,195.949997,200.0,182.100006,190.050003,10825621.0,190.050003,-0.023658989363804398
2015-03-11,2015-03-11,188.0,192.899994,186.0,190.850006,6414497.0,190.850006,0.004200599408963335
2015-03-12,2015-03-12,192.600006,196.399994,192.0,194.600006,5321593.0,194.600006,0.01945838995484106
2015-03-13,2015-03-13,195.399994,196.199997,185.0,186.300003,6056356.0,186.300003,-0.043587906873779225
2015-03-16,2015-03-16,187.600006,192.699997,176.199997,190.449997,9295910.0,190.449997,0.022031383461844637
2015-03-17,2015-03-17,186.600006,187.800003,156.600006,174.0,31629739.0,174.0,-0.09033437795791777
2015-03-18,2015-03-18,176.800003,183.899994,173.100006,175.149994,13787371.0,175.149994,0.006587416172614269
2015-03-19,2015-03-19,176.0,177.149994,171.550003,173.899994,7347702.0,173.899994,-0.0071623285294943875
2015-03-20,2015-03-20,174.100006,175.199997,162.149994,164.550003,8832192.0,164.550003,-0.05526589323675957
2015-03-23,2015-03-23,150.0,156.399994,140.0,154.399994,28075463.0,154.399994,-0.06366789489031799
2015-03-24,2015-03-24,159.449997,160.050003,154.100006,156.649994,9496630.0,156.649994,0.014467380365681846
2015-03-25,2015-03-25,155.800003,156.5,152.25,153.0,5454208.0,153.0,-0.023576057703817987
2015-03-26,2015-03-26,151.899994,153.649994,149.800003,150.25,13358728.0,150.25,-0.018137347977118527
2015-03-27,2015-03-27,159.0,159.850006,154.350006,157.199997,8747632.0,157.199997,0.04521828749581936
2015-03-30,2015-03-30,159.899994,160.449997,154.0,155.699997,5125187.0,155.699997,-0.009587801339006495
2015-03-31,2015-03-31,159.699997,161.5,155.199997,156.800003,6887458.0,156.800003,0.007040067476831169
2015-04-01,2015-04-01,156.699997,157.300003,154.5,155.550003,2562581.0,155.550003,-0.008003884418911866
2015-04-06,2015-04-06,155.5,156.600006,152.649994,154.300003,3232815.0,154.300003,-0.008068463818289295
2015-04-07,2015-04-07,154.449997,169.600006,153.449997,165.5,11597714.0,165.5,0.07007241600535785
2015-04-08,2015-04-08,166.5,168.050003,162.600006,163.850006,4929518.0,163.850006,-0.010019783053436091
2015-04-09,2015-04-09,164.5,164.5,159.050003,161.0,4463353.0,161.0,-0.017547046779218256
2015-04-10,2015-04-10,161.600006,162.899994,156.199997,157.449997,6287496.0,157.449997,-0.02229643649109736
2015-04-13,2015-04-13,156.899994,164.899994,154.699997,158.25,7549543.0,158.25,0.005068132530920089
2015-04-15,2015-04-15,158.25,161.550003,157.300003,158.350006,2793736.0,158.350006,0.0006317498511103636
2015-04-16,2015-04-16,159.0,163.5,155.850006,157.449997,4302701.0,157.449997,-0.005699882382030452
2015-04-17,2015-04-17,161.5,161.800003,158.399994,159.199997,3669268.0,159.199997,0.01105332607269549
2015-04-20,2015-04-20,159.199997,161.699997,152.699997,154.850006,4302660.0,154.850006,-0.02770430939967561
2015-04-21,2015-04-21,155.0,157.300003,151.350006,152.350006,3570618.0,152.350006,-0.016276400351668663
2015-04-22,2015-04-22,153.0,155.149994,148.5,152.75,4294785.0,152.75,0.0026220532369878318
2015-04-23,2015-04-23,153.949997,156.600006,152.550003,154.050003,3772240.0,154.050003,0.008474646465169045
2015-04-24,2015-04-24,153.649994,154.699997,146.75,148.399994,3041075.0,148.399994,-0.03736595421486122
2015-04-27,2015-04-27,149.399994,150.899994,145.0,145.800003,4121122.0,145.800003,-0.01767545015132299
2015-04-28,2015-04-28,146.350006,147.800003,141.899994,143.300003,5752844.0,143.300003,-0.017295484381462778
2015-04-29,2015-04-29,143.449997,147.399994,143.449997,145.75,3690841.0,145.75,0.01695246946137452
2015-04-30,2015-04-30,135.0,142.800003,135.0,139.600006,9896184.0,139.600006,-0.043111591922387234
2015-05-04,2015-05-04,140.0,143.5,140.0,142.050003,2557279.0,142.050003,0.017397896111306817
2015-05-05,2015-05-05,142.5,147.699997,141.649994,146.699997,3508024.0,146.699997,0.03221053527951678
2015-05-06,2015-05-06,145.899994,148.5,132.300003,134.850006,5646508.0,134.850006,-0.08422657061941763
2015-05-07,2015-05-07,131.699997,138.0,128.649994,137.0,5289069.0,137.0,0.015817831748504933
2015-05-08,2015-05-08,138.399994,140.199997,132.0,133.649994,3201406.0,133.649994,-0.02475652813657625
2015-05-11,2015-05-11,135.0,137.899994,133.600006,135.600006,2538158.0,135.600006,0.014485022062532769
2015-05-12,2015-05-12,135.899994,136.399994,129.050003,130.100006,3346304.0,130.100006,-0.041405988117252164
2015-05-13,2015-05-13,131.949997,136.5,130.899994,134.699997,3070373.0,134.699997,0.034746629507774074
2015-05-14,2015-05-14,134.149994,142.149994,133.399994,138.850006,5784303.0,138.850006,0.03034419582030345
2015-05-15,2015-05-15,139.100006,142.100006,135.0,136.399994,3475423.0,136.399994,-0.017802555543815934
2015-05-18,2015-05-18,136.899994,138.25,135.25,137.300003,2078927.0,137.300003,0.006576633202797666
2015-05-19,2015-05-19,137.0,140.350006,136.600006,138.149994,2183005.0,138.149994,0.00617167331448254
2015-05-20,2015-05-20,138.199997,139.300003,135.050003,137.050003,1643528.0,137.050003,-0.007994163299755108
2015-05-21,2015-05-21,137.699997,137.699997,134.199997,136.300003,1971412.0,136.300003,-0.005487483925858072
2015-05-22,2015-05-22,136.600006,142.350006,135.449997,137.75,3708166.0,137.75,0.010582087320265998
2015-05-25,2015-05-25,137.5,138.600006,134.149994,135.199997,3269182.0,135.199997,-0.018685306613509308
2015-05-26,2015-05-26,136.899994,137.0,133.649994,134.5,2492089.0,134.5,-0.005190942377621077
2015-05-27,2015-05-27,132.149994,133.75,126.75,129.600006,7822638.0,129.600006,-0.03711136882742405
2015-05-28,2015-05-28,124.0,128.699997,117.699997,118.150002,15034783.0,118.150002,-0.09249780965391884
2015-05-29,2015-05-29,119.25,120.949997,109.400002,119.650002,20206406.0,119.650002,0.01261581050925109
2015-06-01,2015-06-01,117.5,122.150002,116.050003,116.699997,5959654.0,116.699997,-0.024964317484232446
2015-06-02,2015-06-02,117.349998,118.300003,113.300003,114.5,5579188.0,114.5,-0.019031690591274845
2015-06-03,2015-06-03,114.349998,114.349998,97.349998,106.699997,13432874.0,106.699997,-0.07055369280280123
2015-06-04,2015-06-04,107.300003,107.800003,103.25,106.199997,5046536.0,106.199997,-0.004697049632242489
2015-06-05,2015-06-05,105.949997,109.400002,103.199997,107.099998,5014958.0,107.099998,0.00843887822031597
2015-06-08,2015-06-08,108.0,108.800003,102.050003,104.199997,5478834.0,104.199997,-0.02745085825108795
2015-06-09,2015-06-09,104.199997,104.650002,100.849998,101.849998,3568454.0,101.849998,-0.022810977492384588
2015-06-10,2015-06-10,101.25,105.199997,101.25,103.599998,3519697.0,103.599998,0.01703618748426905
2015-06-11,2015-06-11,104.099998,104.400002,93.25,96.0,11086659.0,96.0,-0.07618911905252722
2015-06-12,2015-06-12,96.0,96.0,92.0,94.699997,6683776.0,94.699997,-0.013634222954790332
2015-06-15,2015-06-15,95.900002,98.800003,93.599998,96.25,5004994.0,96.25,0.016235004654848062
2015-06-16,2015-06-16,96.25,97.800003,93.449997,95.300003,6159961.0,95.300003,-0.009919131028199857
2015-06-17,2015-06-17,96.099998,98.900002,94.550003,95.949997,6149914.0,95.949997,0.006797349047729996
2015-06-18,2015-06-18,96.0,97.199997,93.550003,94.0,4414258.0,94.0,-0.020532408917420145
2015-06-19,2015-06-19,94.400002,95.199997,90.449997,91.300003,6898722.0,91.300003,-0.02914396181037393
2015-06-22,2015-06-22,91.550003,93.449997,89.099998,91.599998,6049467.0,91.599998,0.0032804293863932803
2015-06-23,2015-06-23,92.5,97.0,91.849998,93.800003,8992437.0,93.800003,0.023733638149098013
2015-06-24,2015-06-24,94.449997,96.5,90.0,90.449997,8295159.0,90.449997,-0.036367709321313064
2015-06-25,2015-06-25,90.5,92.0,88.75,90.25,11459683.0,90.25,-0.0022135814608175157
2015-06-26,2015-06-26,90.5,92.0,89.300003,90.5,5709087.0,90.5,0.0027662534928900584
2015-06-29,2015-06-29,89.0,89.0,85.599998,86.300003,5054008.0,86.300003,-0.04752021785404281
2015-06-30,2015-06-30,86.0,87.650002,84.650002,85.699997,4422022.0,85.699997,-0.0069768422539384645
2015-07-01,2015-07-01,85.900002,89.449997,85.5,87.900002,5707998.0,87.900002,0.02534703684636064
2015-07-02,2015-07-02,89.5,93.449997,88.5,88.900002,9876222.0,88.900002,0.011312337572786824
2015-07-03,2015-07-03,90.699997,90.699997,83.199997,84.550003,10088879.0,84.550003,-0.05016905419049511
2015-07-06,2015-07-06,83.400002,84.5,81.400002,83.75,6570468.0,83.75,-0.009506940121376315
2015-07-07,2015-07-07,84.800003,84.949997,81.75,82.199997,5378934.0,82.199997,-0.018680905139392582
2015-07-08,2015-07-08,81.900002,82.900002,78.0,81.25,11531892.0,81.25,-0.01162444435593635
2015-07-09,2015-07-09,81.199997,85.400002,80.800003,81.699997,10146330.0,81.699997,0.005523143936403407
2015-07-10,2015-07-10,82.5,86.400002,79.300003,84.699997,18275366.0,84.699997,0.03606160109263179
2015-07-13,2015-07-13,86.0,86.900002,83.300003,83.849998,9842462.0,83.849998,-0.010086101821780602
2015-07-14,2015-07-14,83.849998,84.699997,82.5,82.800003,3792366.0,82.800003,-0.012601366794003257
2015-07-15,2015-07-15,81.949997,83.699997,80.699997,81.050003,7850707.0,81.050003,-0.02136181242722479
2015-07-16,2015-07-16,81.949997,82.0,80.150002,80.449997,4814829.0,80.449997,-0.007430449047723719
2015-07-17,2015-07-17,80.550003,82.099998,80.0,80.900002,5661492.0,80.900002,0.005578012638174812
2015-07-20,2015-07-20,81.0,81.900002,78.449997,78.800003,5915725.0,78.800003,-0.026300813851425357
2015-07-21,2015-07-21,78.800003,80.150002,77.099998,77.550003,7607563.0,77.550003,-0.01599010662763245
2015-07-22,2015-07-22,77.800003,77.900002,76.25,77.300003,5288307.0,77.300003,-0.003228933904058984
2015-07-23,2015-07-23,77.5,79.449997,76.5,78.849998,7623897.0,78.849998,0.019853293641223683
2015-07-24,2015-07-24,79.0,79.800003,75.25,75.699997,5033047.0,75.699997,-0.040769167231148096
2015-07-27,2015-07-27,75.5,75.5,73.599998,74.650002,5557791.0,74.650002,-0.01396757003638971
2015-07-28,2015-07-28,75.099998,76.349998,71.900002,75.050003,6913461.0,75.050003,0.0053440472759280775
2015-07-29,2015-07-29,75.099998,77.75,74.949997,75.150002,5475963.0,75.150002,0.0013315447596013994
2015-07-30,2015-07-30,75.599998,78.300003,75.099998,77.050003,4265011.0,77.050003,0.02496845788945734
2015-07-31,2015-07-31,78.150002,82.349998,76.800003,79.0,8953470.0,79.0,0.024993251765141444
2015-08-03,2015-08-03,79.349998,79.349998,75.699997,76.0,4186031.0,76.0,-0.038714512180690434
2015-08-04,2015-08-04,76.699997,78.449997,74.5,77.699997,8273018.0,77.699997,0.022121878477231682
2015-08-05,2015-08-05,78.949997,80.75,77.949997,78.599998,8483307.0,78.599998,0.011516455226304956
2015-08-06,2015-08-06,79.800003,79.800003,77.599998,78.599998,4634275.0,78.599998,0.0
2015-08-07,2015-08-07,78.0,80.0,77.75,78.550003,4464505.0,78.550003,-0.0006362710960043928
2015-08-10,2015-08-10,78.5,84.300003,78.400002,82.099998,10806535.0,82.099998,0.04420258920398279
2015-08-11,2015-08-11,82.900002,87.449997,80.849998,81.550003,16333905.0,81.550003,-0.00672162624357675
2015-08-12,2015-08-12,81.0,81.0,76.550003,77.150002,10861171.0,77.150002,-0.05546476112157439
2015-08-13,2015-08-13,76.849998,78.5,67.599998,68.400002,16107009.0,68.400002,-0.12037875086442452
2015-08-14,2015-08-14,64.849998,73.650002,62.099998,70.949997,27660852.0,70.949997,0.036602507454482236
2015-08-17,2015-08-17,70.5,72.75,67.0,70.800003,10013420.0,70.800003,-0.0021163182501977573
2015-08-18,2015-08-18,70.949997,73.75,69.25,71.0,7121041.0,71.0,0.0028208339687605393
2015-08-19,2015-08-19,70.050003,76.400002,69.099998,74.050003,11849799.0,74.050003,0.04206070418565844
2015-08-20,2015-08-20,72.75,73.800003,67.400002,67.900002,10960205.0,67.900002,-0.08670451720724248
2015-08-21,2015-08-21,66.0,71.800003,65.0,70.849998,11994305.0,70.849998,0.04252887388830562
2015-08-24,2015-08-24,68.0,71.599998,65.099998,67.800003,13688457.0,67.800003,-0.044002698713900834
2015-08-25,2015-08-25,69.0,70.550003,60.0,68.900002,10463924.0,68.900002,0.016093967853052504
2015-08-26,2015-08-26,69.0,69.650002,66.050003,67.300003,7358404.0,67.300003,-0.02349592581998472
2015-08-27,2015-08-27,69.349998,71.050003,68.099998,70.150002,9939097.0,70.150002,0.04147555383160029
2015-08-28,2015-08-28,72.849998,73.800003,66.550003,67.599998,13137677.0,67.599998,-0.037027881595685486
2015-08-31,2015-08-31,67.449997,69.599998,65.199997,67.550003,39144130.0,67.550003,-0.0007398446453645847
2015-09-01,2015-09-01,67.550003,69.5,64.099998,64.699997,9998233.0,64.699997,-0.043106953678751836
2015-09-02,2015-09-02,65.5,66.800003,64.050003,64.300003,6729618.0,64.300003,-0.006201477239130782
2015-09-03,2015-09-03,65.199997,66.449997,64.5,65.199997,5672675.0,65.199997,0.013899745020464316
2015-09-04,2015-09-04,64.900002,65.300003,57.549999,62.150002,13315884.0,62.150002,-0.04790857278340699
2015-09-07,2015-09-07,62.799999,63.0,59.200001,59.900002,5749544.0,59.900002,-0.0368743116265442
2015-09-08,2015-09-08,60.400002,61.849998,58.549999,60.5,7866461.0,60.5,0.00996682652641123
2015-09-09,2015-09-09,62.0,63.299999,60.299999,62.349998,8035099.0,62.349998,0.030120275012264663
2015-09-10,2015-09-10,61.0,61.950001,59.299999,60.849998,5066633.0,60.849998,-0.02435185348323277
2015-09-11,2015-09-11,61.099998,63.349998,60.349998,61.849998,6459604.0,61.849998,0.016300279936371176
2015-09-14,2015-09-14,62.0,64.5,60.700001,64.150002,8675694.0,64.150002,0.036512055736374734
2015-09-15,2015-09-15,64.5,65.099998,62.0,62.150002,7756834.0,62.150002,-0.03167327210164484
2015-09-16,2015-09-16,63.0,64.25,62.450001,63.950001,5621786.0,63.950001,0.02855069352513961
2015-09-18,2015-09-18,64.199997,65.599998,63.200001,64.0,10522359.0,64.0,0.0007815396976029731
2015-09-21,2015-09-21,62.349998,66.949997,62.150002,65.199997,8588769.0,65.199997,0.0185763395606644
2015-09-22,2015-09-22,65.0,65.650002,61.400002,61.799999,7611383.0,61.799999,-0.05355607463792112
2015-09-23,2015-09-23,60.599998,62.299999,59.950001,60.75,7352052.0,60.75,-0.017136266061757333
2015-09-24,2015-09-24,60.599998,61.400002,58.799999,59.849998,11173479.0,59.849998,-0.0149256836335514
2015-09-28,2015-09-28,60.099998,61.099998,58.0,58.299999,4753295.0,58.299999,-0.02623932238331861
2015-09-29,2015-09-29,57.75,59.799999,56.0,58.5,9313125.0,58.5,0.003424678034023465
2015-09-30,2015-09-30,59.799999,61.150002,59.299999,60.650002,5594946.0,60.650002,0.03609291412834015
2015-10-01,2015-10-01,61.200001,62.0,59.950001,60.150002,4485490.0,60.150002,-0.008278192695255981
2015-10-05,2015-10-05,60.799999,70.449997,60.5,69.300003,21086472.0,69.300003,0.14160347381500493
2015-10-06,2015-10-06,70.5,76.199997,67.550003,73.900002,24691748.0,73.900002,0.06426790553185491
2015-10-07,2015-10-07,72.699997,73.150002,69.599998,70.099998,13682544.0,70.099998,-0.05279008950788099
2015-10-08,2015-10-08,69.699997,72.5,69.550003,70.25,11320847.0,70.25,0.0021375427039815875
2015-10-09,2015-10-09,70.900002,72.800003,69.0,69.400002,10127734.0,69.400002,-0.012173411882653085
2015-10-12,2015-10-12,70.050003,74.849998,69.5,72.699997,15035104.0,72.699997,0.046454446942795435
2015-10-13,2015-10-13,72.5,75.25,72.0,74.599998,10198994.0,74.599998,0.025799137126065297
2015-10-14,2015-10-14,74.099998,77.25,73.5,74.050003,9288772.0,74.050003,-0.007399899173089253
2015-10-15,2015-10-15,74.900002,75.949997,73.599998,75.349998,5368729.0,75.349998,0.017403317302729704
2015-10-16,2015-10-16,75.75,75.900002,73.650002,75.099998,3478759.0,75.099998,-0.003323366390773685
2015-10-19,2015-10-19,75.699997,76.550003,74.349998,75.050003,3002561.0,75.050003,-0.0006659340861085994
2015-10-20,2015-10-20,75.650002,77.900002,74.300003,75.349998,7037940.0,75.349998,0.003989300476882285
2015-10-21,2015-10-21,75.199997,76.800003,74.550003,76.050003,5520679.0,76.050003,0.009247159623329004
2015-10-23,2015-10-23,77.599998,78.849998,75.599998,76.449997,8457031.0,76.449997,0.005245834980703634
2015-10-26,2015-10-26,77.449997,77.449997,74.650002,75.25,5412230.0,75.25,-0.01582098950475075
2015-10-27,2015-10-27,74.849998,75.800003,72.849998,75.25,7162876.0,75.25,0.0
2015-10-28,2015-10-28,74.5,77.75,74.400002,76.800003,6747468.0,76.800003,0.020388775587139918
2015-10-29,2015-10-29,77.0,77.849998,74.5,77.050003,6717459.0,77.050003,0.003249921485754648
2015-10-30,2015-10-30,77.349998,87.349998,76.150002,80.150002,20273410.0,80.150002,0.039445303306894
2015-11-02,2015-11-02,79.699997,81.800003,77.400002,78.599998,7887742.0,78.599998,-0.01952823001890636
2015-11-03,2015-11-03,79.5,79.800003,75.099998,76.050003,5779544.0,76.050003,-0.032980615836835085
2015-11-04,2015-11-04,77.25,78.0,75.75,76.300003,5203484.0,76.300003,0.0032819194558575404
2015-11-05,2015-11-05,76.25,76.5,73.25,73.699997,4015746.0,73.699997,-0.034670219119163015
2015-11-06,2015-11-06,73.900002,74.400002,71.5,72.0,4011547.0,72.0,-0.023336639473671816
2015-11-09,2015-11-09,69.0,73.099998,69.0,72.25,4299307.0,72.25,0.0034662079764862237
2015-11-10,2015-11-10,72.199997,73.050003,70.900002,71.550003,5822786.0,71.550003,-0.00973577906136125
2015-11-13,2015-11-13,71.5,82.550003,70.199997,79.349998,21210031.0,79.349998,0.1034718738364484
2015-11-16,2015-11-16,76.0,82.300003,73.050003,81.099998,15339117.0,81.099998,0.021814514692826137
2015-11-17,2015-11-17,81.599998,83.650002,80.699997,82.0,7986940.0,82.0,0.01103631080379852
2015-11-18,2015-11-18,81.800003,83.150002,79.75,80.800003,6066296.0,80.800003,-0.014742244608491715
2015-11-19,2015-11-19,81.300003,82.599998,80.199997,81.599998,4303243.0,81.599998,0.009852234804495373
2015-11-20,2015-11-20,89.75,94.5,85.900002,87.800003,32348002.0,87.800003,0.07323229734937797
2015-11-23,2015-11-23,87.199997,88.25,82.400002,83.150002,8284435.0,83.150002,-0.05441530511778225
2015-11-24,2015-11-24,82.699997,87.199997,82.150002,86.349998,10765461.0,86.349998,0.037762551739282564
2015-11-26,2015-11-26,86.699997,92.0,85.050003,90.400002,16157364.0,90.400002,0.045835508090888766
2015-11-27,2015-11-27,90.0,92.849998,88.599998,90.349998,9182225.0,90.349998,-0.0005532946199240385
2015-11-30,2015-11-30,90.849998,91.699997,89.599998,90.900002,4792887.0,90.900002,0.006069028283532951
2015-12-01,2015-12-01,91.300003,96.199997,91.099998,95.300003,12688299.0,95.300003,0.047269818954061016
2015-12-02,2015-12-02,95.400002,96.449997,94.099998,94.949997,5999973.0,94.949997,-0.003679436476976328
2015-12-03,2015-12-03,94.699997,94.900002,91.599998,91.900002,4906352.0,91.900002,-0.03264935453829132
2015-12-04,2015-12-04,90.699997,95.550003,90.25,93.400002,10544253.0,93.400002,0.016190315523646248
2015-12-07,2015-12-07,95.0,95.199997,92.0,93.599998,5591777.0,93.599998,0.002138995467952043
2015-12-08,2015-12-08,92.800003,93.75,87.449997,88.949997,4939727.0,88.949997,-0.05095598173099347
2015-12-09,2015-12-09,88.949997,90.199997,83.599998,85.0,7912473.0,85.0,-0.04542312389471448
2015-12-10,2015-12-10,85.300003,88.5,84.5,87.349998,4311210.0,87.349998,0.02727175719335495
2015-12-11,2015-12-11,88.550003,91.5,85.199997,86.75,9686372.0,86.75,-0.006892594856703127
2015-12-14,2015-12-14,87.0,91.800003,86.599998,90.900002,7656820.0,90.900002,0.04672960435866447
2015-12-15,2015-12-15,91.0,91.400002,89.050003,90.550003,3915165.0,90.550003,-0.003857805725344221
2015-12-16,2015-12-16,91.400002,92.300003,89.599998,89.849998,4320204.0,89.849998,-0.007760626490042276
2015-12-17,2015-12-17,90.099998,92.849998,89.300003,92.099998,9100268.0,92.099998,0.02473333057548821
2015-12-18,2015-12-18,91.800003,91.849998,89.199997,91.0,4628271.0,91.0,-0.012015415028884924
2015-12-21,2015-12-21,91.75,93.0,90.449997,91.699997,4002969.0,91.699997,0.007662840030192797
2015-12-22,2015-12-22,91.949997,93.0,89.550003,90.550003,4157745.0,90.550003,-0.012620129086753806
2015-12-23,2015-12-23,91.550003,92.900002,91.5,92.349998,3619338.0,92.349998,0.019683467528219367
2015-12-24,2015-12-24,93.25,93.699997,91.199997,92.400002,2990873.0,92.400002,0.0005413153041518015
2015-12-28,2015-12-28,92.400002,92.800003,89.800003,90.650002,3151248.0,90.650002,-0.019121041028920868
2015-12-29,2015-12-29,91.5,91.699997,90.199997,90.75,2341273.0,90.75,0.0011025138812215116
2015-12-30,2015-12-30,91.0,95.400002,90.449997,94.849998,12085937.0,94.849998,0.044188202150137634
2015-12-31,2015-12-31,95.099998,98.150002,94.300003,96.25,20223568.0,96.25,0.01465229787279565
2016-01-01,2016-01-01,96.5,96.5,93.800003,94.199997,3403514.0,94.199997,-0.021528823432710453
2016-01-04,2016-01-04,92.800003,94.900002,91.5,92.650002,6682526.0,92.650002,-0.016591175417198126
2016-01-05,2016-01-05,93.050003,97.300003,91.5,95.900002,8447206.0,95.900002,0.034477028426464607
2016-01-06,2016-01-06,96.5,97.0,93.050003,93.449997,4813339.0,93.449997,-0.025879500945607425
2016-01-07,2016-01-07,91.0,92.0,83.150002,83.949997,9245392.0,83.949997,-0.10720515401084983
2016-01-08,2016-01-08,84.900002,86.800003,80.5,84.599998,12862101.0,84.599998,0.0077128951835225825
2016-01-11,2016-01-11,82.199997,84.900002,80.949997,83.949997,9583608.0,83.949997,-0.0077128951835225825
2016-01-12,2016-01-12,83.699997,85.449997,79.199997,80.0,10828818.0,80.0,-0.04819471311411139
2016-01-13,2016-01-13,82.199997,82.800003,74.599998,77.800003,12945160.0,77.800003,-0.027885164929124958
2016-01-14,2016-01-14,76.699997,76.75,71.5,72.199997,11858071.0,72.199997,-0.07470146539722311
2016-01-15,2016-01-15,72.699997,73.199997,62.0,64.0,15515217.0,64.0,-0.12055692098786165
2016-01-18,2016-01-18,62.349998,64.900002,59.0,60.0,15693048.0,60.0,-0.06453852113757108
2016-01-19,2016-01-19,60.0,65.599998,57.0,64.349998,20381831.0,64.349998,0.06999234074000338
2016-01-20,2016-01-20,61.799999,62.700001,59.799999,61.049999,12411540.0,61.049999,-0.05264371878540697
2016-01-21,2016-01-21,62.099998,64.400002,61.200001,62.650002,10154963.0,62.650002,0.025870529088764197
2016-01-22,2016-01-22,64.25,66.699997,63.5,66.050003,7780882.0,66.050003,0.052848363123009
2016-01-25,2016-01-25,67.199997,67.75,64.099998,65.300003,5484108.0,65.300003,-0.011419994164278968
2016-01-27,2016-01-27,66.449997,66.900002,64.949997,65.900002,5996551.0,65.900002,0.009146389633283292
2016-01-28,2016-01-28,65.949997,65.949997,63.700001,64.050003,13364567.0,64.050003,-0.028474396676324787
2016-01-29,2016-01-29,64.75,65.900002,61.0,64.199997,8850284.0,64.199997,0.002339088785793031
2016-02-01,2016-02-01,64.800003,65.5,62.5,63.900002,5358963.0,63.900002,-0.00468377128454911
2016-02-02,2016-02-02,64.349998,64.449997,59.700001,60.049999,7898455.0,60.049999,-0.0621418608091906
2016-02-03,2016-02-03,59.349998,60.049999,54.799999,55.400002,13119934.0,55.400002,-0.08059790201888273
2016-02-04,2016-02-04,56.200001,58.599998,54.599998,57.400002,9214195.0,57.400002,0.03546470831440551
2016-02-05,2016-02-05,58.400002,64.349998,57.849998,63.5,20592231.0,63.5,0.10099556772992012
2016-02-08,2016-02-08,65.5,66.300003,61.0,61.299999,11315353.0,61.299999,-0.03526007926969399
2016-02-09,2016-02-09,59.799999,62.099998,58.950001,61.200001,9940390.0,61.200001,-0.0016326207708026175
2016-02-10,2016-02-10,60.75,61.25,58.25,59.650002,6818455.0,59.650002,-0.02565302378530632
2016-02-11,2016-02-11,60.0,60.0,52.900002,54.900002,10630243.0,54.900002,-0.08298079712748585
2016-02-12,2016-02-12,56.950001,56.950001,48.099998,55.450001,17832380.0,55.450001,0.009968346885283808
2016-02-15,2016-02-15,56.299999,65.449997,56.099998,63.150002,17147005.0,63.150002,0.13003114863648424
2016-02-16,2016-02-16,64.400002,64.400002,58.299999,59.150002,10900191.0,59.150002,-0.06543625623038808
2016-02-17,2016-02-17,59.5,59.5,55.0,57.049999,13304527.0,57.049999,-0.036148565457136066
2016-02-18,2016-02-18,58.75,61.0,56.0,57.049999,11935714.0,57.049999,0.0
2016-02-19,2016-02-19,56.349998,59.25,55.0,57.299999,7841503.0,57.299999,0.004372547489086109
2016-02-22,2016-02-22,57.599998,58.25,55.599998,56.75,6208463.0,56.75,-0.009644949907174905
2016-02-23,2016-02-23,57.0,58.25,55.200001,56.5,8478023.0,56.5,-0.004415018209116718
2016-02-24,2016-02-24,55.599998,60.700001,55.0,58.25,15065790.0,58.25,0.030503454293414837
2016-02-25,2016-02-25,58.049999,58.950001,53.75,54.150002,16928903.0,54.150002,-0.07298608206436974
2016-02-26,2016-02-26,55.25,55.599998,52.549999,53.400002,9522345.0,53.400002,-0.013947226962108594
2016-02-29,2016-02-29,54.0,55.0,52.0,53.400002,8912582.0,53.400002,0.0
2016-03-01,2016-03-01,53.799999,56.400002,53.549999,55.849998,7826286.0,55.849998,0.04485870628567135
2016-03-02,2016-03-02,57.700001,59.900002,56.299999,57.299999,16618509.0,57.299999,0.025631116563683776
2016-03-03,2016-03-03,58.450001,64.0,57.299999,63.349998,24050982.0,63.349998,0.10037426892782086
2016-03-04,2016-03-04,65.300003,65.599998,61.849998,63.150002,17267856.0,63.150002,-0.0031619947293828328
2016-03-08,2016-03-08,64.0,67.400002,63.5,66.400002,18857907.0,66.400002,0.0501842061357447
2016-03-09,2016-03-09,63.0,65.5,61.349998,65.050003,15705459.0,65.050003,-0.02054083552598573
2016-03-10,2016-03-10,65.050003,67.900002,63.0,65.849998,23453536.0,65.849998,0.012223146740347524
2016-03-11,2016-03-11,65.400002,67.5,62.5,62.799999,18800771.0,62.799999,-0.04742434026664544
2016-03-14,2016-03-14,63.799999,64.0,59.400002,59.75,16146496.0,59.75,-0.0497858667389659
2016-03-15,2016-03-15,60.799999,61.349998,59.049999,60.700001,11894987.0,60.700001,0.015774523728296685
2016-03-16,2016-03-16,60.700001,61.700001,58.0,58.650002,10477086.0,58.650002,-0.03435610533983624
2016-03-17,2016-03-17,60.450001,60.849998,58.400002,58.799999,8281130.0,58.799999,0.0025542286976980573
2016-03-18,2016-03-18,60.049999,61.0,59.200001,60.599998,8224036.0,60.599998,0.030153022174189026
2016-03-21,2016-03-21,61.0,61.599998,59.599998,60.25,6524023.0,60.25,-0.005792287701203769
2016-03-22,2016-03-22,60.799999,62.200001,60.799999,61.549999,11955087.0,61.549999,0.02134726401274456
2016-03-23,2016-03-23,62.0,63.25,61.799999,62.200001,10700686.0,62.200001,0.010505179438795588
2016-03-28,2016-03-28,62.900002,63.25,59.25,60.25,6952331.0,60.25,-0.03185244345154015
2016-03-29,2016-03-29,60.5,60.700001,55.5,55.75,12955204.0,55.75,-0.07762516203053592
2016-03-30,2016-03-30,57.349998,58.5,55.599998,57.700001,11219108.0,57.700001,0.0343797805048478
2016-03-31,2016-03-31,57.900002,60.599998,57.299999,60.25,13194916.0,60.25,0.04324538152568813
2016-04-01,2016-04-01,59.549999,65.300003,59.349998,63.5,18486876.0,63.5,0.05253733352788181
2016-04-04,2016-04-04,64.849998,65.599998,62.700001,63.400002,10798852.0,63.400002,-0.0015760129097248663
2016-04-05,2016-04-05,62.950001,63.200001,60.0,60.099998,9563571.0,60.099998,-0.05345408472562952
2016-04-06,2016-04-06,60.299999,63.0,60.0,61.950001,9190787.0,61.950001,0.030317815953909918
2016-04-07,2016-04-07,62.299999,62.799999,60.0,60.25,7506654.0,60.25,-0.027825051846437358
2016-04-08,2016-04-08,59.700001,67.900002,59.700001,66.650002,44145045.0,66.650002,0.1009525042614552
2016-04-11,2016-04-11,66.5,67.25,65.099998,65.849998,15081055.0,65.849998,-0.012075678814987613
2016-04-12,2016-04-12,65.900002,67.25,65.0,65.400002,7970910.0,65.400002,-0.006857108773039578
2016-04-13,2016-04-13,66.199997,70.150002,66.150002,68.0,19053301.0,68.0,0.038985416131914974
2016-04-18,2016-04-18,68.5,69.800003,67.099998,69.25,9367755.0,69.25,0.018215439891340782
2016-04-20,2016-04-20,70.25,76.5,70.199997,74.550003,28069166.0,74.550003,0.07374693638474739
2016-04-21,2016-04-21,75.5,75.699997,72.5,73.349998,10590632.0,73.349998,-0.01622760412973534
2016-04-22,2016-04-22,73.400002,74.900002,72.349998,72.949997,8568897.0,72.949997,-0.005468243477723789
2016-04-25,2016-04-25,72.949997,73.599998,70.199997,72.75,10832923.0,72.75,-0.002745327793133967
2016-04-26,2016-04-26,72.650002,75.400002,72.25,74.25,11950985.0,74.25,0.020408871631206967
2016-04-27,2016-04-27,74.349998,79.25,74.300003,76.800003,22870746.0,76.800003,0.033766901533316414
2016-04-28,2016-04-28,75.949997,77.5,74.300003,74.699997,11366161.0,74.699997,-0.027724627237997623
2016-04-29,2016-04-29,74.5,74.949997,67.300003,69.800003,32805124.0,69.800003,-0.06784599922985901
2016-05-02,2016-05-02,69.300003,71.599998,68.099998,70.699997,12695777.0,70.699997,0.012811477721442976
2016-05-03,2016-05-03,70.699997,71.949997,68.550003,68.949997,8774317.0,68.949997,-0.025063969740191542
2016-05-04,2016-05-04,70.800003,71.400002,65.949997,66.5,17462288.0,66.5,-0.036179613067711884
2016-05-05,2016-05-05,65.699997,68.099998,65.0,65.949997,12531099.0,65.949997,-0.00830511398749234
2016-05-06,2016-05-06,65.5,65.949997,63.799999,64.150002,8603142.0,64.150002,-0.02767271143574224
2016-05-09,2016-05-09,65.0,66.349998,64.150002,64.949997,7619729.0,64.949997,0.012393574688656985
2016-05-10,2016-05-10,64.349998,66.650002,64.0,64.400002,10236387.0,64.400002,-0.00850403276102263
2016-05-11,2016-05-11,63.700001,65.099998,63.049999,63.599998,8192044.0,63.599998,-0.012500225266673048
2016-05-12,2016-05-12,64.300003,64.949997,63.0,64.0,7592727.0,64.0,0.006269644460136448
2016-05-13,2016-05-13,64.0,64.0,61.5,62.349998,8310456.0,62.349998,-0.02611944331061089
2016-05-16,2016-05-16,62.450001,62.799999,61.0,61.349998,5505927.0,61.349998,-0.016168501491978127
2016-05-17,2016-05-17,61.900002,62.099998,60.0,60.200001,6250516.0,60.200001,-0.01892276963101125
2016-05-18,2016-05-18,59.900002,62.200001,59.150002,61.549999,9076249.0,61.549999,0.02217746745743732
2016-05-19,2016-05-19,61.0,63.200001,60.150002,60.349998,8973188.0,60.349998,-0.01968892197998517
2016-05-20,2016-05-20,61.0,61.349998,59.549999,59.950001,4669072.0,59.950001,-0.006650016249433399
2016-05-23,2016-05-23,60.349998,60.599998,58.599998,59.299999,5289519.0,59.299999,-0.01090160901381676
2016-05-24,2016-05-24,59.099998,59.950001,57.849998,58.200001,6838413.0,58.200001,-0.018723917220750508
2016-05-25,2016-05-25,59.200001,60.099998,58.549999,59.549999,5307988.0,59.549999,0.022930907089175
2016-05-26,2016-05-26,59.900002,61.200001,59.599998,60.700001,6416364.0,60.700001,0.01912743553121921
2016-05-27,2016-05-27,60.700001,62.5,60.599998,61.599998,5713010.0,61.599998,0.014718123532023952
2016-05-30,2016-05-30,62.599998,63.25,61.400002,62.099998,4914519.0,62.099998,0.008084118661372486
2016-05-31,2016-05-31,62.25,64.349998,60.599998,63.25,11290062.0,63.25,0.0183491708743162
2016-06-01,2016-06-01,63.400002,63.700001,61.5,62.099998,4971427.0,62.099998,-0.0183491708743162
2016-06-02,2016-06-02,61.700001,63.200001,61.400002,62.849998,4061856.0,62.849998,0.012004946481144252
2016-06-03,2016-06-03,63.0,63.349998,60.349998,61.049999,5640978.0,61.049999,-0.029057719037760776
2016-06-06,2016-06-06,61.950001,62.5,61.049999,61.950001,3658084.0,61.950001,0.014634440040504515
2016-06-07,2016-06-07,62.900002,62.900002,61.150002,62.150002,4401761.0,62.150002,0.003223225919727568
2016-06-08,2016-06-08,62.349998,66.300003,62.200001,64.449997,13685135.0,64.449997,0.03633883270055538
2016-06-09,2016-06-09,64.449997,65.699997,63.799999,64.400002,6637341.0,64.400002,-0.0007760186712761907
2016-06-10,2016-06-10,64.949997,66.25,63.950001,64.400002,8476263.0,64.400002,0.0
2016-06-13,2016-06-13,63.900002,63.900002,61.25,62.049999,8089974.0,62.049999,-0.037173168631627895
2016-06-14,2016-06-14,62.5,66.199997,62.400002,65.0,14758325.0,65.0,0.0464467743610566
2016-06-15,2016-06-15,65.699997,66.0,63.599998,65.0,5155944.0,65.0,0.0
2016-06-16,2016-06-16,64.449997,66.099998,64.099998,65.5,6820169.0,65.5,0.00766287274556987
2016-06-17,2016-06-17,66.099998,67.5,65.650002,66.300003,8606371.0,66.300003,0.012139799799477656
2016-06-20,2016-06-20,65.050003,68.5,64.699997,67.449997,6785359.0,67.449997,0.017196595735688547
2016-06-21,2016-06-21,67.800003,68.349998,66.25,66.599998,5075025.0,66.599998,-0.012681990660059485
2016-06-22,2016-06-22,67.199997,67.599998,65.0,65.650002,5669565.0,65.650002,-0.014366916302924082
2016-06-23,2016-06-23,65.5,66.050003,64.300003,65.599998,4500265.0,65.599998,-0.0007619657511517275
2016-06-24,2016-06-24,63.0,63.799999,60.700001,62.349998,7528008.0,62.349998,-0.050812025413176976
2016-06-27,2016-06-27,62.349998,64.300003,62.150002,63.75,6455316.0,63.75,0.022205543989475274
2016-06-28,2016-06-28,63.799999,66.800003,63.150002,66.099998,8416960.0,66.099998,0.03619953256191799
2016-06-29,2016-06-29,66.75,67.199997,66.25,66.5,5640937.0,66.5,0.006033231061354449
2016-06-30,2016-06-30,67.599998,68.099998,66.599998,67.849998,7207359.0,67.849998,0.02009740914228253
2016-07-01,2016-07-01,68.949997,72.449997,68.5,70.650002,15885594.0,70.650002,0.04043878063500817
2016-07-04,2016-07-04,71.099998,73.199997,70.75,72.199997,6924335.0,72.199997,0.02170186690843412
2016-07-05,2016-07-05,72.199997,74.400002,71.449997,73.0,7357107.0,73.0,0.011019436800857818
2016-07-07,2016-07-07,74.0,74.949997,70.800003,71.050003,8950169.0,71.050003,-0.027075544381496286
2016-07-08,2016-07-08,71.300003,71.349998,68.900002,69.599998,5943980.0,69.599998,-0.02061935816215321
2016-07-11,2016-07-11,70.949997,72.650002,67.349998,68.849998,11425233.0,68.849998,-0.010834342478734271
2016-07-12,2016-07-12,69.75,75.099998,69.199997,74.5,15373290.0,74.5,0.07886892925950661
2016-07-13,2016-07-13,74.699997,76.0,72.449997,73.5,10440031.0,73.5,-0.01351371916672317
2016-07-14,2016-07-14,73.599998,74.900002,73.150002,73.900002,5902110.0,73.900002,0.005427448798964285
2016-07-15,2016-07-15,74.25,74.550003,72.0,72.550003,6188760.0,72.550003,-0.01843683433676624
2016-07-18,2016-07-18,73.0,73.400002,68.050003,68.949997,6795234.0,68.949997,-0.05089445995146846
2016-07-19,2016-07-19,70.0,70.25,68.5,69.099998,5080883.0,69.099998,0.002173141100543674
2016-07-20,2016-07-20,69.800003,71.199997,68.0,69.75,7133283.0,69.75,0.009362718871410712
2016-07-21,2016-07-21,69.75,70.400002,66.400002,67.599998,8753624.0,67.599998,-0.031309467238355815
2016-07-22,2016-07-22,67.550003,70.099998,67.0,69.099998,7522020.0,69.099998,0.0219467483669451
2016-07-25,2016-07-25,69.5,70.5,68.599998,70.050003,5648451.0,70.050003,0.0136546137795035
2016-07-26,2016-07-26,71.0,83.699997,70.699997,80.349998,67627621.0,80.349998,0.1371827516828521
2016-07-27,2016-07-27,80.699997,90.199997,79.150002,88.0,68525903.0,88.0,0.09094474718578738
2016-07-28,2016-07-28,88.0,89.25,83.400002,85.050003,36713626.0,85.050003,-0.034097460362968235
2016-07-29,2016-07-29,85.699997,87.900002,82.349998,83.5,25494644.0,83.5,-0.018392722258428584
2016-08-01,2016-08-01,84.349998,91.400002,82.099998,89.25,41680994.0,89.25,0.06659478880293879
2016-08-02,2016-08-02,88.900002,89.349998,82.849998,83.550003,25618433.0,83.550003,-0.06599612971170378
2016-08-03,2016-08-03,84.5,85.25,80.0,80.550003,19613608.0,80.550003,-0.03656714408111483
2016-08-04,2016-08-04,81.25,83.0,79.0,81.800003,21480445.0,81.800003,0.015399133416587496
2016-08-05,2016-08-05,82.650002,83.800003,82.0,82.800003,12110486.0,82.800003,0.012150817339580122
2016-08-08,2016-08-08,83.699997,86.5,82.75,84.300003,17315191.0,84.300003,0.017953802971899968
2016-08-09,2016-08-09,84.900002,85.800003,82.0,82.25,12723926.0,82.25,-0.024618510949516725
2016-08-10,2016-08-10,82.449997,83.449997,79.800003,80.300003,10625271.0,80.300003,-0.02399373133286531
2016-08-11,2016-08-11,80.5,81.199997,77.550003,79.949997,11133389.0,79.949997,-0.004368256556105621
2016-08-12,2016-08-12,80.400002,82.199997,80.099998,80.949997,8528416.0,80.949997,0.012430241307219704
2016-08-16,2016-08-16,81.050003,82.099998,79.5,81.0,7189582.0,81.0,0.0006175116087092647
2016-08-17,2016-08-17,80.699997,83.199997,80.150002,82.099998,9697340.0,82.099998,0.013488837425406965
2016-08-18,2016-08-18,82.650002,88.400002,82.599998,85.400002,27692442.0,85.400002,0.039408132115881685
2016-08-19,2016-08-19,85.650002,89.199997,85.199997,87.849998,24094305.0,87.849998,0.028284667653299955
2016-08-22,2016-08-22,88.0,88.199997,85.349998,85.849998,14650198.0,85.849998,-0.023029227819990616
2016-08-23,2016-08-23,85.849998,91.25,85.150002,87.349998,21883469.0,87.349998,0.017321449636634508
2016-08-24,2016-08-24,87.550003,88.849998,87.0,87.5,8476299.0,87.5,0.0017157796798974445
2016-08-25,2016-08-25,88.300003,89.900002,86.550003,86.949997,15101563.0,86.949997,-0.006305587065865481
2016-08-26,2016-08-26,87.699997,87.949997,84.199997,85.0,12039877.0,85.0,-0.022681949807386914
2016-08-29,2016-08-29,85.5,86.199997,84.300003,85.300003,8343525.0,85.300003,0.003523233177304519
2016-08-30,2016-08-30,85.75,89.0,85.300003,87.800003,16809437.0,87.800003,0.028887045142013786
2016-08-31,2016-08-31,87.800003,89.5,85.099998,85.449997,12938314.0,85.449997,-0.02713016035628613
2016-09-01,2016-09-01,85.949997,86.349998,83.800003,84.300003,7688728.0,84.300003,-0.013549473858351035
2016-09-02,2016-09-02,84.099998,84.099998,81.25,81.550003,8837313.0,81.550003,-0.033165534740728475
2016-09-06,2016-09-06,82.0,83.949997,82.0,82.699997,7792016.0,82.699997,0.014003199899680574
2016-09-07,2016-09-07,83.25,85.75,82.800003,85.199997,9411402.0,85.199997,0.029781832870051875
2016-09-08,2016-09-08,85.5,87.400002,85.449997,86.650002,9740073.0,86.650002,0.016875640618974508
2016-09-09,2016-09-09,83.900002,88.0,81.5,84.900002,20158474.0,84.900002,-0.02040292236854846
2016-09-12,2016-09-12,82.599998,82.900002,80.300003,81.0,10724869.0,81.0,-0.047024962201988714
2016-09-14,2016-09-14,81.199997,82.150002,80.300003,81.599998,9042478.0,81.599998,0.007380082787817875
2016-09-15,2016-09-15,83.0,85.400002,82.0,83.199997,17377657.0,83.199997,0.01941807430921294
2016-09-16,2016-09-16,84.0,84.5,81.199997,81.5,8224861.0,81.5,-0.020644291522653013
2016-09-19,2016-09-19,81.949997,82.900002,81.349998,81.75,5488374.0,81.75,0.003062789530545729
2016-09-20,2016-09-20,81.800003,83.349998,81.050003,81.75,8176627.0,81.75,0.0
2016-09-21,2016-09-21,82.150002,82.650002,80.599998,80.849998,8143374.0,80.849998,-0.011070248491415136
2016-09-22,2016-09-22,82.050003,82.699997,81.150002,82.199997,7504247.0,82.199997,0.01655970427983533
2016-09-23,2016-09-23,82.349998,84.449997,81.300003,82.25,12556792.0,82.25,0.0006081240796982358
2016-09-26,2016-09-26,82.0,83.400002,81.199997,81.5,5609424.0,81.5,-0.009160369398664159
2016-09-27,2016-09-27,82.199997,82.400002,80.0,80.400002,5214742.0,80.400002,-0.013588819186274748
2016-09-28,2016-09-28,81.050003,82.199997,80.550003,81.5,7223376.0,81.5,0.013588819186274748
2016-09-29,2016-09-29,82.5,82.5,73.349998,74.650002,16479847.0,74.650002,-0.0877924694699237
2016-09-30,2016-09-30,75.0,76.650002,74.5,75.949997,7949532.0,75.949997,0.01726463876521667
2016-10-03,2016-10-03,77.0,79.0,76.599998,78.650002,6011094.0,78.650002,0.03493246539129302
2016-10-04,2016-10-04,79.150002,84.5,78.949997,83.099998,23414161.0,83.099998,0.05503702286061074
2016-10-05,2016-10-05,84.099998,85.949997,83.050003,83.5,19243854.0,83.5,0.0048019540627963755
2016-10-06,2016-10-06,81.400002,82.449997,78.300003,79.150002,18200550.0,79.150002,-0.053501820261312005
2016-10-07,2016-10-07,79.300003,80.599998,78.599998,80.199997,8144787.0,80.199997,0.01317866587048666
2016-10-10,2016-10-10,80.900002,81.400002,77.449997,79.400002,7308687.0,79.400002,-0.010025084023977726
2016-10-13,2016-10-13,78.699997,80.900002,76.0,77.800003,11098645.0,77.800003,-0.020356923697250732
2016-10-14,2016-10-14,77.800003,78.599998,75.699997,76.550003,6799746.0,76.550003,-0.01619730845099276
2016-10-17,2016-10-17,76.800003,77.300003,75.199997,75.800003,5644548.0,75.800003,-0.009845829067601564
2016-10-18,2016-10-18,76.400002,77.900002,76.0,76.75,5249243.0,76.75,0.012455054241145014
2016-10-19,2016-10-19,77.199997,77.5,75.75,76.099998,5019581.0,76.099998,-0.008505147880875974
2016-10-20,2016-10-20,76.650002,78.900002,76.349998,76.949997,7365731.0,76.949997,0.01110758271210166
2016-10-21,2016-10-21,77.449997,77.449997,75.650002,76.150002,4208830.0,76.150002,-0.010450715693409052
2016-10-24,2016-10-24,76.550003,77.800003,76.400002,76.949997,5483273.0,76.949997,0.010450715693409052
2016-10-25,2016-10-25,78.0,78.800003,76.349998,76.800003,8460224.0,76.800003,-0.001951142082407209
2016-10-26,2016-10-26,76.400002,78.0,76.199997,76.849998,11847305.0,76.849998,0.000650764743755694
2016-10-27,2016-10-27,76.349998,77.300003,74.0,76.25,9337442.0,76.25,-0.007838028472360037
2016-10-28,2016-10-28,76.0,76.949997,75.0,75.25,6708726.0,75.25,-0.013201511858535577
2016-11-01,2016-11-01,75.949997,78.900002,75.5,77.650002,11483449.0,77.650002,0.0313956717223105
2016-11-02,2016-11-02,76.449997,76.449997,74.150002,74.75,6735268.0,74.75,-0.03806236308049993
2016-11-03,2016-11-03,75.400002,76.5,72.25,73.199997,9086328.0,73.199997,-0.02095383228713743
2016-11-04,2016-11-04,72.900002,73.150002,68.400002,68.849998,9500825.0,68.849998,-0.06126518385765145
2016-11-07,2016-11-07,69.550003,71.699997,69.550003,70.900002,6277675.0,70.900002,0.029340265620819036
2016-11-08,2016-11-08,71.599998,72.650002,70.400002,72.199997,6076115.0,72.199997,0.018169542600706908
2016-11-09,2016-11-09,66.0,70.699997,62.0,70.050003,11873283.0,70.050003,-0.03023068873796575
2016-11-10,2016-11-10,72.400002,78.0,71.550003,76.349998,16254422.0,76.349998,0.08611868985992023
2016-11-11,2016-11-11,74.099998,77.800003,73.449997,74.900002,10319369.0,74.900002,-0.01917408824404454
2016-11-15,2016-11-15,75.25,75.25,69.75,70.550003,7380349.0,70.550003,-0.05983219640358772
2016-11-16,2016-11-16,71.800003,72.349998,67.5,67.900002,8341238.0,67.900002,-0.03828565680212392
2016-11-17,2016-11-17,68.5,69.349998,67.199997,67.949997,7999661.0,67.949997,0.0007360324273095742
2016-11-18,2016-11-18,68.050003,68.099998,66.099998,67.550003,4991163.0,67.550003,-0.005903987629286789
2016-11-21,2016-11-21,68.650002,68.800003,64.300003,65.0,6908206.0,65.0,-0.0384808389221174
2016-11-22,2016-11-22,65.449997,67.599998,65.0,66.949997,5735084.0,66.949997,0.029558757431984436
2016-11-23,2016-11-23,67.599998,67.699997,66.300003,67.050003,3999870.0,67.050003,0.0014926271427944116
2016-11-24,2016-11-24,66.599998,66.599998,64.099998,64.699997,6843457.0,64.699997,-0.03567749933141329
2016-11-25,2016-11-25,65.150002,67.199997,64.949997,66.650002,5054540.0,66.650002,0.029693921493216813
2016-11-28,2016-11-28,66.300003,72.150002,66.099998,70.900002,11335430.0,70.900002,0.06181538511460705
2016-11-29,2016-11-29,70.800003,72.400002,69.550003,70.550003,5489252.0,70.550003,-0.0049487409249708856
2016-11-30,2016-11-30,71.0,71.300003,69.949997,70.599998,5925037.0,70.599998,0.0007083953487283522
2016-12-01,2016-12-01,70.800003,71.300003,67.300003,68.199997,4685151.0,68.199997,-0.03458559530943805
2016-12-02,2016-12-02,67.099998,69.449997,67.0,67.400002,5282630.0,67.400002,-0.01179947326929387
2016-12-05,2016-12-05,68.150002,69.199997,67.699997,68.650002,5949363.0,68.650002,0.01837611375541304
2016-12-06,2016-12-06,69.0,71.699997,68.300003,70.900002,7323342.0,70.900002,0.03224930039956142
2016-12-07,2016-12-07,71.400002,72.349998,69.75,71.25,5024052.0,71.25,0.0049243574019337535
2016-12-08,2016-12-08,72.550003,75.5,72.300003,73.099998,11229820.0,73.099998,0.025633520247191118
2016-12-09,2016-12-09,71.900002,75.650002,71.050003,74.199997,14764834.0,74.199997,0.01493577034611615
2016-12-12,2016-12-12,73.949997,75.150002,72.650002,73.5,5175087.0,73.5,-0.00947870352327662
2016-12-13,2016-12-13,74.099998,76.699997,73.0,76.300003,9379483.0,76.300003,0.03738757139009952
2016-12-14,2016-12-14,77.0,77.199997,75.349998,75.849998,5434967.0,75.849998,-0.005915298182180172
2016-12-15,2016-12-15,74.900002,76.949997,73.5,73.949997,6006468.0,73.949997,-0.02536853083785306
2016-12-16,2016-12-16,74.5,74.699997,72.699997,73.099998,4224507.0,73.099998,-0.011560809192905808
2016-12-19,2016-12-19,73.349998,74.699997,72.75,73.300003,3602958.0,73.300003,0.002732310424348405
2016-12-20,2016-12-20,73.699997,74.150002,71.150002,71.949997,3250919.0,71.949997,-0.018589258182545976
2016-12-21,2016-12-21,72.849998,73.0,71.599998,71.75,3678700.0,71.75,-0.002783536998022917
2016-12-22,2016-12-22,71.900002,72.25,67.599998,68.800003,7469817.0,68.800003,-0.04198406609578242
2016-12-23,2016-12-23,68.0,68.900002,67.0,68.099998,4992239.0,68.099998,-0.010226604757057169
2016-12-26,2016-12-26,67.949997,68.0,64.900002,65.300003,4976457.0,65.300003,-0.04198510156269997
2016-12-27,2016-12-27,65.349998,67.050003,64.900002,66.349998,5387338.0,66.349998,0.015951648410845287
2016-12-28,2016-12-28,67.0,69.25,67.0,67.849998,8768918.0,67.849998,0.02235562616905451
2016-12-29,2016-12-29,68.099998,69.800003,68.0,69.550003,5029660.0,69.550003,0.024746604699795505
2016-12-30,2016-12-30,69.699997,70.900002,68.599998,69.199997,5947692.0,69.199997,-0.005045142232864563
2017-01-02,2017-01-02,69.800003,70.800003,68.849998,70.349998,4895204.0,70.349998,0.016481935860094055
2017-01-03,2017-01-03,70.199997,71.449997,69.849998,70.400002,4251904.0,70.400002,0.0007105364419714987
2017-01-04,2017-01-04,70.699997,71.800003,70.199997,71.199997,3841755.0,71.199997,0.011299484710010077
2017-01-05,2017-01-05,72.300003,76.449997,71.5,75.5,11807159.0,75.5,0.05863987997188148
2017-01-06,2017-01-06,75.900002,77.199997,73.199997,73.550003,12215743.0,73.550003,-0.02616716841895439
2017-01-09,2017-01-09,74.150002,74.599998,73.0,74.25,3467157.0,74.25,0.009472289846784498
2017-01-10,2017-01-10,74.599998,75.5,74.0,74.800003,4120512.0,74.800003,0.007380147404573378
2017-01-11,2017-01-11,75.199997,85.699997,74.800003,81.949997,39447565.0,81.949997,0.09129134349476777
2017-01-12,2017-01-12,81.800003,82.5,78.75,80.650002,14493302.0,80.650002,-0.015990439212420604
2017-01-13,2017-01-13,80.699997,81.449997,77.5,78.449997,10195083.0,78.449997,-0.02765738843160648
2017-01-16,2017-01-16,78.5,81.800003,77.099998,78.900002,9944179.0,78.900002,0.005719812262247714
2017-01-17,2017-01-17,79.0,79.849998,77.199997,77.5,5546995.0,77.5,-0.017903316841069383
2017-01-18,2017-01-18,77.949997,81.800003,77.849998,80.199997,15330406.0,80.199997,0.03424554110668332
2017-01-19,2017-01-19,80.25,80.699997,79.199997,80.0,4958019.0,80.0,-0.002496842792103493
2017-01-20,2017-01-20,79.199997,80.599998,76.300003,77.150002,7578833.0,77.150002,-0.036275029941186254
2017-01-23,2017-01-23,77.349998,79.400002,77.199997,78.900002,6616751.0,78.900002,0.022429648467675808
2017-01-24,2017-01-24,79.0,81.5,78.949997,81.050003,8334067.0,81.050003,0.026885031995502292
2017-01-25,2017-01-25,81.699997,82.699997,80.099998,82.199997,11146331.0,82.199997,0.014088980369909796
2017-01-27,2017-01-27,82.5,83.900002,75.400002,79.300003,22846929.0,79.300003,-0.035917099093960125
2017-01-30,2017-01-30,79.400002,83.599998,79.050003,81.699997,14872645.0,81.699997,0.029815798674427182
2017-01-31,2017-01-31,81.0,82.400002,79.699997,80.0,7810228.0,80.0,-0.02102733047236871
2017-02-01,2017-02-01,80.199997,84.199997,78.550003,83.400002,13431034.0,83.400002,0.041621698671635336
2017-02-02,2017-02-02,83.5,87.199997,81.0,86.0,16549990.0,86.0,0.030698962907990787
2017-02-03,2017-02-03,86.099998,93.25,86.050003,91.300003,39982971.0,91.300003,0.05980352420612256
2017-02-06,2017-02-06,93.099998,94.25,90.099998,90.849998,14878725.0,90.849998,-0.00494104763175951
2017-02-07,2017-02-07,91.0,96.25,89.0,89.800003,39125532.0,89.800003,-0.011624764112144527
2017-02-08,2017-02-08,90.400002,92.449997,89.300003,91.599998,9792612.0,91.599998,0.019846241130297315
2017-02-09,2017-02-09,92.25,93.400002,90.199997,91.849998,12336141.0,91.849998,0.002725540040478869
2017-02-10,2017-02-10,92.349998,92.699997,90.199997,91.0,5076013.0,91.0,-0.009297283369652298
2017-02-13,2017-02-13,91.550003,92.400002,85.5,88.5,10591156.0,88.5,-0.027856954502966325
2017-02-14,2017-02-14,88.699997,89.5,87.099998,88.099998,5183856.0,88.099998,-0.0045300417732256895
2017-02-15,2017-02-15,89.0,93.75,88.199997,89.75,28033955.0,89.75,0.01855551712773096
2017-02-16,2017-02-16,90.449997,94.699997,90.449997,92.550003,21297456.0,92.550003,0.030721044066027936
2017-02-17,2017-02-17,93.050003,94.5,92.0,93.0,11452382.0,93.0,0.004850421718839647
2017-02-20,2017-02-20,93.449997,102.699997,93.0,100.150002,55711331.0,100.150002,0.07406958892861581
2017-02-21,2017-02-21,101.0,110.150002,101.0,109.400002,58706739.0,109.400002,0.08834182618754394
2017-02-22,2017-02-22,109.599998,111.5,103.199997,110.25,39187776.0,110.25,0.0077396060575392065
2017-02-23,2017-02-23,110.25,117.900002,107.0,116.599998,49390545.0,116.599998,0.0559987424367776
2017-02-27,2017-02-27,115.949997,125.5,114.349998,124.699997,52265713.0,124.699997,0.06716157186451888
2017-02-28,2017-02-28,126.5,129.550003,124.800003,125.449997,41787690.0,125.449997,0.005996420270268921
2017-03-01,2017-03-01,125.5,127.349998,123.800003,126.25,19000271.0,126.25,0.006356819256948754
2017-03-02,2017-03-02,127.449997,128.5,124.050003,125.050003,16033684.0,125.050003,-0.009550386841437941
2017-03-03,2017-03-03,124.900002,128.25,122.650002,126.400002,11527055.0,126.400002,0.0107378162215106
2017-03-06,2017-03-06,128.899994,129.699997,124.699997,125.949997,13014483.0,125.949997,-0.0035665185558988455
2017-03-07,2017-03-07,127.099998,127.849998,124.300003,124.800003,7491482.0,124.800003,-0.009172499005854816
2017-03-08,2017-03-08,125.0,125.400002,119.300003,122.300003,13736101.0,122.300003,-0.020235412750817083
2017-03-09,2017-03-09,121.800003,125.650002,114.0,118.25,40098048.0,118.25,-0.0336760398509286
2017-03-10,2017-03-10,120.900002,127.25,120.5,125.5,40470789.0,125.5,0.059504731199796275
2017-03-14,2017-03-14,129.5,129.699997,124.199997,124.849998,14230799.0,124.849998,-0.005192757865279951
2017-03-15,2017-03-15,124.900002,125.800003,122.5,122.949997,7439745.0,122.949997,-0.015335256444520162
2017-03-16,2017-03-16,125.5,130.600006,124.0,128.350006,21880452.0,128.350006,0.042983209802285316
2017-03-17,2017-03-17,129.0,132.0,127.25,129.949997,21304782.0,129.949997,0.012388783937372416
2017-03-20,2017-03-20,130.899994,131.0,126.099998,128.399994,11562259.0,128.399994,-0.011999393474808606
2017-03-21,2017-03-21,129.25,129.399994,126.599998,127.800003,7351249.0,127.800003,-0.004683779109275754
2017-03-22,2017-03-22,125.800003,126.949997,124.099998,124.75,6987236.0,124.75,-0.02415483078598424
2017-03-23,2017-03-23,125.5,126.400002,124.199997,125.5,4514928.0,125.5,0.00599402394021098
2017-03-24,2017-03-24,125.699997,126.900002,119.050003,119.75,17408161.0,119.75,-0.04689952228081395
2017-03-27,2017-03-27,121.0,121.849998,114.75,116.5,12043717.0,116.5,-0.027514963285269367
2017-03-28,2017-03-28,117.900002,121.449997,117.5,120.300003,10877034.0,120.300003,0.03209737491253328
2017-03-29,2017-03-29,120.300003,121.25,117.349998,118.550003,6982412.0,118.550003,-0.014653810101096454
2017-03-30,2017-03-30,119.199997,119.849998,117.199997,119.0,9221124.0,119.0,0.00378865529433714
2017-03-31,2017-03-31,121.0,123.949997,120.199997,121.0,15018988.0,121.0,0.01666705248521172
