Date,Date.1,JUSTDIAL.NS.Open,JUSTDIAL.NS.High,JUSTDIAL.NS.Low,JUSTDIAL.NS.Close,JUSTDIAL.NS.Volume,JUSTDIAL.NS.Adjusted,log_returns
2013-06-06,2013-06-06,597.0,614.900024,589.849976,605.150024,1982995.0,602.9525150000002,-0.011827609693797037
2013-06-07,2013-06-07,603.299988,676.799988,603.0,646.349976,4217874.0,644.002869,0.06586473536400117
2013-06-10,2013-06-10,652.099976,684.400024,626.5,674.900024,1972922.0,672.4492190000002,0.04322341678086872
2013-06-11,2013-06-11,674.5,683.299988,644.0,655.049988,1365020.0,652.6712650000002,-0.02985301799217055
2013-06-12,2013-06-12,648.0,665.0,628.099976,636.0,570462.0,633.6904910000002,-0.029512929158303614
2013-06-13,2013-06-13,635.849976,644.599976,605.150024,628.599976,500264.0,626.317322,-0.011703503872825928
2013-06-14,2013-06-14,634.0,648.25,623.0,628.799988,333721.0,626.5166019999998,0.00031812676502962484
2013-06-17,2013-06-17,630.0,639.950012,625.0,638.400024,240055.0,636.081787,0.01515187739835344
2013-06-18,2013-06-18,640.0,644.450012,626.0,630.400024,203424.0,628.11084,-0.012610503274570915
2013-06-19,2013-06-19,631.0,657.0,630.0,649.25,451906.0,646.892395,0.029463319203682836
2013-06-20,2013-06-20,639.75,651.0,614.5,622.099976,262921.0,619.840942,-0.042717066948930515
2013-06-21,2013-06-21,618.0,635.0,617.0,624.0,202871.0,621.73407,0.003049561160379355
2013-06-24,2013-06-24,625.0,629.0,590.099976,607.950012,297338.0,605.74231,-0.026057796515024382
2013-06-25,2013-06-25,612.900024,627.950012,600.549988,622.200012,141748.0,619.940613,0.02316902335768134
2013-06-26,2013-06-26,625.5,634.799988,609.099976,612.549988,100568.0,610.3256230000002,-0.015631065028378188
2013-06-27,2013-06-27,618.0,636.799988,618.0,629.25,444777.0,626.965027,0.02689813782867745
2013-06-28,2013-06-28,632.049988,652.299988,624.049988,650.150024,258472.0,647.789124,0.032674456695998444
2013-07-01,2013-07-01,636.650024,648.0,632.0,637.25,156411.0,634.935974,-0.020041052001126047
2013-07-02,2013-07-02,640.0,640.5,630.049988,636.549988,160712.0,634.238464,-0.0010991555602446468
2013-07-03,2013-07-03,634.5,639.400024,626.0,635.599976,82629.0,633.29187,-0.0014936039802515564
2013-07-04,2013-07-04,636.5,645.0,636.5,642.150024,71739.0,639.818115,0.01025253472785792
2013-07-05,2013-07-05,646.849976,671.700012,641.0,653.950012,180177.0,651.575256,0.018208961139462687
2013-07-08,2013-07-08,636.5,692.0,636.5,681.0,426983.0,678.527039,0.04053142783357355
2013-07-09,2013-07-09,686.349976,763.349976,685.0,718.099976,2114847.0,715.49231,0.05304652158677392
2013-07-10,2013-07-10,717.900024,727.299988,695.0,705.599976,548167.0,703.03772,-0.01756030507761697
2013-07-11,2013-07-11,709.900024,715.0,671.0,685.75,464258.0,683.259827,-0.028535338697921905
2013-07-12,2013-07-12,694.950012,704.950012,686.0,699.700012,246937.0,697.15918,0.02013855601785597
2013-07-15,2013-07-15,694.0,717.700012,694.0,705.299988,185522.0,702.738831,0.007971552931723025
2013-07-16,2013-07-16,700.0,702.0,690.0,697.299988,50145.0,694.767883,-0.011407507898272941
2013-07-17,2013-07-17,704.0,707.0,667.950012,695.400024,153411.0,692.874817,-0.002728464862625124
2013-07-18,2013-07-18,699.900024,721.799988,692.0,698.799988,206713.0,696.2624509999998,0.004877330402910829
2013-07-19,2013-07-19,699.099976,699.099976,665.150024,682.599976,84571.0,680.121216,-0.0234556329184743
2013-07-22,2013-07-22,675.099976,707.900024,675.099976,684.549988,91773.0,682.064209,0.002852760398184273
2013-07-23,2013-07-23,688.0,701.849976,684.049988,690.049988,113799.0,687.544189,0.008002300878623636
2013-07-24,2013-07-24,689.0,694.299988,665.0,678.799988,75880.0,676.335022,-0.016437554433234247
2013-07-25,2013-07-25,683.0,694.0,675.349976,680.450012,96283.0,677.979126,0.002427951904788728
2013-07-26,2013-07-26,682.0,688.299988,666.950012,680.099976,71524.0,677.63031,-0.0005146261134445496
2013-07-29,2013-07-29,680.0,684.900024,661.0,680.099976,136506.0,677.63031,0.0
2013-07-30,2013-07-30,681.0,690.0,671.900024,677.5,231338.0,675.039734,-0.0038303194171556147
2013-07-31,2013-07-31,687.950012,703.799988,662.200012,697.799988,215260.0,695.266052,0.02952302662012674
2013-08-01,2013-08-01,693.0,701.0,676.0,680.75,79059.0,678.277954,-0.0247374153643598
2013-08-02,2013-08-02,687.599976,705.0,675.799988,695.5,142223.0,692.974426,0.021435929609061155
2013-08-05,2013-08-05,705.0,733.75,659.0,679.099976,197203.0,676.633972,-0.02386263023102764
2013-08-06,2013-08-06,689.900024,689.900024,651.099976,658.200012,295553.0,655.809875,-0.03125954271735498
2013-08-07,2013-08-07,659.0,675.0,642.299988,669.849976,82383.0,667.417542,0.01754492781768313
2013-08-08,2013-08-08,674.0,676.549988,658.0,666.349976,40314.0,663.930237,-0.0052387708616477005
2013-08-12,2013-08-12,670.0,680.0,660.150024,670.75,46418.0,668.31427,0.0065814477772692115
2013-08-13,2013-08-13,675.950012,679.0,665.0,666.400024,51732.0,663.980103,-0.006506343308960716
2013-08-14,2013-08-14,674.900024,684.799988,668.0,671.599976,18143.0,669.161194,0.00777279512208917
2013-08-16,2013-08-16,680.900024,680.900024,649.0,661.049988,54845.0,658.649536,-0.015833397583785214
2013-08-19,2013-08-19,656.200012,656.200012,625.5,641.099976,48167.0,638.771973,-0.03064404027807388
2013-08-20,2013-08-20,636.200012,659.0,625.099976,644.25,41364.0,641.910522,0.004901379218503088
2013-08-21,2013-08-21,649.900024,659.049988,635.650024,650.049988,18003.0,647.689392,0.008962327957244831
2013-08-22,2013-08-22,649.849976,669.0,643.400024,667.700012,36975.0,665.275391,0.026789828633601687
2013-08-23,2013-08-23,666.299988,679.0,658.900024,675.400024,13488.0,672.947449,0.011466165164968343
2013-08-26,2013-08-26,675.299988,680.0,660.0,674.0,8015.0,671.55249,-0.002075060712283694
2013-08-27,2013-08-27,665.200012,690.0,652.0,679.599976,293684.0,677.132141,0.00827425879287613
2013-08-28,2013-08-28,668.0,682.75,653.400024,676.049988,108173.0,673.5950320000002,-0.005237352377150728
2013-08-29,2013-08-29,689.950012,689.950012,668.0,672.150024,3698.0,669.709229,-0.005785455985584775
2013-08-30,2013-08-30,674.849976,684.0,672.5,678.349976,22843.0,675.886658,0.009181764686607252
2013-09-02,2013-09-02,679.900024,685.0,676.950012,682.549988,8658.0,680.071411,0.0061724125277811135
2013-09-03,2013-09-03,689.0,689.0,674.950012,680.150024,8444.0,677.680176,-0.0035223489999518525
2013-09-04,2013-09-04,680.0,705.0,679.900024,699.299988,48979.0,696.76062,0.02776644860894706
2013-09-05,2013-09-05,701.900024,710.0,689.950012,706.450012,30300.0,703.8846440000002,0.010172576335509831
2013-09-06,2013-09-06,700.0,747.0,700.0,728.25,49072.0,725.6054690000002,0.0303919512057913
2013-09-10,2013-09-10,727.299988,740.0,717.0,728.599976,11422.0,725.954163,0.0004804404848686161
2013-09-11,2013-09-11,736.5,819.400024,713.75,769.049988,107693.0,766.257324,0.054031168974939085
2013-09-12,2013-09-12,769.950012,805.0,752.049988,777.799988,33719.0,774.975525,0.011313402766591985
2013-09-13,2013-09-13,775.099976,788.0,767.049988,773.150024,32819.0,770.3424679999998,-0.005996268603442267
2013-09-16,2013-09-16,760.0,782.0,760.0,774.349976,42712.0,771.538025,0.0015507780856278686
2013-09-17,2013-09-17,774.950012,775.25,737.299988,740.650024,8091.0,737.96051,-0.044495644007998436
2013-09-18,2013-09-18,757.450012,773.849976,745.700012,769.400024,28249.0,766.606079,0.03808276905130459
2013-09-19,2013-09-19,779.900024,785.0,762.900024,772.799988,45025.0,769.993713,0.004409267144332318
2013-09-20,2013-09-20,764.450012,795.0,757.299988,766.349976,59586.0,763.567078,-0.00838137315309595
2013-09-23,2013-09-23,759.950012,774.75,753.0,763.75,4254.0,760.9765629999998,-0.003398416973497298
2013-09-24,2013-09-24,766.599976,767.0,755.400024,757.150024,5726.0,754.400574,-0.008679067564213659
2013-09-25,2013-09-25,760.200012,799.0,754.0,785.049988,18275.0,782.1992190000002,0.0361859716665256
2013-09-26,2013-09-26,794.950012,829.950012,781.0,816.799988,107245.0,813.833923,0.03964685553287062
2013-09-27,2013-09-27,820.0,854.0,799.0,846.900024,73214.0,843.824707,0.036188460508870264
2013-09-30,2013-09-30,843.5,873.900024,825.400024,844.2000119999999,161293.0,841.134399,-0.00319332413063389
2013-10-01,2013-10-01,835.0,860.0,833.0,838.0,37987.0,834.9569700000002,-0.007371265177299691
2013-10-03,2013-10-03,835.0,867.9500119999999,830.650024,859.0,223664.0,855.880737,0.024750849911546524
2013-10-04,2013-10-04,867.650024,1030.800049,859.349976,1029.449951,1102562.0,1025.71167,0.1810109223440257
2013-10-07,2013-10-07,1039.0,1048.0,912.200012,925.349976,946798.0,921.989685,-0.10660792698599232
2013-10-08,2013-10-08,931.0,947.950012,900.0,912.599976,472011.0,909.286072,-0.013874280520906446
2013-10-09,2013-10-09,903.5,926.0,891.2000119999999,904.650024,279552.0,901.36499,-0.008749485418129588
2013-10-10,2013-10-10,907.0,934.700012,900.0,908.25,193654.0,904.951843,0.003971460210012268
2013-10-11,2013-10-11,913.0,915.900024,875.099976,880.75,147988.0,877.5516970000001,-0.030745862564637075
2013-10-14,2013-10-14,889.0,905.0,862.099976,868.7999880000001,147473.0,865.645081,-0.013660880190999869
2013-10-15,2013-10-15,872.0,897.0,859.75,875.150024,313029.0,871.9720460000002,0.007282378681906286
2013-10-17,2013-10-17,880.7999880000001,892.900024,870.0,881.849976,153766.0,878.6477050000002,0.007626660620229764
2013-10-18,2013-10-18,888.7999880000001,1002.700012,883.5,953.299988,1141707.0,949.838257,0.07790768763403833
2013-10-21,2013-10-21,955.0,989.900024,930.0,969.75,308633.0,966.228516,0.01710865093310865
2013-10-22,2013-10-22,970.0,977.5,955.0,960.650024,100306.0,957.16156,-0.009428168811716377
2013-10-23,2013-10-23,962.0,1152.75,962.0,1148.099976,2116308.0,1143.930908,0.17825357857964794
2013-10-24,2013-10-24,1154.800049,1167.0,1036.0,1058.650024,927385.0,1054.805786,-0.08111383514682835
2013-10-25,2013-10-25,1044.0,1189.0,963.25,1029.550049,3171849.0,1025.811401,-0.0278727507184664
2013-10-28,2013-10-28,1030.0,1078.0,1015.0,1058.75,973338.0,1054.905396,0.02796718070577864
2013-10-29,2013-10-29,1065.5,1103.0,1040.099976,1071.900024,605327.0,1068.00769,0.01234385001727478
2013-10-30,2013-10-30,1070.0,1098.5,1046.699951,1054.400024,362592.0,1050.571167,-0.01646095604302289
2013-10-31,2013-10-31,1060.0,1265.25,1060.0,1246.900024,2211618.0,1242.37207,0.16768852707350668
2013-11-01,2013-11-01,1217.300049,1225.0,1150.0,1175.300049,845428.0,1171.032104,-0.05913701179346464
2013-11-05,2013-11-05,1229.5,1290.0,1180.0,1196.400024,958891.0,1192.055542,0.0177936630715676
2013-11-06,2013-11-06,1200.0,1239.550049,1145.550049,1157.550049,626357.0,1153.34668,-0.03301129060629826
2013-11-07,2013-11-07,1175.300049,1204.699951,1142.199951,1172.650024,563612.0,1168.391724,0.012960335726774021
2013-11-08,2013-11-08,1187.0,1239.699951,1178.0,1193.300049,635180.0,1188.966797,0.017456483855873728
2013-11-11,2013-11-11,1195.0,1234.800049,1182.900024,1195.550049,396648.0,1191.208618,0.0018837449112325546
2013-11-12,2013-11-12,1202.5,1226.0,1012.0,1055.650024,721446.0,1051.81665,-0.12444962502926328
2013-11-13,2013-11-13,1064.0,1070.0,954.0,1013.650024,1209015.0,1009.969177,-0.040598999487809984
2013-11-14,2013-11-14,1025.0,1125.0,1025.0,1115.25,915222.0,1111.200195,0.0955208753782344
2013-11-18,2013-11-18,1138.0,1147.0,1115.5,1130.199951,502222.0,1126.095825,0.013315940284014616
2013-11-19,2013-11-19,1142.0,1222.0,1122.0,1204.800049,899831.0,1200.425049,0.06391907334933045
2013-11-20,2013-11-20,1205.0,1438.699951,1198.949951,1389.75,2861294.0,1384.7033689999996,0.1428102411162664
2013-11-21,2013-11-21,1366.199951,1382.25,1268.0,1293.050049,2707251.0,1288.354492,-0.07212012617123964
2013-11-22,2013-11-22,1300.0,1349.5,1231.25,1243.75,1369840.0,1239.233643,-0.03887265780324345
2013-11-25,2013-11-25,1255.0,1273.0,1190.300049,1207.650024,916700.0,1203.264648,-0.02945475589584845
2013-11-26,2013-11-26,1211.0,1244.800049,1172.25,1216.400024,811165.0,1211.98291,0.007219384064419466
2013-11-27,2013-11-27,1227.0,1237.0,1190.300049,1199.050049,392956.0,1194.695801,-0.014366193742657353
2013-11-28,2013-11-28,1210.099976,1240.0,1200.0,1216.900024,696915.0,1212.481079,0.014777145614305097
2013-11-29,2013-11-29,1222.0,1236.0,1209.0,1222.25,385686.0,1217.811523,0.004386675533132768
2013-12-02,2013-12-02,1220.0,1232.099976,1206.150024,1215.199951,352572.0,1210.787109,-0.005784762863553007
2013-12-03,2013-12-03,1216.0,1272.900024,1200.0,1206.300049,904111.0,1201.919556,-0.007350742680231725
2013-12-04,2013-12-04,1210.0,1246.5,1208.0,1221.25,657390.0,1216.815308,0.012317133674293324
2013-12-05,2013-12-05,1238.0,1264.599976,1196.050049,1205.650024,514685.0,1201.271973,-0.01285606950846141
2013-12-06,2013-12-06,1217.5,1224.75,1192.099976,1199.599976,273256.0,1195.243774,-0.005030813356062147
2013-12-09,2013-12-09,1220.0,1231.650024,1105.0,1121.449951,841216.0,1117.377563,-0.0673656813662804
2013-12-10,2013-12-10,1126.5,1169.0,1077.550049,1138.0,1252358.0,1133.867554,0.014649924877855547
2013-12-11,2013-12-11,1142.699951,1159.0,1126.199951,1143.800049,325754.0,1139.646606,0.005083816541278985
2013-12-12,2013-12-12,1147.0,1176.800049,1131.300049,1160.949951,620182.0,1156.7341310000004,0.014882410491440012
2013-12-13,2013-12-13,1162.0,1179.849976,1151.0,1168.050049,337962.0,1163.8084720000004,0.006097162712541682
2013-12-16,2013-12-16,1165.0,1173.650024,1131.099976,1138.150024,158483.0,1134.016968,-0.025931624658663388
2013-12-17,2013-12-17,1145.199951,1188.949951,1145.199951,1169.050049,392184.0,1164.80481,0.02678735975946456
2013-12-18,2013-12-18,1174.900024,1234.0,1156.050049,1221.349976,496147.0,1216.914917,0.04376537156649984
2013-12-19,2013-12-19,1223.0,1289.849976,1220.0,1266.099976,653876.0,1261.502441,0.035984524612577395
2013-12-20,2013-12-20,1269.050049,1361.599976,1269.0,1324.449951,1256482.0,1319.6403810000004,0.04505583674864777
2013-12-23,2013-12-23,1326.0,1342.0,1305.150024,1322.550049,303996.0,1317.747559,-0.0014353764922301335
2013-12-24,2013-12-24,1322.0,1339.0,1290.199951,1312.099976,298860.0,1307.335327,-0.00793292025940584
2013-12-26,2013-12-26,1319.300049,1349.0,1310.0,1338.650024,250349.0,1333.78894,0.02003275499179047
2013-12-27,2013-12-27,1337.0,1398.0,1337.0,1381.849976,666817.0,1376.832031,0.031761511377614404
2013-12-30,2013-12-30,1393.0,1431.699951,1389.0,1418.199951,335538.0,1413.049927,0.025965206657667217
2013-12-31,2013-12-31,1428.0,1458.900024,1422.699951,1441.800049,456797.0,1436.564331,0.016503944468764686
2014-01-01,2014-01-01,1447.949951,1452.650024,1408.0,1417.400024,242987.0,1412.25293,-0.0170681296634001
2014-01-02,2014-01-02,1422.0,1509.0,1410.599976,1490.449951,778406.0,1485.03772,0.050253920680901835
2014-01-03,2014-01-03,1499.0,1645.25,1492.0,1598.800049,1134026.0,1592.994263,0.07017525693491232
2014-01-06,2014-01-06,1630.449951,1650.0,1495.0,1510.0,762260.0,1504.516602,-0.057143777617991276
2014-01-07,2014-01-07,1515.0,1519.0,1424.949951,1435.550049,590799.0,1430.337158,-0.05056146061591793
2014-01-08,2014-01-08,1435.900024,1472.900024,1414.0,1428.150024,498699.0,1422.963989,-0.005168178913911525
2014-01-09,2014-01-09,1430.0,1459.0,1380.0,1446.75,612655.0,1441.49646,0.012939769925506715
2014-01-10,2014-01-10,1450.0,1475.0,1426.099976,1440.699951,361507.0,1435.468262,-0.004190671353061504
2014-01-13,2014-01-13,1458.849976,1479.0,1419.0,1431.199951,270217.0,1426.002808,-0.006615819830383174
2014-01-14,2014-01-14,1428.0,1524.0,1417.0,1500.900024,539014.0,1495.449829,0.04755175941322953
2014-01-15,2014-01-15,1511.0,1544.0,1492.099976,1509.75,369622.0,1504.267578,0.005879070059780389
2014-01-16,2014-01-16,1513.0,1560.050049,1493.0,1549.0,501303.0,1543.375,0.025665456298135325
2014-01-17,2014-01-17,1562.949951,1599.0,1450.0,1485.050049,829121.0,1479.657349,-0.0421610368808043
2014-01-20,2014-01-20,1460.0,1564.699951,1405.0,1547.550049,837766.0,1541.93042,0.041224610881486434
2014-01-21,2014-01-21,1559.699951,1625.0,1535.0,1614.699951,613895.0,1608.836426,0.04247605003406996
2014-01-22,2014-01-22,1616.0,1778.9000239999998,1573.0,1693.25,2237505.0,1687.101318,0.04750065891118016
2014-01-23,2014-01-23,1676.650024,1727.0,1640.0,1666.150024,757022.0,1660.099609,-0.016134253861817882
2014-01-24,2014-01-24,1664.900024,1692.949951,1543.099976,1578.900024,983103.0,1573.1665039999998,-0.05378713627592191
2014-01-27,2014-01-27,1550.0,1550.0,1460.0,1481.099976,701684.0,1475.721558,-0.06394340767310512
2014-01-28,2014-01-28,1482.0,1485.0,1211.650024,1290.0,2534597.0,1285.315674,-0.13814271316293425
2014-01-29,2014-01-29,1310.400024,1524.0,1310.400024,1495.599976,2074952.0,1490.168945,0.14788515055778806
2014-01-30,2014-01-30,1451.099976,1470.0,1341.25,1386.949951,1129149.0,1381.913452,-0.07542040123216953
2014-01-31,2014-01-31,1401.0,1466.599976,1401.0,1420.5,703103.0,1415.341675,0.02390187017442713
2014-02-03,2014-02-03,1401.0,1405.0,1325.0,1331.300049,562305.0,1326.465576,-0.06485302511791424
2014-02-04,2014-02-04,1290.0,1334.699951,1266.550049,1300.099976,673718.0,1295.378784,-0.023714793580251303
2014-02-05,2014-02-05,1298.0,1339.900024,1290.0,1312.099976,356445.0,1307.335327,0.00918781441232941
2014-02-06,2014-02-06,1326.050049,1414.0,1325.0,1366.699951,898257.0,1361.737061,0.040770171400292377
2014-02-07,2014-02-07,1387.0,1433.0,1384.599976,1401.599976,407169.0,1396.5102539999998,0.025215313526032013
2014-02-10,2014-02-10,1415.0,1437.800049,1397.5,1416.050049,276257.0,1410.907837,0.01025690421362313
2014-02-11,2014-02-11,1424.699951,1434.449951,1345.099976,1358.650024,437776.0,1353.716309,-0.04137972137398993
2014-02-12,2014-02-12,1373.0,1421.0,1365.0,1374.0,334481.0,1369.01062,0.011234671905349105
2014-02-13,2014-02-13,1387.0,1495.900024,1376.099976,1452.650024,915248.0,1447.375,0.05566326718686021
2014-02-14,2014-02-14,1467.699951,1514.900024,1462.300049,1483.400024,714092.0,1478.013306,0.020947254241545643
2014-02-17,2014-02-17,1493.0,1503.0,1426.349976,1435.400024,316684.0,1430.187622,-0.032893185330743265
2014-02-18,2014-02-18,1444.0,1459.900024,1412.0,1423.699951,312380.0,1418.530029,-0.008184495273110494
2014-02-19,2014-02-19,1434.0,1453.400024,1427.550049,1437.0,240532.0,1431.78186,0.0092985799444687
2014-02-20,2014-02-20,1429.300049,1475.0,1408.0,1436.949951,389662.0,1431.731934,-3.4870444912904475e-05
2014-02-21,2014-02-21,1447.0,1455.900024,1436.150024,1444.25,169147.0,1439.005493,0.005067391044587311
2014-02-24,2014-02-24,1449.699951,1461.5,1426.099976,1438.25,155042.0,1433.027344,-0.0041630148212581375
2014-02-25,2014-02-25,1451.0,1459.0,1430.0,1437.650024,138756.0,1432.429443,-0.00041731636742170514
2014-02-26,2014-02-26,1444.800049,1447.5,1401.0,1411.900024,168485.0,1406.772949,-0.01807352125673045
2014-02-28,2014-02-28,1423.0,1442.699951,1414.0,1433.449951,191651.0,1428.2446289999998,0.015147765382516274
2014-03-03,2014-03-03,1420.050049,1511.949951,1420.050049,1473.199951,641762.0,1467.85022,0.02735273694491891
2014-03-04,2014-03-04,1476.300049,1525.0,1476.300049,1515.25,338940.0,1509.747681,0.02814364317463713
2014-03-05,2014-03-05,1523.0,1695.0,1523.0,1682.4000239999998,1331824.0,1676.290649,0.10464086709364297
2014-03-06,2014-03-06,1699.0,1769.9000239999998,1699.0,1744.949951,887594.0,1738.613525,0.036504565597799576
2014-03-07,2014-03-07,1758.800049,1768.4000239999998,1595.0,1609.949951,488626.0,1604.103638,-0.08052285130374504
2014-03-10,2014-03-10,1604.0,1684.6500239999998,1586.0,1628.050049,376063.0,1622.138062,0.01117995086674295
2014-03-11,2014-03-11,1638.900024,1653.0,1591.0,1615.150024,232512.0,1609.2849119999996,-0.007955144149753401
2014-03-12,2014-03-12,1670.0,1750.0,1600.0,1616.849976,1515705.0,1610.97876,0.0010519934568966602
2014-03-13,2014-03-13,1629.650024,1641.449951,1581.300049,1613.900024,596401.0,1608.039429,-0.0018262287718409094
2014-03-14,2014-03-14,1605.0,1634.800049,1590.0,1621.25,262576.0,1615.362671,0.004543804572026744
2014-03-18,2014-03-18,1634.0,1665.0,1631.0,1649.949951,301096.0,1643.958374,0.017547480811527905
2014-03-19,2014-03-19,1660.0,1667.0,1634.0,1641.449951,187753.0,1635.489258,-0.005164976409374411
2014-03-20,2014-03-20,1646.0,1646.0,1620.300049,1630.050049,100126.0,1624.130859,-0.006969183257512057
2014-03-21,2014-03-21,1638.0,1687.0,1630.050049,1640.849976,273471.0,1634.891479,0.00660361175087143
2014-03-24,2014-03-24,1649.949951,1664.949951,1636.0,1639.849976,127826.0,1633.895142,-0.0006096066500358432
2014-03-25,2014-03-25,1641.0,1650.0,1632.349976,1641.300049,138976.0,1635.339966,0.0008838912138990906
2014-03-26,2014-03-26,1648.0,1648.349976,1611.150024,1626.050049,188125.0,1620.145264,-0.009334898649884238
2014-03-27,2014-03-27,1625.5,1634.699951,1581.599976,1613.300049,182718.0,1607.44165,-0.007871936489542541
2014-03-28,2014-03-28,1636.0,1707.0,1616.25,1631.099976,567757.0,1625.177002,0.010972856287055244
2014-03-31,2014-03-31,1642.949951,1653.0,1539.449951,1549.400024,366412.0,1543.77356,-0.05138695134141536
2014-04-01,2014-04-01,1555.0,1574.900024,1530.25,1556.050049,273851.0,1550.399536,0.004282880060558547
2014-04-02,2014-04-02,1569.949951,1624.0,1556.300049,1594.949951,405623.0,1589.158081,0.024691704311099905
2014-04-03,2014-04-03,1600.0,1609.900024,1590.0,1597.849976,152951.0,1592.047607,0.001816623681737184
2014-04-04,2014-04-04,1603.0,1603.599976,1554.050049,1560.599976,139051.0,1554.932983,-0.023588543916284618
2014-04-07,2014-04-07,1558.199951,1558.199951,1480.0,1487.300049,344120.0,1481.89917,-0.048107958831201884
2014-04-09,2014-04-09,1498.900024,1503.900024,1409.099976,1418.949951,584293.0,1413.797241,-0.047045324847537984
2014-04-10,2014-04-10,1420.900024,1425.0,1314.5,1331.949951,780009.0,1327.113159,-0.06327313725716444
2014-04-11,2014-04-11,1320.0,1320.0,1262.25,1291.949951,748189.0,1287.258423,-0.030491322688170012
2014-04-15,2014-04-15,1313.0,1317.0,1167.550049,1187.349976,1100592.0,1183.03833,-0.08442871818158615
2014-04-16,2014-04-16,1190.650024,1283.400024,1190.650024,1250.199951,1567363.0,1245.660034,0.05157955208153631
2014-04-17,2014-04-17,1259.949951,1284.900024,1214.300049,1241.300049,582112.0,1236.79248,-0.007144218603592378
2014-04-21,2014-04-21,1245.0,1258.050049,1218.0,1230.599976,293340.0,1226.131226,-0.008657450950392942
2014-04-22,2014-04-22,1231.0,1275.0,1231.0,1262.5,580159.0,1257.915405,0.02559204271402216
2014-04-23,2014-04-23,1279.800049,1284.050049,1238.0,1246.550049,386768.0,1242.0234380000004,-0.012714055880427287
2014-04-24,2014-04-24,1246.550049,1246.550049,1246.550049,1246.550049,0.0,1242.0234380000004,0.0
2014-04-25,2014-04-25,1248.800049,1308.0,1228.199951,1296.300049,884650.0,1291.592773,0.03913430999200873
2014-04-28,2014-04-28,1305.0,1305.349976,1236.300049,1248.800049,456591.0,1244.265259,-0.03733096220681365
2014-04-29,2014-04-29,1252.5,1271.900024,1204.0,1213.449951,425231.0,1209.043579,-0.028715585818773093
2014-04-30,2014-04-30,1220.0,1235.0,1170.0,1178.75,547267.0,1174.469604,-0.029012971642149662
2014-05-02,2014-05-02,1184.900024,1194.650024,1090.0,1102.800049,779062.0,1098.79541,-0.0666021468870781
2014-05-05,2014-05-05,1104.800049,1106.0,997.200012,1005.0,1022121.0,1001.350525,-0.09286488408458292
2014-05-06,2014-05-06,1010.0,1099.699951,982.599976,1091.0,1783441.0,1087.038208,0.08210714361396576
2014-05-07,2014-05-07,1099.0,1143.0,1068.449951,1079.300049,1606899.0,1075.380737,-0.010781984647004528
2014-05-08,2014-05-08,1092.300049,1110.0,1011.200012,1029.099976,1118156.0,1025.362915,-0.047628159488978916
2014-05-09,2014-05-09,1051.0,1118.0,1051.0,1102.650024,1278878.0,1098.6459960000002,0.06903189554239031
2014-05-12,2014-05-12,1121.0,1135.0,1050.0,1105.300049,1257186.0,1101.286377,0.002400421304066036
2014-05-13,2014-05-13,1149.0,1158.699951,1102.75,1131.150024,887828.0,1127.04248,0.023117997151714142
2014-05-14,2014-05-14,1136.5,1142.5,1111.0,1129.699951,368482.0,1125.597656,-0.0012827829665607027
2014-05-15,2014-05-15,1131.949951,1169.0,1115.550049,1129.449951,630318.0,1125.348511,-0.00022136913327397423
2014-05-16,2014-05-16,1164.900024,1170.0,1084.5,1099.300049,409083.0,1095.308105,-0.02705707711835448
2014-05-19,2014-05-19,1114.0,1240.050049,1096.599976,1216.5,875314.0,1212.08252,0.10130427301864307
2014-05-20,2014-05-20,1227.800049,1239.0,1180.0,1222.400024,551157.0,1217.96106,0.0048382271953197895
2014-05-21,2014-05-21,1229.0,1265.0,1211.699951,1246.349976,424825.0,1241.8240970000004,0.019403146323211832
2014-05-22,2014-05-22,1257.900024,1313.0,1250.050049,1299.599976,576276.0,1294.880615,0.04183715705612556
2014-05-23,2014-05-23,1298.900024,1355.0,1268.0,1324.25,667619.0,1319.4411619999996,0.01878978312139523
2014-05-26,2014-05-26,1333.699951,1365.349976,1261.0,1289.699951,542885.0,1285.016724,-0.026436551785538498
2014-05-27,2014-05-27,1284.650024,1366.800049,1239.0,1348.349976,750182.0,1343.453613,0.04447188844709071
2014-05-28,2014-05-28,1363.0,1424.0,1354.5,1408.0,930044.0,1402.887085,0.0432886952740672
2014-05-29,2014-05-29,1408.800049,1454.0,1381.699951,1436.449951,851226.0,1431.233765,0.020004528254994547
2014-05-30,2014-05-30,1420.0,1432.949951,1351.25,1407.25,548279.0,1402.139893,-0.020537280362929344
2014-06-02,2014-06-02,1409.400024,1418.0,1360.0,1369.150024,371771.0,1364.178223,-0.02744735175251556
2014-06-03,2014-06-03,1369.900024,1394.949951,1305.349976,1311.150024,440319.0,1306.388794,-0.043285528042836134
2014-06-04,2014-06-04,1317.900024,1345.0,1290.25,1306.099976,606643.0,1301.357178,-0.003858981893291258
2014-06-05,2014-06-05,1311.0,1354.699951,1300.0,1332.400024,461491.0,1327.561646,0.01993620774748095
2014-06-06,2014-06-06,1342.0,1370.0,1330.0,1360.849976,415079.0,1355.908325,0.021127669580053517
2014-06-09,2014-06-09,1360.0,1388.199951,1350.550049,1378.599976,287082.0,1373.59375,0.012958900202816537
2014-06-10,2014-06-10,1388.0,1400.0,1350.0,1368.550049,248453.0,1363.580444,-0.0073165607737495355
2014-06-11,2014-06-11,1372.0,1376.150024,1290.0,1307.150024,738331.0,1302.40332,-0.04590265432672691
2014-06-12,2014-06-12,1311.0,1347.699951,1280.099976,1339.900024,429404.0,1335.034424,0.024745811884616664
2014-06-13,2014-06-13,1343.900024,1349.0,1320.0,1330.75,267696.0,1325.917603,-0.006852326971969802
2014-06-16,2014-06-16,1330.0,1343.550049,1293.150024,1334.25,204907.0,1329.404907,0.002626653441805793
2014-06-17,2014-06-17,1333.550049,1386.300049,1333.550049,1370.449951,624722.0,1365.473389,0.026769769884738004
2014-06-18,2014-06-18,1378.0,1389.699951,1350.0,1378.300049,324728.0,1373.294922,0.0057117312425685185
2014-06-19,2014-06-19,1384.800049,1432.900024,1384.800049,1411.900024,746718.0,1406.772949,0.024085487802026684
2014-06-20,2014-06-20,1420.300049,1427.800049,1391.449951,1414.900024,264255.0,1409.762085,0.0021225634236090585
2014-06-23,2014-06-23,1415.099976,1438.0,1392.599976,1405.599976,337812.0,1400.49585,-0.0065946036241166794
2014-06-24,2014-06-24,1407.150024,1448.0,1407.150024,1433.300049,292625.0,1428.095215,0.019515186379219784
2014-06-25,2014-06-25,1432.5,1466.0,1430.0,1455.349976,530550.0,1450.065063,0.015266887594854062
2014-06-26,2014-06-26,1461.699951,1508.0,1460.0,1490.849976,700101.0,1485.436279,0.024100093218763163
2014-06-27,2014-06-27,1505.0,1518.5,1465.0,1480.75,278673.0,1475.372925,-0.0067977313350429105
2014-06-30,2014-06-30,1480.0,1485.0,1441.25,1461.75,170355.0,1456.442017,-0.012914301537147566
2014-07-01,2014-07-01,1467.949951,1480.0,1421.25,1431.900024,220028.0,1426.700317,-0.020632179477185986
2014-07-02,2014-07-02,1438.800049,1465.0,1411.650024,1454.5,230087.0,1449.218262,0.015659974064984542
2014-07-03,2014-07-03,1464.5,1509.0,1461.650024,1485.650024,254296.0,1480.255127,0.021190174633209047
2014-07-04,2014-07-04,1480.0,1538.5,1480.0,1528.0,291686.0,1522.451294,0.02810727325772966
2014-07-07,2014-07-07,1538.900024,1549.650024,1502.599976,1523.400024,237836.0,1517.868164,-0.003014902568558853
2014-07-08,2014-07-08,1520.0,1549.0,1518.0,1539.050049,167611.0,1533.461304,0.010220643757812729
2014-07-09,2014-07-09,1548.599976,1570.0,1482.099976,1558.050049,495646.0,1552.392212,0.012269633276914329
2014-07-10,2014-07-10,1559.0,1559.0,1522.0,1534.400024,172060.0,1528.828125,-0.015295593195271628
2014-07-11,2014-07-11,1536.699951,1560.0,1492.0,1514.199951,414680.0,1508.701416,-0.01325221913667285
2014-07-14,2014-07-14,1524.0,1600.0,1466.300049,1588.349976,242028.0,1582.5821529999996,0.04780849569703438
2014-07-15,2014-07-15,1603.0,1612.0,1546.0,1559.25,237361.0,1553.587891,-0.018490762747820355
2014-07-16,2014-07-16,1558.650024,1579.699951,1535.699951,1559.150024,199531.0,1553.488281,-6.411815772722207e-05
2014-07-17,2014-07-17,1558.949951,1579.0,1551.599976,1570.099976,150204.0,1564.3984380000004,0.006998459221546405
2014-07-18,2014-07-18,1568.800049,1599.0,1546.5,1553.550049,311171.0,1547.908691,-0.010596577147133246
2014-07-21,2014-07-21,1568.800049,1579.449951,1552.0,1559.699951,121165.0,1554.036133,0.0039507149981679035
2014-07-22,2014-07-22,1560.0,1587.0,1559.949951,1579.099976,123406.0,1573.365723,0.01236159408610238
2014-07-23,2014-07-23,1588.650024,1591.300049,1555.699951,1579.150024,279077.0,1573.415527,3.165393209503265e-05
2014-07-24,2014-07-24,1563.0,1639.0,1563.0,1608.75,391798.0,1602.908203,0.01857085493386457
2014-07-25,2014-07-25,1621.900024,1645.150024,1575.0,1625.0,350196.0,1619.0991210000002,0.010050290180267929
2014-07-28,2014-07-28,1574.0,1640.0,1552.050049,1625.050049,308192.0,1619.149048,3.0835808373375066e-05
2014-07-30,2014-07-30,1641.0,1644.0,1606.300049,1635.400024,240651.0,1629.461304,0.0063487396272092775
2014-07-31,2014-07-31,1650.0,1688.5999760000002,1635.5,1672.599976,452393.0,1666.526123,0.02249182215853196
2014-08-01,2014-08-01,1663.650024,1715.0,1650.0,1689.800049,375681.0,1683.663818,0.010230968863847778
2014-08-04,2014-08-04,1710.0,1835.0,1700.050049,1820.300049,756053.0,1813.689941,0.0743911486304869
2014-08-05,2014-08-05,1826.0,1894.400024,1795.550049,1850.800049,824594.0,1844.079102,0.016616609672805538
2014-08-06,2014-08-06,1840.5,1857.949951,1803.599976,1816.300049,364536.0,1809.704468,-0.01881646657900671
2014-08-07,2014-08-07,1819.0,1825.0,1775.0,1810.199951,803035.0,1803.626587,-0.003364146068918217
2014-08-08,2014-08-08,1794.0,1826.650024,1775.0,1799.0,227025.0,1792.4672850000004,-0.00620636625049098
2014-08-11,2014-08-11,1820.0,1830.0,1770.449951,1784.25,200543.0,1777.7708739999996,-0.008232780758040016
2014-08-12,2014-08-12,1788.0,1797.9000239999998,1747.3499760000002,1755.25,186958.0,1748.8760989999996,-0.016386909045931652
2014-08-13,2014-08-13,1755.199951,1755.199951,1662.050049,1685.6500239999998,236934.0,1679.5289309999996,-0.04045999659313715
2014-08-14,2014-08-14,1699.800049,1737.699951,1663.300049,1701.75,211510.0,1695.570435,0.009505868156646002
2014-08-18,2014-08-18,1710.0,1718.75,1675.349976,1695.25,82014.0,1689.093994,-0.003826937080501303
2014-08-19,2014-08-19,1716.0,1759.0,1697.199951,1735.75,266750.0,1729.4468989999998,0.023609358872259456
2014-08-20,2014-08-20,1762.300049,1808.0,1755.550049,1776.75,444487.0,1770.298096,0.02334630239423774
2014-08-21,2014-08-21,1794.5,1794.5,1721.25,1732.1500239999998,176075.0,1725.860107,-0.025422409253681444
2014-08-22,2014-08-22,1738.0,1758.75,1702.050049,1711.6500239999998,183764.0,1705.434448,-0.01190565248238773
2014-08-25,2014-08-25,1692.449951,1733.0,1686.25,1698.5999760000002,132721.0,1692.4317629999996,-0.00765347877912248
2014-08-26,2014-08-26,1707.0,1746.9000239999998,1683.949951,1702.949951,201996.0,1696.765991,0.002557673335909172
2014-08-27,2014-08-27,1710.5,1720.6500239999998,1686.1500239999998,1705.5999760000002,165667.0,1699.406372,0.0015549160936298991
2014-08-28,2014-08-28,1709.9000239999998,1709.9000239999998,1638.75,1647.400024,488830.0,1641.4178470000004,-0.034718587949364554
2014-09-01,2014-09-01,1653.0,1672.349976,1586.0,1605.949951,344857.0,1600.118286,-0.025482853926437343
2014-09-02,2014-09-02,1604.0,1717.800049,1603.0,1706.050049,656278.0,1699.854858,0.06046531450709304
2014-09-03,2014-09-03,1713.0,1730.0,1695.0,1712.4000239999998,386454.0,1706.1817629999996,0.0037151170002305283
2014-09-04,2014-09-04,1720.0,1767.199951,1690.0,1701.0,394056.0,1694.82312,-0.0066796053656066326
2014-09-05,2014-09-05,1717.800049,1748.5,1710.0999760000002,1720.800049,226565.0,1714.55127,0.011573014830902116
2014-09-08,2014-09-08,1720.5,1739.8499760000002,1710.4000239999998,1726.0999760000002,102393.0,1719.831909,0.0030751624883951227
2014-09-09,2014-09-09,1730.0,1747.0,1705.0,1723.199951,150297.0,1716.942505,-0.0016814631004011815
2014-09-10,2014-09-10,1715.0,1727.949951,1686.3499760000002,1699.1500239999998,260828.0,1692.979858,-0.014054889767390222
2014-09-11,2014-09-11,1700.0,1711.699951,1665.0,1679.050049,225359.0,1674.924438,-0.010722153238684308
2014-09-12,2014-09-12,1685.0,1710.0,1675.150024,1690.3499760000002,105642.0,1686.1965329999996,0.00670736778416714
2014-09-15,2014-09-15,1687.0,1739.9000239999998,1680.0,1732.300049,275552.0,1728.043579,0.02451446899071996
2014-09-16,2014-09-16,1745.0,1748.800049,1578.300049,1663.800049,360675.0,1659.711914,-0.04034584786805784
2014-09-17,2014-09-17,1690.0,1729.0,1665.0,1716.300049,250972.0,1712.082886,0.03106664974271389
2014-09-18,2014-09-18,1705.0,1730.0,1672.199951,1706.8499760000002,108701.0,1702.656006,-0.005521302943606088
2014-09-19,2014-09-19,1702.0,1739.5999760000002,1695.550049,1728.1500239999998,204129.0,1723.903687,0.012401916348041551
2014-09-22,2014-09-22,1724.6500239999998,1738.300049,1688.0,1697.5,102419.0,1693.328979,-0.017894903209375812
2014-09-23,2014-09-23,1712.0,1712.0,1610.0,1643.25,222095.0,1639.21228,-0.03248059208854048
2014-09-24,2014-09-24,1614.400024,1637.25,1562.5,1624.25,359222.0,1620.259033,-0.011629775998017068
2014-09-25,2014-09-25,1627.0,1662.0,1600.0,1612.949951,198450.0,1608.986694,-0.0069814351324248855
2014-09-26,2014-09-26,1600.0,1631.0,1595.050049,1602.599976,334259.0,1598.662109,-0.0064375006676362645
2014-09-29,2014-09-29,1596.599976,1629.5,1596.599976,1608.150024,97626.0,1604.198608,0.003457224652418489
2014-09-30,2014-09-30,1610.699951,1644.0,1610.699951,1630.699951,121632.0,1626.693115,0.013924868057997308
2014-10-01,2014-10-01,1628.800049,1646.0,1611.0,1632.400024,76858.0,1628.389038,0.0010420155767123518
2014-10-07,2014-10-07,1621.0,1725.0,1621.0,1712.5999760000002,298376.0,1708.391846,0.04796128122408128
2014-10-08,2014-10-08,1724.9000239999998,1724.9000239999998,1635.400024,1662.849976,243476.0,1658.76416,-0.029479643910422126
2014-10-09,2014-10-09,1672.0,1750.0,1672.0,1739.6500239999998,379370.0,1735.375488,0.045150966403571864
2014-10-10,2014-10-10,1726.0,1726.0,1649.900024,1658.949951,225724.0,1654.873657,-0.047499143846324365
2014-10-13,2014-10-13,1653.0,1670.400024,1643.800049,1650.349976,157620.0,1646.2948,-0.005197478664914712
2014-10-14,2014-10-14,1660.0,1673.949951,1634.0,1645.349976,142058.0,1641.3071289999998,-0.003034232814267845
2014-10-15,2014-10-15,1645.349976,1645.349976,1645.349976,1645.349976,0.0,1641.3071289999998,0.0
2014-10-16,2014-10-16,1640.0,1658.0,1630.0,1640.949951,95480.0,1636.9178470000004,-0.002677842219516613
2014-10-17,2014-10-17,1657.0,1660.0,1626.099976,1639.849976,242012.0,1635.820679,-0.0006704892751967506
2014-10-20,2014-10-20,1653.0,1697.0,1640.0,1687.300049,171413.0,1683.1540530000002,0.028524823019175468
2014-10-21,2014-10-21,1700.0,1706.5999760000002,1630.199951,1643.050049,366951.0,1639.012817,-0.026575326035657376
2014-10-22,2014-10-22,1664.650024,1664.650024,1627.849976,1633.650024,119464.0,1629.635864,-0.005737526200341847
2014-10-27,2014-10-27,1622.099976,1622.099976,1390.0,1452.150024,851523.0,1448.581909,-0.11777150945156477
2014-10-28,2014-10-28,1452.0,1477.550049,1352.550049,1358.900024,1106289.0,1355.561035,-0.06636966748347639
2014-10-29,2014-10-29,1388.0,1475.0,1385.0,1463.0,1465537.0,1459.405151,0.07381350526790165
2014-10-30,2014-10-30,1457.099976,1492.0,1425.0,1475.300049,817996.0,1471.675049,0.008372319305493647
2014-10-31,2014-10-31,1481.0,1509.849976,1462.099976,1500.150024,346229.0,1496.463989,0.016703743358298162
2014-11-03,2014-11-03,1496.0,1544.599976,1470.650024,1529.849976,328494.0,1526.090942,0.019604541566581982
2014-11-05,2014-11-05,1522.0,1540.0,1505.0,1516.199951,219479.0,1512.474487,-0.008962483424793888
2014-11-07,2014-11-07,1530.0,1530.0,1470.25,1493.400024,239970.0,1489.730469,-0.015151832375805084
2014-11-10,2014-11-10,1492.0,1494.849976,1445.0,1477.300049,322188.0,1473.670166,-0.010839209556547935
2014-11-11,2014-11-11,1471.0,1519.699951,1471.0,1508.099976,195247.0,1504.394409,0.020634430426273557
2014-11-12,2014-11-12,1519.650024,1524.900024,1494.25,1500.900024,227824.0,1497.212158,-0.0047856136685879855
2014-11-13,2014-11-13,1507.0,1517.699951,1478.150024,1486.550049,122772.0,1482.897339,-0.00960698196628229
2014-11-14,2014-11-14,1481.0,1500.550049,1481.0,1490.099976,135126.0,1486.438599,0.002385221310674979
2014-11-17,2014-11-17,1495.0,1525.0,1490.0,1509.75,177689.0,1506.040283,0.013100820508801904
2014-11-18,2014-11-18,1515.0,1517.949951,1487.0,1499.75,129560.0,1496.064941,-0.006645588990477513
2014-11-19,2014-11-19,1498.0,1536.0,1498.0,1520.800049,214654.0,1517.063232,0.013938093395879037
2014-11-20,2014-11-20,1520.800049,1565.0,1501.0,1551.599976,175595.0,1547.787476,0.02005009457145057
2014-11-21,2014-11-21,1562.0,1570.949951,1520.199951,1529.099976,272143.0,1525.342773,-0.01460732235390161
2014-11-24,2014-11-24,1514.099976,1555.0,1514.099976,1534.900024,497061.0,1531.12854,0.003785917365615177
2014-11-25,2014-11-25,1538.0,1552.949951,1498.150024,1537.5,153448.0,1533.722168,0.0016924991565581136
2014-11-26,2014-11-26,1530.0,1600.0,1514.199951,1573.150024,400878.0,1569.284546,0.02292224180618252
2014-11-27,2014-11-27,1580.5,1583.949951,1553.150024,1567.5,169693.0,1563.6484380000004,-0.0035979793432847633
2014-11-28,2014-11-28,1605.0,1624.0,1571.349976,1601.75,232472.0,1597.814331,0.021614819265275642
2014-12-01,2014-12-01,1598.900024,1598.900024,1565.0,1574.25,137718.0,1570.381836,-0.01731785479989778
2014-12-02,2014-12-02,1570.0,1584.25,1560.349976,1579.150024,93918.0,1575.269775,0.003107745890814861
2014-12-03,2014-12-03,1566.0,1604.0,1566.0,1582.5,153352.0,1578.611572,0.0021191654871906
2014-12-04,2014-12-04,1577.0,1587.599976,1532.699951,1542.599976,221252.0,1538.80957,-0.02553659780289497
2014-12-05,2014-12-05,1547.0,1551.75,1510.0,1523.699951,138653.0,1519.956055,-0.012327687752416772
2014-12-08,2014-12-08,1540.5,1540.5,1485.0,1492.400024,171983.0,1488.733032,-0.0207559791147256
2014-12-09,2014-12-09,1479.0,1479.0,1421.0,1432.199951,269281.0,1428.680786,-0.04117395293239756
2014-12-10,2014-12-10,1420.0,1450.0,1409.0,1421.25,213731.0,1417.7578130000004,-0.00767487246745091
2014-12-11,2014-12-11,1420.0,1424.949951,1370.25,1389.099976,367820.0,1385.686768,-0.022880740628945517
2014-12-12,2014-12-12,1400.0,1401.0,1290.099976,1296.050049,317998.0,1292.8654789999996,-0.06933482163148064
2014-12-15,2014-12-15,1291.050049,1318.800049,1260.099976,1279.949951,534813.0,1276.804932,-0.012500245993136259
2014-12-16,2014-12-16,1270.0,1323.25,1252.0,1291.599976,504129.0,1288.426392,0.00906081209884313
2014-12-17,2014-12-17,1288.199951,1329.0,1241.5,1279.75,468729.0,1276.605469,-0.00921704472038165
2014-12-18,2014-12-18,1267.5,1307.800049,1222.800049,1268.099976,456407.0,1264.9841310000004,-0.009145000429596095
2014-12-19,2014-12-19,1291.0,1379.0,1282.099976,1351.75,778987.0,1348.428589,0.0638803288817682
2014-12-22,2014-12-22,1354.0,1354.0,1321.599976,1341.699951,226168.0,1338.403198,-0.007462646210709245
2014-12-23,2014-12-23,1329.550049,1364.949951,1329.550049,1350.25,254658.0,1346.932251,0.0063523398416949215
2014-12-24,2014-12-24,1350.0,1360.0,1322.550049,1352.800049,234150.0,1349.476074,0.0018868238397757864
2014-12-26,2014-12-26,1342.550049,1374.449951,1323.0,1334.599976,186757.0,1331.320679,-0.01354498251646685
2014-12-29,2014-12-29,1341.0,1350.0,1330.0,1342.900024,92145.0,1339.600342,0.006199875965139157
2014-12-30,2014-12-30,1343.0,1358.0,1340.0,1348.900024,93598.0,1345.585571,0.004457969843581822
2014-12-31,2014-12-31,1345.0,1362.900024,1343.199951,1353.199951,93461.0,1349.875,0.003182708489235964
2015-01-01,2015-01-01,1345.0,1363.0,1331.599976,1351.550049,48974.0,1348.229126,-0.0012200227472991545
2015-01-02,2015-01-02,1349.650024,1422.0,1348.0,1412.550049,351097.0,1409.079224,0.044144485623797365
2015-01-05,2015-01-05,1412.0,1427.900024,1391.199951,1405.300049,149227.0,1401.847046,-0.0051457727906774045
2015-01-06,2015-01-06,1397.25,1399.400024,1349.400024,1358.949951,91787.0,1355.61084,-0.033538528478687546
2015-01-07,2015-01-07,1365.0,1437.900024,1360.849976,1422.5,325172.0,1419.004761,0.045703596174060834
2015-01-08,2015-01-08,1431.5,1444.0,1420.0,1428.449951,119313.0,1424.940063,0.004173998431410197
2015-01-09,2015-01-09,1428.0,1473.900024,1428.0,1467.349976,191782.0,1463.744507,0.02686813144934863
2015-01-12,2015-01-12,1473.900024,1489.400024,1455.199951,1471.699951,123794.0,1468.08374,0.0029600889293899253
2015-01-13,2015-01-13,1480.5,1588.0,1480.5,1546.400024,937998.0,1542.600342,0.049511554059225034
2015-01-14,2015-01-14,1553.949951,1553.949951,1486.0,1504.25,267205.0,1500.553833,-0.02763526425885932
2015-01-15,2015-01-15,1518.650024,1546.800049,1463.199951,1509.75,238111.0,1506.040283,0.003649615397449679
2015-01-16,2015-01-16,1523.0,1581.699951,1519.050049,1544.400024,333056.0,1540.605225,0.022691465106797537
2015-01-19,2015-01-19,1548.0,1586.800049,1511.699951,1524.400024,231818.0,1520.654297,-0.013034641676630264
2015-01-20,2015-01-20,1534.0,1560.0,1524.0,1540.800049,186580.0,1537.014038,0.01070089710134514
2015-01-21,2015-01-21,1542.099976,1559.0,1524.0,1538.150024,135558.0,1534.370605,-0.0017213302532637087
2015-01-22,2015-01-22,1536.0,1575.0,1536.0,1560.800049,307001.0,1556.964966,0.014618123997125919
2015-01-23,2015-01-23,1580.0,1582.0,1550.0,1568.849976,149773.0,1564.995117,0.005144312224133253
2015-01-27,2015-01-27,1570.0,1619.5,1570.0,1597.599976,496692.0,1593.674438,0.018159613490207786
2015-01-28,2015-01-28,1600.0,1631.0,1539.599976,1565.349976,369919.0,1561.5036619999996,-0.020393074430498537
2015-01-29,2015-01-29,1584.400024,1594.25,1524.849976,1552.949951,251261.0,1549.134155,-0.007953077745940007
2015-01-30,2015-01-30,1549.0,1567.699951,1531.099976,1555.349976,177454.0,1551.52832,0.0015442928697408929
2015-02-02,2015-02-02,1555.349976,1579.0,1536.5,1565.949951,146747.0,1562.102173,0.00679200288701054
2015-02-03,2015-02-03,1571.0,1581.900024,1532.099976,1569.400024,403072.0,1565.543823,0.00220079343604418
2015-02-04,2015-02-04,1564.800049,1565.0,1511.25,1525.900024,81377.0,1522.150635,-0.028109028076203302
2015-02-05,2015-02-05,1525.699951,1547.0,1480.0,1494.599976,88488.0,1490.92749,-0.020725823480521655
2015-02-06,2015-02-06,1500.0,1529.650024,1461.5,1480.5,120703.0,1476.862183,-0.009478712347500641
2015-02-09,2015-02-09,1478.75,1488.349976,1446.949951,1452.699951,96098.0,1449.130493,-0.018955973897277545
2015-02-10,2015-02-10,1450.0,1470.0,1372.0,1379.199951,169301.0,1375.811035,-0.05192031569899935
2015-02-11,2015-02-11,1390.5,1430.25,1366.5,1403.150024,251776.0,1399.702271,0.01721614956816531
2015-02-12,2015-02-12,1408.0,1442.0,1391.800049,1404.449951,207932.0,1400.999023,0.0009260195619171797
2015-02-13,2015-02-13,1409.0,1460.449951,1409.0,1451.599976,356799.0,1448.033203,0.033020653953651724
2015-02-16,2015-02-16,1456.0,1470.0,1385.849976,1397.150024,241235.0,1393.717041,-0.03823191571557416
2015-02-18,2015-02-18,1409.0,1420.5,1390.0,1414.900024,166846.0,1411.423462,0.012624434423749165
2015-02-19,2015-02-19,1420.0,1448.0,1400.75,1440.699951,178511.0,1437.1599119999996,0.018070140085259645
2015-02-20,2015-02-20,1445.050049,1448.400024,1417.699951,1422.849976,114754.0,1419.353882,-0.012467127355250796
2015-02-23,2015-02-23,1434.449951,1435.0,1400.099976,1411.800049,111840.0,1408.331055,-0.007796400999193764
2015-02-24,2015-02-24,1417.0,1432.449951,1352.699951,1366.150024,238155.0,1362.7932130000004,-0.03286892778381478
2015-02-25,2015-02-25,1362.199951,1370.0,1335.550049,1345.099976,224654.0,1341.794922,-0.015528214933559603
2015-02-26,2015-02-26,1350.0,1352.0,1280.0,1300.800049,413621.0,1297.60376,-0.033488909638839104
2015-02-27,2015-02-27,1305.0,1385.949951,1305.0,1373.800049,594862.0,1370.424438,0.0546011985863073
2015-03-02,2015-03-02,1357.0,1364.0,1328.449951,1338.449951,210377.0,1335.161133,-0.02606851717323977
2015-03-03,2015-03-03,1344.0,1388.949951,1341.0,1348.849976,279796.0,1345.535645,0.007740199399227876
2015-03-04,2015-03-04,1359.0,1363.650024,1307.800049,1312.550049,192512.0,1309.324951,-0.02728048302644837
2015-03-05,2015-03-05,1315.0,1336.5,1302.0,1314.349976,248084.0,1311.120483,0.0013704023428262602
2015-03-09,2015-03-09,1310.0,1319.0,1272.550049,1278.050049,434266.0,1274.909668,-0.028006774687643343
2015-03-10,2015-03-10,1285.0,1290.0,1237.0,1249.150024,449073.0,1246.080688,-0.022872151580081383
2015-03-11,2015-03-11,1250.0,1253.0,1127.0,1139.349976,1298743.0,1136.550415,-0.09200545268956972
2015-03-12,2015-03-12,1160.0,1198.0,1152.0,1188.75,1165228.0,1185.829102,0.04244447086786885
2015-03-13,2015-03-13,1202.800049,1203.0,1132.0,1141.25,784406.0,1138.445801,-0.0407781943042318
2015-03-16,2015-03-16,1150.050049,1173.150024,1142.650024,1160.050049,377056.0,1157.199585,0.016338935728470894
2015-03-17,2015-03-17,1171.0,1188.550049,1160.0,1178.349976,874063.0,1175.45459,0.015652022386246855
2015-03-18,2015-03-18,1184.800049,1279.900024,1184.599976,1268.599976,1184013.0,1265.482788,0.07379874208054638
2015-03-19,2015-03-19,1268.0,1429.900024,1268.0,1403.099976,1931701.0,1399.652344,0.10077018010668493
2015-03-20,2015-03-20,1394.900024,1403.800049,1316.0,1382.400024,1196337.0,1379.003296,-0.014862891122901624
2015-03-23,2015-03-23,1389.650024,1408.550049,1338.25,1359.949951,379254.0,1356.608398,-0.016373228959217556
2015-03-24,2015-03-24,1343.0,1376.0,1340.5,1354.5,238226.0,1351.171753,-0.004015578815307563
2015-03-25,2015-03-25,1359.0,1407.5,1355.0,1368.949951,393130.0,1365.586304,0.010611681985081669
2015-03-26,2015-03-26,1352.900024,1377.0,1333.050049,1346.150024,252293.0,1342.842285,-0.01679538735891395
2015-03-27,2015-03-27,1353.800049,1375.0,1290.0,1307.349976,357322.0,1304.137573,-0.029246517091213956
2015-03-30,2015-03-30,1320.0,1339.0,1252.0,1321.349976,2754346.0,1318.1032710000004,0.010651828628992277
2015-03-31,2015-03-31,1344.0,1354.349976,1312.25,1323.75,396308.0,1320.497314,0.0018146313394700184
2015-04-01,2015-04-01,1329.400024,1344.0,1310.300049,1328.849976,246333.0,1325.584839,0.0038453313047384094
2015-04-06,2015-04-06,1330.150024,1341.0,1315.0,1323.550049,181484.0,1320.297852,-0.0039963933810005505
2015-04-07,2015-04-07,1328.849976,1336.699951,1313.949951,1322.5,498124.0,1319.250488,-0.0007935933880025559
2015-04-08,2015-04-08,1328.800049,1379.0,1321.150024,1353.949951,885036.0,1350.623047,0.023502239070028352
2015-04-09,2015-04-09,1361.0,1385.0,1342.699951,1356.0,455220.0,1352.668091,0.0015130034359795985
2015-04-10,2015-04-10,1358.449951,1358.800049,1318.0,1324.550049,348032.0,1321.29541,-0.023466379136233503
2015-04-13,2015-04-13,1328.800049,1335.0,1292.099976,1302.5,195370.0,1299.299561,-0.016787306548233794
2015-04-15,2015-04-15,1305.800049,1305.800049,1230.0,1253.400024,310201.0,1250.32019,-0.03842564951936911
2015-04-16,2015-04-16,1250.349976,1254.949951,1212.0,1221.25,310602.0,1218.249268,-0.025984868633480932
2015-04-17,2015-04-17,1225.0,1234.0,1159.5,1168.800049,332445.0,1165.928101,-0.04389737880260114
2015-04-20,2015-04-20,1170.0,1178.449951,1090.900024,1116.050049,643469.0,1113.307739,-0.04618189394271077
2015-04-21,2015-04-21,1125.0,1130.550049,1047.0,1075.5,653504.0,1072.8573,-0.0370100659420034
2015-04-22,2015-04-22,1074.0,1219.0,1073.650024,1197.0,1257050.0,1194.0588380000004,0.10703282862114703
2015-04-23,2015-04-23,1210.0,1215.949951,1146.0,1153.75,639953.0,1150.915039,-0.03680097974147678
2015-04-24,2015-04-24,1160.0,1160.699951,1110.099976,1121.25,406097.0,1118.494873,-0.028573393951832667
2015-04-27,2015-04-27,1129.400024,1170.0,1095.0,1122.449951,513656.0,1119.691895,0.0010696355918478062
2015-04-28,2015-04-28,1125.5,1127.0,1037.0,1079.650024,904346.0,1076.997192,-0.03887676278326335
2015-04-29,2015-04-29,1084.650024,1098.25,1045.5,1056.0,681691.0,1053.405273,-0.022148757178047877
2015-04-30,2015-04-30,1052.0,1089.0,1048.25,1070.25,1475780.0,1067.620239,0.013404062092785551
2015-05-04,2015-05-04,1074.400024,1113.25,1073.0,1101.75,348598.0,1099.0428470000004,0.029007566079396693
2015-05-05,2015-05-05,1108.0,1127.0,1101.550049,1114.650024,296342.0,1111.911133,0.011640614345354015
2015-05-06,2015-05-06,1115.0,1134.0,1070.0,1084.199951,410411.0,1081.535889,-0.0276981259415976
2015-05-07,2015-05-07,1075.0,1125.0,1054.0,1112.75,437584.0,1110.0158689999996,0.025992161292042404
2015-05-08,2015-05-08,1121.0,1151.0,1116.0,1121.400024,248239.0,1118.644531,0.007743400577931325
2015-05-11,2015-05-11,1129.699951,1141.75,1075.449951,1084.199951,1781231.0,1081.535889,-0.03373556186997373
2015-05-12,2015-05-12,1104.900024,1112.0,1075.0,1083.449951,774527.0,1080.78772,-0.0006920046812073366
2015-05-13,2015-05-13,1087.0,1105.0,1075.0,1078.349976,877981.0,1075.700317,-0.004718238497588345
2015-05-14,2015-05-14,1081.949951,1100.0,1075.0,1089.599976,312653.0,1086.922729,0.010378611988159923
2015-05-15,2015-05-15,1095.0,1105.0,1065.0,1070.449951,847093.0,1067.819702,-0.017731611201247333
2015-05-18,2015-05-18,1076.0,1089.900024,1069.5,1077.150024,275629.0,1074.503296,0.006239596634445732
2015-05-19,2015-05-19,1080.0,1171.5,1080.0,1138.300049,1477006.0,1135.503052,0.05521726579362785
2015-05-20,2015-05-20,1149.300049,1165.849976,1132.0,1139.75,523378.0,1136.9494630000004,0.0012729957486730115
2015-05-21,2015-05-21,1145.0,1168.0,1114.099976,1146.599976,595345.0,1143.782593,0.005992067702327297
2015-05-22,2015-05-22,1149.300049,1181.0,1134.550049,1155.050049,568016.0,1152.211914,0.007342664667802978
2015-05-25,2015-05-25,1151.199951,1188.0,1144.050049,1150.300049,553506.0,1147.473633,-0.0041208135706050095
2015-05-26,2015-05-26,1157.900024,1167.650024,1130.400024,1136.550049,240865.0,1133.757324,-0.01202550250649992
2015-05-27,2015-05-27,1131.349976,1150.0,1117.5,1138.199951,333458.0,1135.403198,0.0014506459747298805
2015-05-28,2015-05-28,1144.0,1148.699951,1118.199951,1124.699951,926615.0,1121.936401,-0.011931706485807323
2015-05-29,2015-05-29,1129.5,1160.0,1125.099976,1138.099976,367482.0,1135.303467,0.011843865108846607
2015-06-01,2015-06-01,1202.0,1215.5,1128.5,1135.550049,572278.0,1132.759888,-0.0022429532761982784
2015-06-02,2015-06-02,1143.800049,1151.099976,1085.349976,1091.900024,443109.0,1089.217041,-0.03919790660294797
2015-06-03,2015-06-03,1095.0,1104.449951,1052.75,1093.199951,647654.0,1090.513794,0.0011898287000962073
2015-06-04,2015-06-04,1102.800049,1123.150024,1093.0,1109.650024,553342.0,1106.923462,0.014935555495140031
2015-06-05,2015-06-05,1200.099976,1210.0,1103.550049,1112.0,1756322.0,1109.2677,0.002115556558941023
2015-06-08,2015-06-08,1114.0,1116.949951,1058.5,1084.900024,624681.0,1082.234253,-0.02467241088554584
2015-06-09,2015-06-09,1084.900024,1098.050049,1060.099976,1070.150024,344074.0,1067.520508,-0.013688979814220126
2015-06-10,2015-06-10,1072.0,1105.650024,1071.0,1099.050049,556691.0,1096.349487,0.026647335518669383
2015-06-11,2015-06-11,1106.0,1115.0,1083.25,1102.550049,406782.0,1099.840942,0.0031795584711851177
2015-06-12,2015-06-12,1105.900024,1115.0,1092.800049,1110.550049,253149.0,1107.821289,0.007229712632789821
2015-06-15,2015-06-15,1110.099976,1121.0,1102.0,1109.400024,181393.0,1106.674072,-0.0010360979958070617
2015-06-16,2015-06-16,1109.5,1122.849976,1098.550049,1116.099976,193604.0,1113.357544,0.006021078387676404
2015-06-17,2015-06-17,1126.0,1166.0,1120.0,1157.400024,462016.0,1154.556152,0.03633572194322099
2015-06-18,2015-06-18,1157.0,1175.150024,1154.449951,1170.599976,296633.0,1167.723633,0.011340254690898277
2015-06-19,2015-06-19,1175.0,1198.0,1172.349976,1177.599976,387769.0,1174.706421,0.0059620210832491685
2015-06-22,2015-06-22,1175.0,1195.0,1170.099976,1179.900024,261677.0,1177.000854,0.001951291942159372
2015-06-23,2015-06-23,1183.849976,1233.0,1173.099976,1229.25,676406.0,1226.229614,0.04097455323917032
2015-06-24,2015-06-24,1234.650024,1267.0,1232.5,1245.349976,754342.0,1242.289917,0.013012276717011773
2015-06-25,2015-06-25,1227.0,1262.0,1227.0,1251.949951,390579.0,1248.873779,0.005285784583104913
2015-06-26,2015-06-26,1235.0,1247.5,1218.0,1232.25,334564.0,1229.222168,-0.015860582785102828
2015-06-29,2015-06-29,1199.5,1269.900024,1151.0,1253.25,495419.0,1250.170532,0.01689838200353133
2015-06-30,2015-06-30,1257.800049,1274.900024,1253.300049,1268.900024,329877.0,1265.782104,0.012410227555553988
2015-07-01,2015-07-01,1271.0,1284.5,1257.449951,1268.5,217976.0,1265.383057,-0.000315306965704032
2015-07-02,2015-07-02,1266.25,1290.0,1266.25,1281.75,197769.0,1278.600586,0.01039129946523154
2015-07-03,2015-07-03,1283.0,1283.0,1242.5,1250.800049,210542.0,1247.726685,-0.024442944105303788
2015-07-06,2015-07-06,1217.0,1262.5,1211.0,1250.550049,266985.0,1247.477295,-0.0001998954817556964
2015-07-07,2015-07-07,1255.400024,1271.599976,1240.099976,1244.599976,191269.0,1241.54187,-0.0047692973474484646
2015-07-08,2015-07-08,1225.050049,1253.800049,1185.550049,1196.300049,245093.0,1193.360596,-0.03958069343606408
2015-07-09,2015-07-09,1209.400024,1209.800049,1130.099976,1179.599976,357836.0,1176.701538,-0.014058139761575106
2015-07-10,2015-07-10,1195.099976,1206.150024,1175.300049,1180.849976,219682.0,1177.948486,0.001059136690256146
2015-07-13,2015-07-13,1182.900024,1192.0,1163.900024,1171.800049,234365.0,1168.920776,-0.0076934447731096265
2015-07-14,2015-07-14,1170.0,1176.0,1146.599976,1151.849976,232748.0,1149.019775,-0.01717170011271829
2015-07-15,2015-07-15,1157.400024,1157.400024,1125.0,1126.800049,372954.0,1124.031372,-0.02198754722242402
2015-07-16,2015-07-16,1119.0,1139.0,1108.050049,1112.599976,397219.0,1109.866211,-0.012682184684810416
2015-07-17,2015-07-17,1114.0,1118.949951,1091.0,1095.5,302906.0,1092.808228,-0.015488738340591725
2015-07-20,2015-07-20,1099.0,1120.0,1090.0,1099.300049,1226334.0,1096.598877,0.0034627208242543612
2015-07-21,2015-07-21,1099.0,1115.0,1090.0,1091.5,473876.0,1088.817993,-0.007120762161604509
2015-07-22,2015-07-22,1085.0,1114.900024,1084.0,1106.75,695065.0,1104.030518,0.013874892837511863
2015-07-23,2015-07-23,1107.0,1129.5,1095.25,1099.75,857487.0,1097.047729,-0.0063449015821817065
2015-07-24,2015-07-24,1099.0,1115.0,1080.0,1087.449951,253433.0,1084.777954,-0.01124737364923245
2015-07-27,2015-07-27,1092.699951,1110.0,1068.0,1083.849976,406328.0,1081.186768,-0.003316018265892673
2015-07-28,2015-07-28,1094.400024,1107.0,1050.0,1054.849976,663795.0,1052.258057,-0.02712091152661067
2015-07-29,2015-07-29,1057.0,1065.0,1021.0,1030.050049,457026.0,1027.519043,-0.02379118501501853
2015-07-30,2015-07-30,1038.0,1040.849976,1007.400024,1028.199951,692772.0,1025.673462,-0.0017977676156304414
2015-07-31,2015-07-31,1032.0,1092.400024,1020.0,1079.800049,815543.0,1077.146851,0.04896630784839573
2015-08-03,2015-08-03,1086.0,1106.800049,1076.5,1085.400024,568302.0,1082.733032,0.005172688999619979
2015-08-04,2015-08-04,1093.800049,1093.800049,1061.0,1072.550049,400194.0,1069.914673,-0.01190952934801981
2015-08-05,2015-08-05,1074.900024,1094.800049,1066.0,1085.599976,628285.0,1082.932495,0.012093734155342872
2015-08-06,2015-08-06,1089.699951,1102.0,1080.0,1084.949951,506884.0,1082.284058,-0.0005989581212899607
2015-08-07,2015-08-07,1084.949951,1084.949951,1046.449951,1048.849976,679342.0,1046.272827,-0.03383951596357715
2015-08-10,2015-08-10,1051.0,1066.800049,1035.099976,1043.5,316181.0,1040.935913,-0.005113935687198534
2015-08-11,2015-08-11,1044.900024,1053.5,1016.0,1026.550049,263541.0,1024.02771,-0.01637663801942768
2015-08-12,2015-08-12,1027.699951,1036.849976,1005.0,1007.25,352872.0,1004.775024,-0.018979927063094596
2015-08-13,2015-08-13,1018.799988,1027.0,1008.099976,1017.200012,313144.0,1014.700623,0.009829956542318996
2015-08-14,2015-08-14,1017.200012,1030.0,1005.0,1018.900024,302759.0,1016.396423,0.0016698368966476804
2015-08-17,2015-08-17,1033.0,1033.0,1005.950012,1015.75,227880.0,1013.25415,-0.0030963709244833377
2015-08-18,2015-08-18,1015.75,1027.349976,1006.5,1014.0,252015.0,1011.508484,-0.0017243171157090842
2015-08-19,2015-08-19,1014.0,1017.650024,995.099976,1005.25,616448.0,1002.779968,-0.008666654098275828
2015-08-20,2015-08-20,1007.0,1022.900024,952.25,964.049988,477393.0,961.681152,-0.04184843711865227
2015-08-21,2015-08-21,949.0,949.0,841.2000119999999,917.049988,1483030.0,914.796692,-0.04998110684781043
2015-08-24,2015-08-24,850.0,900.0,821.150024,832.75,612468.0,830.703796,-0.09642855757649116
2015-08-25,2015-08-25,840.099976,867.0,747.599976,785.200012,970542.0,783.270691,-0.058794942138408864
2015-08-26,2015-08-26,800.0,814.0,764.0,769.599976,879672.0,767.708984,-0.02006761208290886
2015-08-27,2015-08-27,800.0,826.0,773.75,818.200012,1262868.0,816.189575,0.06123591603205102
2015-08-28,2015-08-28,837.0,870.0,815.0,824.549988,759183.0,822.523926,0.007730921292760763
2015-08-31,2015-08-31,827.0,855.0,815.049988,844.5499880000001,665186.0,842.474792,0.02396616972597076
2015-09-01,2015-09-01,830.0,859.0,821.5,850.099976,521575.0,848.011169,0.006550065391619064
2015-09-02,2015-09-02,858.7000119999999,866.7999880000001,845.599976,856.4500119999999,286874.0,854.345581,0.007441966831922997
2015-09-03,2015-09-03,862.0499880000001,874.7999880000001,841.0499880000001,850.099976,488897.0,848.011169,-0.007441966831922997
2015-09-04,2015-09-04,840.0,844.400024,796.0,820.849976,670352.0,818.8330080000002,-0.035013641068467834
2015-09-07,2015-09-07,814.0,824.0,793.349976,802.650024,610248.0,800.6777950000002,-0.022421552917728068
2015-09-08,2015-09-08,802.650024,835.0,786.0,826.049988,457128.0,824.020264,0.02873650913056114
2015-09-09,2015-09-09,838.0,849.7000119999999,803.950012,813.950012,569878.0,811.950012,-0.014756345149765869
2015-09-10,2015-09-10,797.650024,808.5,792.5,802.049988,510532.0,802.049988,-0.012267841589141959
2015-09-11,2015-09-11,810.5,823.700012,783.0,816.650024,1031139.0,816.650024,0.01803970078631334
2015-09-14,2015-09-14,830.25,937.5,830.0,926.900024,3153966.0,926.900024,0.1266350748870444
2015-09-15,2015-09-15,935.0,945.0,910.0,913.900024,1313312.0,913.900024,-0.014124528235312184
2015-09-16,2015-09-16,929.5,931.349976,877.900024,901.75,1033803.0,901.75,-0.013383862755586229
2015-09-18,2015-09-18,910.549988,950.0,899.0499880000001,938.049988,833054.0,938.049988,0.03946591991347592
2015-09-21,2015-09-21,930.0,965.0,920.450012,959.950012,774435.0,959.950012,0.023077972575690886
2015-09-22,2015-09-22,968.0,1000.799988,957.0,968.049988,938180.0,968.049988,0.008402514166304442
2015-09-23,2015-09-23,961.0,990.0,954.0,977.150024,479709.0,977.150024,0.009356469598189143
2015-09-24,2015-09-24,981.900024,990.0,972.75,989.549988,481152.0,989.549988,0.012610086172956336
2015-09-28,2015-09-28,993.0,1000.0,977.700012,986.849976,346661.0,986.849976,-0.002732254329954387
2015-09-29,2015-09-29,974.900024,974.900024,941.0,962.450012,507142.0,962.450012,-0.02503589865148648
2015-09-30,2015-09-30,962.549988,991.0,955.5,983.549988,426030.0,983.549988,0.02168633394821207
2015-10-01,2015-10-01,991.0,1000.0,979.349976,987.200012,271835.0,987.200012,0.003704202129678258
2015-10-05,2015-10-05,994.900024,994.900024,972.700012,987.400024,183554.0,987.400024,0.000202584824306129
2015-10-06,2015-10-06,989.0,999.75,975.099976,990.849976,312643.0,990.849976,0.0034878862605722816
2015-10-07,2015-10-07,998.75,1021.900024,992.900024,999.299988,534441.0,999.299988,0.008491885467744709
2015-10-08,2015-10-08,1003.900024,1028.900024,1000.549988,1022.75,507107.0,1022.75,0.023195334950170118
2015-10-09,2015-10-09,1033.0,1044.0,1020.0,1035.5,387758.0,1035.5,0.012389324026131021
2015-10-12,2015-10-12,1044.800049,1044.800049,1013.950012,1020.400024,259764.0,1020.400024,-0.01468967104779484
2015-10-13,2015-10-13,1027.0,1075.0,1001.049988,1069.150024,708962.0,1069.150024,0.046669231895538836
2015-10-14,2015-10-14,1069.0,1077.900024,1040.0,1067.050049,493278.0,1067.050049,-0.001966085202407264
2015-10-15,2015-10-15,1067.0,1070.050049,1045.199951,1052.5,269879.0,1052.5,-0.013729590924439705
2015-10-16,2015-10-16,1053.0,1062.5,1040.0,1042.050049,182976.0,1042.050049,-0.00997831272684202
2015-10-19,2015-10-19,1048.0,1058.0,1038.5,1043.650024,125503.0,1043.650024,0.0015342333584360546
2015-10-20,2015-10-20,1049.699951,1049.699951,1034.0,1039.150024,193325.0,1039.150024,-0.004321112827248896
2015-10-21,2015-10-21,1042.0,1046.050049,1015.099976,1019.849976,253893.0,1019.849976,-0.0187475602531757
2015-10-23,2015-10-23,1025.400024,1063.0,1022.0,1052.900024,234433.0,1052.900024,0.03189275054919527
2015-10-26,2015-10-26,1055.0,1058.150024,991.099976,996.200012,351527.0,996.200012,-0.05535551097194436
2015-10-27,2015-10-27,992.049988,1017.950012,976.25,991.200012,647748.0,991.200012,-0.0050317102634869215
2015-10-28,2015-10-28,997.900024,1007.299988,959.549988,963.450012,693846.0,963.450012,-0.02839573759431957
2015-10-29,2015-10-29,908.0,940.0,850.0,855.7999880000001,3254942.0,855.7999880000001,-0.11848391486640165
2015-10-30,2015-10-30,860.0,869.0499880000001,789.200012,802.049988,2846343.0,802.049988,-0.06486575485955902
2015-11-02,2015-11-02,806.099976,821.099976,790.099976,800.299988,1232893.0,800.299988,-0.002184292722565928
2015-11-03,2015-11-03,805.799988,813.400024,790.200012,793.200012,709636.0,793.200012,-0.008911230604389253
2015-11-04,2015-11-04,798.25,813.950012,782.0,791.5,1848764.0,791.5,-0.002145532453167398
2015-11-05,2015-11-05,793.0,804.799988,768.0,775.849976,1231291.0,775.849976,-0.019970707725389225
2015-11-06,2015-11-06,780.900024,784.950012,755.049988,766.0,910121.0,766.0,-0.012777001855086569
2015-11-09,2015-11-09,750.0,783.200012,740.5,769.150024,763013.0,769.150024,0.004103870464445159
2015-11-10,2015-11-10,765.0,781.5,763.950012,774.200012,475546.0,774.200012,0.006544213438382407
2015-11-13,2015-11-13,775.0,801.799988,773.099976,789.5,473046.0,789.5,0.01956958005227793
2015-11-16,2015-11-16,789.5,800.0,781.299988,790.400024,391422.0,790.400024,0.0011393431023334346
2015-11-17,2015-11-17,798.700012,815.0,794.0,805.150024,654557.0,805.150024,0.018489448474085183
2015-11-18,2015-11-18,809.200012,810.900024,793.099976,800.849976,453167.0,800.849976,-0.005354991625969419
2015-11-19,2015-11-19,807.0,808.799988,795.349976,804.900024,285086.0,804.900024,0.005044442270910388
2015-11-20,2015-11-20,811.900024,879.900024,805.150024,866.9500119999999,1710337.0,866.9500119999999,0.07426324291525432
2015-11-23,2015-11-23,872.0,924.5,868.0,899.849976,2654764.0,899.849976,0.037246737263789235
2015-11-24,2015-11-24,904.400024,934.799988,900.0,930.599976,1734278.0,930.599976,0.033601457524635066
2015-11-26,2015-11-26,940.0,970.0,938.049988,962.650024,2290550.0,962.650024,0.033860409485789056
2015-11-27,2015-11-27,966.400024,966.799988,931.0,940.799988,902060.0,940.799988,-0.022959358717263182
2015-11-30,2015-11-30,943.900024,956.0,937.0,939.0,598583.0,939.0,-0.0019150851809977
2015-12-01,2015-12-01,936.0,941.849976,910.0,927.400024,782870.0,927.400024,-0.012430481372101454
2015-12-02,2015-12-02,927.400024,933.0,910.5,914.25,565488.0,914.25,-0.014280940806671085
2015-12-03,2015-12-03,888.0,894.7999880000001,862.099976,870.2000119999999,1209184.0,870.2000119999999,-0.049380972952977935
2015-12-04,2015-12-04,869.900024,870.0,820.200012,824.450012,1152924.0,824.450012,-0.05400657217437743
2015-12-07,2015-12-07,825.0,867.0,798.0,851.4500119999999,2133252.0,851.4500119999999,0.03222428066408334
2015-12-08,2015-12-08,845.0,877.0,843.0,869.5499880000001,1420483.0,869.5499880000001,0.021035030087391604
2015-12-09,2015-12-09,872.0,883.2000119999999,850.650024,873.2000119999999,1336547.0,873.2000119999999,0.0041888157647349536
2015-12-10,2015-12-10,877.7999880000001,891.0,865.0,884.9500119999999,1010542.0,884.9500119999999,0.013366521378506135
2015-12-11,2015-12-11,890.0,907.0,886.0,892.650024,1982744.0,892.650024,0.008663433848356659
2015-12-14,2015-12-14,874.7000119999999,900.900024,852.9500119999999,895.5499880000001,828866.0,895.5499880000001,0.003243447626473106
2015-12-15,2015-12-15,897.7000119999999,938.0,884.0,924.25,865097.0,924.25,0.03154455654506005
2015-12-16,2015-12-16,925.0,932.0,886.2999880000001,899.7000119999999,733613.0,899.7000119999999,-0.02692121005588888
2015-12-17,2015-12-17,900.0,908.099976,881.5,903.799988,775394.0,903.799988,0.004546695939053436
2015-12-18,2015-12-18,898.0,898.0,863.7000119999999,874.25,494811.0,874.25,-0.033241707756419984
2015-12-21,2015-12-21,875.0,877.900024,862.0,867.5499880000001,386194.0,867.5499880000001,-0.00769324272786065
2015-12-22,2015-12-22,866.5,873.7000119999999,854.099976,860.900024,343941.0,860.900024,-0.007694751673914091
2015-12-23,2015-12-23,868.5,870.0,846.650024,853.5499880000001,481152.0,853.5499880000001,-0.008574272773879343
2015-12-24,2015-12-24,857.0,875.0,850.0,866.4500119999999,507853.0,866.4500119999999,0.015000309168039294
2015-12-28,2015-12-28,866.0,869.7999880000001,853.0,857.2000119999999,348534.0,857.2000119999999,-0.01073314033738182
2015-12-29,2015-12-29,857.0,876.9500119999999,851.0,862.599976,572180.0,862.599976,0.0062797787923924995
2015-12-30,2015-12-30,867.900024,872.0,860.5499880000001,863.75,330039.0,863.75,0.001332318690998591
2015-12-31,2015-12-31,860.0,864.650024,836.099976,842.75,716709.0,842.75,-0.024613020967709787
2016-01-01,2016-01-01,844.25,856.650024,842.2000119999999,847.400024,297989.0,847.400024,0.0055025124002145995
2016-01-04,2016-01-04,842.0,849.75,831.0,837.849976,307726.0,837.849976,-0.011333808312397942
2016-01-05,2016-01-05,839.0,863.5,832.049988,851.9500119999999,534296.0,851.9500119999999,0.016688795544594903
2016-01-06,2016-01-06,850.099976,858.0,842.0,845.849976,234468.0,845.849976,-0.007185843199106756
2016-01-07,2016-01-07,833.400024,860.0,829.200012,842.7999880000001,443507.0,842.7999880000001,-0.003612342855694449
2016-01-08,2016-01-08,842.900024,855.0,831.75,835.150024,313006.0,835.150024,-0.00911828951847138
2016-01-11,2016-01-11,825.099976,843.0,824.099976,832.049988,241866.0,832.049988,-0.003718857426166622
2016-01-12,2016-01-12,839.7999880000001,841.5,823.200012,826.700012,266347.0,826.700012,-0.0064506339729693
2016-01-13,2016-01-13,833.0,837.200012,795.599976,819.400024,406101.0,819.400024,-0.008869492371678334
2016-01-14,2016-01-14,802.849976,817.799988,800.400024,806.450012,333166.0,806.450012,-0.01593048015927323
2016-01-15,2016-01-15,810.0,813.049988,782.450012,795.450012,617573.0,795.450012,-0.0137339069061726
2016-01-18,2016-01-18,795.0,804.900024,767.0,800.25,325206.0,800.25,0.0060161715129236635
2016-01-19,2016-01-19,811.0,815.0,796.200012,803.400024,215657.0,803.400024,0.00392857294824811
2016-01-20,2016-01-20,787.0,802.799988,780.400024,790.349976,279683.0,790.349976,-0.01637689684110999
2016-01-21,2016-01-21,791.900024,806.900024,782.25,791.400024,233900.0,791.400024,0.0013277043202171155
2016-01-22,2016-01-22,800.0,807.0,783.0,796.049988,334727.0,796.049988,0.005858423590255235
2016-01-25,2016-01-25,802.900024,837.299988,787.099976,792.099976,722234.0,792.099976,-0.004974366696554711
2016-01-27,2016-01-27,794.0,798.0,767.0,784.950012,826556.0,784.950012,-0.009067579397104451
2016-01-28,2016-01-28,726.0,755.0,713.299988,731.099976,2667672.0,731.099976,-0.07106982030190068
2016-01-29,2016-01-29,726.400024,726.400024,602.0,608.200012,5852117.0,608.200012,-0.1840464214984072
2016-02-01,2016-02-01,611.299988,623.849976,536.0,567.450012,8059866.0,567.450012,-0.06935113407923055
2016-02-02,2016-02-02,569.349976,601.950012,569.349976,591.0,6191819.0,591.0,0.04066335651171293
2016-02-03,2016-02-03,590.049988,591.549988,535.099976,568.5,4633784.0,568.5,-0.03881470421550759
2016-02-04,2016-02-04,578.0,590.0,552.0,580.099976,2918277.0,580.099976,0.02019914790925004
2016-02-05,2016-02-05,583.700012,591.0,560.0,568.650024,1850136.0,568.650024,-0.019935288264165685
2016-02-08,2016-02-08,566.400024,566.400024,536.5,541.400024,2165659.0,541.400024,-0.04910675132595888
2016-02-09,2016-02-09,530.0,530.0,493.5,501.75,4903935.0,501.75,-0.07605643383326921
2016-02-10,2016-02-10,492.0,521.700012,483.0,516.049988,4207808.0,516.049988,0.028101649081934358
2016-02-11,2016-02-11,517.950012,524.700012,460.0,474.89999400000005,4017715.0,474.89999400000005,-0.08309939383754372
2016-02-12,2016-02-12,471.0,471.0,375.700012,415.350006,7629429.0,415.350006,-0.1339826901901091
2016-02-15,2016-02-15,425.049988,482.0,422.5,465.64999400000005,4376115.0,465.64999400000005,0.11431271335172433
2016-02-16,2016-02-16,471.89999400000005,477.5,435.5,443.299988,2627136.0,443.299988,-0.04918755140115039
2016-02-17,2016-02-17,456.700012,531.950012,450.25,525.75,10480414.0,525.75,0.17057909990150666
2016-02-18,2016-02-18,536.0,577.950012,530.349976,551.799988,9660094.0,551.799988,0.04835982545336659
2016-02-19,2016-02-19,544.0,546.75,521.049988,531.5,3933188.0,531.5,-0.03748244225417352
2016-02-22,2016-02-22,537.900024,561.700012,530.099976,556.549988,3443052.0,556.549988,0.046053794595827036
2016-02-23,2016-02-23,559.700012,568.0,540.099976,550.400024,3254713.0,550.400024,-0.011111662154045021
2016-02-24,2016-02-24,546.799988,558.5,531.349976,550.349976,2386679.0,550.349976,-9.093436299689728e-05
2016-02-25,2016-02-25,563.0,572.900024,526.25,535.049988,2828734.0,535.049988,-0.028194217815587837
2016-02-26,2016-02-26,545.0,555.0,528.5,550.25,2248256.0,550.25,0.028012542361371292
2016-02-29,2016-02-29,544.0,547.950012,522.5,534.400024,1310791.0,534.400024,-0.02922805327395661
2016-03-01,2016-03-01,539.450012,554.450012,534.5,548.5,1134619.0,548.5,0.026042612582670262
2016-03-02,2016-03-02,557.400024,571.0,554.349976,560.150024,1296322.0,560.150024,0.021017368135113124
2016-03-03,2016-03-03,562.0,672.0,560.5,662.849976,9834572.0,662.849976,0.16834403618717353
2016-03-04,2016-03-04,676.099976,766.0,676.099976,758.200012,12837928.0,758.200012,0.13439853487162168
2016-03-08,2016-03-08,765.0,765.049988,641.0,650.0,9949251.0,650.0,-0.15397485601951022
2016-03-09,2016-03-09,620.0,677.799988,585.0,655.799988,15269654.0,655.799988,0.008883483222603239
2016-03-10,2016-03-10,676.0,709.0,667.5,678.150024,8946842.0,678.150024,0.03351269168683757
2016-03-11,2016-03-11,647.0,686.450012,630.5,673.849976,6480969.0,673.849976,-0.00636103920019071
2016-03-14,2016-03-14,685.0,699.0,668.0,674.650024,3015508.0,674.650024,0.0011865748518644634
2016-03-15,2016-03-15,665.0,673.200012,653.0,659.599976,2099106.0,659.599976,-0.022560519151042516
2016-03-16,2016-03-16,665.900024,668.0,645.049988,648.200012,2000448.0,648.200012,-0.01743424507950309
2016-03-17,2016-03-17,649.900024,666.900024,641.0,647.349976,2731290.0,647.349976,-0.0013122397898222007
2016-03-18,2016-03-18,649.0,655.0,620.049988,641.849976,2739504.0,641.849976,-0.008532475291408659
2016-03-21,2016-03-21,642.0,653.900024,629.0,645.099976,2200344.0,645.099976,0.005050712195640017
2016-03-22,2016-03-22,643.0,707.950012,640.049988,703.049988,8274883.0,703.049988,0.08602268963367621
2016-03-23,2016-03-23,711.25,754.0,710.0,741.599976,7255874.0,741.599976,0.05338198592084797
2016-03-28,2016-03-28,741.0,777.0,736.200012,754.299988,4602419.0,754.299988,0.016980169061610262
2016-03-29,2016-03-29,750.0,750.0,720.599976,729.200012,3086221.0,729.200012,-0.033842091689896485
2016-03-30,2016-03-30,742.900024,778.0,740.0,748.75,2526235.0,748.75,0.02645709016876019
2016-03-31,2016-03-31,759.950012,775.0,746.400024,766.400024,3234527.0,766.400024,0.023299108542231828
2016-04-01,2016-04-01,756.0,764.900024,740.099976,761.900024,1927111.0,761.900024,-0.005888912992729978
2016-04-04,2016-04-04,770.299988,779.0,739.099976,744.549988,1889460.0,744.549988,-0.023035352060064795
2016-04-05,2016-04-05,742.799988,744.950012,727.0,732.200012,1381391.0,732.200012,-0.016726275843995886
2016-04-06,2016-04-06,745.0,745.0,726.400024,731.049988,1132077.0,731.049988,-0.001571876626399238
2016-04-07,2016-04-07,730.0,738.099976,725.0,729.299988,825985.0,729.299988,-0.0023966869126477164
2016-04-08,2016-04-08,732.0,763.900024,731.0,760.700012,2504121.0,760.700012,0.0421539242421467
2016-04-11,2016-04-11,760.0,826.0,758.0,817.549988,5810480.0,817.549988,0.07207297052439365
2016-04-12,2016-04-12,836.0,866.599976,835.049988,855.0499880000001,4352139.0,855.0499880000001,0.04484788442220201
2016-04-13,2016-04-13,871.7999880000001,885.0,856.099976,859.900024,2321318.0,859.900024,0.005656198602276953
2016-04-18,2016-04-18,859.0,894.0,839.75,886.2000119999999,2355817.0,886.2000119999999,0.030126540979277475
2016-04-20,2016-04-20,894.0,903.700012,881.349976,886.650024,1500680.0,886.650024,0.0005076707003155434
2016-04-21,2016-04-21,892.900024,897.5,874.2000119999999,887.4500119999999,1053526.0,887.4500119999999,0.0009018522495782832
2016-04-22,2016-04-22,880.0,885.0,864.7999880000001,873.2999880000001,911604.0,873.2999880000001,-0.016073069577538845
2016-04-25,2016-04-25,880.0,893.900024,874.900024,882.4500119999999,1244780.0,882.4500119999999,0.010423017898373743
2016-04-26,2016-04-26,868.0,874.9500119999999,857.099976,860.650024,1130035.0,860.650024,-0.025014197973663777
2016-04-27,2016-04-27,858.0,875.5499880000001,846.25,849.650024,1189477.0,849.650024,-0.01286341737637553
2016-04-28,2016-04-28,857.0,868.7999880000001,843.2999880000001,860.849976,1608987.0,860.849976,0.013095717116019756
2016-04-29,2016-04-29,865.0,865.0,827.0,846.4500119999999,1193268.0,846.4500119999999,-0.016869098082944234
2016-05-02,2016-05-02,845.75,861.2000119999999,830.0,851.75,1042677.0,851.75,0.006241909280960911
2016-05-03,2016-05-03,853.0,860.2999880000001,832.349976,836.950012,922678.0,836.950012,-0.01752871065467243
2016-05-04,2016-05-04,831.0,833.0,766.849976,799.5,3683309.0,799.5,-0.045777813612394525
2016-05-05,2016-05-05,788.0,818.400024,770.0,806.450012,2166894.0,806.450012,0.008655381969212783
2016-05-06,2016-05-06,802.799988,823.900024,782.0,788.049988,1445552.0,788.049988,-0.02308038984913185
2016-05-09,2016-05-09,788.5,798.0,761.599976,769.650024,1192483.0,769.650024,-0.02362562715500172
2016-05-10,2016-05-10,763.900024,763.900024,727.0,730.5,2132784.0,730.5,-0.052206666048333794
2016-05-11,2016-05-11,705.0,732.0,705.0,721.950012,2152366.0,721.950012,-0.011773330151876316
2016-05-12,2016-05-12,720.0,738.700012,712.0,719.049988,1379350.0,719.049988,-0.004025021395175799
2016-05-13,2016-05-13,723.799988,739.849976,722.950012,731.349976,1395573.0,731.349976,0.016961228873369368
2016-05-16,2016-05-16,737.799988,744.0,726.200012,731.549988,697373.0,731.549988,0.00027344590357269993
2016-05-17,2016-05-17,739.0,741.799988,731.0,736.299988,644334.0,736.299988,0.006472073656322408
2016-05-18,2016-05-18,737.5,752.200012,725.0,738.75,786872.0,738.75,0.00332194064334157
2016-05-19,2016-05-19,740.0,746.5,719.0,723.150024,665426.0,723.150024,-0.021342866012432186
2016-05-20,2016-05-20,723.150024,762.349976,697.400024,750.799988,3249116.0,750.799988,0.03752258602152647
2016-05-23,2016-05-23,782.349976,808.0,689.0,697.549988,7119574.0,697.549988,-0.07356511021835388
2016-05-24,2016-05-24,692.299988,692.299988,632.25,640.75,6387929.0,640.75,-0.08493481326686769
2016-05-25,2016-05-25,639.900024,657.049988,615.75,640.700012,3387707.0,640.700012,-7.801786969086065e-05
2016-05-26,2016-05-26,633.0,672.0,633.0,665.700012,2714975.0,665.700012,0.03827778925830572
2016-05-27,2016-05-27,663.0,669.700012,650.0,654.25,1298578.0,654.25,-0.01734959522254087
2016-05-30,2016-05-30,656.0,661.950012,640.0,643.450012,979013.0,643.450012,-0.016645198821113816
2016-05-31,2016-05-31,643.0,686.5,640.549988,680.0,2702035.0,680.0,0.05524845558101088
2016-06-01,2016-06-01,686.400024,705.5,685.0,695.5,2562851.0,695.5,0.02253821319334559
2016-06-02,2016-06-02,692.400024,692.400024,665.0,676.650024,1572582.0,676.650024,-0.027476823372129644
2016-06-03,2016-06-03,677.349976,688.0,661.799988,669.700012,1097114.0,669.700012,-0.010324319156892692
2016-06-06,2016-06-06,656.099976,677.0,648.549988,663.75,1624526.0,663.75,-0.008924296278326693
2016-06-07,2016-06-07,668.0,673.5,650.349976,653.849976,1020032.0,653.849976,-0.01502764190930428
2016-06-08,2016-06-08,655.0,663.950012,645.200012,650.900024,1182246.0,650.900024,-0.004521873196480009
2016-06-09,2016-06-09,652.0,671.0,651.0,661.700012,1281870.0,661.700012,0.01645624170275628
2016-06-10,2016-06-10,662.900024,669.0,648.049988,652.599976,1024708.0,652.599976,-0.013847951769873744
2016-06-13,2016-06-13,647.0,650.799988,632.0,634.900024,896311.0,634.900024,-0.027496803405615108
2016-06-14,2016-06-14,641.0,652.0,636.0,641.5,1136599.0,641.5,0.010341640078059378
2016-06-15,2016-06-15,646.0,650.0,640.049988,644.0,616943.0,644.0,0.003889542048662875
2016-06-16,2016-06-16,641.0,649.900024,634.200012,643.799988,763008.0,643.799988,-0.00031062587897512367
2016-06-17,2016-06-17,650.299988,666.150024,648.549988,662.450012,1442003.0,662.450012,0.02855700120332827
2016-06-20,2016-06-20,657.900024,671.049988,653.049988,661.950012,628448.0,661.950012,-0.0007550589167841792
2016-06-21,2016-06-21,664.0,670.950012,661.650024,665.200012,645040.0,665.200012,0.0048977228465369995
2016-06-22,2016-06-22,668.0,672.0,652.0,656.25,769389.0,656.25,-0.013545951452626605
2016-06-23,2016-06-23,657.0,657.900024,644.049988,648.400024,442841.0,648.400024,-0.012033987030124038
2016-06-24,2016-06-24,630.0,635.950012,594.5,625.549988,740145.0,625.549988,-0.035876583295419096
2016-06-27,2016-06-27,625.0,633.700012,613.5,622.049988,810573.0,622.049988,-0.005610787510843984
2016-06-28,2016-06-28,629.700012,629.700012,595.0,598.900024,1698882.0,598.900024,-0.03792577672556252
2016-06-29,2016-06-29,601.799988,608.0,591.599976,601.450012,1757708.0,601.450012,0.004248747047981283
2016-06-30,2016-06-30,607.0,616.0,606.0,610.450012,1424537.0,610.450012,0.01485298338062879
2016-07-01,2016-07-01,607.099976,618.799988,606.049988,615.599976,773633.0,615.599976,0.008400953205875084
2016-07-04,2016-07-04,620.0,626.599976,617.0,618.849976,646860.0,618.849976,0.0052655152260507885
2016-07-05,2016-07-05,612.0,624.549988,612.0,615.049988,788141.0,615.049988,-0.006159332400234696
2016-07-07,2016-07-07,618.799988,619.049988,602.150024,605.099976,432116.0,605.099976,-0.016309851838775202
2016-07-08,2016-07-08,606.0,609.950012,591.349976,592.849976,783908.0,592.849976,-0.020452318543746628
2016-07-11,2016-07-11,596.0,603.400024,586.0,590.450012,953779.0,590.450012,-0.004056397050890226
2016-07-12,2016-07-12,592.0,592.0,572.5,578.450012,977959.0,578.450012,-0.020532845150780688
2016-07-13,2016-07-13,579.0,587.5,572.0,579.049988,875144.0,579.049988,0.0010366756867954408
2016-07-14,2016-07-14,580.0,583.0,570.0,572.900024,575199.0,572.900024,-0.010677585600128658
2016-07-15,2016-07-15,574.0,579.900024,550.0,553.400024,915525.0,553.400024,-0.0346301125855657
2016-07-18,2016-07-18,554.0,573.599976,550.0,560.900024,1242662.0,560.900024,0.013461568581573323
2016-07-19,2016-07-19,564.0,567.950012,551.0,553.849976,724661.0,553.849976,-0.012648830672757684
2016-07-20,2016-07-20,554.0,554.0,545.049988,549.950012,656937.0,549.950012,-0.007066461806617852
2016-07-21,2016-07-21,551.0,572.75,550.0,558.5,1167094.0,558.5,0.015427231685964491
2016-07-22,2016-07-22,564.200012,566.0,553.0,554.650024,589126.0,554.650024,-0.006917291054056918
2016-07-25,2016-07-25,556.0,562.75,551.799988,553.150024,525581.0,553.150024,-0.002708071586409844
2016-07-26,2016-07-26,555.799988,556.700012,530.0,533.049988,838169.0,533.049988,-0.03701404998426483
2016-07-27,2016-07-27,535.0,540.900024,528.0,537.950012,803167.0,537.950012,0.009150435462299987
2016-07-28,2016-07-28,539.0,550.75,537.0,540.700012,1107091.0,540.700012,0.005098977234587743
2016-07-29,2016-07-29,541.0,561.5,541.0,555.5,1394123.0,555.5,0.02700399049827329
2016-08-01,2016-08-01,560.400024,565.0,526.349976,530.950012,1379858.0,530.950012,-0.045200731628832536
2016-08-02,2016-08-02,534.0,536.400024,501.25,504.89999400000005,1426933.0,504.89999400000005,-0.05030749946952362
2016-08-03,2016-08-03,500.25,502.89999400000005,475.0,477.100006,2406142.0,477.100006,-0.0566342528832875
2016-08-04,2016-08-04,480.0,490.0,472.100006,479.200012,1485424.0,479.200012,0.004391946744934039
2016-08-05,2016-08-05,480.25,486.0,455.39999400000005,466.25,2478977.0,466.25,-0.027396100884949703
2016-08-08,2016-08-08,471.799988,511.850006,460.0,500.549988,4556633.0,500.549988,0.07098549893383765
2016-08-09,2016-08-09,505.39999400000005,510.600006,486.049988,497.850006,2388945.0,497.850006,-0.005408631005947129
2016-08-10,2016-08-10,499.700012,519.700012,488.39999400000005,494.600006,3548540.0,494.600006,-0.006549471667585571
2016-08-11,2016-08-11,495.0,506.799988,486.299988,493.64999400000005,1671121.0,493.64999400000005,-0.0019226153152320789
2016-08-12,2016-08-12,494.0,499.450012,470.200012,475.049988,1474126.0,475.049988,-0.038406715510839184
2016-08-16,2016-08-16,477.0,503.5,465.950012,485.64999400000005,4975544.0,485.64999400000005,0.02206815110150373
2016-08-17,2016-08-17,479.0,495.0,445.850006,471.350006,8979584.0,471.350006,-0.029887256922209282
2016-08-18,2016-08-18,471.0,484.0,470.950012,473.0,2919733.0,473.0,0.003494457920378835
2016-08-19,2016-08-19,474.0,484.950012,470.100006,475.100006,2112155.0,475.100006,0.0044299323298631075
2016-08-22,2016-08-22,475.0,479.75,463.14999400000005,465.700012,1447040.0,465.700012,-0.0199836450658033
2016-08-23,2016-08-23,463.0,465.89999400000005,456.100006,460.950012,1469287.0,460.950012,-0.01025207247819715
2016-08-24,2016-08-24,462.0,477.89999400000005,460.64999400000005,467.299988,1983467.0,467.299988,0.013681820749149587
2016-08-25,2016-08-25,468.200012,499.5,468.200012,485.39999400000005,5337093.0,485.39999400000005,0.038001856904616986
2016-08-26,2016-08-26,490.0,506.75,488.0,500.450012,3351385.0,500.450012,0.03053443671188472
2016-08-29,2016-08-29,504.0,514.799988,499.89999400000005,505.549988,2772334.0,505.549988,0.01013920415743641
2016-08-30,2016-08-30,508.0,512.950012,496.0,498.799988,1665839.0,498.799988,-0.013441732052740464
2016-08-31,2016-08-31,500.0,507.5,494.100006,496.25,1074355.0,496.25,-0.005125357746742054
2016-09-01,2016-09-01,498.0,501.0,480.0,482.799988,1355324.0,482.799988,-0.027477367633037098
2016-09-02,2016-09-02,483.5,485.549988,472.299988,479.0,1374498.0,479.0,-0.007901866957448433
2016-09-06,2016-09-06,482.0,509.5,479.89999400000005,501.600006,2962429.0,501.600006,0.04610240386951858
2016-09-07,2016-09-07,503.0,522.650024,497.200012,508.600006,3619405.0,508.600006,0.013858863504675691
2016-09-08,2016-09-08,511.0,515.0,491.049988,499.25,3162714.0,499.25,-0.018554892489184738
2016-09-09,2016-09-09,501.0,505.799988,485.0,487.350006,2113975.0,487.350006,-0.024124409201225383
2016-09-12,2016-09-12,479.950012,488.0,470.100006,476.549988,1335316.0,476.549988,-0.022409938892052672
2016-09-14,2016-09-14,477.0,477.25,462.0,464.25,1826510.0,464.25,-0.026149423969831
2016-09-15,2016-09-15,465.0,470.799988,458.049988,466.049988,1542688.0,466.049988,0.0038696985260404655
2016-09-16,2016-09-16,469.950012,476.14999400000005,460.350006,468.799988,1764615.0,468.799988,0.005883313906677401
2016-09-19,2016-09-19,472.0,481.549988,470.100006,473.5,1142709.0,473.5,0.009975699960599549
2016-09-20,2016-09-20,475.0,477.75,466.0,468.600006,889741.0,468.600006,-0.010402373748340743
2016-09-21,2016-09-21,467.39999400000005,474.5,463.0,464.89999400000005,921278.0,464.89999400000005,-0.00792722308725402
2016-09-22,2016-09-22,470.0,472.39999400000005,462.0,467.850006,871369.0,467.850006,0.006325428756007057
2016-09-23,2016-09-23,469.0,473.200012,462.600006,464.14999400000005,942139.0,464.14999400000005,-0.007939981627458792
2016-09-26,2016-09-26,463.89999400000005,463.89999400000005,450.0,454.850006,1172958.0,454.850006,-0.020240055459853856
2016-09-27,2016-09-27,446.0,456.950012,440.75,443.25,2676855.0,443.25,-0.02583376250491476
2016-09-28,2016-09-28,442.39999400000005,458.39999400000005,442.14999400000005,452.39999400000005,1754113.0,452.39999400000005,0.02043278602504817
2016-09-29,2016-09-29,457.200012,460.0,422.100006,426.0,2510827.0,426.0,-0.06012738470999501
2016-09-30,2016-09-30,423.0,437.0,416.5,430.850006,2475631.0,430.850006,0.011320669342365086
2016-10-03,2016-10-03,433.0,439.799988,430.14999400000005,436.100006,1181792.0,436.100006,0.012111572995296528
2016-10-04,2016-10-04,438.299988,443.350006,433.5,437.850006,957465.0,437.850006,0.004004811064524104
2016-10-05,2016-10-05,439.049988,442.5,429.75,432.64999400000005,1045088.0,432.64999400000005,-0.0119473264868315
2016-10-06,2016-10-06,433.950012,442.5,430.100006,433.350006,1020765.0,433.350006,0.0016166562412500696
2016-10-07,2016-10-07,434.0,439.0,431.100006,436.39999400000005,735644.0,436.39999400000005,0.0070135107840867406
2016-10-10,2016-10-10,438.5,440.950012,433.0,434.75,560738.0,434.75,-0.003788086975669458
2016-10-13,2016-10-13,434.0,457.799988,432.049988,453.450012,3200158.0,453.450012,0.04211388312296194
2016-10-14,2016-10-14,458.0,460.0,441.0,444.350006,1183021.0,444.350006,-0.020272482670001143
2016-10-17,2016-10-17,443.700012,447.950012,435.0,442.299988,980612.0,442.299988,-0.004624195943979004
2016-10-18,2016-10-18,444.950012,450.799988,442.799988,446.0,882963.0,446.0,0.00833059427669003
2016-10-19,2016-10-19,446.950012,458.799988,446.0,454.950012,981813.0,454.950012,0.019868597159160117
2016-10-20,2016-10-20,456.0,458.700012,446.200012,450.450012,809615.0,450.450012,-0.00994043944174905
2016-10-21,2016-10-21,452.0,454.14999400000005,445.5,449.350006,523565.0,449.350006,-0.002445002280472508
2016-10-24,2016-10-24,451.0,451.89999400000005,444.14999400000005,449.450012,594719.0,449.450012,0.00022253226170398927
2016-10-25,2016-10-25,449.950012,450.89999400000005,443.049988,448.200012,438224.0,448.200012,-0.0027850515781189245
2016-10-26,2016-10-26,447.799988,457.89999400000005,441.0,450.049988,1403589.0,450.049988,0.004119072898801868
2016-10-27,2016-10-27,444.0,444.0,422.350006,425.549988,1732221.0,425.549988,-0.05597623931522211
2016-10-28,2016-10-28,424.850006,429.450012,421.0,423.049988,755327.0,423.049988,-0.005892074719099583
2016-11-01,2016-11-01,425.299988,429.5,419.75,422.200012,594709.0,422.200012,-0.002011183168299624
2016-11-02,2016-11-02,420.0,426.799988,417.100006,420.100006,831815.0,420.100006,-0.004986371379118282
2016-11-03,2016-11-03,420.700012,424.799988,409.0,411.100006,821965.0,411.100006,-0.021656283958828126
2016-11-04,2016-11-04,409.0,410.0,389.799988,393.600006,977280.0,393.600006,-0.04350132807682172
2016-11-07,2016-11-07,403.0,406.950012,390.5,392.649994,890221.0,392.649994,-0.002416565881901533
2016-11-08,2016-11-08,395.0,404.0,389.450012,394.149994,766315.0,394.149994,0.0038129177431871493
2016-11-09,2016-11-09,368.0,382.0,350.450012,379.049988,1098654.0,379.049988,-0.03906344143906626
2016-11-10,2016-11-10,385.0,400.850006,384.049988,396.649994,647954.0,396.649994,0.04538617377710619
2016-11-11,2016-11-11,390.0,408.450012,386.0,404.850006,1524995.0,404.850006,0.020462378331100872
2016-11-15,2016-11-15,405.0,408.0,390.0,396.700012,948554.0,396.700012,-0.02033628518258368
2016-11-16,2016-11-16,401.0,406.700012,392.5,395.850006,680546.0,395.850006,-0.0021449909951440915
2016-11-17,2016-11-17,399.899994,399.899994,390.100006,395.350006,479039.0,395.350006,-0.0012639030813366148
2016-11-18,2016-11-18,398.0,401.0,393.100006,398.649994,527527.0,398.649994,0.008312360204345559
2016-11-21,2016-11-21,396.0,401.0,378.299988,382.700012,902029.0,382.700012,-0.04083240010989808
2016-11-22,2016-11-22,384.0,387.950012,370.350006,377.600006,938259.0,377.600006,-0.013415973626633715
2016-11-23,2016-11-23,379.5,379.799988,366.799988,370.049988,946197.0,370.049988,-0.020197350945751147
2016-11-24,2016-11-24,365.5,374.450012,357.5,368.299988,1011453.0,368.299988,-0.004740308346540267
2016-11-25,2016-11-25,367.149994,375.799988,365.5,367.799988,813811.0,367.799988,-0.0013585113250922376
2016-11-28,2016-11-28,366.200012,374.950012,364.5,370.5,560769.0,370.5,0.007314165192348732
2016-11-29,2016-11-29,370.5,380.0,370.450012,377.5,705488.0,377.5,0.01871712395293823
2016-11-30,2016-11-30,379.0,382.5,373.200012,379.600006,695699.0,379.600006,0.0055475138528047205
2016-12-01,2016-12-01,382.399994,385.850006,375.5,378.75,640446.0,378.75,-0.0022417257183056094
2016-12-02,2016-12-02,378.0,378.0,371.0,373.399994,357185.0,373.399994,-0.014226141784515534
2016-12-05,2016-12-05,373.700012,383.5,372.5,380.549988,478527.0,380.549988,0.01896732814102986
2016-12-06,2016-12-06,380.899994,384.0,378.049988,379.399994,450660.0,379.399994,-0.0030265014936228236
2016-12-07,2016-12-07,378.049988,382.850006,376.299988,380.149994,405401.0,380.149994,0.001974854204732424
2016-12-08,2016-12-08,382.799988,385.0,376.75,379.450012,592635.0,379.450012,-0.0018430284165606992
2016-12-09,2016-12-09,382.399994,388.799988,379.5,382.25,979898.0,382.25,0.007351977334529636
2016-12-12,2016-12-12,382.0,383.950012,376.5,378.649994,311230.0,378.649994,-0.009462565095107678
2016-12-13,2016-12-13,378.0,378.950012,373.049988,376.149994,338305.0,376.149994,-0.0066242956589164246
2016-12-14,2016-12-14,377.700012,380.75,374.850006,378.75,361219.0,378.75,0.006888372768431239
2016-12-15,2016-12-15,376.950012,396.0,375.200012,389.5,1387158.0,389.5,0.02798750848722431
2016-12-16,2016-12-16,391.799988,393.0,378.5,379.899994,524494.0,379.899994,-0.024955820910853355
2016-12-19,2016-12-19,378.5,378.5,370.299988,371.399994,391932.0,371.399994,-0.02262841163643348
2016-12-20,2016-12-20,372.5,374.799988,351.350006,353.049988,820613.0,353.049988,-0.050669976790680415
2016-12-21,2016-12-21,351.0,351.0,341.0,344.899994,1293126.0,344.899994,-0.02335515342638761
2016-12-22,2016-12-22,339.0,352.25,338.549988,341.450012,1150078.0,341.450012,-0.01005321199511222
2016-12-23,2016-12-23,336.600006,347.950012,334.350006,339.25,1004577.0,339.25,-0.006463991836357153
2016-12-26,2016-12-26,333.100006,339.399994,326.0,329.700012,855429.0,329.700012,-0.028554112240569474
2016-12-27,2016-12-27,326.100006,332.799988,318.049988,324.100006,1435250.0,324.100006,-0.017131057814102846
2016-12-28,2016-12-28,324.0,333.799988,320.899994,322.0,1168379.0,322.0,-0.00650058311589774
2016-12-29,2016-12-29,322.600006,334.5,321.600006,332.600006,1663855.0,332.600006,0.03238903925410597
2016-12-30,2016-12-30,331.950012,342.899994,331.450012,338.950012,1125650.0,338.950012,0.018912054481911692
2017-01-02,2017-01-02,340.0,347.899994,338.049988,345.850006,782324.0,345.850006,0.020152533114728755
2017-01-03,2017-01-03,345.0,351.450012,343.299988,349.149994,894257.0,349.149994,0.009496439712298077
2017-01-04,2017-01-04,348.600006,350.549988,341.149994,343.549988,595185.0,343.549988,-0.016168985559781746
2017-01-05,2017-01-05,350.0,398.600006,347.049988,394.100006,11442733.0,394.100006,0.13727207287784893
2017-01-06,2017-01-06,398.0,405.0,371.600006,376.049988,7437409.0,376.049988,-0.046882618063758486
2017-01-09,2017-01-09,378.0,395.549988,377.5,386.299988,4332017.0,386.299988,0.026892157246533262
2017-01-10,2017-01-10,388.899994,389.649994,377.200012,380.700012,1610443.0,380.700012,-0.014602543698961412
2017-01-11,2017-01-11,382.399994,390.350006,380.0,382.100006,1395149.0,382.100006,0.003670675246215893
2017-01-12,2017-01-12,383.799988,387.850006,367.100006,373.200012,1681321.0,373.200012,-0.023567869028020102
2017-01-13,2017-01-13,376.0,384.0,367.0,370.850006,1222513.0,370.850006,-0.006316816765914446
2017-01-16,2017-01-16,370.0,382.0,363.200012,372.950012,1763313.0,372.950012,0.005646710215451378
2017-01-17,2017-01-17,374.0,382.0,366.649994,369.149994,1531241.0,369.149994,-0.010241345325447073
2017-01-18,2017-01-18,368.0,374.25,363.850006,367.399994,895189.0,367.399994,-0.0047518928015684025
2017-01-19,2017-01-19,369.700012,369.700012,360.700012,362.600006,738067.0,362.600006,-0.013150841582140416
2017-01-20,2017-01-20,362.700012,368.950012,355.850006,357.299988,869102.0,357.299988,-0.014724583423769031
2017-01-23,2017-01-23,356.200012,359.850006,347.600006,351.549988,956199.0,351.549988,-0.01622381693351826
2017-01-24,2017-01-24,354.200012,363.5,352.350006,358.950012,1426607.0,358.950012,0.020831221942708037
2017-01-25,2017-01-25,361.799988,367.149994,356.549988,361.600006,1359281.0,361.600006,0.007355508657610699
2017-01-27,2017-01-27,363.0,378.200012,363.0,371.850006,2210282.0,371.850006,0.027951918173905632
2017-01-30,2017-01-30,378.0,394.700012,373.25,382.0,3821586.0,382.0,0.026930045321727825
2017-01-31,2017-01-31,383.049988,386.399994,363.5,365.399994,1752272.0,365.399994,-0.04442798108303059
2017-02-01,2017-02-01,365.399994,371.850006,362.049988,369.149994,861098.0,369.149994,0.010210421728074516
2017-02-02,2017-02-02,371.5,378.25,369.049988,375.799988,966323.0,375.799988,0.017854005795866712
2017-02-03,2017-02-03,377.5,384.600006,376.649994,379.350006,997567.0,379.350006,0.00940222255312584
2017-02-06,2017-02-06,383.399994,407.799988,380.200012,400.850006,4393606.0,400.850006,0.05512802985654108
2017-02-07,2017-02-07,407.0,415.25,398.100006,400.450012,2825285.0,400.450012,-0.0009983627211740398
2017-02-08,2017-02-08,402.399994,406.75,394.200012,404.0,899261.0,404.0,0.008825933225171667
2017-02-09,2017-02-09,406.799988,434.799988,406.0,427.39999400000005,6616242.0,427.39999400000005,0.05630545088552541
2017-02-10,2017-02-10,429.100006,440.600006,427.049988,429.64999400000005,3374325.0,429.64999400000005,0.0052505809477008105
2017-02-13,2017-02-13,428.25,435.5,416.850006,422.850006,1742707.0,422.850006,-0.015953389376717197
2017-02-14,2017-02-14,423.75,428.850006,418.149994,426.049988,919871.0,426.049988,0.00753916169059643
2017-02-15,2017-02-15,427.39999400000005,446.0,423.100006,426.549988,4275563.0,426.549988,0.0011728831137549633
2017-02-16,2017-02-16,430.0,441.0,430.0,438.100006,1853320.0,438.100006,0.026717643293345358
2017-02-17,2017-02-17,440.799988,463.25,434.0,460.5,4151598.0,460.5,0.04986564718000519
2017-02-20,2017-02-20,459.89999400000005,487.64999400000005,456.64999400000005,484.5,3883528.0,484.5,0.050804575635459585
2017-02-21,2017-02-21,485.0,509.0,484.5,506.799988,6144028.0,506.799988,0.04499899343818292
2017-02-22,2017-02-22,510.0,537.0,507.299988,530.099976,5611528.0,530.099976,0.04494919795027919
2017-02-23,2017-02-23,537.0,545.450012,527.900024,534.599976,6010665.0,534.599976,0.008453136092156477
2017-02-27,2017-02-27,534.599976,545.900024,530.150024,543.400024,2382880.0,543.400024,0.016326982347166563
2017-02-28,2017-02-28,547.150024,560.0,543.599976,546.700012,3157460.0,546.700012,0.0060544866922285214
2017-03-01,2017-03-01,551.0,556.950012,543.400024,548.200012,1734665.0,548.200012,0.0027399779076713315
2017-03-02,2017-03-02,551.0,554.75,533.0,537.599976,1569549.0,537.599976,-0.019525461192424487
2017-03-03,2017-03-03,535.950012,552.700012,519.0,546.349976,2831383.0,546.349976,0.016145007522786692
2017-03-06,2017-03-06,550.0,553.799988,543.849976,548.75,1251637.0,548.75,0.004383212300512973
2017-03-07,2017-03-07,546.799988,599.900024,545.0,586.25,5598891.0,586.25,0.06610335537110767
2017-03-08,2017-03-08,599.0,607.099976,582.200012,589.900024,5884732.0,589.900024,0.0062067519334014784
2017-03-09,2017-03-09,588.0,605.0,584.0,589.650024,3980424.0,589.650024,-0.0004238904558002688
2017-03-10,2017-03-10,592.950012,599.0,576.849976,583.099976,2498712.0,583.099976,-0.011170524169301643
2017-03-14,2017-03-14,596.0,598.700012,586.099976,590.150024,1251609.0,590.150024,0.012018125473916008
2017-03-15,2017-03-15,591.700012,599.0,582.200012,590.950012,1794953.0,590.950012,0.001354649221831039
2017-03-16,2017-03-16,594.75,619.400024,591.5,614.950012,4501614.0,614.950012,0.039809551437665285
2017-03-17,2017-03-17,618.0,619.849976,600.5,604.549988,2263259.0,604.549988,-0.017056623431420448
2017-03-20,2017-03-20,607.0,617.549988,605.799988,610.599976,1598816.0,610.599976,0.00995768122439511
2017-03-21,2017-03-21,611.950012,614.400024,592.25,595.549988,1441842.0,595.549988,-0.024956712817707505
2017-03-22,2017-03-22,590.900024,591.25,560.5,564.25,2204405.0,564.25,-0.0539879124798226
2017-03-23,2017-03-23,566.0,576.5,561.5,571.950012,2407829.0,571.950012,0.01355418025489197
2017-03-24,2017-03-24,573.700012,584.5,571.0,573.75,1853377.0,573.75,0.0031421654222176802
2017-03-27,2017-03-27,573.799988,575.950012,563.099976,567.849976,1377819.0,567.849976,-0.010336504301783123
2017-03-28,2017-03-28,569.400024,575.0,567.0,568.950012,818431.0,568.950012,0.0019353208215298066
2017-03-29,2017-03-29,563.700012,568.450012,548.650024,552.900024,2300185.0,552.900024,-0.02861538114312712
2017-03-30,2017-03-30,556.650024,559.200012,540.299988,542.849976,2341974.0,542.849976,-0.018344202284622742
2017-03-31,2017-03-31,544.700012,545.900024,525.900024,527.549988,1775988.0,527.549988,-0.02858936962531012
