Date,Date.1,L&TFH.NS.Open,L&TFH.NS.High,L&TFH.NS.Low,L&TFH.NS.Close,L&TFH.NS.Volume,L&TFH.NS.Adjusted,log_returns
2013-04-01,2013-04-01,73.849998,77.400002,73.800003,76.800003,1519784.0,71.614754,0.03984596190405832
2013-04-02,2013-04-02,76.0,77.900002,76.0,77.0,1327582.0,71.801239,0.002600617981332043
2013-04-03,2013-04-03,77.0,78.199997,74.800003,75.25,1134915.0,70.169395,-0.02298948486387076
2013-04-04,2013-04-04,74.25,74.900002,72.650002,72.949997,953300.0,68.024689,-0.03104153449855573
2013-04-05,2013-04-05,72.699997,76.349998,72.5,75.199997,1434493.0,70.12278,0.030376992777457982
2013-04-08,2013-04-08,75.0,75.300003,73.550003,73.75,686612.0,68.770691,-0.01947005432042737
2013-04-09,2013-04-09,73.75,74.699997,71.099998,71.550003,1015452.0,66.719215,-0.030284658873558364
2013-04-10,2013-04-10,71.800003,72.449997,70.699997,72.050003,1083553.0,67.185448,0.006963684066488618
2013-04-11,2013-04-11,72.400002,72.900002,71.699997,72.099998,632850.0,67.23207099999999,0.0006937042465375852
2013-04-12,2013-04-12,71.699997,72.449997,71.0,71.5,765982.0,66.6726,-0.008356306787110412
2013-04-15,2013-04-15,71.0,73.5,71.0,71.949997,998608.0,67.092201,0.00627373379460483
2013-04-16,2013-04-16,71.75,73.900002,71.699997,73.0,1234867.0,68.071304,0.014487936312509218
2013-04-17,2013-04-17,73.199997,74.400002,72.5,72.75,954775.0,67.838196,-0.003430344877833669
2013-04-18,2013-04-18,72.699997,73.900002,72.699997,73.550003,871303.0,68.584175,0.010936423839794427
2013-04-22,2013-04-22,73.650002,79.0,73.650002,78.199997,4233458.0,72.92021899999997,0.06130413010849356
2013-04-23,2013-04-23,78.800003,81.150002,78.199997,79.349998,3037933.0,73.992584,0.014598918868742315
2013-04-25,2013-04-25,79.949997,82.650002,78.5,79.25,6122244.0,73.89933,-0.001261110358734996
2013-04-26,2013-04-26,79.699997,79.800003,76.900002,77.400002,1350558.0,72.17424,-0.02362056607557772
2013-04-29,2013-04-29,77.900002,78.849998,76.25,78.0,1442700.0,72.733734,0.00772209789163547
2013-04-30,2013-04-30,78.599998,80.449997,76.650002,77.550003,1858212.0,72.314125,-0.0057858168117777
2013-05-02,2013-05-02,77.849998,79.800003,77.349998,78.75,1655653.0,73.43309,0.015355174859992715
2013-05-03,2013-05-03,79.0,79.0,76.699997,76.949997,1168951.0,71.754616,-0.02312246440638166
2013-05-06,2013-05-06,77.199997,78.349998,76.5,78.0,1005962.0,72.733734,0.013553106358166644
2013-05-07,2013-05-07,77.800003,80.5,77.800003,79.900002,2702499.0,74.505447,0.024066943383473042
2013-05-08,2013-05-08,80.150002,81.349998,79.25,79.599998,1956955.0,74.2257,-0.003761785416638297
2013-05-09,2013-05-09,79.699997,80.0,78.349998,78.699997,1130116.0,73.38646700000002,-0.01137090606550917
2013-05-10,2013-05-10,78.5,79.699997,78.25,78.5,834036.0,73.199974,-0.0025444795486748717
2013-05-13,2013-05-13,78.550003,79.0,77.099998,77.300003,784663.0,72.081001,-0.015404565224899969
2013-05-14,2013-05-14,77.5,79.75,76.550003,78.199997,1665640.0,72.92021899999997,0.011575452546184195
2013-05-15,2013-05-15,79.0,85.25,78.650002,82.550003,10624155.0,76.97654,0.05413474700882137
2013-05-16,2013-05-16,82.800003,86.099998,82.050003,83.699997,5310145.0,78.04888199999998,0.01383462260161217
2013-05-17,2013-05-17,84.150002,84.5,81.75,82.599998,2228385.0,77.02314799999998,-0.013229322655510243
2013-05-20,2013-05-20,83.25,84.449997,81.550003,82.050003,1779447.0,76.510292,-0.0066807323211000025
2013-05-21,2013-05-21,81.699997,84.150002,81.5,82.449997,2725920.0,76.883286,0.004863237953056654
2013-05-22,2013-05-22,82.650002,84.099998,79.400002,80.199997,2606998.0,74.785187,-0.02766867507450943
2013-05-23,2013-05-23,79.650002,80.099998,77.0,77.849998,1935041.0,72.593857,-0.029739526683913556
2013-05-24,2013-05-24,78.050003,79.800003,77.5,78.650002,1161161.0,73.339851,0.010223827081940584
2013-05-27,2013-05-27,78.5,79.800003,78.150002,79.550003,1044615.0,74.179092,0.011378200482810463
2013-05-28,2013-05-28,79.5,81.150002,78.650002,79.800003,1669147.0,74.41220899999998,0.0031376963481291047
2013-05-29,2013-05-29,79.699997,79.699997,78.199997,78.599998,871766.0,73.293228,-0.015151810662785259
2013-05-30,2013-05-30,78.0,78.800003,77.75,78.300003,619009.0,73.013481,-0.003824121844147932
2013-05-31,2013-05-31,78.0,78.25,76.400002,76.800003,1078379.0,71.614754,-0.01934298114026589
2013-06-03,2013-06-03,77.0,78.900002,77.0,78.25,787001.0,72.96685,0.018704114228996538
2013-06-04,2013-06-04,79.900002,81.699997,78.800003,79.349998,2282179.0,73.992584,0.013959643545607749
2013-06-05,2013-06-05,79.449997,79.5,77.0,78.5,971206.0,73.199974,-0.010769806190026543
2013-06-06,2013-06-06,77.949997,79.800003,77.800003,78.800003,840177.0,73.479713,0.003814288738636762
2013-06-07,2013-06-07,78.5,81.400002,78.5,79.599998,1539229.0,74.2257,0.010101096875547277
2013-06-10,2013-06-10,80.5,80.699997,78.150002,78.5,712821.0,73.199974,-0.013915385614184041
2013-06-11,2013-06-11,78.050003,78.300003,76.599998,77.050003,788146.0,71.84787800000002,-0.018643987437911846
2013-06-12,2013-06-12,77.050003,78.349998,76.949997,77.75,836898.0,72.50061,0.009043897280302636
2013-06-13,2013-06-13,77.0,77.25,75.849998,76.099998,867379.0,70.962013,-0.0214502699246788
2013-06-14,2013-06-14,76.5,77.800003,76.5,77.0,665417.0,71.801239,0.01175702647904231
2013-06-17,2013-06-17,77.099998,77.400002,76.0,76.949997,707785.0,71.754616,-0.0006495451075716474
2013-06-18,2013-06-18,76.599998,79.099998,76.199997,77.849998,1335692.0,72.593857,0.011628116860558537
2013-06-19,2013-06-19,78.25,81.449997,78.25,80.349998,3219272.0,74.92505600000001,0.03160805669084077
2013-06-20,2013-06-20,79.400002,79.800003,78.099998,78.650002,1537699.0,73.339851,-0.021384229608900185
2013-06-21,2013-06-21,78.25,79.349998,75.599998,76.800003,1366130.0,71.614754,-0.023803016816259515
2013-06-24,2013-06-24,76.300003,77.0,73.599998,75.0,1457906.0,69.936272,-0.023716686807783386
2013-06-25,2013-06-25,75.150002,76.699997,74.25,75.199997,1039127.0,70.12278,0.0026632782041469127
2013-06-26,2013-06-26,76.099998,78.800003,75.5,76.900002,2016146.0,71.70800799999998,0.02235472336841671
2013-06-27,2013-06-27,77.949997,78.25,76.0,76.449997,1003408.0,71.288383,-0.00586904608693839
2013-06-28,2013-06-28,78.0,79.400002,77.599998,78.699997,1538050.0,73.38646700000002,0.02900616245541077
2013-07-01,2013-07-01,80.0,81.300003,79.5,80.099998,2269959.0,74.69194,0.01763264273300891
2013-07-02,2013-07-02,80.25,80.599998,78.400002,78.5,928832.0,73.199974,-0.020177122281683783
2013-07-03,2013-07-03,77.800003,77.800003,76.0,76.5,853855.0,71.33500699999998,-0.02580787708062537
2013-07-04,2013-07-04,77.0,77.300003,75.349998,76.199997,1031952.0,71.055252,-0.003929417109336697
2013-07-05,2013-07-05,76.699997,77.150002,75.25,75.599998,836173.0,70.495773,-0.007905021012089009
2013-07-08,2013-07-08,75.599998,76.300003,74.099998,75.199997,852374.0,70.12278,-0.005305044986163132
2013-07-09,2013-07-09,75.650002,76.650002,75.300003,75.650002,652772.0,70.542397,0.0059661993630006896
2013-07-10,2013-07-10,76.0,76.699997,74.849998,75.099998,789483.0,70.029526,-0.007296951833986931
2013-07-11,2013-07-11,75.900002,76.449997,75.300003,75.75,653229.0,70.635643,0.008617922341287887
2013-07-12,2013-07-12,76.0,76.599998,75.199997,76.099998,597606.0,70.962013,0.004609830235624557
2013-07-15,2013-07-15,76.199997,77.25,75.400002,76.75,840328.0,71.568123,0.008505059640561363
2013-07-16,2013-07-16,75.400002,75.900002,74.5,74.699997,767484.0,69.656532,-0.02707328630405126
2013-07-17,2013-07-17,75.150002,75.5,73.150002,73.949997,764907.0,68.957169,-0.010090906301642557
2013-07-18,2013-07-18,74.050003,74.800003,72.5,74.599998,529973.0,69.563286,0.008751355434776897
2013-07-19,2013-07-19,74.599998,75.0,73.699997,74.0,440789.0,69.003799,-0.008075367110663478
2013-07-22,2013-07-22,74.150002,75.849998,73.800003,74.699997,649072.0,69.656532,0.009414917977529136
2013-07-23,2013-07-23,74.900002,76.849998,73.650002,74.650002,3036281.0,69.60991700000001,-0.0006694362077235282
2013-07-24,2013-07-24,74.599998,74.599998,71.699997,71.900002,975520.0,67.045578,-0.037534386052603175
2013-07-25,2013-07-25,72.0,72.0,68.0,68.150002,1520465.0,63.548763,-0.053565124312021865
2013-07-26,2013-07-26,68.199997,69.449997,66.199997,67.199997,984403.0,63.360191,-0.002971770435991061
2013-07-29,2013-07-29,66.900002,66.900002,64.0,64.199997,733142.0,60.531609,-0.04567007061128958
2013-07-30,2013-07-30,64.0,64.300003,61.599998,62.799999,1066581.0,59.211613,-0.022048003217982167
2013-07-31,2013-07-31,62.0,62.0,59.099998,61.450001,1205498.0,57.938751,-0.02173125286658184
2013-08-01,2013-08-01,64.400002,65.400002,62.299999,62.650002,1674442.0,59.07018299999999,0.019339844007668642
2013-08-02,2013-08-02,62.400002,63.400002,59.200001,60.049999,1104584.0,56.618748,-0.0423861122221707
2013-08-05,2013-08-05,60.0,60.299999,56.900002,58.0,1193059.0,54.685883,-0.03473457143078207
2013-08-06,2013-08-06,57.25,57.299999,53.700001,53.900002,2283414.0,50.82016,-0.07331246942684455
2013-08-07,2013-08-07,54.0,55.75,52.650002,54.849998,1890595.0,51.715874,0.017471648752168
2013-08-08,2013-08-08,55.0,56.5,55.0,55.599998,1367728.0,52.423016,0.01358095652602742
2013-08-12,2013-08-12,56.0,57.900002,56.0,57.299999,1008633.0,54.025879,0.030117440973805643
2013-08-13,2013-08-13,57.5,60.200001,56.700001,59.900002,1784359.0,56.477322,0.04437600454084745
2013-08-14,2013-08-14,60.900002,61.849998,58.0,58.650002,2124939.0,55.298748,-0.021088908919363547
2013-08-16,2013-08-16,58.25,60.0,56.5,57.0,1061151.0,53.743023,-0.028536414196075114
2013-08-19,2013-08-19,57.0,57.0,54.150002,55.450001,876713.0,52.28159,-0.02756955247779791
2013-08-20,2013-08-20,55.0,57.5,54.0,55.799999,1050202.0,52.611591,0.006292155230969154
2013-08-21,2013-08-21,56.5,58.650002,54.0,54.450001,1160079.0,51.33873,-0.02449101859453595
2013-08-22,2013-08-22,54.599998,56.049999,54.049999,55.75,823496.0,52.564453,0.023594654719961028
2013-08-23,2013-08-23,55.75,56.950001,55.75,56.150002,806946.0,52.94159300000001,0.007149194205068987
2013-08-26,2013-08-26,56.799999,57.200001,56.400002,56.5,658837.0,53.271595,0.006213975271633476
2013-08-27,2013-08-27,56.200001,57.0,55.099998,55.799999,769398.0,52.611591,-0.012466805602127541
2013-08-28,2013-08-28,55.5,55.75,53.75,55.400002,906177.0,52.234447,-0.007194275222318414
2013-08-29,2013-08-29,56.0,56.450001,55.5,55.75,486232.0,52.564453,0.00629791134774349
2013-08-30,2013-08-30,56.0,56.599998,54.849998,55.450001,686396.0,52.28159,-0.0053957913563942314
2013-09-02,2013-09-02,55.5,57.549999,55.450001,57.099998,865999.0,53.837307,0.029322364058491868
2013-09-03,2013-09-03,57.299999,57.849998,55.349998,55.599998,772407.0,52.423016,-0.02662093397990839
2013-09-04,2013-09-04,55.099998,57.900002,55.0,57.450001,774770.0,54.167313,0.032731913806143265
2013-09-05,2013-09-05,60.0,61.650002,59.0,59.299999,3093137.0,55.911598,0.03169419094100023
2013-09-06,2013-09-06,59.75,69.800003,59.25,66.949997,11787771.0,63.124477,0.12133676613350185
2013-09-10,2013-09-10,67.300003,72.0,67.25,68.300003,7888056.0,64.397339,0.019963709968155108
2013-09-11,2013-09-11,68.300003,70.800003,67.150002,69.050003,3607069.0,65.104485,0.01092112846981408
2013-09-12,2013-09-12,69.5,70.5,67.050003,67.449997,2249399.0,63.595905,-0.02344435936995115
2013-09-13,2013-09-13,67.400002,68.800003,67.099998,67.599998,1248194.0,63.737339,0.002221478911891061
2013-09-16,2013-09-16,68.599998,69.400002,65.650002,66.900002,1560251.0,63.077339,-0.0104089837151351
2013-09-17,2013-09-17,67.0,67.0,65.400002,65.75,1012502.0,61.99305,-0.017339294689876716
2013-09-18,2013-09-18,65.75,69.800003,65.349998,68.099998,3838875.0,64.20877800000001,0.035117648333740085
2013-09-19,2013-09-19,69.949997,70.949997,68.650002,69.550003,3450703.0,65.57592,0.02106862507013929
2013-09-20,2013-09-20,69.900002,69.900002,66.300003,67.449997,2055971.0,63.595905,-0.030659473910758624
2013-09-23,2013-09-23,66.849998,69.400002,66.25,66.449997,2104795.0,62.653049,-0.01493673412411489
2013-09-24,2013-09-24,66.5,68.300003,66.099998,66.699997,1364753.0,62.888763,0.003755151741585472
2013-09-25,2013-09-25,66.699997,67.449997,65.699997,66.150002,1165348.0,62.37019,-0.008280062228404717
2013-09-26,2013-09-26,66.25,67.550003,65.949997,66.5,1118000.0,62.700184,0.005276945374048657
2013-09-27,2013-09-27,66.5,67.150002,65.900002,66.050003,912841.0,62.275906000000006,-0.006789772827255014
2013-09-30,2013-09-30,65.349998,65.900002,64.300003,64.5,836606.0,60.81448,-0.02374669090479653
2013-10-01,2013-10-01,64.699997,66.5,64.0,65.449997,1104215.0,61.710182,0.014621023095743091
2013-10-03,2013-10-03,65.75,67.150002,65.449997,66.449997,1182352.0,62.653049,0.015163405749079041
2013-10-04,2013-10-04,66.050003,68.25,65.599998,66.900002,1494335.0,63.077339,0.006749229320870853
2013-10-07,2013-10-07,67.949997,74.800003,67.699997,72.650002,12251165.0,68.498779,0.08245434361433635
2013-10-08,2013-10-08,73.5,74.699997,72.099998,72.400002,4091729.0,68.263054,-0.003447237116738222
2013-10-09,2013-10-09,71.349998,77.849998,71.349998,76.400002,8456504.0,72.034508,0.05377659880186414
2013-10-10,2013-10-10,77.0,79.599998,77.0,77.400002,7768265.0,72.97737099999998,0.0130041248144126
2013-10-11,2013-10-11,78.300003,78.400002,75.800003,76.150002,2781516.0,71.798798,-0.016281671824364352
2013-10-14,2013-10-14,76.5,79.199997,76.0,78.25,4035449.0,73.77879300000002,0.027203597620736097
2013-10-15,2013-10-15,78.5,79.449997,76.0,76.349998,2370211.0,71.98736600000002,-0.02458070119092604
2013-10-17,2013-10-17,76.800003,77.150002,75.150002,75.550003,1576106.0,71.233063,-0.010533552786766265
2013-10-18,2013-10-18,75.650002,77.25,75.650002,76.400002,1559082.0,72.034508,0.011188203366907956
2013-10-21,2013-10-21,76.800003,78.699997,76.599998,77.949997,2499518.0,73.49593399999998,0.020084802983783238
2013-10-22,2013-10-22,77.800003,80.400002,77.550003,79.25,4397017.0,74.721657,0.016539884838191018
2013-10-23,2013-10-23,79.650002,80.0,76.300003,77.400002,4191304.0,72.97737099999998,-0.023620563007561657
2013-10-24,2013-10-24,78.0,79.050003,76.650002,77.25,2550424.0,72.835938,-0.0019399195495166663
2013-10-25,2013-10-25,76.699997,77.349998,76.300003,76.550003,1140781.0,72.17594100000002,-0.009102724022356234
2013-10-28,2013-10-28,76.550003,77.300003,75.75,76.0,1011371.0,71.657364,-0.007210836836425648
2013-10-29,2013-10-29,75.5,79.5,74.550003,79.099998,3594081.0,74.580223,0.039979438440935766
2013-10-30,2013-10-30,79.650002,81.400002,79.150002,80.099998,5939279.0,75.523087,0.01256303276683024
2013-10-31,2013-10-31,81.0,83.25,81.0,82.449997,5843686.0,77.738815,0.028916284599009856
2013-11-01,2013-11-01,82.949997,84.150002,81.75,82.849998,4641001.0,78.115959,0.004839694370120995
2013-11-05,2013-11-05,83.050003,83.050003,79.5,79.849998,3746284.0,75.287369,-0.03688199818828864
2013-11-06,2013-11-06,79.5,80.650002,78.849998,79.949997,2666486.0,75.381653,0.0012515381205142615
2013-11-07,2013-11-07,80.199997,80.400002,77.25,77.599998,1945742.0,73.165939,-0.02983391802479485
2013-11-08,2013-11-08,77.5,79.25,76.400002,77.25,2249597.0,72.835938,-0.004520511225545754
2013-11-11,2013-11-11,77.599998,78.199997,76.75,77.349998,1299994.0,72.930214,0.001293524070598906
2013-11-12,2013-11-12,77.800003,78.699997,76.099998,76.5,1382504.0,72.128792,-0.011049712476244087
2013-11-13,2013-11-13,76.550003,77.300003,75.449997,76.400002,1277851.0,72.034508,-0.001308016859250749
2013-11-14,2013-11-14,77.0,78.25,76.75,77.900002,1164034.0,73.448799,0.01944326924991913
2013-11-18,2013-11-18,78.699997,80.099998,77.650002,77.949997,3453553.0,73.49593399999998,0.0006415337338641081
2013-11-19,2013-11-19,78.300003,78.599998,77.25,77.849998,1682361.0,73.401657,-0.0012835746631667533
2013-11-20,2013-11-20,77.650002,79.699997,76.849998,77.150002,2288487.0,72.741661,-0.009032236245488434
2013-11-21,2013-11-21,76.800003,77.800003,76.0,76.25,1122446.0,71.893074,-0.011734342198570502
2013-11-22,2013-11-22,76.699997,77.300003,75.099998,76.050003,1235874.0,71.70450600000002,-0.00262634103429793
2013-11-25,2013-11-25,77.699997,78.0,75.550003,75.949997,2269814.0,71.610214,-0.001315873395360434
2013-11-26,2013-11-26,75.550003,76.400002,74.349998,74.599998,1845235.0,70.337357,-0.01793466572140545
2013-11-27,2013-11-27,74.650002,75.150002,73.0,73.400002,1399943.0,69.205933,-0.016216455759780146
2013-11-28,2013-11-28,74.25,74.449997,73.0,73.199997,1951062.0,69.01735699999999,-0.002728572254318884
2013-11-29,2013-11-29,73.699997,75.349998,73.199997,74.800003,2092287.0,70.525932,0.021622448284347232
2013-12-02,2013-12-02,75.400002,75.800003,74.599998,75.0,1441404.0,70.7145,0.002670171839150193
2013-12-03,2013-12-03,74.5,75.800003,74.349998,74.849998,1251814.0,70.573074,-0.002001960161541305
2013-12-04,2013-12-04,74.75,75.400002,74.0,74.150002,1129591.0,69.913078,-0.00939595605953958
2013-12-05,2013-12-05,74.900002,77.099998,74.300003,76.199997,3822333.0,71.845924,0.027271154027984856
2013-12-06,2013-12-06,76.900002,77.849998,76.199997,76.650002,3015637.0,72.27023299999998,0.0058884476920049176
2013-12-09,2013-12-09,77.949997,77.949997,74.300003,74.650002,2702001.0,70.384514,-0.02643906193493617
2013-12-10,2013-12-10,74.099998,74.800003,71.400002,71.699997,3226872.0,67.603065,-0.040319945118021394
2013-12-11,2013-12-11,71.050003,72.900002,70.099998,71.900002,2374332.0,67.791641,0.002785576002312773
2013-12-12,2013-12-12,71.0,72.449997,71.0,71.75,1135502.0,67.65020799999999,-0.0020884689990809946
2013-12-13,2013-12-13,71.199997,72.099998,70.599998,70.800003,1044632.0,66.754486,-0.013328928246352234
2013-12-16,2013-12-16,70.5,71.800003,70.099998,70.800003,1417741.0,66.754486,0.0
2013-12-17,2013-12-17,70.800003,71.550003,69.0,69.25,1552191.0,65.293068,-0.02213562656937373
2013-12-18,2013-12-18,69.0,70.550003,69.0,70.050003,1755841.0,66.047348,0.01148600431651836
2013-12-19,2013-12-19,70.050003,70.599998,68.349998,68.550003,1208183.0,64.633049,-0.021646004365803332
2013-12-20,2013-12-20,68.25,68.900002,67.599998,67.949997,2932585.0,64.067337,-0.008791203523329294
2013-12-23,2013-12-23,68.349998,73.900002,67.900002,72.550003,12314003.0,68.404503,0.06550398492226073
2013-12-24,2013-12-24,73.199997,75.599998,72.150002,74.5,6767836.0,70.243073,0.02652304257493832
2013-12-26,2013-12-26,74.5,76.5,74.25,74.75,3645822.0,70.47879,0.003350115119775232
2013-12-27,2013-12-27,75.599998,75.900002,74.050003,74.349998,2028590.0,70.101639,-0.005365638837965925
2013-12-30,2013-12-30,74.800003,75.800003,73.949997,74.599998,1843147.0,70.337357,0.003356877050750384
2013-12-31,2013-12-31,74.599998,76.0,73.650002,74.800003,2315748.0,70.525932,0.0026774202702481986
2014-01-01,2014-01-01,74.849998,75.900002,74.5,75.199997,1877704.0,70.90308399999998,0.005333458503755217
2014-01-02,2014-01-02,75.199997,75.900002,70.800003,71.699997,2878774.0,67.603065,-0.0476606082186537
2014-01-03,2014-01-03,70.849998,73.550003,70.800003,73.050003,2015819.0,68.87593100000001,0.01865346236533405
2014-01-06,2014-01-06,73.349998,74.400002,72.599998,73.449997,1702322.0,69.253059,0.005460532753934544
2014-01-07,2014-01-07,73.650002,74.349998,72.550003,72.75,1255659.0,68.593071,-0.009575793577532464
2014-01-08,2014-01-08,72.900002,73.800003,72.150002,72.349998,1120736.0,68.21592700000001,-0.0055134524905016144
2014-01-09,2014-01-09,72.099998,73.75,71.800003,72.25,1644712.0,68.121635,-0.001383214040954428
2014-01-10,2014-01-10,72.25,73.400002,71.25,71.599998,1430158.0,67.508774,-0.009037282651719993
2014-01-13,2014-01-13,71.5,72.5,71.5,71.849998,913392.0,67.74449200000001,0.003485582945560673
2014-01-14,2014-01-14,72.300003,75.199997,71.849998,73.800003,5672924.0,69.583069,0.02677811869135649
2014-01-15,2014-01-15,74.300003,74.699997,73.050003,73.400002,2127340.0,69.205933,-0.0054346803106071215
2014-01-16,2014-01-16,73.5,74.199997,71.5,71.849998,1709890.0,67.74449200000001,-0.02134343838074937
2014-01-17,2014-01-17,71.75,72.349998,70.099998,70.550003,1667752.0,66.518776,-0.01825890388751006
2014-01-20,2014-01-20,70.75,71.949997,70.550003,71.5,1192704.0,67.414505,0.0133759488051588
2014-01-21,2014-01-21,71.650002,72.949997,71.400002,72.25,1297658.0,68.121635,0.010434654788510578
2014-01-22,2014-01-22,72.5,73.699997,72.400002,73.099998,2005647.0,68.923073,0.011696141325701959
2014-01-23,2014-01-23,73.099998,74.599998,73.0,73.599998,2729646.0,69.394508,0.006816730340949206
2014-01-24,2014-01-24,69.5,71.800003,69.300003,70.5,2406970.0,66.471642,-0.043032308312842105
2014-01-27,2014-01-27,69.550003,69.650002,68.400002,68.650002,1367200.0,64.72734799999999,-0.026591619087579232
2014-01-28,2014-01-28,68.349998,69.650002,68.349998,68.650002,968492.0,64.72734799999999,0.0
2014-01-29,2014-01-29,69.449997,69.849998,68.400002,68.650002,834853.0,64.72734799999999,0.0
2014-01-30,2014-01-30,68.0,68.5,66.800003,67.25,1118805.0,63.407341,-0.020604158150550944
2014-01-31,2014-01-31,67.300003,68.949997,67.300003,68.650002,856053.0,64.72734799999999,0.020604158150550944
2014-02-03,2014-02-03,68.0,69.800003,67.550003,67.699997,906423.0,63.83162700000001,-0.01393501300946376
2014-02-04,2014-02-04,67.0,68.199997,66.599998,67.800003,1036838.0,63.925911,0.0014759836263706914
2014-02-05,2014-02-05,67.300003,68.800003,67.300003,68.5,918496.0,64.585915,0.010271580808764114
2014-02-06,2014-02-06,68.550003,69.75,67.949997,69.25,1410545.0,65.293068,0.010889521485324849
2014-02-07,2014-02-07,69.5,74.900002,69.0,74.150002,5860988.0,69.913078,0.06836685314546198
2014-02-10,2014-02-10,74.699997,75.25,73.050003,73.300003,4493737.0,69.111641,-0.011529545014595577
2014-02-11,2014-02-11,73.449997,73.699997,71.5,71.699997,1614999.0,67.603065,-0.022069860318372214
2014-02-12,2014-02-12,72.099998,72.349998,70.5,70.75,1174872.0,66.707352,-0.01333815052294973
2014-02-13,2014-02-13,71.0,71.25,69.400002,69.599998,950495.0,65.62305500000001,-0.016388089357484148
2014-02-14,2014-02-14,69.650002,70.650002,69.300003,69.800003,1133795.0,65.811646,0.0028697311743588467
2014-02-17,2014-02-17,70.0,73.300003,69.0,71.900002,2618482.0,67.791641,0.029642084708387806
2014-02-18,2014-02-18,72.349998,73.650002,71.75,72.599998,2728057.0,68.451637,0.0096885684550303
2014-02-19,2014-02-19,72.5,74.25,72.25,73.699997,2539134.0,69.488777,0.015037790801623709
2014-02-20,2014-02-20,73.5,74.150002,72.650002,73.0,1941504.0,68.828781,-0.009543271564030677
2014-02-21,2014-02-21,73.199997,73.75,72.25,72.449997,1242358.0,68.310211,-0.007562728354105097
2014-02-24,2014-02-24,72.599998,75.599998,72.599998,75.099998,4865508.0,70.808784,0.03592380320191335
2014-02-25,2014-02-25,76.0,78.849998,76.0,78.050003,11788914.0,73.590233,0.03852925232404214
2014-02-26,2014-02-26,78.650002,78.699997,75.599998,75.900002,3232021.0,71.56308,-0.027933014605345363
2014-02-28,2014-02-28,76.150002,77.550003,76.0,77.0,2216887.0,72.60022,0.01438865360998154
2014-03-03,2014-03-03,76.800003,79.099998,75.099998,76.949997,4255518.0,72.553078,-0.0006495477857830777
2014-03-04,2014-03-04,77.550003,78.699997,77.25,77.849998,2973170.0,73.401657,0.01162810595413344
2014-03-05,2014-03-05,78.349998,79.25,77.349998,78.349998,3508446.0,73.873085,0.006402042926916707
2014-03-06,2014-03-06,78.800003,79.5,77.800003,78.099998,3956232.0,73.637367,-0.0031959525232494452
2014-03-07,2014-03-07,78.400002,79.5,77.300003,77.699997,4113965.0,73.260216,-0.005134894951937419
2014-03-10,2014-03-10,77.5,81.75,76.949997,80.5,8371780.0,75.900223,0.03540191672441484
2014-03-11,2014-03-11,81.0,82.699997,80.599998,81.199997,7125035.0,76.560234,0.008658181092675576
2014-03-12,2014-03-12,83.0,86.300003,82.650002,85.25,19161583.0,80.378822,0.04867292996039119
2014-03-13,2014-03-13,86.400002,88.25,78.300003,79.150002,28301491.0,74.62738,-0.07424326952522975
2014-03-14,2014-03-14,75.0,76.75,73.699997,74.199997,23447711.0,69.960213,-0.06458076925884271
2014-03-18,2014-03-18,73.0,75.699997,72.650002,73.599998,33974616.0,69.394508,-0.00811896580798077
2014-03-19,2014-03-19,74.0,74.25,70.849998,71.449997,15258616.0,67.36734,-0.029647398191228188
2014-03-20,2014-03-20,72.300003,73.400002,70.699997,70.949997,16200943.0,66.895912,-0.007022471604892999
2014-03-21,2014-03-21,71.800003,72.849998,71.099998,71.900002,9131085.0,67.791641,0.013301039121502713
2014-03-24,2014-03-24,73.900002,74.150002,72.599998,72.75,7662666.0,68.593071,0.011752625539423356
2014-03-25,2014-03-25,72.5,73.449997,72.099998,72.199997,6622240.0,68.074493,-0.007588932935426841
2014-03-26,2014-03-26,72.0,73.099998,71.0,71.199997,12446084.0,67.13163,-0.013947271962855723
2014-03-27,2014-03-27,71.099998,75.400002,71.0,74.099998,32380834.0,69.86592900000001,0.03992278661571192
2014-03-28,2014-03-28,74.900002,75.400002,73.849998,74.300003,11022223.0,70.054497,0.0026953622076852928
2014-03-31,2014-03-31,75.349998,75.599998,72.699997,73.550003,13290184.0,69.347359,-0.01014540388070273
2014-04-01,2014-04-01,73.900002,75.849998,72.849998,75.300003,14090793.0,70.99736800000002,0.02351474208774018
2014-04-02,2014-04-02,78.400002,78.699997,76.5,77.300003,18140898.0,72.883087,0.026213803422673543
2014-04-03,2014-04-03,70.199997,72.199997,69.199997,69.800003,36831080.0,65.811646,-0.1020597958026368
2014-04-04,2014-04-04,69.949997,70.300003,69.099998,69.300003,10521679.0,65.34021,-0.0071891934261731905
2014-04-07,2014-04-07,69.5,69.75,65.849998,67.300003,10796120.0,63.454483,-0.029284774402689177
2014-04-09,2014-04-09,67.550003,68.75,67.400002,68.150002,6785626.0,64.255913,0.01255090494630018
2014-04-10,2014-04-10,68.199997,69.400002,68.099998,68.5,7761780.0,64.585915,0.005122602290818179
2014-04-11,2014-04-11,68.0,68.349998,67.0,67.199997,6198039.0,63.360191,-0.019160590938119167
2014-04-15,2014-04-15,67.5,69.449997,67.449997,67.699997,5687619.0,63.83162700000001,0.007413026502984366
2014-04-16,2014-04-16,67.400002,68.199997,66.099998,66.300003,5015983.0,62.511627,-0.020896217084263924
2014-04-17,2014-04-17,66.349998,68.099998,66.349998,67.449997,6315024.0,63.595905,0.0171965100401561
2014-04-21,2014-04-21,68.150002,69.099998,67.75,68.25,7279470.0,64.350197,0.011790913939806023
2014-04-22,2014-04-22,68.349998,69.300003,68.300003,68.5,5852485.0,64.585915,0.0036563575394366055
2014-04-23,2014-04-23,69.900002,70.449997,68.25,68.75,19316600.0,64.821632,0.0036430218508858303
2014-04-24,2014-04-24,68.75,68.75,68.75,68.75,0.0,64.821632,0.0
2014-04-25,2014-04-25,69.0,69.5,67.400002,67.699997,5992834.0,63.83162700000001,-0.015390586286020637
2014-04-28,2014-04-28,67.25,68.599998,67.25,68.050003,4949074.0,64.161621,0.005156439676885505
2014-04-29,2014-04-29,68.199997,68.800003,67.099998,67.400002,4100431.0,63.548771,-0.009597569856307329
2014-04-30,2014-04-30,67.599998,68.150002,63.049999,64.199997,7953430.0,60.531609,-0.04864196693485212
2014-05-02,2014-05-02,64.900002,65.0,63.400002,63.75,4461908.0,60.10732700000001,-0.007033943822683852
2014-05-05,2014-05-05,63.549999,63.75,62.299999,62.950001,4222319.0,59.353039,-0.012628423125319088
2014-05-06,2014-05-06,62.799999,64.25,62.799999,63.25,2880217.0,59.635895,0.004754333420598833
2014-05-07,2014-05-07,63.099998,63.700001,62.75,62.950001,2321614.0,59.353039,-0.004754333420598833
2014-05-08,2014-05-08,63.0,63.450001,62.299999,62.400002,2071346.0,58.83446899999999,-0.008775433827450385
2014-05-09,2014-05-09,62.400002,65.349998,62.400002,65.0,5431963.0,61.285908,0.04082204007178358
2014-05-12,2014-05-12,65.0,66.150002,64.800003,65.0,4509954.0,61.285908,0.0
2014-05-13,2014-05-13,65.300003,66.650002,65.150002,65.800003,5438982.0,62.040195,0.01223255072999141
2014-05-14,2014-05-14,66.0,67.199997,65.599998,66.75,5190753.0,62.935902,0.014334298451458947
2014-05-15,2014-05-15,66.75,67.599998,65.5,65.75,3767271.0,61.99305,-0.015094497900735247
2014-05-16,2014-05-16,67.0,68.849998,66.5,67.349998,10972814.0,63.501617,0.024043088153773876
2014-05-19,2014-05-19,67.900002,71.75,67.550003,71.199997,14316642.0,67.13163,0.05558994875986212
2014-05-20,2014-05-20,72.5,74.050003,71.199997,73.050003,12557828.0,68.87593100000001,0.025651465721880484
2014-05-21,2014-05-21,74.25,74.300003,72.300003,73.25,7219952.0,69.064499,0.0027340514664579985
2014-05-22,2014-05-22,73.599998,77.0,73.5,76.25,15779400.0,71.893074,0.04013909576392205
2014-05-23,2014-05-23,77.400002,78.0,76.449997,77.199997,10586537.0,72.788788,0.012382000499237657
2014-05-26,2014-05-26,78.0,78.900002,70.349998,73.349998,11856718.0,69.158783,-0.05115686856926338
2014-05-27,2014-05-27,73.25,73.800003,70.599998,72.25,5263404.0,68.121635,-0.015110206515408288
2014-05-28,2014-05-28,72.0,73.150002,71.25,71.400002,6534907.0,67.320213,-0.011834323957577551
2014-05-29,2014-05-29,71.349998,72.900002,71.349998,72.199997,8883782.0,68.074493,0.011142057553606756
2014-05-30,2014-05-30,72.300003,73.550003,72.199997,72.5,4082704.0,68.357361,0.004146662191097938
2014-06-02,2014-06-02,73.0,74.550003,72.800003,74.300003,5510851.0,70.054497,0.024524214669443545
2014-06-03,2014-06-03,74.449997,75.25,73.599998,74.199997,5222054.0,69.960213,-0.0013467729819387484
2014-06-04,2014-06-04,73.900002,75.800003,73.900002,75.300003,5987654.0,70.99736800000002,0.0147161111889762
2014-06-05,2014-06-05,76.0,78.0,75.800003,77.349998,11538675.0,72.930214,0.02686020538076317
2014-06-06,2014-06-06,76.5,77.400002,75.550003,76.150002,9733302.0,71.798798,-0.01563527634544659
2014-06-09,2014-06-09,76.300003,81.650002,75.550003,80.699997,21021721.0,76.088814,0.05803352829488517
2014-06-10,2014-06-10,81.849998,83.150002,79.150002,81.900002,25352490.0,77.22024499999998,0.014760400322372469
2014-06-11,2014-06-11,78.0,79.650002,76.75,77.800003,26467292.0,73.354515,-0.05135760669739131
2014-06-12,2014-06-12,77.349998,77.650002,75.849998,76.349998,15636039.0,71.98736600000002,-0.018813425490056268
2014-06-13,2014-06-13,76.300003,76.75,72.199997,72.599998,13159601.0,68.451637,-0.05036316468167179
2014-06-16,2014-06-16,72.900002,73.449997,70.800003,72.75,8820909.0,68.593071,0.0020640570843930557
2014-06-17,2014-06-17,72.800003,73.75,72.25,73.449997,5149438.0,69.253059,0.009575793577532464
2014-06-18,2014-06-18,73.550003,74.449997,71.550003,72.349998,6302402.0,68.21592700000001,-0.01508924606803408
2014-06-19,2014-06-19,72.300003,73.349998,71.550003,71.900002,4673410.0,67.791641,-0.006239173048921742
2014-06-20,2014-06-20,71.550003,73.199997,71.5,71.650002,5484521.0,67.55592299999999,-0.00348315450018788
2014-06-23,2014-06-23,71.5,72.5,71.0,71.650002,4416482.0,67.55592299999999,0.0
2014-06-24,2014-06-24,72.449997,73.800003,72.349998,73.050003,8017440.0,68.87593100000001,0.01935104086320916
2014-06-25,2014-06-25,73.599998,74.050003,73.25,73.349998,3809408.0,69.158783,0.0040982791603543225
2014-06-26,2014-06-26,73.050003,73.699997,72.400002,72.650002,3676266.0,68.498779,-0.009589143491657737
2014-06-27,2014-06-27,72.550003,73.300003,72.050003,73.0,7995059.0,68.828781,0.004806065660905468
2014-06-30,2014-06-30,73.550003,74.699997,73.5,74.5,5146970.0,70.243073,0.020339712417154487
2014-07-01,2014-07-01,76.150002,76.75,75.25,75.349998,8611286.0,71.04451,0.01134488365930686
2014-07-02,2014-07-02,75.75,76.099998,74.800003,75.25,3687034.0,70.950218,-0.0013281058415044456
2014-07-03,2014-07-03,75.650002,75.800003,74.300003,74.5,3420477.0,70.243073,-0.010016777817802414
2014-07-04,2014-07-04,74.150002,75.150002,73.550003,74.300003,2991963.0,70.054497,-0.00268823064523982
2014-07-07,2014-07-07,74.699997,75.25,74.349998,74.550003,2826455.0,70.290215,0.003359132215098093
2014-07-08,2014-07-08,74.650002,74.849998,71.150002,71.699997,4808930.0,67.603065,-0.03897927768194887
2014-07-09,2014-07-09,71.699997,71.900002,69.25,69.5,6230499.0,65.52877,-0.031164039411515358
2014-07-10,2014-07-10,69.150002,72.699997,68.300003,70.550003,7816592.0,66.518776,0.014994970828126062
2014-07-11,2014-07-11,70.650002,71.400002,68.050003,68.25,4039093.0,64.350197,-0.033144258253866354
2014-07-14,2014-07-14,68.0,68.900002,67.699997,68.400002,2563557.0,64.491623,0.002195343977609454
2014-07-15,2014-07-15,68.949997,69.849998,68.900002,69.550003,2221565.0,65.57592,0.01667321599334315
2014-07-16,2014-07-16,70.0,71.949997,69.900002,71.550003,4812406.0,67.461639,0.028350569825939864
2014-07-17,2014-07-17,70.900002,72.599998,70.900002,71.949997,4391706.0,68.557411,0.016112385815340247
2014-07-18,2014-07-18,71.5,74.25,70.199997,73.800003,8293030.0,71.060921,0.03586604035427676
2014-07-21,2014-07-21,74.199997,74.550003,72.699997,72.900002,5439097.0,70.194321,-0.012270141063527085
2014-07-22,2014-07-22,72.949997,73.900002,72.300003,72.949997,3927498.0,70.242455,0.0006854899871076015
2014-07-23,2014-07-23,73.150002,73.800003,71.800003,72.5,3477502.0,69.809158,-0.006187695710297979
2014-07-24,2014-07-24,71.849998,72.449997,71.0,71.25,5317918.0,68.60556,-0.01739162359011992
2014-07-25,2014-07-25,71.050003,71.5,69.050003,69.599998,3918170.0,67.01679200000001,-0.02343036615521221
2014-07-28,2014-07-28,69.0,70.099998,68.900002,69.300003,2332233.0,66.727928,-0.00431963892355558
2014-07-30,2014-07-30,69.0,69.449997,68.699997,69.25,1999145.0,66.679794,-0.0007216074357181412
2014-07-31,2014-07-31,69.0,69.699997,68.0,68.349998,4920131.0,65.813187,-0.01308173990954753
2014-08-01,2014-08-01,67.699997,68.900002,67.550003,67.800003,2791201.0,65.2836,-0.008079372392018058
2014-08-04,2014-08-04,68.0,68.550003,68.0,68.199997,1969767.0,65.668755,0.005882385400529877
2014-08-05,2014-08-05,68.300003,69.400002,68.050003,68.599998,3257332.0,66.05390899999999,0.005847970060008478
2014-08-06,2014-08-06,68.300003,69.199997,67.699997,67.900002,2233446.0,65.379898,-0.010256370469948095
2014-08-07,2014-08-07,67.75,68.349998,67.050003,67.199997,2439234.0,64.705864,-0.010363010090880032
2014-08-08,2014-08-08,66.75,66.75,65.650002,65.800003,3049351.0,63.357834,-0.02105326977807387
2014-08-11,2014-08-11,66.400002,66.800003,66.099998,66.199997,1550390.0,63.742985,0.006060577452322136
2014-08-12,2014-08-12,66.699997,67.300003,66.400002,66.949997,1853600.0,64.465149,0.011265613423769416
2014-08-13,2014-08-13,66.650002,67.25,65.199997,65.550003,2212814.0,63.117119,-0.02113271991518939
2014-08-14,2014-08-14,65.550003,66.449997,65.25,66.25,1672651.0,63.791126,0.010622057490945023
2014-08-18,2014-08-18,66.050003,68.25,66.050003,67.949997,2970950.0,65.42804,0.02533682298752815
2014-08-19,2014-08-19,68.199997,69.849998,67.599998,69.599998,3895985.0,67.01679200000001,0.023992302099827608
2014-08-20,2014-08-20,69.800003,69.900002,68.599998,68.949997,2449820.0,66.390915,-0.009382990022762884
2014-08-21,2014-08-21,68.599998,69.25,68.050003,68.400002,2627499.0,65.861343,-0.008008556351843945
2014-08-22,2014-08-22,68.400002,69.449997,68.199997,68.349998,2288642.0,65.813187,-0.0007314398942144251
2014-08-25,2014-08-25,68.25,68.599998,66.949997,67.099998,1989678.0,64.609581,-0.018457516101335614
2014-08-26,2014-08-26,66.599998,67.349998,66.050003,66.650002,2088661.0,64.176285,-0.006728962554487517
2014-08-27,2014-08-27,67.0,67.400002,66.699997,66.900002,1806330.0,64.417007,0.0037439321669108243
2014-08-28,2014-08-28,66.699997,67.099998,65.5,65.800003,3993264.0,63.357834,-0.016579120781469392
2014-09-01,2014-09-01,66.0,67.349998,66.0,67.050003,2519797.0,64.561447,0.018818875653735745
2014-09-02,2014-09-02,67.050003,68.050003,67.0,67.25,2374270.0,64.754013,0.0029782385236352127
2014-09-03,2014-09-03,67.449997,68.0,66.599998,66.800003,3116130.0,64.320724,-0.0067137944668740355
2014-09-04,2014-09-04,66.800003,67.699997,66.199997,66.699997,2684671.0,64.224426,-0.0014982753999568386
2014-09-05,2014-09-05,66.599998,67.199997,66.199997,66.75,2271598.0,64.272575,0.0007494183035996471
2014-09-08,2014-09-08,67.0,68.0,66.75,67.449997,2174928.0,64.946587,0.010432169692066395
2014-09-09,2014-09-09,67.849998,70.699997,67.800003,70.150002,8264762.0,67.546387,0.03924938304735015
2014-09-10,2014-09-10,70.300003,71.849998,69.900002,70.699997,8469620.0,68.07596600000001,0.007809652021181002
2014-09-11,2014-09-11,71.099998,72.0,70.0,71.300003,6038897.0,68.653702,0.008450827779659775
2014-09-12,2014-09-12,71.550003,72.400002,70.75,71.349998,5521295.0,68.701836,0.0007008672918642488
2014-09-15,2014-09-15,71.0,71.400002,70.199997,70.650002,3150097.0,68.027824,-0.009859125805197877
2014-09-16,2014-09-16,70.699997,71.5,67.300003,67.699997,4736713.0,65.187309,-0.04265199520972107
2014-09-17,2014-09-17,68.199997,68.5,66.800003,67.599998,3136200.0,65.091026,-0.0014781124970628667
2014-09-18,2014-09-18,67.300003,69.800003,67.199997,69.449997,3393758.0,66.87236800000001,0.026999157182269858
2014-09-19,2014-09-19,69.449997,70.199997,68.5,68.650002,2376380.0,66.102058,-0.011585966414871862
2014-09-22,2014-09-22,68.099998,70.0,68.099998,69.199997,2681207.0,66.63164499999999,0.007979733830960178
2014-09-23,2014-09-23,69.949997,72.0,69.650002,70.0,8815893.0,67.40194699999999,0.011494289892983291
2014-09-24,2014-09-24,70.099998,70.5,68.150002,69.0,3953847.0,66.439072,-0.014388587583305856
2014-09-25,2014-09-25,68.849998,69.25,66.0,66.349998,5566169.0,63.887424,-0.03916278265547124
2014-09-26,2014-09-26,66.050003,67.0,64.550003,66.650002,4309542.0,64.176285,0.00451121542771471
2014-09-29,2014-09-29,67.0,67.400002,66.400002,66.599998,1948821.0,64.12814300000001,-0.000750433995298394
2014-09-30,2014-09-30,66.5,67.150002,65.849998,66.0,2249619.0,63.550404,-0.009049961120716432
2014-10-01,2014-10-01,66.099998,66.449997,65.300003,65.449997,1448644.0,63.020821,-0.008368190959759936
2014-10-07,2014-10-07,65.5,66.199997,64.900002,65.050003,1873701.0,62.635674,-0.006130175859527576
2014-10-08,2014-10-08,64.849998,65.650002,64.5,65.150002,1857452.0,62.73196400000001,0.0015361224071934745
2014-10-09,2014-10-09,65.5,66.599998,65.5,66.300003,1918229.0,63.83927900000001,0.01749754881591059
2014-10-10,2014-10-10,66.0,66.75,65.5,65.800003,2222123.0,63.357834,-0.007570097902360294
2014-10-13,2014-10-13,65.349998,66.0,65.099998,65.650002,1437625.0,63.213398,-0.0022822889595532914
2014-10-14,2014-10-14,65.849998,66.400002,65.25,65.800003,2235585.0,63.357834,0.0022822889595532914
2014-10-15,2014-10-15,65.800003,65.800003,65.800003,65.800003,0.0,63.357834,0.0
2014-10-16,2014-10-16,65.900002,66.699997,65.0,65.199997,2415185.0,62.78009399999999,-0.009160512610950631
2014-10-17,2014-10-17,65.949997,65.949997,63.849998,64.699997,2386323.0,62.29865600000001,-0.0076981961778193045
2014-10-20,2014-10-20,66.0,66.349998,65.150002,65.25,1766924.0,62.828247,0.008464912814239334
2014-10-21,2014-10-21,65.449997,66.699997,65.25,66.5,1997339.0,64.031853,0.01897589733031335
2014-10-22,2014-10-22,67.0,69.099998,66.199997,67.849998,7034323.0,65.331749,0.02009745759682069
2014-10-27,2014-10-27,69.349998,69.449997,68.150002,68.599998,3194182.0,66.05390899999999,0.010993091386298559
2014-10-28,2014-10-28,68.199997,68.949997,68.199997,68.550003,1609707.0,66.005768,-0.0007290795074785804
2014-10-29,2014-10-29,68.699997,68.900002,68.050003,68.25,1681078.0,65.71689599999999,-0.004386070769121453
2014-10-30,2014-10-30,68.5,68.550003,67.599998,67.800003,6728936.0,65.2836,-0.006615205183938322
2014-10-31,2014-10-31,68.150002,69.699997,68.150002,69.300003,3864481.0,66.727928,0.021882719737283732
2014-11-03,2014-11-03,69.849998,72.300003,69.699997,71.900002,6471210.0,69.23143,0.036831374330255066
2014-11-05,2014-11-05,72.550003,72.800003,70.800003,71.150002,3742063.0,68.50927,-0.01048588568240838
2014-11-07,2014-11-07,71.5,71.849998,69.800003,70.25,2585397.0,67.642677,-0.012729964158768148
2014-11-10,2014-11-10,71.400002,71.900002,69.949997,70.150002,3537604.0,67.546387,-0.0014245237511696376
2014-11-11,2014-11-11,71.0,72.449997,70.550003,72.150002,5806441.0,69.472145,0.028111304196189124
2014-11-12,2014-11-12,72.5,75.0,71.599998,73.650002,13610045.0,70.916481,0.02057697982007589
2014-11-13,2014-11-13,74.5,75.75,73.199997,73.900002,9809762.0,71.15720400000002,0.003388709603173723
2014-11-14,2014-11-14,74.0,74.699997,73.099998,73.900002,4022913.0,71.15720400000002,0.0
2014-11-17,2014-11-17,74.0,74.75,73.550003,74.349998,3693505.0,71.5905,0.006070813310613765
2014-11-18,2014-11-18,74.900002,76.849998,74.050003,76.449997,9972946.0,73.61255600000001,0.02785322541138591
2014-11-19,2014-11-19,76.5,76.900002,73.300003,73.949997,5755363.0,71.205345,-0.03324772318574176
2014-11-20,2014-11-20,73.400002,74.150002,71.5,72.349998,3930799.0,69.664734,-0.021873664539920238
2014-11-21,2014-11-21,72.099998,73.449997,71.800003,72.400002,3664811.0,69.712868,0.0006906992403781231
2014-11-24,2014-11-24,73.150002,73.400002,72.050003,72.25,2848963.0,69.568443,-0.002073861176724812
2014-11-25,2014-11-25,72.25,72.5,69.550003,70.099998,3905997.0,67.49823,-0.030209684036300644
2014-11-26,2014-11-26,69.849998,70.900002,69.599998,70.25,2435794.0,67.642677,0.0021377251080405557
2014-11-27,2014-11-27,70.099998,70.75,69.800003,70.050003,2752453.0,67.450096,-0.002851094491241213
2014-11-28,2014-11-28,71.0,71.699997,70.5,70.650002,3208766.0,68.027824,0.008528792027578723
2014-12-01,2014-12-01,70.349998,71.400002,69.599998,69.849998,1924717.0,67.257515,-0.011388038506241926
2014-12-02,2014-12-02,69.400002,71.099998,69.349998,70.800003,2640514.0,68.172264,0.013509036462550306
2014-12-03,2014-12-03,70.699997,71.650002,70.5,70.699997,2207452.0,68.07596600000001,-0.0014135672226345266
2014-12-04,2014-12-04,71.199997,72.900002,71.199997,72.349998,6435286.0,69.664734,0.02306999259459541
2014-12-05,2014-12-05,72.599998,72.900002,71.150002,71.5,3097202.0,68.846275,-0.011818100696794788
2014-12-08,2014-12-08,71.650002,73.849998,70.800003,73.25,7438519.0,70.531319,0.024180731718789872
2014-12-09,2014-12-09,72.800003,73.599998,70.550003,70.75,4893900.0,68.124115,-0.034725590233757764
2014-12-10,2014-12-10,70.550003,72.650002,70.449997,72.050003,3225598.0,69.37586999999999,0.018207850455168817
2014-12-11,2014-12-11,72.0,72.25,70.599998,71.050003,2957326.0,68.412987,-0.013976437501677095
2014-12-12,2014-12-12,72.099998,72.349998,70.050003,70.199997,3132952.0,67.594521,-0.012035745558522493
2014-12-15,2014-12-15,69.949997,70.650002,69.150002,69.75,2172834.0,67.161224,-0.006430872291034896
2014-12-16,2014-12-16,69.400002,69.550003,65.699997,66.050003,4312338.0,63.59855699999999,-0.05450527576783326
2014-12-17,2014-12-17,66.199997,66.5,62.799999,64.949997,5111517.0,62.539379,-0.016794359074070897
2014-12-18,2014-12-18,66.099998,66.949997,65.5,66.550003,2821890.0,64.08000200000001,0.024335911635721352
2014-12-19,2014-12-19,67.050003,67.400002,66.150002,66.349998,2523957.0,63.887424,-0.0030097994684776808
2014-12-22,2014-12-22,66.300003,66.949997,65.75,66.699997,2200386.0,64.224426,0.005261071123696226
2014-12-23,2014-12-23,66.699997,67.300003,66.0,66.300003,1962731.0,63.83927900000001,-0.006014946408179789
2014-12-24,2014-12-24,66.050003,66.699997,65.550003,65.849998,6051258.0,63.405975,-0.0068105593133234174
2014-12-26,2014-12-26,66.25,66.5,65.800003,66.300003,1429466.0,63.83927900000001,0.0068105593133234174
2014-12-29,2014-12-29,66.949997,67.699997,66.849998,67.150002,2287299.0,64.65773,0.012739005750871613
2014-12-30,2014-12-30,67.099998,67.449997,66.800003,67.199997,1397735.0,64.705864,0.0007441661248419608
2014-12-31,2014-12-31,67.0,68.150002,67.0,67.699997,1914155.0,65.187309,0.007412971653268484
2015-01-01,2015-01-01,67.449997,68.900002,67.400002,68.699997,1654384.0,66.1502,0.014663111240878381
2015-01-02,2015-01-02,68.800003,70.099998,68.699997,69.199997,3318755.0,66.63164499999999,0.007251700860416931
2015-01-05,2015-01-05,69.25,70.0,69.0,69.25,2401847.0,66.679794,0.0007223536472915626
2015-01-06,2015-01-06,68.949997,68.949997,65.650002,66.0,3642332.0,63.550404,-0.048068613681385486
2015-01-07,2015-01-07,66.400002,66.599998,65.0,66.050003,2831098.0,63.59855699999999,0.0007574265951273418
2015-01-08,2015-01-08,66.699997,67.300003,66.449997,67.050003,1895888.0,64.561447,0.01502665556006466
2015-01-09,2015-01-09,68.0,68.300003,66.75,67.199997,2519836.0,64.705864,0.002234394124338124
2015-01-12,2015-01-12,67.099998,67.849998,66.800003,67.599998,1450206.0,65.091026,0.005934859156205618
2015-01-13,2015-01-13,67.650002,67.800003,66.5,66.849998,1171416.0,64.368866,-0.011156621242986551
2015-01-14,2015-01-14,66.599998,67.25,66.050003,66.349998,1306165.0,63.887424,-0.007507534504449077
2015-01-15,2015-01-15,68.099998,69.349998,66.849998,68.349998,4149704.0,65.813187,0.029697694083537837
2015-01-16,2015-01-16,68.199997,69.300003,67.599998,68.699997,2644968.0,66.1502,0.005107685401839035
2015-01-19,2015-01-19,68.5,70.0,68.400002,68.900002,2758903.0,66.342781,0.0029070390622907287
2015-01-20,2015-01-20,69.099998,69.400002,68.5,68.650002,1939300.0,66.102058,-0.003635072032833975
2015-01-21,2015-01-21,68.949997,69.949997,68.650002,69.449997,5268091.0,66.87236800000001,0.011585966414871862
2015-01-22,2015-01-22,71.400002,73.650002,70.849998,71.550003,15781075.0,68.894424,0.029789398429938
2015-01-23,2015-01-23,72.449997,72.449997,70.25,70.800003,7030753.0,68.172264,-0.01053744994911554
2015-01-27,2015-01-27,70.800003,71.0,69.699997,70.050003,3704234.0,67.450096,-0.010649789983887105
2015-01-28,2015-01-28,69.75,70.349998,68.800003,69.050003,3716655.0,66.487213,-0.014378362470998772
2015-01-29,2015-01-29,68.800003,69.300003,68.25,68.699997,3513402.0,66.1502,-0.005081729470265195
2015-01-30,2015-01-30,69.099998,70.199997,68.300003,68.849998,3608623.0,66.294624,0.0021808939433318737
2015-02-02,2015-02-02,68.949997,71.25,68.800003,70.800003,4010229.0,68.172264,0.0279289879818192
2015-02-03,2015-02-03,71.25,71.300003,68.699997,69.0,4088210.0,66.439072,-0.02575247875505671
2015-02-04,2015-02-04,69.449997,69.449997,67.849998,68.199997,2807504.0,65.668755,-0.01166207556342158
2015-02-05,2015-02-05,68.650002,68.699997,66.75,67.050003,2196531.0,64.561447,-0.017005804625157772
2015-02-06,2015-02-06,67.099998,67.25,66.300003,66.550003,2069099.0,64.08000200000001,-0.007485102998414206
2015-02-09,2015-02-09,66.550003,67.099998,65.550003,65.800003,2634659.0,63.357834,-0.01133377265532154
2015-02-10,2015-02-10,65.849998,66.75,63.900002,64.849998,3151814.0,62.443089,-0.014542995399578372
2015-02-11,2015-02-11,65.449997,66.349998,65.25,66.050003,1904296.0,63.59855699999999,0.018335215493249457
2015-02-12,2015-02-12,66.449997,66.949997,65.849998,66.849998,2191741.0,64.368866,0.01203928759762185
2015-02-13,2015-02-13,67.0,67.400002,66.550003,66.949997,1675392.0,64.465149,0.0014946831847986175
2015-02-16,2015-02-16,67.349998,67.800003,66.949997,67.099998,1686044.0,64.609581,0.002237960292954533
2015-02-18,2015-02-18,67.150002,67.800003,67.0,67.449997,1751279.0,64.946587,0.005202481137160042
2015-02-19,2015-02-19,67.650002,67.75,66.25,67.150002,1756880.0,64.65773,-0.004457528652974219
2015-02-20,2015-02-20,67.449997,68.25,66.550003,67.349998,2490195.0,64.850296,0.0029738101623726365
2015-02-23,2015-02-23,67.0,68.099998,66.800003,67.0,1634295.0,64.51329,-0.005210226042684951
2015-02-24,2015-02-24,67.099998,67.349998,66.400002,66.599998,1103420.0,64.12814300000001,-0.0059879331536594185
2015-02-25,2015-02-25,67.0,67.099998,65.949997,66.050003,1497082.0,63.59855699999999,-0.00829253452558909
2015-02-26,2015-02-26,66.5,67.0,64.699997,66.849998,30153184.0,64.368866,0.01203928759762185
2015-02-27,2015-02-27,67.25,67.800003,66.199997,67.150002,3490075.0,64.65773,0.004477595961938974
2015-03-02,2015-03-02,67.949997,68.0,66.900002,67.550003,3079785.0,65.042877,0.0059390336095894725
2015-03-03,2015-03-03,67.900002,70.199997,67.150002,69.400002,21786138.0,66.824219,0.02701887613529852
2015-03-04,2015-03-04,71.300003,71.300003,67.699997,68.0,8499392.0,65.476173,-0.020379269245766274
2015-03-05,2015-03-05,67.75,68.5,67.199997,67.800003,3967022.0,65.2836,-0.0029454492739899862
2015-03-09,2015-03-09,67.699997,68.75,66.849998,67.050003,4188155.0,64.561447,-0.011123419224627895
2015-03-10,2015-03-10,67.449997,67.599998,66.099998,66.349998,2002955.0,63.887424,-0.010494902466891887
2015-03-11,2015-03-11,66.75,66.800003,65.699997,65.900002,2103663.0,63.454121,-0.0068053936727308076
2015-03-12,2015-03-12,66.099998,66.75,65.650002,66.400002,2153337.0,63.935562,0.007558591572141005
2015-03-13,2015-03-13,66.800003,67.199997,65.0,65.199997,2344730.0,62.78009399999999,-0.018237683697204687
2015-03-16,2015-03-16,65.300003,65.5,64.599998,64.800003,1691402.0,62.394947,-0.006153754172398607
2015-03-17,2015-03-17,65.5,65.650002,64.849998,65.400002,2322238.0,62.972675,0.009216607612251515
2015-03-18,2015-03-18,65.300003,66.199997,65.050003,65.5,2052380.0,63.068966,0.0015279239141774426
2015-03-19,2015-03-19,66.0,66.099998,65.0,65.25,2278692.0,62.828247,-0.0038240607176103225
2015-03-20,2015-03-20,64.949997,65.449997,64.349998,64.550003,2401746.0,62.154228,-0.010785920736194221
2015-03-23,2015-03-23,64.599998,64.75,64.0,64.050003,1511667.0,61.672787,-0.007776064471000765
2015-03-24,2015-03-24,64.0,64.449997,63.099998,63.200001,2148612.0,60.854328,-0.013359837510839691
2015-03-25,2015-03-25,63.200001,63.5,62.650002,62.75,2296767.0,60.421036,-0.007145620171493228
2015-03-26,2015-03-26,62.5,63.0,61.5,61.799999,3551070.0,59.50629,-0.015255301201772653
2015-03-27,2015-03-27,62.099998,62.299999,59.700001,61.349998,3072507.0,59.072994,-0.007308155588044762
2015-03-30,2015-03-30,62.0,63.200001,61.549999,63.0,3086762.0,60.66175500000001,0.026539567930769614
2015-03-31,2015-03-31,63.200001,63.599998,62.549999,62.799999,2141894.0,60.469177,-0.0031796694547301385
2015-04-01,2015-04-01,62.5,63.700001,62.5,63.5,2275519.0,61.143196,0.011084824429269169
2015-04-06,2015-04-06,63.599998,64.449997,63.099998,63.700001,1962882.0,61.335777,0.003144721971292341
2015-04-07,2015-04-07,64.050003,64.449997,63.400002,64.099998,2526592.0,61.720928,0.00625975248828059
2015-04-08,2015-04-08,64.400002,65.599998,64.099998,64.849998,3399039.0,62.443089,0.011632502889415973
2015-04-09,2015-04-09,65.199997,65.300003,64.150002,64.5,1746083.0,62.106087,-0.0054115624566657425
2015-04-10,2015-04-10,64.800003,66.199997,64.449997,65.550003,3866620.0,63.117119,0.016148028817146276
2015-04-13,2015-04-13,65.900002,66.800003,65.650002,66.150002,4034949.0,63.694847,0.009111632209818588
2015-04-15,2015-04-15,66.400002,66.599998,64.650002,64.900002,3870115.0,62.491238,-0.019077309571950533
2015-04-16,2015-04-16,64.949997,65.199997,64.150002,64.599998,1650198.0,62.20237,-0.004633253001411042
2015-04-17,2015-04-17,64.849998,65.050003,64.099998,64.25,1835988.0,61.86536,-0.005432691141836976
2015-04-20,2015-04-20,64.25,64.349998,62.650002,63.150002,2051997.0,60.80619,-0.017268817770848877
2015-04-21,2015-04-21,63.299999,63.700001,62.650002,63.200001,1309139.0,60.854328,0.0007913496227613948
2015-04-22,2015-04-22,63.599998,63.950001,62.700001,63.700001,1791344.0,61.335777,0.007880367915290344
2015-04-23,2015-04-23,63.700001,66.849998,63.0,66.25,14410729.0,63.791126,0.039250779229122124
2015-04-24,2015-04-24,67.5,67.599998,63.700001,63.900002,8137334.0,61.528351,-0.03611602930933256
2015-04-27,2015-04-27,64.0,64.199997,62.849998,63.099998,3002778.0,60.758038,-0.012598674232984663
2015-04-28,2015-04-28,63.5,63.950001,62.900002,63.75,2235175.0,61.38391899999999,0.010248509087094073
2015-04-29,2015-04-29,63.900002,64.349998,63.25,64.0,2545854.0,61.624638,0.003913862793857525
2015-04-30,2015-04-30,64.050003,64.099998,62.900002,63.049999,2686245.0,60.709904,-0.014954910253248244
2015-05-04,2015-05-04,63.799999,64.150002,63.400002,63.950001,1779730.0,61.5765,0.014173456392819084
2015-05-05,2015-05-05,64.300003,64.949997,63.849998,64.25,2381767.0,61.86536,0.004680106525469796
2015-05-06,2015-05-06,64.199997,64.400002,62.5,62.599998,3130644.0,60.2766,-0.026016442054293883
2015-05-07,2015-05-07,62.700001,62.75,60.5,60.950001,3120051.0,58.68784300000001,-0.02671136725015177
2015-05-08,2015-05-08,61.599998,62.400002,61.400002,62.099998,2259637.0,59.795155,0.018692036140548932
2015-05-11,2015-05-11,62.5,63.299999,62.049999,63.049999,1857415.0,60.709904,0.015182210245607841
2015-05-12,2015-05-12,63.0,63.0,61.5,62.099998,4173317.0,59.795155,-0.015182210245607841
2015-05-13,2015-05-13,62.25,63.150002,62.099998,62.849998,3204262.0,60.517323,0.012005017023137832
2015-05-14,2015-05-14,62.849998,64.300003,62.299999,63.799999,2842905.0,61.432064,0.015002259199485838
2015-05-15,2015-05-15,64.099998,65.699997,63.599998,64.75,3501363.0,62.34680600000001,0.014780530039216087
2015-05-18,2015-05-18,65.0,66.0,64.400002,65.550003,3434485.0,63.117119,0.012279588407436924
2015-05-19,2015-05-19,67.849998,67.849998,65.650002,66.150002,8665263.0,63.694847,0.009111632209818588
2015-05-20,2015-05-20,66.349998,66.349998,65.550003,65.650002,2018504.0,63.213398,-0.007587392130274041
2015-05-21,2015-05-21,65.599998,65.699997,64.550003,65.050003,2199982.0,62.635674,-0.009181284361190478
2015-05-22,2015-05-22,65.150002,65.599998,64.25,64.449997,2333747.0,62.057934,-0.009266619893090857
2015-05-25,2015-05-25,64.800003,64.800003,63.700001,63.900002,2161088.0,61.528351,-0.008570307643650743
2015-05-26,2015-05-26,64.050003,64.150002,63.5,63.75,1955856.0,61.38391899999999,-0.002350165145890593
2015-05-27,2015-05-27,63.400002,63.950001,63.200001,63.700001,1305992.0,61.335777,-0.0007845847738989775
2015-05-28,2015-05-28,63.799999,64.199997,63.450001,63.700001,9279986.0,61.335777,0.0
2015-05-29,2015-05-29,63.75,64.800003,63.700001,64.550003,5026783.0,62.154228,0.013255534066550112
2015-06-01,2015-06-01,64.300003,64.75,63.25,63.599998,2564722.0,61.23948299999999,-0.014826716045839737
2015-06-02,2015-06-02,63.549999,65.199997,62.900002,63.150002,5837434.0,60.80619,-0.007100535558762111
2015-06-03,2015-06-03,63.200001,63.400002,60.700001,61.5,3150427.0,59.217426,-0.026475736317221887
2015-06-04,2015-06-04,61.950001,61.950001,60.299999,60.950001,2252236.0,58.68784300000001,-0.008983255216374886
2015-06-05,2015-06-05,60.849998,61.75,60.599998,60.900002,1464851.0,58.639698,-0.0008206939699233473
2015-06-08,2015-06-08,61.200001,61.299999,60.299999,60.599998,1616194.0,58.35083,-0.004938324358239932
2015-06-09,2015-06-09,60.599998,61.0,60.150002,60.299999,1387075.0,58.06197,-0.004962694701011293
2015-06-10,2015-06-10,61.25,61.799999,60.75,61.400002,2112213.0,59.12114,0.01807767083097911
2015-06-11,2015-06-11,61.799999,61.900002,60.099998,60.25,1932507.0,58.01382099999999,-0.018907284006074217
2015-06-12,2015-06-12,60.200001,60.5,59.450001,59.950001,1839393.0,57.724953,-0.004991734227631106
2015-06-15,2015-06-15,60.5,60.799999,59.950001,60.299999,1794559.0,58.06197,0.005821347402726218
2015-06-16,2015-06-16,60.450001,62.849998,60.0,62.450001,3191781.0,60.13216800000001,0.03503405117753733
2015-06-17,2015-06-17,63.0,63.400002,61.700001,62.099998,2867164.0,59.795155,-0.0056203020078138275
2015-06-18,2015-06-18,62.450001,63.0,62.25,62.75,1272062.0,60.421036,0.010412684844316013
2015-06-19,2015-06-19,63.0,63.700001,62.700001,63.049999,1705007.0,60.709904,0.00476952540129183
2015-06-22,2015-06-22,63.150002,63.700001,62.900002,63.5,1643063.0,61.143196,0.0071117407141993985
2015-06-23,2015-06-23,63.700001,63.75,63.0,63.25,1537481.0,60.90247700000001,-0.003944741443672406
2015-06-24,2015-06-24,63.400002,63.5,62.400002,62.650002,1386000.0,60.324749,-0.009531396416779359
2015-06-25,2015-06-25,62.5,63.400002,62.400002,63.150002,2618750.0,60.80619,0.007949142293692368
2015-06-26,2015-06-26,62.950001,63.299999,62.200001,63.0,1373005.0,60.66175500000001,-0.002378159407779634
2015-06-29,2015-06-29,62.099998,64.800003,61.400002,64.300003,2769661.0,61.91350600000001,0.020424912927823332
2015-06-30,2015-06-30,64.5,66.800003,64.099998,66.0,5250985.0,63.550404,0.02609500829382672
2015-07-01,2015-07-01,65.949997,67.5,65.75,66.75,4344695.0,64.272575,0.011299669115595991
2015-07-02,2015-07-02,66.75,69.099998,65.75,67.400002,7018818.0,64.898453,0.009690762824235756
2015-07-03,2015-07-03,67.599998,68.25,66.650002,67.050003,1943996.0,64.561447,-0.00520634978463974
2015-07-06,2015-07-06,66.300003,67.199997,65.199997,66.400002,12929373.0,63.935562,-0.00974170456748169
2015-07-07,2015-07-07,70.0,73.849998,68.849998,72.099998,36055582.0,69.424011,0.08235705510060676
2015-07-08,2015-07-08,70.800003,72.0,69.0,70.349998,9981200.0,67.73895999999999,-0.024571293050463797
2015-07-09,2015-07-09,70.650002,72.0,70.449997,70.949997,6001984.0,68.316689,0.008492590739019867
2015-07-10,2015-07-10,71.449997,71.800003,70.199997,70.75,2754873.0,68.124115,-0.0028228231178468732
2015-07-13,2015-07-13,71.050003,71.5,70.349998,70.900002,3410704.0,68.268539,0.002117768805610432
2015-07-14,2015-07-14,71.050003,73.449997,71.0,72.050003,7266865.0,69.37586999999999,0.016090081649558385
2015-07-15,2015-07-15,72.5,72.699997,71.199997,71.75,4108530.0,69.086998,-0.004172561543525077
2015-07-16,2015-07-16,71.900002,72.300003,71.599998,71.699997,1900039.0,69.038849,-0.0006971758435661003
2015-07-17,2015-07-17,72.199997,73.349998,71.349998,72.5,3904887.0,69.809158,0.01109582945888743
2015-07-20,2015-07-20,72.900002,73.300003,72.199997,72.849998,2447599.0,70.146164,0.004815917630483391
2015-07-21,2015-07-21,72.949997,74.349998,71.5,71.849998,4880933.0,69.183296,-0.013821676028999086
2015-07-22,2015-07-22,71.5,73.5,71.449997,73.050003,3112381.0,70.33874499999999,0.016563338774160385
2015-07-23,2015-07-23,73.5,74.949997,70.599998,71.550003,12612337.0,68.894424,-0.020747539113692426
2015-07-24,2015-07-24,70.900002,72.300003,70.5,70.75,4471830.0,68.124115,-0.011243983788917332
2015-07-27,2015-07-27,70.650002,71.199997,69.25,69.5,2485025.0,66.920517,-0.017825660341999058
2015-07-28,2015-07-28,69.599998,70.300003,67.800003,68.199997,2757208.0,65.668755,-0.018882360136677438
2015-07-29,2015-07-29,68.650002,68.75,67.75,68.400002,2454570.0,66.643074,0.014727883651421969
2015-07-30,2015-07-30,68.800003,70.199997,68.5,69.800003,3167669.0,68.007111,0.02026114799200407
2015-07-31,2015-07-31,70.400002,71.599998,69.900002,70.800003,4198494.0,68.981422,0.01422494872904689
2015-08-03,2015-08-03,70.949997,71.5,70.349998,70.75,1984531.0,68.932709,-0.0007064251019466282
2015-08-04,2015-08-04,71.25,72.150002,70.25,71.150002,2567995.0,69.32243299999999,0.00563776546208139
2015-08-05,2015-08-05,71.349998,72.400002,71.0,71.300003,3008423.0,69.468582,0.0021060304807001273
2015-08-06,2015-08-06,71.400002,71.699997,70.099998,70.300003,1978250.0,68.494263,-0.01412460287198769
2015-08-07,2015-08-07,70.449997,71.400002,70.199997,70.599998,1976761.0,68.78656,0.00425838708303683
2015-08-10,2015-08-10,70.599998,71.199997,69.849998,70.199997,1798953.0,68.396828,-0.005681927734839221
2015-08-11,2015-08-11,70.5,70.75,69.199997,69.400002,1779401.0,67.617378,-0.011461428266433591
2015-08-12,2015-08-12,69.050003,69.400002,67.599998,68.0,1671772.0,66.253349,-0.02037900648567437
2015-08-13,2015-08-13,68.900002,68.900002,67.099998,67.25,1671111.0,65.52260600000001,-0.011090801663452332
2015-08-14,2015-08-14,67.599998,69.25,67.349998,68.949997,1529933.0,67.17894,0.024964592685537745
2015-08-17,2015-08-17,68.900002,69.400002,67.949997,68.449997,1163844.0,66.69178000000001,-0.007278098607861771
2015-08-18,2015-08-18,68.5,69.5,68.5,68.650002,1361627.0,66.88665,0.0029176887053168343
2015-08-19,2015-08-19,68.800003,71.099998,68.300003,69.599998,2666078.0,67.812241,0.013743328721034231
2015-08-20,2015-08-20,69.599998,69.900002,65.0,66.599998,2818563.0,64.88930500000001,-0.044059906229966465
2015-08-21,2015-08-21,65.699997,67.25,64.599998,66.900002,2464153.0,65.181602,0.004494433056138725
2015-08-24,2015-08-24,64.099998,65.5,58.25,59.700001,4365018.0,58.16654200000001,-0.1138669414932183
2015-08-25,2015-08-25,61.0,62.049999,58.099998,61.75,9506628.0,60.163883,0.03376191240094695
2015-08-26,2015-08-26,61.349998,62.900002,60.400002,62.200001,4091549.0,60.602322,0.007260987066333158
2015-08-27,2015-08-27,63.099998,63.450001,61.5,62.849998,5679538.0,61.235626,0.010395935159849934
2015-08-28,2015-08-28,63.900002,65.099998,63.299999,64.0,4004125.0,62.356091000000006,0.018132213479010062
2015-08-31,2015-08-31,64.0,64.900002,63.650002,64.25,1407795.0,62.599667,0.0038986007913459635
2015-09-01,2015-09-01,63.599998,63.900002,61.5,62.75,2450078.0,61.90905,-0.011093586045114456
2015-09-02,2015-09-02,62.799999,63.799999,62.200001,62.599998,2263524.0,61.761055000000006,-0.0023933847334651763
2015-09-03,2015-09-03,63.0,64.0,62.900002,63.650002,1569774.0,62.796989,0.016634138640334584
2015-09-04,2015-09-04,63.900002,63.900002,62.0,63.150002,3137044.0,62.30369200000001,-0.007886440790096039
2015-09-07,2015-09-07,63.0,63.799999,62.0,62.349998,1606958.0,61.514408,-0.012749261877944562
2015-09-08,2015-09-08,62.700001,63.799999,62.0,63.450001,2570013.0,62.59967,0.017488582729861868
2015-09-09,2015-09-09,64.150002,64.449997,63.650002,63.900002,1866529.0,63.043636,0.0070671150246433
2015-09-10,2015-09-10,63.0,64.5,62.799999,64.199997,1423319.0,63.339611,0.004683778081535196
2015-09-11,2015-09-11,64.400002,64.800003,63.700001,64.050003,1330370.0,63.191628,-0.0023390756091670184
2015-09-14,2015-09-14,66.0,67.449997,65.599998,67.0,4850129.0,66.102089,0.04502852596544482
2015-09-15,2015-09-15,66.800003,67.400002,66.349998,66.449997,2232574.0,65.55945600000001,-0.00824289389044175
2015-09-16,2015-09-16,67.0,67.300003,66.150002,67.050003,1920166.0,66.151421,0.008988915713045387
2015-09-18,2015-09-18,67.5,69.150002,67.400002,68.800003,3764440.0,67.87796800000001,0.025765132926507842
2015-09-21,2015-09-21,69.300003,70.0,65.599998,67.0,97934670.0,66.102089,-0.02651115474911148
2015-09-22,2015-09-22,68.5,68.5,65.550003,65.849998,4205039.0,64.967499,-0.01731322052747597
2015-09-23,2015-09-23,65.0,66.449997,64.650002,65.849998,2959467.0,64.967499,0.0
2015-09-24,2015-09-24,65.849998,66.400002,65.349998,65.599998,2225628.0,64.720848,-0.003803754201447518
2015-09-28,2015-09-28,65.800003,66.400002,65.400002,65.550003,1296405.0,64.671532,-0.0007622705817444952
2015-09-29,2015-09-29,65.0,65.75,64.150002,65.300003,2208630.0,64.424881,-0.0038211952507696267
2015-09-30,2015-09-30,65.699997,67.349998,65.699997,66.75,2967053.0,65.855446,0.021962218455031213
2015-10-01,2015-10-01,67.300003,67.449997,66.300003,67.199997,2050261.0,66.299408,0.006718840159134487
2015-10-05,2015-10-05,67.5,67.900002,67.050003,67.699997,2522873.0,66.792709,0.0074129598372314484
2015-10-06,2015-10-06,68.150002,68.150002,67.300003,67.800003,2123399.0,66.891373,0.0014760772776840625
2015-10-07,2015-10-07,67.599998,68.400002,67.550003,67.75,2471363.0,66.842033,-0.00073788597351232
2015-10-08,2015-10-08,68.0,68.349998,67.550003,68.099998,2124785.0,67.187347,0.005152821926836637
2015-10-09,2015-10-09,68.400002,68.75,68.0,68.300003,2142726.0,67.384674,0.002932662227403071
2015-10-12,2015-10-12,68.300003,68.699997,67.800003,68.050003,1409531.0,67.138023,-0.0036670581530104935
2015-10-13,2015-10-13,68.099998,68.400002,67.900002,68.099998,854381.0,67.187347,0.0007343959256074227
2015-10-14,2015-10-14,68.300003,68.75,68.0,68.550003,1409781.0,67.63131700000001,0.006586203893541587
2015-10-15,2015-10-15,68.800003,70.099998,68.5,69.050003,2200002.0,68.124619,0.007267515303590598
2015-10-16,2015-10-16,69.0,69.400002,68.300003,68.949997,937248.0,68.02595500000001,-0.001449336780187771
2015-10-19,2015-10-19,68.699997,69.199997,68.5,68.699997,981427.0,67.77930500000001,-0.003632411162867832
2015-10-20,2015-10-20,69.0,69.300003,68.300003,68.849998,1221145.0,67.927299,0.0021810885293263027
2015-10-21,2015-10-21,69.199997,70.099998,68.599998,68.900002,1513035.0,67.97663100000001,0.0007259834526740505
2015-10-23,2015-10-23,69.400002,69.699997,68.349998,68.550003,862445.0,67.63131700000001,-0.005092839342535349
2015-10-26,2015-10-26,69.449997,69.650002,67.75,67.900002,1863194.0,66.990036,-0.0095272530899555
2015-10-27,2015-10-27,67.800003,68.150002,67.5,67.800003,934104.0,66.891373,-0.0014738867569104028
2015-10-28,2015-10-28,67.800003,68.349998,67.300003,67.599998,1114712.0,66.694046,-0.002954321586890352
2015-10-29,2015-10-29,67.650002,67.949997,66.900002,67.150002,2142093.0,66.250076,-0.006679071534387404
2015-10-30,2015-10-30,67.400002,67.900002,66.599998,66.849998,1016990.0,65.954102,-0.0044775361710858155
2015-11-02,2015-11-02,66.699997,66.900002,66.099998,66.349998,800584.0,65.460808,-0.007507463451717378
2015-11-03,2015-11-03,66.800003,66.800003,66.050003,66.150002,607078.0,65.263489,-0.0030188596058122736
2015-11-04,2015-11-04,66.5,67.900002,66.300003,66.75,2136754.0,65.855446,0.009029375075843228
2015-11-05,2015-11-05,66.650002,66.849998,66.0,66.099998,781053.0,65.214149,-0.009785673290742205
2015-11-06,2015-11-06,66.199997,66.349998,65.0,65.099998,953096.0,64.227554,-0.015244145940599196
2015-11-09,2015-11-09,63.349998,65.800003,62.549999,65.400002,1127254.0,64.52352900000001,0.004597639328080661
2015-11-10,2015-11-10,66.349998,66.5,64.099998,64.949997,1854386.0,64.079567,-0.0069044024207043355
2015-11-13,2015-11-13,65.150002,65.199997,64.349998,64.75,590539.0,63.882248,-0.0030840318480303
2015-11-16,2015-11-16,65.400002,66.300003,64.349998,65.800003,1225081.0,64.918175,0.01608611701866458
2015-11-17,2015-11-17,66.0,66.349998,65.449997,65.599998,690645.0,64.720848,-0.003044255469186297
2015-11-18,2015-11-18,65.599998,65.849998,65.0,65.050003,864647.0,64.178223,-0.00841942771499138
2015-11-19,2015-11-19,65.300003,65.5,65.0,65.199997,813867.0,64.32621,0.002303221172462955
2015-11-20,2015-11-20,65.300003,66.050003,65.199997,65.5,965976.0,64.622192,0.004590712489935811
2015-11-23,2015-11-23,65.699997,66.099998,65.099998,65.199997,1239843.0,64.32621,-0.004590712489935811
2015-11-24,2015-11-24,65.199997,66.650002,64.75,66.099998,1436044.0,65.214149,0.013709285874303312
2015-11-26,2015-11-26,66.099998,66.5,65.75,66.0,2105059.0,65.115494,-0.0015139306234877026
2015-11-27,2015-11-27,65.900002,66.699997,65.800003,66.25,1143580.0,65.362144,0.0037807289828366564
2015-11-30,2015-11-30,66.300003,67.099998,66.099998,66.949997,948338.0,66.05276500000001,0.010510639366403396
2015-12-01,2015-12-01,66.599998,67.199997,66.25,66.400002,737580.0,65.510132,-0.00824907461641988
2015-12-02,2015-12-02,66.400002,66.800003,65.199997,65.449997,926289.0,64.572861,-0.014410603542119203
2015-12-03,2015-12-03,65.5,68.0,65.300003,67.199997,1862961.0,66.299408,0.026386753882663427
2015-12-04,2015-12-04,67.300003,68.849998,67.199997,68.400002,3905686.0,67.48333000000001,0.017699636373300187
2015-12-07,2015-12-07,68.599998,68.949997,68.0,68.300003,1898556.0,67.384674,-0.0014630010776572886
2015-12-08,2015-12-08,67.650002,68.199997,67.0,67.550003,2973685.0,66.644722,-0.011041749645898769
2015-12-09,2015-12-09,67.300003,67.75,64.900002,65.099998,1744279.0,64.227554,-0.036943545040220016
2015-12-10,2015-12-10,65.300003,65.449997,64.599998,65.25,1005517.0,64.37554200000001,0.002301469714561577
2015-12-11,2015-12-11,65.400002,65.650002,63.849998,64.199997,1160114.0,63.339611,-0.016222878733091584
2015-12-14,2015-12-14,63.549999,64.900002,63.549999,64.449997,897436.0,63.586262,0.0038865410912087843
2015-12-15,2015-12-15,64.5,64.849998,64.150002,64.650002,513152.0,63.783585,0.003098428121101726
2015-12-16,2015-12-16,64.650002,65.199997,64.400002,64.5,720340.0,63.635597,-0.002322853815542203
2015-12-17,2015-12-17,64.599998,65.599998,64.599998,65.349998,1178083.0,64.474205,0.013092206301174691
2015-12-18,2015-12-18,65.0,65.550003,64.800003,64.900002,1006702.0,64.030235,-0.006909827652193279
2015-12-21,2015-12-21,65.800003,65.849998,65.25,65.449997,1053407.0,64.572861,0.008438820480592746
2015-12-22,2015-12-22,65.449997,65.699997,64.550003,64.699997,1096159.0,63.832912,-0.011525294750569516
2015-12-23,2015-12-23,64.900002,65.199997,64.650002,64.699997,863531.0,63.832912,0.0
2015-12-24,2015-12-24,64.75,67.349998,64.550003,66.550003,1713043.0,65.65812700000001,0.02819246651931273
2015-12-28,2015-12-28,67.199997,67.349998,65.550003,65.699997,1541428.0,64.819511,-0.012854732210892728
2015-12-29,2015-12-29,65.949997,66.400002,65.650002,65.849998,1630795.0,64.967499,0.0022804757446088786
2015-12-30,2015-12-30,66.050003,66.099998,65.150002,65.25,910242.0,64.37554200000001,-0.00915335109571025
2015-12-31,2015-12-31,65.25,65.849998,65.0,65.150002,2264726.0,64.276886,-0.0015336829762446769
2016-01-01,2016-01-01,65.349998,66.050003,65.150002,65.849998,730099.0,64.967499,0.010687034071954926
2016-01-04,2016-01-04,65.400002,66.849998,64.75,64.949997,1656456.0,64.079567,-0.013761583902895502
2016-01-05,2016-01-05,65.0,65.800003,64.949997,65.400002,780072.0,64.52352900000001,0.0069044024207043355
2016-01-06,2016-01-06,65.599998,66.400002,65.099998,65.349998,1335053.0,64.474205,-0.0007647266486676685
2016-01-07,2016-01-07,64.949997,65.0,63.599998,63.900002,1755544.0,63.043636,-0.022438099779478197
2016-01-08,2016-01-08,64.650002,64.800003,63.75,64.199997,830232.0,63.339611,0.004683778081535196
2016-01-11,2016-01-11,63.75,64.5,63.400002,63.950001,1129974.0,63.092968000000006,-0.0039015784511207134
2016-01-12,2016-01-12,64.099998,64.349998,62.75,62.950001,1217796.0,62.106369,-0.015760777114770974
2016-01-13,2016-01-13,63.200001,63.599998,60.599998,61.75,1431526.0,60.922451,-0.01924678375673672
2016-01-14,2016-01-14,61.299999,61.700001,60.150002,61.0,1023056.0,60.182503,-0.01222009808223845
2016-01-15,2016-01-15,61.150002,61.75,58.549999,58.849998,1410158.0,58.06131,-0.035882141020027625
2016-01-18,2016-01-18,58.849998,59.299999,55.549999,56.700001,2424043.0,55.940128,-0.037217545270858736
2016-01-19,2016-01-19,57.049999,58.799999,56.650002,58.25,1135153.0,57.46935300000001,0.026969838471512908
2016-01-20,2016-01-20,57.799999,57.849998,55.049999,56.0,2703585.0,55.249508,-0.03939237902776327
2016-01-21,2016-01-21,56.299999,57.150002,55.5,56.349998,1382678.0,55.594818,0.006230560093326787
2016-01-22,2016-01-22,57.799999,59.0,56.0,58.150002,4488105.0,57.370697,0.03144367227271694
2016-01-25,2016-01-25,58.599998,59.5,57.849998,58.450001,2478347.0,57.666676,0.005145799932486206
2016-01-27,2016-01-27,58.599998,59.400002,57.900002,58.900002,3431943.0,58.110645,0.00766939798466293
2016-01-28,2016-01-28,58.950001,59.700001,57.549999,58.400002,3075371.0,57.617348,-0.008525162752388127
2016-01-29,2016-01-29,58.25,58.700001,57.5,58.349998,1108759.0,57.568012,-0.0008566366944027237
2016-02-01,2016-02-01,58.75,59.0,57.849998,57.950001,1314326.0,57.173378,-0.006878695753217201
2016-02-02,2016-02-02,58.299999,58.700001,57.299999,57.5,1360238.0,56.729404,-0.007795705085898773
2016-02-03,2016-02-03,57.349998,57.349998,55.849998,56.200001,1226004.0,55.446827,-0.02286817594220381
2016-02-04,2016-02-04,56.900002,57.75,55.150002,55.450001,2008173.0,54.70688199999999,-0.013434974393506494
2016-02-05,2016-02-05,55.650002,55.950001,54.549999,55.150002,1696969.0,54.4109,-0.005425013604373419
2016-02-08,2016-02-08,55.700001,56.400002,55.25,55.650002,884988.0,54.90420200000001,0.00902538331058622
2016-02-09,2016-02-09,55.400002,55.799999,54.900002,55.549999,876211.0,54.805538,-0.0017986375065515148
2016-02-10,2016-02-10,55.25,55.799999,53.849998,54.349998,1381799.0,53.62161999999999,-0.021838902283416672
2016-02-11,2016-02-11,54.0,54.599998,50.900002,51.349998,1998274.0,50.661827,-0.05677963707963363
2016-02-12,2016-02-12,52.700001,52.700001,48.25,49.650002,2972849.0,48.984612,-0.033666499905867564
2016-02-15,2016-02-15,50.650002,52.299999,50.549999,52.0,1322181.0,51.303116,0.046245283099664025
2016-02-16,2016-02-16,52.700001,52.799999,50.549999,50.75,917862.0,50.06987,-0.02433206109942665
2016-02-17,2016-02-17,50.599998,51.400002,48.950001,51.0,1195847.0,50.316517,0.004913963012054268
2016-02-18,2016-02-18,51.450001,52.349998,50.400002,51.200001,988572.0,50.513836,0.003913885968165332
2016-02-19,2016-02-19,51.200001,51.650002,50.75,51.349998,653480.0,50.661827,0.002925428925410589
2016-02-22,2016-02-22,51.5,52.549999,51.25,51.849998,1247044.0,51.155125,0.009689975002798334
2016-02-23,2016-02-23,52.0,52.200001,51.0,51.200001,823468.0,50.513836,-0.012615403928208924
2016-02-24,2016-02-24,50.799999,51.849998,50.700001,51.450001,1055295.0,50.760487,0.004870958015186222
2016-02-25,2016-02-25,51.5,51.900002,50.200001,50.5,4546098.0,49.82321500000001,-0.018637196900546996
2016-02-26,2016-02-26,50.849998,51.200001,50.25,50.700001,1517899.0,50.020538,0.003952641021098824
2016-02-29,2016-02-29,51.099998,51.5,50.099998,51.0,1109616.0,50.316517,0.0058997118960966155
2016-03-01,2016-03-01,51.25,52.599998,51.099998,52.349998,1182147.0,51.648426,0.026126327769283364
2016-03-02,2016-03-02,52.700001,53.700001,52.700001,53.099998,1009760.0,52.388374,0.014224975726416568
2016-03-03,2016-03-03,53.349998,54.0,53.0,53.75,928245.0,53.029663,0.01216673975424154
2016-03-04,2016-03-04,54.400002,55.900002,53.049999,55.349998,2247943.0,54.60821899999999,0.029332966322326293
2016-03-08,2016-03-08,55.900002,55.900002,54.150002,54.849998,1345303.0,54.114918,-0.009074506103263323
2016-03-09,2016-03-09,54.700001,55.150002,54.200001,54.900002,904083.0,54.164253,0.0009112556544037533
2016-03-10,2016-03-10,54.950001,55.5,54.5,54.849998,602042.0,54.114918,-0.0009112556544037533
2016-03-11,2016-03-11,54.599998,55.349998,54.200001,54.599998,570979.0,53.86827099999999,-0.004568256063242959
2016-03-14,2016-03-14,54.900002,55.25,54.5,54.849998,698960.0,54.114918,0.004568256063242959
2016-03-15,2016-03-15,54.950001,55.950001,54.650002,55.450001,1100569.0,54.70688199999999,0.010879618587960492
2016-03-16,2016-03-16,55.700001,56.150002,54.900002,55.900002,1135863.0,55.150848,0.008082606785484892
2016-03-17,2016-03-17,56.299999,57.099998,56.049999,56.25,1183710.0,55.496159,0.006241689322354027
2016-03-18,2016-03-18,56.900002,57.049999,56.099998,56.900002,1543140.0,56.137447,0.01148928315271558
2016-03-21,2016-03-21,57.099998,62.549999,56.799999,61.549999,5904221.0,60.72512800000001,0.07855448844636559
2016-03-22,2016-03-22,61.900002,64.050003,61.200001,63.349998,4568713.0,62.501007,0.028825085863225294
2016-03-23,2016-03-23,63.349998,64.449997,62.599998,63.099998,2492112.0,62.25435600000001,-0.003954159812326274
2016-03-28,2016-03-28,63.099998,64.099998,62.700001,63.049999,2893484.0,62.205029,-0.0007926602334205057
2016-03-29,2016-03-29,63.150002,63.599998,61.299999,62.549999,2854303.0,61.711727,-0.007961870885679012
2016-03-30,2016-03-30,62.75,65.699997,62.700001,63.349998,1716185.0,62.501007,0.012708690931425792
2016-03-31,2016-03-31,63.400002,64.25,62.849998,63.849998,4168396.0,62.994305,0.007861656867538258
2016-04-01,2016-04-01,63.75,66.599998,63.549999,65.650002,2952951.0,64.77018699999999,0.02780109484966875
2016-04-04,2016-04-04,65.75,66.050003,64.25,64.949997,1221783.0,64.079567,-0.010719874771018212
2016-04-05,2016-04-05,64.650002,71.099998,64.099998,69.449997,14462861.0,68.519257,0.06698928428905138
2016-04-06,2016-04-06,70.0,72.150002,70.0,71.449997,9548594.0,70.492455,0.028390852966643013
2016-04-07,2016-04-07,71.699997,71.699997,69.099998,69.849998,3894919.0,68.913895,-0.022647856041674075
2016-04-08,2016-04-08,70.099998,73.300003,69.699997,72.849998,5690922.0,71.873688,0.04205241826509898
2016-04-11,2016-04-11,73.0,73.349998,70.800003,72.699997,4521241.0,71.7257,-0.002061123719978575
2016-04-12,2016-04-12,72.449997,74.25,71.650002,73.650002,6529643.0,72.662971,0.012982793711624474
2016-04-13,2016-04-13,74.349998,74.900002,72.75,73.050003,5581642.0,72.071014,-0.00817997653763669
2016-04-18,2016-04-18,72.75,74.349998,71.650002,72.400002,5010556.0,71.429726,-0.008937825255633136
2016-04-20,2016-04-20,72.800003,72.800003,71.050003,72.099998,3130869.0,71.133736,-0.004152402321699888
2016-04-21,2016-04-21,72.449997,72.800003,71.25,71.550003,2437362.0,70.59111800000002,-0.007657381695195475
2016-04-22,2016-04-22,71.5,71.75,69.75,69.900002,2596547.0,68.963226,-0.023330923215635124
2016-04-25,2016-04-25,70.0,70.0,68.5,69.099998,3236687.0,68.17395,-0.011510878930819146
2016-04-26,2016-04-26,68.900002,71.5,68.199997,71.099998,4819713.0,70.147141,0.028532523121170605
2016-04-27,2016-04-27,71.449997,72.900002,71.300003,71.699997,4179198.0,70.739098,0.008403382583119345
2016-04-28,2016-04-28,71.599998,72.800003,70.199997,70.550003,4204968.0,69.604515,-0.016168996851165574
2016-04-29,2016-04-29,70.650002,72.349998,69.300003,71.650002,3020185.0,70.68978100000002,0.015471586218378519
2016-05-02,2016-05-02,71.650002,76.0,70.949997,75.349998,17969851.0,74.340187,0.05035065819101092
2016-05-03,2016-05-03,76.400002,77.0,72.900002,73.349998,12386181.0,72.366989,-0.02690143796060429
2016-05-04,2016-05-04,73.0,75.0,72.199997,73.099998,5805538.0,72.120338,-0.003414157417279462
2016-05-05,2016-05-05,73.150002,74.300003,72.599998,73.199997,3101629.0,72.219002,0.0013671119095715054
2016-05-06,2016-05-06,73.599998,74.0,72.849998,73.349998,2987330.0,72.366989,0.0020470455077079568
2016-05-09,2016-05-09,73.900002,74.75,73.550003,73.949997,2395748.0,72.958946,0.008146657014995284
2016-05-10,2016-05-10,74.0,76.150002,73.800003,75.25,5620820.0,74.241524,0.017426716894691552
2016-05-11,2016-05-11,73.099998,75.150002,73.099998,74.099998,2759418.0,73.106934,-0.015400397666187615
2016-05-12,2016-05-12,74.599998,75.0,73.800003,74.150002,2400275.0,73.156273,0.0006746604683902646
2016-05-13,2016-05-13,73.650002,73.900002,72.400002,72.699997,2500178.0,71.7257,-0.019748757768804026
2016-05-16,2016-05-16,73.099998,73.199997,71.150002,72.099998,2364261.0,71.133736,-0.008287410403345241
2016-05-17,2016-05-17,72.5,72.699997,71.099998,71.349998,2629780.0,70.39379100000002,-0.01045664766277099
2016-05-18,2016-05-18,70.650002,71.400002,70.449997,71.050003,2208268.0,70.09781600000001,-0.004213425188723363
2016-05-19,2016-05-19,71.0,73.5,70.199997,71.099998,4068543.0,70.147141,0.0007034121310152129
2016-05-20,2016-05-20,71.199997,72.349998,71.0,71.349998,2567175.0,70.39379100000002,0.00351001305770815
2016-05-23,2016-05-23,71.75,72.300003,71.099998,71.349998,1670673.0,70.39379100000002,0.0
2016-05-24,2016-05-24,71.349998,72.349998,71.25,72.050003,1722728.0,71.084419,0.009763107488849343
2016-05-25,2016-05-25,73.0,73.099998,71.75,72.300003,2456270.0,71.331062,0.0034637139846864784
2016-05-26,2016-05-26,72.900002,74.099998,72.199997,73.75,4337183.0,72.761627,0.019856829862072267
2016-05-27,2016-05-27,74.0,74.949997,73.5,73.75,3111473.0,72.761627,0.0
2016-05-30,2016-05-30,74.0,78.849998,72.949997,77.800003,11510323.0,76.757355,0.053460497907358295
2016-05-31,2016-05-31,78.550003,79.650002,77.5,78.800003,8907564.0,77.74395,0.012771522032154259
2016-06-01,2016-06-01,79.349998,80.75,77.150002,77.699997,6323948.0,76.658691,-0.014057750118130484
2016-06-02,2016-06-02,77.300003,78.699997,76.900002,78.300003,2866194.0,77.250656,0.0076924232424220315
2016-06-03,2016-06-03,78.5,80.550003,77.349998,77.849998,6885322.0,76.806679,-0.005763805133060629
2016-06-06,2016-06-06,78.25,78.449997,76.650002,76.849998,2169767.0,75.820084,-0.012928384543447358
2016-06-07,2016-06-07,77.0,78.400002,76.449997,77.349998,2915778.0,76.313385,0.006485130880599321
2016-06-08,2016-06-08,77.550003,78.800003,77.150002,78.349998,2264164.0,77.299988,0.012845451498761484
2016-06-09,2016-06-09,78.849998,79.349998,77.25,77.949997,2554491.0,76.905342,-0.0051184594150957
2016-06-10,2016-06-10,77.900002,79.0,77.199997,77.849998,2555339.0,76.806679,-0.0012837384208177482
2016-06-13,2016-06-13,77.099998,77.099998,75.599998,76.650002,1929657.0,75.622765,-0.015534240322845784
2016-06-14,2016-06-14,77.050003,77.550003,76.300003,76.599998,2060634.0,75.573433,-0.0006525561145469537
2016-06-15,2016-06-15,77.050003,77.949997,76.699997,77.199997,1867404.0,76.16539,0.007802353956979147
2016-06-16,2016-06-16,77.0,77.699997,75.5,76.400002,2419970.0,75.376114,-0.010416725663422888
2016-06-17,2016-06-17,76.900002,77.199997,75.900002,76.199997,2036728.0,75.178787,-0.002621330978687553
2016-06-20,2016-06-20,75.5,77.300003,75.150002,76.949997,1606821.0,75.918747,0.00979454655491363
2016-06-21,2016-06-21,77.300003,77.300003,75.949997,76.25,1225444.0,75.228127,-0.009138459670904986
2016-06-22,2016-06-22,76.400002,76.699997,75.199997,75.550003,1349447.0,74.537514,-0.009222648005480671
2016-06-23,2016-06-23,75.449997,75.800003,74.699997,75.199997,1358051.0,74.1922,-0.004643518920223855
2016-06-24,2016-06-24,73.099998,73.699997,70.099998,72.949997,3073305.0,71.972351,-0.03037699197895272
2016-06-27,2016-06-27,72.849998,75.550003,72.400002,74.900002,2950286.0,73.89621700000002,0.02637960447053533
2016-06-28,2016-06-28,74.900002,77.650002,74.650002,77.449997,5182085.0,76.412041,0.0334786526207127
2016-06-29,2016-06-29,77.949997,78.349998,77.099998,77.449997,3668379.0,76.412041,0.0
2016-06-30,2016-06-30,77.800003,79.699997,77.5,78.949997,4752938.0,77.891937,0.019182154560604125
2016-07-01,2016-07-01,80.0,81.650002,79.449997,80.199997,7041199.0,79.12518299999998,0.0157087502310711
2016-07-04,2016-07-04,80.75,81.349998,79.900002,80.25,3239759.0,79.174522,0.0006233618893691785
2016-07-05,2016-07-05,80.349998,81.099998,77.949997,78.25,3642932.0,77.201324,-0.02523794800450929
2016-07-07,2016-07-07,78.449997,79.199997,77.150002,77.400002,3126842.0,76.362717,-0.01092202746193216
2016-07-08,2016-07-08,77.599998,77.699997,76.050003,76.900002,1746730.0,75.869415,-0.0064809409180774935
2016-07-11,2016-07-11,77.900002,78.949997,77.849998,78.199997,2485591.0,77.151985,0.016763668814615332
2016-07-12,2016-07-12,78.349998,78.800003,77.650002,78.25,1873726.0,77.201324,0.0006392995653943245
2016-07-13,2016-07-13,78.300003,78.5,75.449997,75.900002,2412078.0,74.88282,-0.030492115426116406
2016-07-14,2016-07-14,76.0,77.5,75.699997,77.150002,2237836.0,76.116066,0.01633486782035476
2016-07-15,2016-07-15,77.349998,77.349998,75.75,75.949997,1769794.0,74.932144,-0.015676402197626338
2016-07-18,2016-07-18,76.099998,77.25,75.0,75.349998,1893448.0,74.340187,-0.00793127700393903
2016-07-19,2016-07-19,75.199997,76.099998,74.800003,75.199997,1709242.0,74.1922,-0.001992656981503416
2016-07-20,2016-07-20,75.349998,76.25,75.050003,76.0,1865856.0,74.981476,0.01058207300951075
2016-07-21,2016-07-21,76.199997,76.400002,74.599998,74.849998,1860836.0,73.846886,-0.015247254828884673
2016-07-22,2016-07-22,74.599998,78.0,73.5,76.900002,11541357.0,75.869415,0.027019797228194697
2016-07-25,2016-07-25,77.699997,77.900002,75.300003,76.75,3294113.0,75.721428,-0.0019524536453889847
2016-07-26,2016-07-26,76.900002,81.0,76.199997,78.400002,12345118.0,77.349312,0.021270497227405368
2016-07-27,2016-07-27,78.949997,85.650002,78.599998,85.099998,19532038.0,83.959518,0.08200307176224708
2016-07-28,2016-07-28,85.849998,88.400002,84.5,87.699997,17873628.0,86.52467299999998,0.03009485615272833
2016-07-29,2016-07-29,88.0,88.25,85.849998,86.050003,5983218.0,84.89679,-0.01899332684447863
2016-08-01,2016-08-01,86.349998,89.75,84.0,88.25,16502900.0,87.067307,0.02524517980949525
2016-08-02,2016-08-02,87.449997,89.25,86.199997,88.349998,10090103.0,87.16597,0.0011325392283794145
2016-08-03,2016-08-03,88.099998,88.550003,85.800003,87.449997,5959428.0,86.278023,-0.010239094963804264
2016-08-04,2016-08-04,87.800003,88.300003,85.349998,86.150002,4239828.0,84.995453,-0.014977146547499487
2016-08-05,2016-08-05,86.5,87.800003,86.199997,87.0,2849607.0,85.834061,0.009818148127840765
2016-08-08,2016-08-08,87.550003,91.5,87.099998,91.0,12135258.0,89.780449,0.044951325385465424
2016-08-09,2016-08-09,91.900002,92.5,88.699997,89.400002,13132627.0,88.201897,-0.01773876373715311
2016-08-10,2016-08-10,89.75,90.0,87.0,88.5,6106240.0,87.31395699999999,-0.010118146653181448
2016-08-11,2016-08-11,88.900002,90.199997,86.900002,90.0,9255250.0,88.79385400000002,0.01680711182639172
2016-08-12,2016-08-12,89.300003,93.099998,89.199997,90.300003,18741647.0,89.888847,0.01225643782357544
2016-08-16,2016-08-16,90.300003,92.949997,88.349998,92.449997,8217945.0,92.029053,0.023530446960288387
2016-08-17,2016-08-17,92.75,94.400002,91.599998,93.449997,10899043.0,93.024498,0.010758557144272094
2016-08-18,2016-08-18,93.75,94.800003,93.099998,93.800003,5183743.0,93.37291,0.0037383825183816563
2016-08-19,2016-08-19,93.800003,95.349998,93.650002,94.300003,5236113.0,93.870636,0.005316361315839124
2016-08-22,2016-08-22,94.449997,95.400002,93.550003,94.099998,3764581.0,93.671539,-0.002123224547176505
2016-08-23,2016-08-23,94.099998,95.199997,93.599998,94.949997,5609019.0,94.51767,0.008992404040975899
2016-08-24,2016-08-24,94.849998,95.849998,94.199997,94.900002,5655388.0,94.467903,-0.0005266751356769461
2016-08-25,2016-08-25,94.900002,96.5,93.599998,94.900002,22292665.0,94.467903,0.0
2016-08-26,2016-08-26,94.449997,95.5,91.150002,93.800003,10566450.0,93.37291,-0.011658865673961571
2016-08-29,2016-08-29,93.900002,95.449997,92.650002,94.800003,4644251.0,94.368362,0.01060460833393595
2016-08-30,2016-08-30,95.150002,96.5,95.099998,95.349998,3551231.0,94.915848,0.005784819840614297
2016-08-31,2016-08-31,95.400002,97.949997,94.900002,96.949997,7997370.0,96.508568,0.016641103456085382
2016-09-01,2016-09-01,96.800003,98.849998,96.5,97.050003,6606543.0,96.608116,0.0010309622841004897
2016-09-02,2016-09-02,97.199997,97.800003,96.5,97.099998,3035024.0,96.657883,0.0005150104142224166
2016-09-06,2016-09-06,97.5,98.449997,96.599998,97.449997,3710797.0,97.006287,0.003598026169360224
2016-09-07,2016-09-07,97.699997,99.199997,97.099998,97.449997,5759082.0,97.006287,0.0
2016-09-08,2016-09-08,97.75,98.900002,97.199997,97.449997,3125023.0,97.006287,0.0
2016-09-09,2016-09-09,97.449997,97.75,94.300003,94.75,3748461.0,94.318581,-0.02809757924932477
2016-09-12,2016-09-12,92.800003,92.800003,88.25,89.099998,7090680.0,88.694305,-0.06148252951841116
2016-09-14,2016-09-14,89.199997,91.349998,87.199997,91.099998,6275112.0,90.685204,0.022198530543713343
2016-09-15,2016-09-15,91.199997,94.099998,91.099998,93.699997,7220505.0,93.273361,0.028140334644255915
2016-09-16,2016-09-16,94.349998,95.199997,91.400002,92.449997,4160766.0,92.029053,-0.01343022658120585
2016-09-19,2016-09-19,92.550003,93.550003,92.25,92.949997,1757389.0,92.526779,0.005393784648225264
2016-09-20,2016-09-20,92.5,93.300003,91.5,91.699997,2357615.0,91.282471,-0.013539329583694304
2016-09-21,2016-09-21,92.050003,92.900002,91.050003,91.650002,3479712.0,91.232704,-0.0005453464484075353
2016-09-22,2016-09-22,92.75,94.599998,92.099998,94.150002,4189562.0,93.721321,0.026912279426222874
2016-09-23,2016-09-23,94.150002,94.650002,92.900002,93.199997,2318762.0,92.775642,-0.010141581826999868
2016-09-26,2016-09-26,92.800003,93.599998,91.349998,92.050003,2926606.0,91.630882,-0.01241577229113755
2016-09-27,2016-09-27,92.300003,93.400002,90.050003,90.800003,2809758.0,90.386574,-0.013672615930074627
2016-09-28,2016-09-28,91.400002,93.099998,91.099998,92.599998,5790898.0,92.178375,0.019629819914976032
2016-09-29,2016-09-29,93.0,94.699997,84.449997,85.650002,16439547.0,85.260017,-0.07801994785700027
2016-09-30,2016-09-30,86.849998,92.75,86.050003,91.650002,12077560.0,91.232704,0.06770781856401342
2016-10-03,2016-10-03,92.0,93.449997,91.75,92.800003,4307288.0,92.377464,0.012469623505091398
2016-10-04,2016-10-04,93.0,94.349998,92.849998,93.75,4942117.0,93.323135,0.010184987877579488
2016-10-05,2016-10-05,94.099998,97.449997,92.650002,96.550003,10707985.0,96.11039,0.029429386003509524
2016-10-06,2016-10-06,96.949997,97.550003,94.0,94.900002,6374438.0,94.467903,-0.017237300665688515
2016-10-07,2016-10-07,95.0,95.849998,93.599998,93.949997,2851540.0,93.522224,-0.010061028121191916
2016-10-10,2016-10-10,94.75,95.599998,93.300003,93.800003,3151474.0,93.37291,-0.0015978375527696542
2016-10-13,2016-10-13,93.800003,94.25,90.25,92.550003,8109305.0,92.128601,-0.01341582239672512
2016-10-14,2016-10-14,93.099998,100.150002,92.400002,99.300003,15859963.0,98.84787,0.07039656364380775
2016-10-17,2016-10-17,101.0,101.25,97.099998,98.800003,11012421.0,98.350143,-0.005048002759911796
2016-10-18,2016-10-18,99.400002,101.849998,98.849998,100.75,14906228.0,100.291267,0.019544623558703126
2016-10-19,2016-10-19,101.0,102.900002,100.150002,101.199997,17847227.0,100.739212,0.004456495787009018
2016-10-20,2016-10-20,101.949997,102.599998,101.150002,101.75,5135670.0,101.286713,0.005420119624342412
2016-10-21,2016-10-21,102.0,103.150002,100.300003,102.150002,6819409.0,101.684891,0.003923489817702297
2016-10-24,2016-10-24,102.0,103.400002,101.0,101.75,4604270.0,101.286713,-0.003923489817702297
2016-10-25,2016-10-25,102.300003,103.599998,100.800003,102.849998,5614952.0,102.381699,0.010752738134919504
2016-10-26,2016-10-26,104.25,107.449997,101.75,104.75,25317971.0,104.273056,0.01830502096812392
2016-10-27,2016-10-27,104.75,107.949997,103.25,105.650002,11457513.0,105.168953,0.008555136273974641
2016-10-28,2016-10-28,105.699997,107.449997,105.599998,106.949997,5947175.0,106.46303600000002,0.012229711919202302
2016-11-01,2016-11-01,108.150002,109.150002,106.900002,107.75,11847285.0,107.259392,0.007452279978437559
2016-11-02,2016-11-02,106.150002,106.599998,103.800003,104.300003,5312516.0,103.825104,-0.032542333867728424
2016-11-03,2016-11-03,104.0,105.75,102.150002,103.050003,4684684.0,102.580795,-0.012057059222010835
2016-11-04,2016-11-04,103.650002,103.75,98.699997,101.099998,8076764.0,100.639671,-0.0191042081109476
2016-11-07,2016-11-07,102.800003,105.0,102.650002,103.25,3054848.0,102.779884,0.021043129070315025
2016-11-08,2016-11-08,104.5,104.75,102.199997,103.849998,3690163.0,103.377151,0.005794307926991316
2016-11-09,2016-11-09,94.050003,101.949997,92.199997,100.550003,16490657.0,100.092178,-0.03229241945639316
2016-11-10,2016-11-10,103.0,104.349998,100.0,100.449997,5498042.0,99.99263,-0.0009950581376863
2016-11-11,2016-11-11,99.0,100.099998,94.099998,94.699997,7217534.0,94.268806,-0.05894614369158635
2016-11-15,2016-11-15,94.0,94.349998,81.550003,84.75,14364273.0,84.364113,-0.11100822982417302
2016-11-16,2016-11-16,86.300003,88.699997,82.449997,84.150002,11572427.0,83.766853,-0.0071047294444417375
2016-11-17,2016-11-17,84.599998,87.75,84.050003,85.25,6203443.0,84.861839,0.012987130214964004
2016-11-18,2016-11-18,86.400002,87.699997,84.650002,86.599998,6107957.0,86.205688,0.01571165104467287
2016-11-21,2016-11-21,87.849998,87.849998,82.25,82.75,5786773.0,82.373222,-0.045475753200332925
2016-11-22,2016-11-22,83.599998,84.800003,81.800003,84.0,4075012.0,83.617531,0.014992790692206269
2016-11-23,2016-11-23,84.849998,85.699997,83.599998,85.150002,3697704.0,84.762299,0.013597657612065106
2016-11-24,2016-11-24,84.5,85.300003,82.400002,82.900002,5382695.0,82.522545,-0.02677932793976989
2016-11-25,2016-11-25,83.800003,89.0,83.0,88.650002,8150333.0,88.246361,0.06706093110001897
2016-11-28,2016-11-28,88.150002,88.75,86.800003,87.199997,4345789.0,86.80295600000002,-0.01649178344976043
2016-11-29,2016-11-29,87.699997,90.5,87.5,88.25,5237407.0,87.84818299999998,0.01196945505087843
2016-11-30,2016-11-30,89.0,90.150002,88.0,89.349998,4867017.0,88.943169,0.01238748377324761
2016-12-01,2016-12-01,89.849998,90.0,86.800003,87.400002,3839088.0,87.002052,-0.022065910626771768
2016-12-02,2016-12-02,86.800003,86.949997,83.75,83.949997,5214471.0,83.567757,-0.04027394070521684
2016-12-05,2016-12-05,83.349998,85.949997,83.150002,85.449997,3256209.0,85.060928,0.017710035833782282
2016-12-06,2016-12-06,86.0,86.900002,85.699997,86.099998,1965418.0,85.70796999999997,0.00757802040085398
2016-12-07,2016-12-07,86.25,86.949997,84.599998,85.550003,3509164.0,85.160477,-0.006408378881926247
2016-12-08,2016-12-08,86.199997,88.199997,86.199997,88.050003,3357078.0,87.64909399999998,0.028803833517110355
2016-12-09,2016-12-09,88.0,90.0,87.25,89.150002,3163353.0,88.744087,0.012415526035911563
2016-12-12,2016-12-12,88.699997,88.800003,86.0,86.599998,2261402.0,86.205688,-0.029020639212296476
2016-12-13,2016-12-13,86.150002,86.5,85.099998,85.900002,2052020.0,85.508881,-0.008115919678059136
2016-12-14,2016-12-14,86.349998,86.650002,85.150002,85.400002,2222367.0,85.011162,-0.005837676377521639
2016-12-15,2016-12-15,84.0,87.199997,84.0,86.449997,2967919.0,86.056374,0.012220027611544282
2016-12-16,2016-12-16,86.300003,87.050003,85.449997,85.949997,1600667.0,85.558647,-0.00580052250257701
2016-12-19,2016-12-19,86.0,86.050003,84.550003,84.949997,3966855.0,84.563202,-0.011702863176279443
2016-12-20,2016-12-20,84.949997,85.349998,81.099998,82.5,6645329.0,82.124359,-0.029264535849379488
2016-12-21,2016-12-21,82.900002,83.699997,81.699997,82.25,3454624.0,81.875496,-0.003034919646942136
2016-12-22,2016-12-22,82.0,83.5,81.400002,83.050003,3480523.0,82.67186,0.009679526151928464
2016-12-23,2016-12-23,83.150002,85.400002,82.5,84.349998,3601375.0,83.965935,0.015531902772919716
2016-12-26,2016-12-26,83.550003,83.900002,81.449997,81.75,1977493.0,81.37777700000002,-0.03130895497066444
2016-12-27,2016-12-27,82.0,84.199997,80.949997,84.0,3594170.0,83.617531,0.027150973156904182
2016-12-28,2016-12-28,84.400002,85.849998,83.400002,83.800003,3305451.0,83.418442,-0.0023837870453924377
2016-12-29,2016-12-29,83.849998,85.25,82.849998,84.75,4882624.0,84.364113,0.011272697738323956
2016-12-30,2016-12-30,85.599998,88.699997,85.599998,87.599998,7209842.0,87.201141,0.0330753059353599
2017-01-02,2017-01-02,88.25,89.0,87.150002,88.349998,4273730.0,87.947723,0.008525165446647165
2017-01-03,2017-01-03,88.599998,89.699997,88.050003,89.0,2678560.0,88.594765,0.007330188948260208
2017-01-04,2017-01-04,89.300003,92.449997,89.099998,91.349998,7382566.0,90.934067,0.026061935363847155
2017-01-05,2017-01-05,92.449997,94.099998,91.699997,93.349998,5357643.0,92.924957,0.021657547993973125
2017-01-06,2017-01-06,93.800003,94.800003,92.349998,92.849998,4853692.0,92.427231,-0.005370610422406053
2017-01-09,2017-01-09,93.099998,96.099998,92.650002,95.699997,6048796.0,95.264259,0.030233060568132686
2017-01-10,2017-01-10,96.75,97.25,95.5,96.400002,4604280.0,95.961075,0.0072879369029879015
2017-01-11,2017-01-11,97.0,97.449997,96.199997,96.599998,3080658.0,96.160156,0.0020724525885995604
2017-01-12,2017-01-12,96.800003,97.349998,95.349998,95.849998,2209314.0,95.413574,-0.007794239633777344
2017-01-13,2017-01-13,96.300003,96.5,94.150002,94.75,3985551.0,94.318581,-0.011542641861294278
2017-01-16,2017-01-16,94.699997,96.25,94.099998,95.449997,3890126.0,95.015396,0.00736073004093729
2017-01-17,2017-01-17,96.199997,97.400002,95.699997,96.75,4401802.0,96.309479,0.013527804315734748
2017-01-18,2017-01-18,97.0,97.800003,96.400002,96.900002,3118443.0,96.458794,0.00154916602756483
2017-01-19,2017-01-19,97.0,97.900002,95.900002,97.050003,2593538.0,96.608116,0.0015468422815052565
2017-01-20,2017-01-20,96.900002,97.0,93.949997,94.199997,2471741.0,93.771088,-0.02980617603014757
2017-01-23,2017-01-23,94.699997,95.25,93.199997,94.349998,3176500.0,93.920403,0.0015910687341627039
2017-01-24,2017-01-24,95.099998,99.199997,94.550003,98.150002,10126232.0,97.703102,0.039485661844152815
2017-01-25,2017-01-25,99.5,101.900002,98.449997,101.0,12266909.0,100.540131,0.028623652426981394
2017-01-27,2017-01-27,101.949997,102.199997,100.199997,101.099998,5820204.0,100.639671,0.0009895626413110037
2017-01-30,2017-01-30,101.099998,101.300003,99.400002,100.150002,3756028.0,99.694,-0.00944102925363932
2017-01-31,2017-01-31,100.0,100.400002,97.199997,97.550003,3924663.0,97.105835,-0.026304028435509608
2017-02-01,2017-02-01,98.5,103.75,97.199997,103.0,11286169.0,102.531021,0.054363930513737564
2017-02-02,2017-02-02,103.0,104.25,101.0,102.550003,8270278.0,102.083069,-0.0043785128937550155
2017-02-03,2017-02-03,102.800003,105.349998,102.550003,104.699997,8288494.0,104.223274,0.020748579503799824
2017-02-06,2017-02-06,105.0,105.800003,104.25,104.650002,4461256.0,104.173508,-0.00047760815179920263
2017-02-07,2017-02-07,103.5,105.25,102.650002,103.75,3064455.0,103.277603,-0.008637317635565191
2017-02-08,2017-02-08,103.949997,109.400002,103.699997,108.300003,9137026.0,107.806892,0.042921052124748726
2017-02-09,2017-02-09,108.949997,109.800003,104.550003,107.099998,7099489.0,106.61235,-0.011142230961139532
2017-02-10,2017-02-10,107.5,110.400002,106.5,109.75,7954588.0,109.25029,0.02444212975465465
2017-02-13,2017-02-13,110.5,110.900002,107.25,109.900002,5606584.0,109.399605,0.001365790943653522
2017-02-14,2017-02-14,109.900002,113.199997,109.300003,112.449997,6994751.0,111.937988,0.022937760009011043
2017-02-15,2017-02-15,112.449997,113.5,108.849998,110.050003,5723696.0,109.548927,-0.021573768007906224
2017-02-16,2017-02-16,110.300003,115.0,108.699997,114.400002,7203683.0,113.879112,0.038766193318487296
2017-02-17,2017-02-17,115.199997,117.800003,114.449997,117.449997,9594764.0,116.915222,0.026311609161267846
2017-02-20,2017-02-20,117.0,118.699997,116.650002,118.199997,3880912.0,117.661812,0.006365435764760896
2017-02-21,2017-02-21,118.199997,118.900002,116.25,117.5,3237356.0,116.964996,-0.005939799076227104
2017-02-22,2017-02-22,117.449997,119.599998,116.0,117.050003,6440885.0,116.517052,-0.003837079153909961
2017-02-23,2017-02-23,117.050003,118.400002,115.599998,116.349998,4864240.0,115.820236,-0.005998331953366964
2017-02-27,2017-02-27,116.099998,118.449997,115.449997,115.900002,5608668.0,115.372284,-0.003875147522643729
2017-02-28,2017-02-28,116.5,117.400002,115.900002,116.449997,2206460.0,115.919777,0.004734222352520412
2017-03-01,2017-03-01,117.199997,117.800003,115.699997,116.099998,2767935.0,115.571373,-0.003010087107546689
2017-03-02,2017-03-02,116.849998,118.25,112.300003,113.150002,4359154.0,112.634804,-0.02573752507813776
2017-03-03,2017-03-03,113.150002,115.800003,112.550003,115.300003,2287607.0,114.775017,0.0188230761667727
2017-03-06,2017-03-06,115.800003,116.449997,114.650002,115.800003,1729536.0,115.272743,0.004327160382968209
2017-03-07,2017-03-07,116.0,120.199997,114.849998,119.650002,6623257.0,119.105209,0.03270621312672884
2017-03-08,2017-03-08,120.300003,121.400002,118.25,120.199997,9938901.0,119.652702,0.004586184870936094
2017-03-09,2017-03-09,119.550003,120.150002,118.5,118.949997,3280570.0,118.408394,-0.010453781424562436
2017-03-10,2017-03-10,118.0,119.849998,116.699997,117.349998,2862140.0,116.815681,-0.013542298687525543
2017-03-14,2017-03-14,119.75,122.5,119.0,121.550003,7586414.0,120.996559,0.035164790656144966
2017-03-15,2017-03-15,121.550003,122.849998,120.5,121.050003,4093401.0,120.49884,-0.004121980847486385
2017-03-16,2017-03-16,121.75,123.0,121.5,122.199997,3594823.0,121.643593,0.00945527402549562
2017-03-17,2017-03-17,122.5,124.0,120.0,121.550003,3838760.0,120.996559,-0.005333293178009235
2017-03-20,2017-03-20,121.949997,123.400002,121.0,122.550003,7991254.0,121.99201200000002,0.008193460003968589
2017-03-21,2017-03-21,122.5,123.949997,122.25,122.849998,2528813.0,122.290642,0.0024449558236963047
2017-03-22,2017-03-22,121.349998,122.900002,121.050003,121.900002,2041610.0,121.344963,-0.007763099726991741
2017-03-23,2017-03-23,122.0,122.75,121.0,121.550003,3450821.0,120.996559,-0.002875316100673153
2017-03-24,2017-03-24,121.550003,122.550003,120.699997,120.949997,2372587.0,120.399284,-0.004948521162659425
2017-03-27,2017-03-27,120.5,121.5,119.300003,120.25,2399806.0,119.702477,-0.005804280263195238
2017-03-28,2017-03-28,121.0,122.699997,114.199997,121.849998,3618738.0,121.295189,0.013217847418403927
2017-03-29,2017-03-29,122.0,123.400002,121.400002,122.949997,2691614.0,122.390182,0.008987001274343598
2017-03-30,2017-03-30,123.5,124.199997,122.349998,123.400002,4860319.0,122.838135,0.0036533586636062773
2017-03-31,2017-03-31,123.400002,125.5,121.449997,123.650002,5699040.0,123.086998,0.0020238930597482607
