Date,Date.1,MRPL.NS.Open,MRPL.NS.High,MRPL.NS.Low,MRPL.NS.Close,MRPL.NS.Volume,MRPL.NS.Adjusted,log_returns
2013-04-01,2013-04-01,50.650002,51.0,50.0,50.849998,123982.0,46.206299,0.02589786215534451
2013-04-02,2013-04-02,50.5,52.200001,50.400002,51.950001,171384.0,47.205845,0.02140158888507271
2013-04-03,2013-04-03,52.400002,52.900002,49.849998,50.400002,197761.0,45.797394,-0.030290529732404536
2013-04-04,2013-04-04,50.549999,50.599998,49.25,49.5,84359.0,44.979584,-0.018018492004490568
2013-04-05,2013-04-05,49.049999,50.549999,49.049999,49.900002,95678.0,45.343056,0.008048346727160816
2013-04-08,2013-04-08,49.950001,50.450001,49.5,49.799999,53504.0,45.252182,-0.0020061546828333827
2013-04-09,2013-04-09,50.900002,50.900002,49.150002,49.349998,77216.0,44.843277,-0.009077212374640098
2013-04-10,2013-04-10,49.5,49.700001,47.5,48.650002,103022.0,44.207207,-0.01428584751278761
2013-04-11,2013-04-11,49.5,49.599998,48.75,49.099998,59885.0,44.616108,0.00920712965020165
2013-04-12,2013-04-12,48.75,49.900002,48.0,49.400002,104182.0,44.888718,0.006091533946401828
2013-04-15,2013-04-15,49.099998,51.099998,49.099998,49.599998,209005.0,45.07045,0.004040327434325697
2013-04-16,2013-04-16,49.0,50.849998,49.0,49.549999,160637.0,45.025017,-0.0010085524913510113
2013-04-17,2013-04-17,50.0,50.299999,49.049999,49.349998,187308.0,44.843277,-0.004044591026790556
2013-04-18,2013-04-18,49.0,49.849998,48.900002,49.299999,142931.0,44.797848,-0.0010135750502735519
2013-04-22,2013-04-22,50.450001,50.450001,48.799999,48.950001,144408.0,44.479813,-0.007124656756102966
2013-04-23,2013-04-23,49.450001,49.650002,48.5,48.849998,191310.0,44.388939,-0.002045129016187364
2013-04-25,2013-04-25,49.450001,49.450001,48.799999,48.900002,161304.0,44.434376,0.0010230873270891117
2013-04-26,2013-04-26,49.650002,49.650002,47.849998,48.049999,242856.0,43.661999,-0.017535268417907538
2013-04-29,2013-04-29,48.0,48.599998,46.900002,47.349998,233880.0,43.025921,-0.014675387662088648
2013-04-30,2013-04-30,47.599998,48.200001,47.299999,47.450001,158522.0,43.116791,0.002109755581080286
2013-05-02,2013-05-02,47.0,47.549999,46.900002,47.099998,193674.0,42.798752,-0.007403560324666714
2013-05-03,2013-05-03,47.400002,47.549999,46.900002,47.150002,135863.0,42.844193,0.0010611733228982343
2013-05-06,2013-05-06,47.25,47.650002,47.049999,47.450001,146359.0,43.116791,0.006342387001768479
2013-05-07,2013-05-07,47.200001,48.049999,47.200001,47.650002,268699.0,43.298527,0.004206112345267243
2013-05-08,2013-05-08,47.75,47.950001,47.200001,47.349998,156133.0,43.025921,-0.006315867926347529
2013-05-09,2013-05-09,47.700001,47.700001,46.25,46.450001,288401.0,42.208111,-0.01919034166305167
2013-05-10,2013-05-10,46.5,47.0,46.5,46.75,178294.0,42.480717,0.006437848957663307
2013-05-13,2013-05-13,47.049999,47.5,46.200001,46.349998,156918.0,42.117241,-0.00859307352581462
2013-05-14,2013-05-14,46.200001,47.5,46.200001,46.5,218211.0,42.253548,0.0032311448122275266
2013-05-15,2013-05-15,46.5,49.0,46.5,46.900002,855215.0,42.61702,0.008565377391962947
2013-05-16,2013-05-16,47.0,48.099998,46.450001,46.599998,418521.0,42.344414,-0.006417192428753715
2013-05-17,2013-05-17,46.599998,47.099998,46.049999,46.299999,223932.0,42.071812,-0.0064585438250177605
2013-05-20,2013-05-20,46.099998,46.900002,46.0,46.150002,179095.0,41.935513,-0.0032449341672950997
2013-05-21,2013-05-21,46.299999,46.5,44.599998,45.049999,413415.0,40.935963,-0.024124065927155325
2013-05-22,2013-05-22,44.75,45.5,44.25,44.799999,373724.0,40.708794,-0.005564829747352729
2013-05-23,2013-05-23,44.5,44.950001,41.700001,41.849998,454835.0,38.028191,-0.06811638480603133
2013-05-24,2013-05-24,42.0,43.25,40.0,42.549999,1420197.0,38.664265,0.01658803534116915
2013-05-27,2013-05-27,42.5,43.200001,42.049999,42.75,216605.0,38.846001,0.004689348712361596
2013-05-28,2013-05-28,43.5,43.599998,42.799999,43.299999,124633.0,39.345776,0.012783487603362786
2013-05-29,2013-05-29,43.400002,43.950001,43.099998,43.299999,112351.0,39.345776,0.0
2013-05-30,2013-05-30,43.0,45.200001,42.799999,44.450001,190132.0,40.390755,0.02621229739036401
2013-05-31,2013-05-31,44.0,44.450001,43.0,43.25,101062.0,39.300343,-0.027367675573845673
2013-06-03,2013-06-03,43.0,46.400002,42.200001,44.950001,197716.0,40.845097,0.038553543050195316
2013-06-04,2013-06-04,45.0,45.950001,43.799999,45.5,252670.0,41.344868,0.0121615128991035
2013-06-05,2013-06-05,45.0,45.700001,44.599998,45.150002,233753.0,41.026833,-0.007721986470640819
2013-06-06,2013-06-06,44.950001,45.700001,44.349998,44.650002,212814.0,40.572491,-0.011136040668408231
2013-06-07,2013-06-07,44.0,44.799999,43.5,43.799999,78487.0,39.800117,-0.019220423398184302
2013-06-10,2013-06-10,44.0,44.900002,41.950001,42.099998,128156.0,38.25536,-0.039586170810456345
2013-06-11,2013-06-11,42.049999,42.349998,40.700001,40.849998,138190.0,37.119511,-0.030140946834257942
2013-06-12,2013-06-12,40.799999,41.75,40.099998,40.299999,188340.0,36.61974,-0.013555295064074269
2013-06-13,2013-06-13,40.0,41.0,40.0,40.400002,132520.0,36.71060900000001,0.002478347580518125
2013-06-14,2013-06-14,40.950001,41.349998,38.25,39.200001,463717.0,35.620197,-0.03015297840928488
2013-06-17,2013-06-17,39.950001,40.299999,38.650002,39.299999,455205.0,35.71106,0.002547636280828325
2013-06-18,2013-06-18,39.200001,39.75,38.549999,38.700001,189654.0,35.165855,-0.015384861314905685
2013-06-19,2013-06-19,39.0,39.0,38.049999,38.5,161793.0,34.984119,-0.005181367753099853
2013-06-20,2013-06-20,38.0,38.400002,37.25,37.700001,223549.0,34.257175,-0.020998183840268855
2013-06-21,2013-06-21,37.5,38.5,37.349998,37.799999,154310.0,34.348045,0.0026490711097668647
2013-06-24,2013-06-24,37.0,38.099998,36.599998,36.799999,165958.0,33.439365,-0.026811304127575486
2013-06-25,2013-06-25,36.049999,36.799999,35.099998,35.25,205180.0,32.030914,-0.04303229984008672
2013-06-26,2013-06-26,35.799999,35.849998,34.5,34.650002,144291.0,31.48571,-0.017167706854382292
2013-06-27,2013-06-27,34.099998,34.849998,34.0,34.150002,158848.0,31.031370000000006,-0.014535163799828775
2013-06-28,2013-06-28,35.0,36.5,35.0,36.0,922672.0,32.712425,0.05275634684461394
2013-07-01,2013-07-01,36.099998,37.849998,36.099998,37.700001,157567.0,34.257175,0.046141056667492464
2013-07-02,2013-07-02,38.900002,38.900002,37.549999,37.75,170446.0,34.302612,0.0013254710564445382
2013-07-03,2013-07-03,37.75,37.799999,36.25,36.5,94970.0,33.166759000000006,-0.033673363463845966
2013-07-04,2013-07-04,37.25,37.25,36.299999,36.900002,100616.0,33.530235,0.010899429690387041
2013-07-05,2013-07-05,37.849998,39.0,37.150002,37.5,234898.0,34.075439,0.016129291742620566
2013-07-08,2013-07-08,37.049999,42.799999,36.549999,37.450001,2740039.0,34.03001,-0.0013340784740369926
2013-07-09,2013-07-09,37.950001,38.900002,37.450001,37.75,367285.0,34.302612,0.007978720504875358
2013-07-10,2013-07-10,38.5,38.5,36.049999,36.349998,511646.0,33.03046,-0.03779133683701152
2013-07-11,2013-07-11,37.0,37.5,36.099998,36.700001,177907.0,33.348499,0.00958259781351778
2013-07-12,2013-07-12,37.099998,37.299999,36.5,36.849998,188930.0,33.484802,0.004078900396602414
2013-07-15,2013-07-15,36.150002,37.25,36.150002,36.900002,131559.0,33.530235,0.0013559048534323992
2013-07-16,2013-07-16,36.299999,37.0,34.799999,34.900002,498047.0,31.712879,-0.05572469312518757
2013-07-17,2013-07-17,35.0,36.700001,34.299999,34.450001,656980.0,31.303974,-0.012977821634377662
2013-07-18,2013-07-18,34.299999,35.400002,34.299999,35.099998,161340.0,31.894611,0.01869200700755336
2013-07-19,2013-07-19,35.450001,35.900002,34.950001,35.25,164393.0,32.030914,0.004264437611130933
2013-07-22,2013-07-22,35.099998,36.5,34.049999,35.799999,225541.0,32.530685,0.015482298787285576
2013-07-23,2013-07-23,36.400002,36.400002,35.099998,36.0,130153.0,32.712425,0.0055711774031173
2013-07-24,2013-07-24,36.599998,36.599998,35.400002,35.900002,336597.0,32.621555,-0.0027817089543691327
2013-07-25,2013-07-25,36.0,36.0,35.200001,35.950001,271835.0,32.666988,0.0013917604910753667
2013-07-26,2013-07-26,36.0,36.400002,34.75,35.849998,238368.0,32.576122,-0.0027854606793225045
2013-07-29,2013-07-29,35.150002,35.799999,33.900002,34.0,127773.0,30.895065,-0.05298310359841585
2013-07-30,2013-07-30,34.0,34.5,33.049999,33.349998,110617.0,30.304424,-0.0193027539529802
2013-07-31,2013-07-31,34.0,34.0,31.799999,32.549999,113741.0,29.577482,-0.02428037988326581
2013-08-01,2013-08-01,33.450001,35.099998,32.200001,32.450001,244626.0,29.486614000000007,-0.0030769309223348533
2013-08-02,2013-08-02,34.0,34.0,31.6,32.150002,158877.0,29.214012,-0.009287940461958577
2013-08-05,2013-08-05,31.5,32.299999,27.9,28.75,401936.0,26.124504,-0.1117747327316856
2013-08-06,2013-08-06,29.0,30.0,28.5,29.15,263104.0,26.487976,0.01381716971504865
2013-08-07,2013-08-07,29.049999,29.9,29.049999,29.700001,195044.0,26.987749,0.01869212811824772
2013-08-08,2013-08-08,30.450001,31.0,29.6,30.0,268353.0,27.260353,0.010050353268811207
2013-08-12,2013-08-12,30.200001,31.0,30.200001,30.9,244031.0,28.078163,0.029558781228773867
2013-08-13,2013-08-13,31.1,31.15,30.15,30.4,161937.0,27.623825,-0.016313531793021863
2013-08-14,2013-08-14,31.15,31.15,28.9,29.9,854654.0,27.169485,-0.016584156467539746
2013-08-16,2013-08-16,29.9,30.049999,26.299999,27.450001,879795.0,24.943224,-0.08549226638332375
2013-08-19,2013-08-19,27.4,27.450001,26.6,27.200001,280922.0,24.716053,-0.009149250589445934
2013-08-20,2013-08-20,27.950001,29.200001,26.9,28.549999,222528.0,25.94277,0.048440006519038466
2013-08-21,2013-08-21,29.5,30.15,28.950001,29.549999,549594.0,26.851446000000006,0.034426716177961225
2013-08-22,2013-08-22,29.65,30.0,29.1,29.549999,298785.0,26.851446000000006,0.0
2013-08-23,2013-08-23,29.299999,30.450001,29.299999,30.0,318490.0,27.260353,0.015113701307557738
2013-08-26,2013-08-26,30.200001,30.549999,29.75,30.4,143363.0,27.623825,0.013245249435752005
2013-08-27,2013-08-27,30.200001,30.450001,28.9,29.450001,488775.0,26.760582,-0.03174864109422382
2013-08-28,2013-08-28,29.4,29.85,28.15,29.1,508132.0,26.442541,-0.011955869149401277
2013-08-29,2013-08-29,29.450001,30.299999,29.25,29.799999,672104.0,27.078617,0.02377026108583058
2013-08-30,2013-08-30,30.299999,33.400002,28.65,30.799999,956926.0,27.987295,0.03300628136064398
2013-09-02,2013-09-02,30.200001,31.9,30.200001,31.35,201160.0,28.487070000000006,0.017699642918738157
2013-09-03,2013-09-03,31.700001,31.700001,30.549999,30.9,134217.0,28.078163,-0.014458143328565763
2013-09-04,2013-09-04,31.0,31.0,30.1,30.65,107234.0,27.850994,-0.008123499850444027
2013-09-05,2013-09-05,30.799999,31.5,30.799999,30.950001,137991.0,28.123598,0.009740353453948192
2013-09-06,2013-09-06,31.4,32.25,30.85,31.6,503127.0,28.714239000000006,0.020784121743569358
2013-09-10,2013-09-10,31.9,32.5,31.0,31.35,316031.0,28.487070000000006,-0.007942832018507762
2013-09-11,2013-09-11,31.049999,32.5,31.0,32.0,212154.0,29.077709,0.02052156677504113
2013-09-12,2013-09-12,32.5,33.5,32.0,32.200001,228483.0,29.259447,0.0062306289985483146
2013-09-13,2013-09-13,32.049999,33.400002,32.049999,32.900002,231323.0,29.895521,0.02150617395264787
2013-09-16,2013-09-16,33.5,34.0,32.900002,33.0,196163.0,29.986387,0.003034842167743079
2013-09-17,2013-09-17,33.75,34.900002,33.0,34.650002,520631.0,31.48571,0.04879028009504438
2013-09-18,2013-09-18,35.25,35.650002,34.549999,34.799999,1241351.0,31.622009,0.004319573392607801
2013-09-19,2013-09-19,35.950001,35.950001,34.799999,35.150002,420037.0,31.94005,0.010007342720939949
2013-09-20,2013-09-20,35.200001,35.450001,33.900002,34.349998,721236.0,31.2131,-0.02302282973202008
2013-09-23,2013-09-23,34.0,34.849998,33.400002,34.0,155052.0,30.895065,-0.010241416077774623
2013-09-24,2013-09-24,33.700001,34.599998,33.5,34.099998,1675316.0,30.985931,0.002936800348474655
2013-09-25,2013-09-25,34.0,34.099998,33.299999,33.599998,172508.0,30.531593,-0.014771279188568354
2013-09-26,2013-09-26,33.25,33.799999,33.049999,33.200001,123944.0,30.168125,-0.011976080160199576
2013-09-27,2013-09-27,33.25,33.900002,33.0,33.200001,225144.0,30.168125,0.0
2013-09-30,2013-09-30,33.799999,33.799999,33.099998,33.5,202273.0,30.440727000000006,0.00899551234616558
2013-10-01,2013-10-01,33.349998,33.75,32.900002,33.200001,561639.0,30.168125,-0.00899551234616558
2013-10-03,2013-10-03,33.849998,33.849998,33.400002,33.650002,99505.0,30.57703,0.01346317007133768
2013-10-04,2013-10-04,33.5,33.650002,33.299999,33.5,69283.0,30.440727000000006,-0.004467657725172103
2013-10-07,2013-10-07,33.25,33.849998,33.200001,33.349998,86824.0,30.304424,-0.004487707298852507
2013-10-08,2013-10-08,33.400002,34.049999,33.299999,33.549999,225612.0,30.48616,0.0059791016785202275
2013-10-09,2013-10-09,33.099998,33.799999,33.099998,33.5,66350.0,30.440727000000006,-0.0014913943796677211
2013-10-10,2013-10-10,33.5,34.150002,33.5,33.700001,100849.0,30.622465,0.005952474171695865
2013-10-11,2013-10-11,33.849998,34.400002,33.599998,33.799999,137817.0,30.713329,0.0029628398213992213
2013-10-14,2013-10-14,34.299999,36.599998,34.099998,36.299999,644836.0,32.985027,0.07135700147838264
2013-10-15,2013-10-15,36.5,36.950001,36.049999,36.599998,361150.0,33.257629,0.008230453164339123
2013-10-17,2013-10-17,36.549999,37.450001,36.099998,37.0,244675.0,33.621101,0.010869691415595906
2013-10-18,2013-10-18,37.200001,38.599998,36.900002,38.099998,445023.0,34.620647,0.02929636238440558
2013-10-21,2013-10-21,38.099998,40.0,37.950001,39.650002,376821.0,36.029102,0.039876762581958484
2013-10-22,2013-10-22,40.450001,43.5,40.25,41.75,1808002.0,37.937325,0.05160845518430879
2013-10-23,2013-10-23,41.950001,41.950001,39.700001,40.349998,362424.0,36.665173,-0.03410811602807362
2013-10-24,2013-10-24,40.5,41.25,39.25,39.549999,258783.0,35.938232,-0.020025652885139245
2013-10-25,2013-10-25,39.599998,39.700001,38.75,38.950001,139769.0,35.393024,-0.015286948472242656
2013-10-28,2013-10-28,38.5,39.849998,38.5,39.549999,330152.0,35.938232,0.015286948472242656
2013-10-29,2013-10-29,39.5,42.0,38.799999,41.25,829816.0,37.482986,0.04208543630790373
2013-10-30,2013-10-30,41.0,41.0,39.5,39.799999,233806.0,36.165401,-0.035784235045339674
2013-10-31,2013-10-31,39.5,40.599998,39.5,40.25,184324.0,36.574306,0.011243083708318393
2013-11-01,2013-11-01,40.25,40.549999,39.75,40.049999,159382.0,36.39257,-0.004981339088592661
2013-11-05,2013-11-05,40.099998,40.900002,39.650002,39.900002,677635.0,36.25627100000001,-0.003752273485521318
2013-11-06,2013-11-06,40.0,40.900002,40.0,40.400002,315421.0,36.71060900000001,0.012453427413742002
2013-11-07,2013-11-07,40.5,43.200001,39.900002,42.200001,891992.0,38.34623,0.04359043103996507
2013-11-08,2013-11-08,42.049999,43.0,41.049999,41.650002,422437.0,37.846455,-0.013118901580072784
2013-11-11,2013-11-11,41.400002,41.450001,39.450001,39.950001,148846.0,36.301704,-0.04167263399836818
2013-11-12,2013-11-12,40.0,40.200001,39.0,39.150002,112203.0,35.57476,-0.020228284675269048
2013-11-13,2013-11-13,39.099998,39.099998,38.099998,38.25,125898.0,34.75695,-0.02325684562908048
2013-11-14,2013-11-14,38.200001,39.5,38.099998,38.5,90452.0,34.984119,0.006514663646363328
2013-11-18,2013-11-18,38.549999,41.799999,38.549999,41.5,389016.0,37.710155,0.07503520591755386
2013-11-19,2013-11-19,42.0,44.0,41.75,43.650002,1436407.0,39.663815,0.05050988952546831
2013-11-20,2013-11-20,43.950001,44.900002,40.650002,42.099998,504392.0,38.25536,-0.036155629928745985
2013-11-21,2013-11-21,42.0,42.650002,40.799999,41.049999,194272.0,37.301247,-0.025256923447773083
2013-11-22,2013-11-22,41.75,42.5,39.549999,40.400002,188452.0,36.71060900000001,-0.015960970870041002
2013-11-25,2013-11-25,43.5,44.5,42.5,42.849998,1523282.0,38.936867,0.058875752737405314
2013-11-26,2013-11-26,43.25,43.349998,42.0,42.400002,430165.0,38.527966,-0.01055717238281506
2013-11-27,2013-11-27,42.099998,43.25,41.099998,42.950001,543899.0,39.02774,0.01288830812885422
2013-11-28,2013-11-28,42.799999,43.099998,41.75,41.900002,176533.0,38.073627,-0.02475083761579544
2013-11-29,2013-11-29,42.0,43.299999,41.5,41.950001,166230.0,38.119061,0.0011926080199486933
2013-12-02,2013-12-02,42.75,43.599998,41.549999,41.950001,365428.0,38.119061,0.0
2013-12-03,2013-12-03,42.25,42.349998,41.0,41.150002,199700.0,37.39212,-0.019254458709919486
2013-12-04,2013-12-04,41.0,41.849998,41.0,41.150002,145227.0,37.39212,0.0
2013-12-05,2013-12-05,41.549999,42.349998,40.75,40.950001,218546.0,37.210381,-0.00487220554484491
2013-12-06,2013-12-06,40.950001,42.849998,40.900002,42.549999,364701.0,38.664265,0.038328006951128916
2013-12-09,2013-12-09,44.0,44.5,41.400002,42.0,893765.0,38.164497,-0.013010102891503728
2013-12-10,2013-12-10,42.450001,42.450001,40.349998,41.049999,382743.0,37.301247,-0.02287892782241752
2013-12-11,2013-12-11,41.400002,41.400002,40.099998,40.450001,190789.0,36.756042,-0.014724137417764016
2013-12-12,2013-12-12,40.5,41.400002,40.049999,41.049999,200702.0,37.301247,0.014724137417764016
2013-12-13,2013-12-13,41.049999,41.049999,40.0,40.049999,161644.0,36.39257,-0.024662124798261686
2013-12-16,2013-12-16,40.0,40.5,39.599998,40.0,130089.0,36.347137,-0.0012491940861996118
2013-12-17,2013-12-17,40.099998,40.450001,39.0,39.5,149448.0,35.89279600000001,-0.012578832007938523
2013-12-18,2013-12-18,39.299999,41.299999,39.299999,41.150002,351388.0,37.39212,0.04092338020003705
2013-12-19,2013-12-19,41.099998,42.400002,40.549999,41.299999,358735.0,37.528416,0.003638418987238268
2013-12-20,2013-12-20,41.25,42.200001,41.25,41.950001,252873.0,38.119061,0.015616039722681219
2013-12-23,2013-12-23,42.0,42.25,41.25,41.549999,154747.0,37.755589,-0.009580928027485223
2013-12-24,2013-12-24,42.0,42.549999,41.25,42.099998,226066.0,38.25536,0.013150163457701591
2013-12-26,2013-12-26,43.650002,44.950001,42.599998,43.150002,1591286.0,39.209476,0.02463477110306389
2013-12-27,2013-12-27,43.150002,43.5,42.299999,42.450001,246213.0,38.573402,-0.016355480679926426
2013-12-30,2013-12-30,43.400002,43.400002,41.549999,41.799999,233166.0,37.982758,-0.015430651682673437
2013-12-31,2013-12-31,42.0,42.849998,41.400002,42.450001,335103.0,38.573402,0.015430651682673437
2014-01-01,2014-01-01,42.950001,43.849998,42.75,43.599998,507788.0,39.618378,0.026730129915402582
2014-01-02,2014-01-02,43.650002,44.049999,42.5,42.75,440998.0,38.846001,-0.01968796436003029
2014-01-03,2014-01-03,42.799999,42.849998,42.0,42.599998,268059.0,38.709702,-0.0035148708618728537
2014-01-06,2014-01-06,43.0,43.75,42.799999,43.599998,346251.0,39.618378,0.02320283522190314
2014-01-07,2014-01-07,43.400002,43.900002,42.0,43.150002,325052.0,39.209476,-0.010374649235476152
2014-01-08,2014-01-08,43.0,43.799999,42.599998,43.049999,189692.0,39.118607,-0.002320216129005903
2014-01-09,2014-01-09,43.0,45.299999,42.200001,44.75,731047.0,40.663361,0.03872922972777815
2014-01-10,2014-01-10,45.0,45.0,42.900002,43.150002,755872.0,39.209476,-0.03640901359877224
2014-01-13,2014-01-13,43.599998,43.950001,42.900002,43.299999,192467.0,39.345776,0.003470172478808653
2014-01-14,2014-01-14,43.349998,43.950001,43.0,43.099998,141756.0,39.164036,-0.004629748053056382
2014-01-15,2014-01-15,43.5,44.200001,43.099998,43.950001,317690.0,39.936417,0.019529737696255545
2014-01-16,2014-01-16,43.849998,45.099998,43.599998,43.799999,528969.0,39.800117,-0.0034187624146153612
2014-01-17,2014-01-17,44.0,44.0,42.450001,42.900002,161485.0,38.982307,-0.02076197545944014
2014-01-20,2014-01-20,43.0,43.349998,42.299999,42.5,124676.0,38.618832,-0.009367843379299412
2014-01-21,2014-01-21,42.900002,43.200001,42.400002,42.849998,95439.0,38.936867,0.00820150644787443
2014-01-22,2014-01-22,42.200001,43.650002,42.200001,43.5,177598.0,39.527512,0.01505539619452989
2014-01-23,2014-01-23,43.099998,43.799999,43.049999,43.549999,101506.0,39.572945,0.0011487419091937845
2014-01-24,2014-01-24,43.849998,43.849998,42.25,42.400002,99650.0,38.527966,-0.026761310486538736
2014-01-27,2014-01-27,42.0,42.049999,40.099998,40.450001,143325.0,36.756042,-0.04708174690231326
2014-01-28,2014-01-28,40.450001,41.450001,40.400002,40.75,135566.0,37.028645,0.007389181994978511
2014-01-29,2014-01-29,41.0,41.900002,40.549999,40.700001,129590.0,36.983212,-0.0012277223555345884
2014-01-30,2014-01-30,40.200001,40.849998,40.049999,40.25,64169.0,36.574306,-0.011118107931348929
2014-01-31,2014-01-31,40.200001,43.150002,40.200001,42.599998,223368.0,38.709702,0.05674429427407901
2014-02-03,2014-02-03,44.549999,44.900002,43.099998,43.299999,865398.0,39.345776,0.01629835846523564
2014-02-04,2014-02-04,42.650002,43.5,42.099998,42.5,207085.0,38.618832,-0.01864859161015575
2014-02-05,2014-02-05,42.150002,43.900002,42.150002,43.150002,262143.0,39.209476,0.015178419131347097
2014-02-06,2014-02-06,43.150002,44.349998,43.099998,43.950001,347096.0,39.936417,0.018370162122007816
2014-02-07,2014-02-07,44.0,44.450001,43.5,43.900002,274978.0,39.890987,-0.0011382057445983307
2014-02-10,2014-02-10,43.599998,43.599998,42.0,42.849998,375329.0,38.936867,-0.024208869060882158
2014-02-11,2014-02-11,42.700001,42.700001,40.849998,41.150002,294769.0,37.39212,-0.040481552559727074
2014-02-12,2014-02-12,41.150002,41.950001,40.799999,40.900002,135687.0,37.164951,-0.006093847302356625
2014-02-13,2014-02-13,40.75,41.349998,40.299999,40.400002,118579.0,36.71060900000001,-0.012300352875321607
2014-02-14,2014-02-14,40.200001,41.0,40.049999,40.450001,97337.0,36.756042,0.0012368334522769866
2014-02-17,2014-02-17,40.450001,41.0,39.650002,39.849998,84480.0,36.210835,-0.014944236868699612
2014-02-18,2014-02-18,40.150002,40.299999,39.099998,39.75,222087.0,36.119965,-0.002512623883803133
2014-02-19,2014-02-19,39.400002,40.099998,38.849998,39.150002,168872.0,35.57476,-0.015209361913519182
2014-02-20,2014-02-20,38.799999,40.200001,38.799999,39.950001,133817.0,36.301704,0.020228284675269048
2014-02-21,2014-02-21,40.0,40.5,39.549999,39.950001,82453.0,36.301704,0.0
2014-02-24,2014-02-24,39.25,39.849998,38.150002,38.650002,170321.0,35.120422,-0.03308189767776204
2014-02-25,2014-02-25,38.950001,39.200001,38.549999,38.75,99462.0,35.211288,0.0025839283747539628
2014-02-26,2014-02-26,38.799999,39.049999,38.349998,38.549999,89979.0,35.029552,-0.0051746649251613866
2014-02-28,2014-02-28,38.049999,38.950001,38.049999,38.299999,107064.0,34.80238,-0.006506272843165739
2014-03-03,2014-03-03,38.0,39.099998,38.0,38.349998,85116.0,34.847815999999995,0.0013046914166663368
2014-03-04,2014-03-04,38.349998,38.849998,38.299999,38.75,78913.0,35.211288,0.010376246351660791
2014-03-05,2014-03-05,39.450001,40.299999,38.700001,40.099998,240639.0,36.438004,0.034245582904187444
2014-03-06,2014-03-06,39.799999,41.549999,39.799999,41.299999,241039.0,37.528416,0.029486110102213026
2014-03-07,2014-03-07,41.0,42.0,40.900002,41.450001,232949.0,37.664722,0.003625494371649829
2014-03-10,2014-03-10,41.099998,41.599998,40.650002,41.0,108145.0,37.255817,-0.010915806685336538
2014-03-11,2014-03-11,40.549999,41.799999,40.549999,41.650002,196529.0,37.846455,0.015729222608662496
2014-03-12,2014-03-12,41.099998,41.5,40.700001,41.0,80401.0,37.255817,-0.015729222608662496
2014-03-13,2014-03-13,41.0,43.200001,40.900002,42.450001,514323.0,38.573402,0.034754877889721765
2014-03-14,2014-03-14,41.200001,42.799999,41.099998,41.799999,124844.0,37.982758,-0.015430651682673437
2014-03-18,2014-03-18,41.299999,42.849998,41.299999,42.5,185803.0,38.618832,0.016607713231252763
2014-03-19,2014-03-19,42.25,43.700001,42.099998,43.5,296597.0,39.527512,0.02325690264240432
2014-03-20,2014-03-20,42.799999,43.700001,41.900002,43.349998,213654.0,39.391209,-0.003454266207129297
2014-03-21,2014-03-21,42.049999,43.700001,41.5,41.75,160900.0,37.937325,-0.037607213622103515
2014-03-24,2014-03-24,42.0,44.0,41.799999,43.599998,366205.0,39.618378,0.043357645553651736
2014-03-25,2014-03-25,44.0,44.0,41.75,43.25,664211.0,39.300343,-0.008059854940149158
2014-03-26,2014-03-26,43.650002,44.0,43.200001,43.700001,318779.0,39.709248,0.010350861095957507
2014-03-27,2014-03-27,43.0,45.0,43.0,44.700001,453119.0,40.617928000000006,0.022625437827764383
2014-03-28,2014-03-28,44.0,44.950001,44.0,44.650002,190735.0,40.572491,-0.001119270113472126
2014-03-31,2014-03-31,45.099998,48.599998,45.099998,47.700001,1173756.0,43.343964,0.06607717939486246
2014-04-01,2014-04-01,47.299999,48.0,47.0,47.25,228768.0,42.935055,-0.00947882964781055
2014-04-02,2014-04-02,47.150002,48.450001,47.150002,47.5,212187.0,43.162228000000006,0.005277135799875321
2014-04-03,2014-04-03,47.099998,48.0,46.5,46.650002,207861.0,42.389851,-0.018056790551254757
2014-04-04,2014-04-04,46.5,48.650002,46.5,47.400002,393450.0,43.071358,0.015949258257869303
2014-04-07,2014-04-07,48.0,48.0,47.0,47.099998,158456.0,42.798752,-0.006349285352171386
2014-04-09,2014-04-09,47.099998,49.799999,47.099998,49.0,743708.0,44.525242,0.039547321025629856
2014-04-10,2014-04-10,49.599998,51.099998,48.200001,50.400002,939119.0,45.797394,0.028170925628230762
2014-04-11,2014-04-11,49.799999,52.900002,49.700001,52.25,778923.0,47.478447,0.036048670759707864
2014-04-15,2014-04-15,52.25,53.0,51.599998,52.0,315205.0,47.251278000000006,-0.0047961595046674965
2014-04-16,2014-04-16,51.900002,52.349998,51.0,51.299999,240248.0,46.615204,-0.013552947180206498
2014-04-17,2014-04-17,51.049999,53.099998,51.049999,52.25,294991.0,47.478447,0.018349106684873998
2014-04-21,2014-04-21,52.900002,54.400002,52.75,54.0,509076.0,49.068634,0.03294415123388772
2014-04-22,2014-04-22,53.700001,55.5,53.150002,55.099998,410027.0,50.06818,0.020165664638389647
2014-04-23,2014-04-23,54.299999,65.75,54.299999,64.199997,4854736.0,58.337151,0.15285345225824853
2014-04-24,2014-04-24,64.199997,64.199997,64.199997,64.199997,0.0,58.337151,0.0
2014-04-25,2014-04-25,63.400002,63.400002,59.099998,59.599998,2469147.0,54.157234,-0.07434757242939005
2014-04-28,2014-04-28,59.349998,63.400002,58.599998,61.549999,2108939.0,55.929153,0.03219420839009102
2014-04-29,2014-04-29,60.650002,62.900002,60.049999,61.049999,763609.0,55.474819,-0.008156558706538421
2014-04-30,2014-04-30,60.900002,61.700001,58.0,59.700001,591655.0,54.24810400000001,-0.022361163581303245
2014-05-02,2014-05-02,59.099998,60.700001,58.299999,59.599998,805112.0,54.157234,-0.0016764861022493527
2014-05-05,2014-05-05,59.299999,62.700001,59.150002,60.099998,884872.0,54.611572,0.008354245287574447
2014-05-06,2014-05-06,60.599998,61.200001,59.150002,59.599998,378809.0,54.157234,-0.008354245287574447
2014-05-07,2014-05-07,59.599998,60.5,57.200001,57.900002,283194.0,52.612484,-0.028938126412419773
2014-05-08,2014-05-08,57.549999,58.700001,55.549999,55.799999,259444.0,50.704254,-0.03694361758367615
2014-05-09,2014-05-09,56.200001,58.5,55.25,57.0,455008.0,51.79467,0.021277435815683976
2014-05-12,2014-05-12,56.5,59.0,56.5,57.549999,567164.0,52.294445,0.009602903062205126
2014-05-13,2014-05-13,58.0,60.5,57.799999,58.0,609932.0,52.70335,0.0077888696088108675
2014-05-14,2014-05-14,58.0,59.0,57.5,58.049999,383751.0,52.748783,0.0008616801105603145
2014-05-15,2014-05-15,57.700001,59.25,57.700001,58.549999,396606.0,53.203121,0.008576359040397552
2014-05-16,2014-05-16,60.799999,62.25,58.5,59.950001,1099165.0,54.475273,0.023629832250894545
2014-05-19,2014-05-19,60.0,64.25,60.0,63.450001,1330508.0,57.655647,0.056741302792346016
2014-05-20,2014-05-20,65.0,69.0,65.0,67.699997,1384543.0,61.517529,0.0648339635073567
2014-05-21,2014-05-21,72.949997,80.800003,72.0,75.050003,6128890.0,68.19632,0.10306844585831687
2014-05-22,2014-05-22,76.699997,77.0,73.050003,73.300003,1329466.0,66.606133,-0.023593944055623872
2014-05-23,2014-05-23,74.400002,75.699997,72.400002,72.699997,1138140.0,66.060921,-0.008219298657191842
2014-05-26,2014-05-26,73.050003,74.849998,67.550003,69.849998,1332610.0,63.47119100000001,-0.039991243823402016
2014-05-27,2014-05-27,70.5,70.5,66.75,68.099998,649917.0,61.881001,-0.02537291586846457
2014-05-28,2014-05-28,68.900002,68.900002,67.150002,67.599998,467123.0,61.426659,-0.007369275455089586
2014-05-29,2014-05-29,68.0,68.449997,66.699997,66.949997,411278.0,60.836018,-0.009661911702006698
2014-05-30,2014-05-30,66.349998,67.900002,66.349998,66.900002,497266.0,60.790588,-0.0007470405301415184
2014-06-02,2014-06-02,66.5,72.5,66.5,71.599998,1462706.0,65.061371,0.0678960193216227
2014-06-03,2014-06-03,71.099998,72.449997,70.300003,70.900002,824461.0,64.425301,-0.00982456505214646
2014-06-04,2014-06-04,71.050003,73.699997,70.5,72.25,1720997.0,65.652023,0.0188619865748274
2014-06-05,2014-06-05,75.800003,76.400002,72.800003,73.550003,3207294.0,66.833298,0.017833014198387787
2014-06-06,2014-06-06,74.5,76.349998,74.0,74.550003,2175271.0,67.741982,0.013504676492728684
2014-06-09,2014-06-09,75.050003,76.300003,74.150002,75.099998,1444676.0,68.241753,0.007350485706278499
2014-06-10,2014-06-10,74.550003,75.0,72.300003,72.599998,1645470.0,65.970055,-0.033855664652351784
2014-06-11,2014-06-11,72.949997,73.599998,70.949997,71.550003,1106394.0,65.015938,-0.014568487107695203
2014-06-12,2014-06-12,71.550003,71.900002,69.050003,69.550003,818285.0,63.198589,-0.02835046488481296
2014-06-13,2014-06-13,69.800003,72.25,65.0,65.599998,1549453.0,59.609306,-0.05847027213204292
2014-06-16,2014-06-16,64.900002,65.25,63.299999,64.449997,767598.0,58.56432,-0.017686065398224038
2014-06-17,2014-06-17,64.800003,67.150002,64.25,66.650002,678783.0,60.563419,0.03356542651850969
2014-06-18,2014-06-18,66.5,68.800003,65.5,66.449997,666587.0,60.38168,-0.0030053162681316077
2014-06-19,2014-06-19,65.800003,67.699997,65.050003,65.599998,401424.0,59.609306,-0.012874044852154043
2014-06-20,2014-06-20,65.050003,67.449997,65.050003,66.349998,546074.0,60.29081,0.011367984652748577
2014-06-23,2014-06-23,65.699997,70.75,65.699997,70.199997,1276617.0,63.789223,0.05640457011218825
2014-06-24,2014-06-24,70.199997,72.0,69.5,71.349998,1177474.0,64.83420600000001,0.01624907686693522
2014-06-25,2014-06-25,71.400002,71.800003,70.400002,70.699997,641061.0,64.243561,-0.009151833599698731
2014-06-26,2014-06-26,69.400002,70.25,67.650002,68.599998,701622.0,62.33533900000001,-0.03015299671493388
2014-06-27,2014-06-27,68.650002,70.199997,68.650002,69.050003,382774.0,62.744247,0.006538388394594641
2014-06-30,2014-06-30,69.699997,73.650002,68.5,72.050003,1196389.0,65.47028399999999,0.04252946777425404
2014-07-01,2014-07-01,73.849998,74.900002,73.150002,74.599998,1780469.0,67.787415,0.03478019793963494
2014-07-02,2014-07-02,74.349998,75.25,73.5,74.75,1184352.0,67.923714,0.0020086642389882674
2014-07-03,2014-07-03,74.300003,75.599998,72.0,72.650002,486956.0,66.015488,-0.028495841323708863
2014-07-04,2014-07-04,72.5,74.0,72.0,72.599998,389122.0,65.970055,-0.0006884542164513617
2014-07-07,2014-07-07,72.599998,73.5,71.5,71.949997,298116.0,65.37941,-0.008993549857790661
2014-07-08,2014-07-08,72.0,72.449997,67.0,67.949997,404664.0,61.744701,-0.05719921902824154
2014-07-09,2014-07-09,68.199997,68.699997,65.199997,66.150002,466690.0,60.109077,-0.02684729630967997
2014-07-10,2014-07-10,65.5,69.449997,65.5,67.849998,453672.0,61.653831,0.02537450704788213
2014-07-11,2014-07-11,67.199997,69.75,65.699997,66.150002,341523.0,60.109077,-0.02537450704788213
2014-07-14,2014-07-14,66.0,69.0,66.0,66.550003,460085.0,60.47255300000001,0.006028730925188519
2014-07-15,2014-07-15,67.5,68.550003,66.349998,66.650002,346699.0,60.563419,0.0015014712662582141
2014-07-16,2014-07-16,67.900002,69.5,67.0,68.650002,632470.0,62.380779,0.029566135136138705
2014-07-17,2014-07-17,70.949997,72.5,70.099998,70.550003,2451482.0,64.10726899999999,0.02730055935466336
2014-07-18,2014-07-18,70.0,70.349998,68.849998,69.550003,548883.0,63.198589,-0.01427578347904479
2014-07-21,2014-07-21,69.849998,70.5,69.150002,69.400002,240028.0,63.062283,-0.0021591178770332675
2014-07-22,2014-07-22,69.599998,70.0,69.099998,69.300003,349000.0,62.97142,-0.001441884409953964
2014-07-23,2014-07-23,69.449997,69.800003,68.25,68.5,286246.0,62.244473,-0.011611228412819584
2014-07-24,2014-07-24,68.75,68.75,67.599998,67.849998,245597.0,61.653831,-0.009534375455515054
2014-07-25,2014-07-25,68.0,68.099998,65.849998,66.150002,266156.0,60.109077,-0.02537450704788213
2014-07-28,2014-07-28,65.5,66.5,65.099998,65.949997,223492.0,59.92734100000001,-0.0030280166950618077
2014-07-30,2014-07-30,65.5,67.099998,64.550003,65.550003,180735.0,59.563873,-0.006083612490630941
2014-07-31,2014-07-31,65.0,66.5,64.900002,65.0,332196.0,59.064098,-0.008425971592711967
2014-08-01,2014-08-01,64.400002,64.949997,63.950001,64.550003,218761.0,58.655193,-0.0069471475932640905
2014-08-04,2014-08-04,64.0,65.800003,63.549999,65.050003,217565.0,59.109535,0.007716134736767798
2014-08-05,2014-08-05,65.050003,66.5,65.050003,66.300003,226539.0,60.245384,0.0190337072117579
2014-08-06,2014-08-06,65.699997,67.699997,65.699997,66.5,252512.0,60.42711600000001,0.0030119892666613524
2014-08-07,2014-08-07,66.300003,68.400002,64.300003,64.650002,565013.0,58.746063,-0.028213806581676163
2014-08-08,2014-08-08,64.0,64.400002,62.549999,63.25,272893.0,57.473911,-0.021893014911534614
2014-08-11,2014-08-11,63.5,64.900002,63.5,64.349998,371256.0,58.473454,0.017241750370419414
2014-08-12,2014-08-12,62.849998,63.5,60.650002,61.349998,785456.0,55.747421,-0.04774172429122903
2014-08-13,2014-08-13,60.5,62.599998,59.150002,60.299999,499584.0,54.793308,-0.01726307947172412
2014-08-14,2014-08-14,60.25,61.0,58.599998,59.650002,276871.0,54.20266700000001,-0.010837955831726642
2014-08-18,2014-08-18,59.5,62.450001,59.5,61.900002,363276.0,56.247196,0.03702607707608285
2014-08-19,2014-08-19,62.049999,66.25,62.049999,65.25,1166627.0,59.29126700000001,0.052705836077359784
2014-08-20,2014-08-20,65.75,66.25,64.599998,65.099998,520938.0,59.154964,-0.0023015178957654925
2014-08-21,2014-08-21,65.199997,66.349998,63.400002,63.849998,830545.0,58.019115,-0.019387983918723428
2014-08-22,2014-08-22,64.449997,64.449997,62.25,62.5,467657.0,56.79240400000001,-0.02136994082624799
2014-08-25,2014-08-25,63.200001,63.299999,61.099998,61.650002,296084.0,56.020027,-0.013693332587195071
2014-08-26,2014-08-26,62.200001,62.200001,60.599998,60.849998,177631.0,55.29307900000001,-0.013061504813713043
2014-08-27,2014-08-27,61.200001,62.5,60.599998,61.0,328843.0,55.429382,0.002462067183516936
2014-08-28,2014-08-28,61.0,62.150002,61.0,61.549999,283769.0,55.929153,0.008975950616538775
2014-09-01,2014-09-01,61.75,62.5,61.5,61.799999,366225.0,56.156326,0.0040535725607258035
2014-09-02,2014-09-02,61.849998,63.0,61.75,61.900002,569711.0,56.247196,0.0016168536035037204
2014-09-03,2014-09-03,62.5,63.400002,61.900002,62.0,1726910.0,56.338062,0.0016141726073888307
2014-09-04,2014-09-04,62.099998,63.700001,61.150002,62.700001,789228.0,56.97414000000001,0.011227117117672769
2014-09-05,2014-09-05,62.150002,64.900002,62.150002,64.150002,726219.0,58.291725,0.022862664353626272
2014-09-08,2014-09-08,64.25,67.0,64.099998,66.550003,1036211.0,60.47255300000001,0.03672944764437069
2014-09-09,2014-09-09,66.949997,68.349998,65.5,65.650002,979890.0,59.654739,-0.013616000515162874
2014-09-10,2014-09-10,65.5,65.5,63.5,63.950001,456034.0,58.109985,-0.02623608420518853
2014-09-11,2014-09-11,64.25,66.599998,64.050003,64.550003,1359791.0,58.655193,0.009338605423494071
2014-09-12,2014-09-12,65.050003,65.5,63.099998,64.0,2058440.0,58.155418,-0.008557065926098062
2014-09-15,2014-09-15,64.449997,66.800003,64.050003,64.650002,1222879.0,58.746063,0.010105090559608955
2014-09-16,2014-09-16,65.199997,65.25,63.099998,63.849998,1913132.0,58.019115,-0.012451612796841259
2014-09-17,2014-09-17,63.5,64.300003,62.0,62.700001,361813.0,56.97414000000001,-0.018175044537809267
2014-09-18,2014-09-18,62.150002,64.400002,61.900002,63.0,3227433.0,57.246738,0.004773181966887918
2014-09-19,2014-09-19,63.450001,64.5,61.25,62.049999,2702819.0,56.383495,-0.01519418881303114
2014-09-22,2014-09-22,61.5,63.849998,61.299999,63.0,1719885.0,57.246738,0.01519418881303114
2014-09-23,2014-09-23,63.400002,64.75,63.0,64.050003,1722361.0,58.200859,0.016529451433552108
2014-09-24,2014-09-24,64.25,65.349998,62.099998,63.0,815004.0,57.246738,-0.016529451433552108
2014-09-25,2014-09-25,63.0,63.5,59.849998,61.299999,724665.0,55.701988,-0.027354825145897262
2014-09-26,2014-09-26,61.200001,63.950001,60.049999,61.150002,441617.0,55.565689,-0.0024499310464447532
2014-09-29,2014-09-29,60.900002,61.900002,60.5,61.5,278275.0,55.883724,0.005707268521490505
2014-09-30,2014-09-30,61.200001,62.450001,61.200001,61.549999,263686.0,55.929153,0.0008125898146724707
2014-10-01,2014-10-01,61.150002,62.200001,60.5,60.900002,188355.0,55.33852,-0.010616534553565591
2014-10-07,2014-10-07,60.299999,61.349998,59.799999,60.099998,188092.0,54.611572,-0.013223428548950977
2014-10-08,2014-10-08,59.5,63.349998,59.200001,63.049999,945425.0,57.292175,0.04791825075423972
2014-10-09,2014-10-09,63.900002,64.300003,62.0,62.25,1188789.0,56.565235,-0.01276947855832855
2014-10-10,2014-10-10,61.5,62.25,60.900002,61.099998,354461.0,55.520248,-0.01864679083494547
2014-10-13,2014-10-13,59.75,61.900002,59.5,60.349998,433291.0,54.83874100000001,-0.012350886311893737
2014-10-14,2014-10-14,60.5,61.299999,60.049999,60.200001,318846.0,54.70244200000001,-0.0024885447939704264
2014-10-15,2014-10-15,60.200001,60.200001,60.200001,60.200001,0.0,54.70244200000001,0.0
2014-10-16,2014-10-16,59.599998,60.25,59.5,59.650002,658759.0,54.20266700000001,-0.009178238064438292
2014-10-17,2014-10-17,60.0,61.200001,58.5,58.700001,281979.0,53.339424,-0.016054393831666403
2014-10-20,2014-10-20,60.150002,61.5,58.0,58.349998,736559.0,53.021385,-0.005980397307662422
2014-10-21,2014-10-21,58.799999,59.5,58.150002,58.599998,239665.0,53.24855400000001,0.004275326553524028
2014-10-22,2014-10-22,59.349998,59.400002,58.5,58.799999,239895.0,53.43029,0.0034071643260569213
2014-10-27,2014-10-27,59.700001,60.099998,58.299999,58.549999,162807.0,53.203121,-0.0042607535769279
2014-10-28,2014-10-28,58.599998,58.950001,58.049999,58.599998,187250.0,53.24855400000001,0.0008535892508709786
2014-10-29,2014-10-29,58.700001,59.049999,58.299999,58.900002,204683.0,53.521164,0.005106515171137804
2014-10-30,2014-10-30,58.299999,59.099998,58.299999,58.599998,174785.0,53.24855400000001,-0.005106515171137804
2014-10-31,2014-10-31,58.650002,59.75,58.599998,58.799999,432862.0,53.43029,0.0034071643260569213
2014-11-03,2014-11-03,58.849998,59.799999,58.849998,59.200001,440217.0,53.793762,0.006779698872552142
2014-11-05,2014-11-05,59.450001,60.0,58.700001,58.75,469533.0,53.384857,-0.007630383518239192
2014-11-07,2014-11-07,59.200001,61.450001,58.200001,60.900002,2083303.0,55.33852,0.035942101263722666
2014-11-10,2014-11-10,61.799999,64.949997,61.5,63.75,5003925.0,57.928249,0.04573592828137585
2014-11-11,2014-11-11,64.349998,64.349998,61.75,62.049999,775973.0,56.383495,-0.027028684684662352
2014-11-12,2014-11-12,62.200001,62.700001,61.599998,61.849998,618145.0,56.201759,-0.003228418489833018
2014-11-13,2014-11-13,61.799999,62.400002,58.099998,59.650002,2725168.0,54.20266700000001,-0.03621794146516821
2014-11-14,2014-11-14,59.0,59.0,57.099998,57.25,841207.0,52.021839,-0.04106650269364032
2014-11-17,2014-11-17,57.700001,58.349998,57.200001,57.349998,390915.0,52.112709,0.001745242569542782
2014-11-18,2014-11-18,57.700001,58.25,57.200001,57.299999,250735.0,52.067272,-0.0008722789627109151
2014-11-19,2014-11-19,57.5,57.75,55.799999,55.849998,400097.0,50.749687,-0.02563112437505888
2014-11-20,2014-11-20,55.900002,56.299999,54.400002,54.5,296093.0,49.522972,-0.024468807684660643
2014-11-21,2014-11-21,55.0,55.700001,54.099998,54.200001,244055.0,49.250374,-0.005519681232638352
2014-11-24,2014-11-24,54.200001,54.75,53.200001,53.5,252365.0,48.614296,-0.012999317468350036
2014-11-25,2014-11-25,53.200001,53.549999,51.200001,51.5,321315.0,46.79694,-0.038099827858994566
2014-11-26,2014-11-26,51.0,52.700001,51.0,51.299999,348232.0,46.615204,-0.0038910621577366014
2014-11-27,2014-11-27,51.200001,51.950001,50.049999,51.650002,260024.0,46.933243,0.006799476325258347
2014-11-28,2014-11-28,52.25,55.599998,52.25,55.0,1225742.0,49.977314,0.06284295212801094
2014-12-01,2014-12-01,55.0,55.950001,52.400002,52.950001,340943.0,48.114521,-0.03798515902266253
2014-12-02,2014-12-02,52.400002,54.5,52.400002,54.150002,317229.0,49.204937,0.022409940549022792
2014-12-03,2014-12-03,54.25,55.5,53.599998,54.150002,410985.0,49.204937,0.0
2014-12-04,2014-12-04,54.099998,55.200001,54.049999,54.400002,235645.0,49.432106,0.004606168123865828
2014-12-05,2014-12-05,54.5,55.0,53.400002,53.650002,191719.0,48.750599,-0.013882647568451478
2014-12-08,2014-12-08,54.900002,55.599998,53.0,53.150002,332534.0,48.296261,-0.009363338894075037
2014-12-09,2014-12-09,53.099998,53.900002,50.75,51.700001,235804.0,46.978676,-0.02766034902533443
2014-12-10,2014-12-10,51.799999,52.200001,51.400002,51.900002,150164.0,47.160412,0.00386101521969584
2014-12-11,2014-12-11,52.5,52.5,50.549999,50.799999,179650.0,46.160862,-0.021422515645882708
2014-12-12,2014-12-12,49.299999,50.700001,48.299999,48.950001,308359.0,44.479813,-0.03709685040546118
2014-12-15,2014-12-15,48.450001,48.799999,47.299999,47.5,220058.0,43.162228000000006,-0.030069684867124025
2014-12-16,2014-12-16,47.5,47.75,45.549999,45.700001,291491.0,41.526608,-0.03863138251961251
2014-12-17,2014-12-17,45.799999,46.450001,45.099998,45.799999,270171.0,41.617474,0.0021857487385816827
2014-12-18,2014-12-18,46.450001,47.349998,46.25,47.049999,201940.0,42.753319,0.02692670264739672
2014-12-19,2014-12-19,47.799999,50.5,47.650002,48.25,588448.0,43.843731,0.02518491414950752
2014-12-22,2014-12-22,48.049999,48.650002,46.799999,47.900002,248589.0,43.525696,-0.00728026760926781
2014-12-23,2014-12-23,47.599998,48.299999,47.299999,47.650002,115762.0,43.298527,-0.005232860382228477
2014-12-24,2014-12-24,47.75,47.950001,46.599998,47.049999,135159.0,42.753319,-0.012671786158011232
2014-12-26,2014-12-26,47.0,47.849998,46.700001,47.0,100907.0,42.707886,-0.0010632427726737779
2014-12-29,2014-12-29,46.599998,48.0,46.599998,47.049999,230604.0,42.753319,0.0010632427726737779
2014-12-30,2014-12-30,47.150002,47.599998,46.799999,47.049999,133285.0,42.753319,0.0
2014-12-31,2014-12-31,47.25,47.75,46.900002,47.049999,159565.0,42.753319,0.0
2015-01-01,2015-01-01,47.25,48.5,47.049999,47.849998,298211.0,43.480263,0.016860281196724003
2015-01-02,2015-01-02,47.599998,49.299999,47.599998,48.450001,292873.0,44.025471,0.012461241799057277
2015-01-05,2015-01-05,48.25,49.5,48.25,48.75,196563.0,44.298073,0.006172824441832425
2015-01-06,2015-01-06,48.799999,48.799999,46.900002,47.0,159594.0,42.707886,-0.03655759021028748
2015-01-07,2015-01-07,46.549999,47.599998,46.049999,46.299999,150332.0,42.071812,-0.015005619276446502
2015-01-08,2015-01-08,46.599998,48.099998,46.599998,47.950001,221668.0,43.571133,0.035016876175611784
2015-01-09,2015-01-09,48.299999,51.299999,47.5,50.299999,822317.0,45.706524,0.047846200900397484
2015-01-12,2015-01-12,50.0,50.799999,48.950001,49.349998,243824.0,44.843277,-0.019067367219754328
2015-01-13,2015-01-13,49.549999,49.650002,48.0,48.150002,153486.0,43.752869,-0.024616489806781768
2015-01-14,2015-01-14,48.900002,48.900002,46.549999,46.950001,214656.0,42.662453,-0.02523797523426019
2015-01-15,2015-01-15,47.799999,48.200001,47.150002,47.5,199724.0,43.162228000000006,0.01164654836754142
2015-01-16,2015-01-16,47.599998,47.849998,47.0,47.049999,127567.0,42.753319,-0.009518931133634112
2015-01-19,2015-01-19,47.0,47.900002,47.0,47.599998,162907.0,43.253094,0.011621938595411494
2015-01-20,2015-01-20,47.5,47.799999,47.049999,47.25,151762.0,42.935055,-0.007380143261652704
2015-01-21,2015-01-21,47.299999,51.700001,47.299999,48.950001,1596548.0,44.479813,0.035346820666999346
2015-01-22,2015-01-22,49.400002,49.400002,47.799999,48.049999,279504.0,43.661999,-0.018557310107005787
2015-01-23,2015-01-23,48.099998,51.099998,47.799999,50.5,930999.0,45.888264,0.04973126240888792
2015-01-27,2015-01-27,52.200001,52.950001,51.150002,51.599998,1343782.0,46.887802,0.02154815823766221
2015-01-28,2015-01-28,51.400002,53.349998,50.400002,52.900002,759753.0,48.069092,0.0248818362710912
2015-01-29,2015-01-29,52.900002,58.0,52.0,57.299999,2642029.0,52.067272,0.07989718218281716
2015-01-30,2015-01-30,58.950001,59.450001,56.299999,59.049999,1705119.0,53.657459,0.030083915377468795
2015-02-02,2015-02-02,58.599998,58.799999,56.25,56.700001,396949.0,51.522068,-0.040610269425647605
2015-02-03,2015-02-03,57.0,57.200001,54.5,54.799999,285459.0,49.795578000000006,-0.03408403583471386
2015-02-04,2015-02-04,55.549999,58.400002,55.400002,56.0,603862.0,50.885994,0.021661533789628432
2015-02-05,2015-02-05,56.0,56.900002,53.400002,53.75,339031.0,48.841469,-0.04100799210173367
2015-02-06,2015-02-06,53.799999,55.0,53.349998,54.0,322139.0,49.068634,0.00464028533632055
2015-02-09,2015-02-09,53.700001,55.25,52.700001,54.349998,298938.0,49.386673,0.0064605985379175826
2015-02-10,2015-02-10,55.049999,56.900002,54.799999,55.400002,613405.0,50.340786,0.019134992941766796
2015-02-11,2015-02-11,56.400002,56.549999,54.200001,54.5,343012.0,49.522972,-0.016378960680726532
2015-02-12,2015-02-12,55.450001,55.5,53.599998,54.0,190257.0,49.068634,-0.009216630798957848
2015-02-13,2015-02-13,54.900002,61.0,53.099998,58.950001,4164452.0,53.56659300000001,0.08770559690948332
2015-02-16,2015-02-16,57.200001,57.200001,55.200001,56.25,1263035.0,51.113163,-0.04688355184777748
2015-02-18,2015-02-18,57.099998,61.900002,56.349998,61.349998,2171648.0,55.747421,0.08678909218723074
2015-02-19,2015-02-19,61.900002,64.400002,61.25,63.349998,1638346.0,57.564774,0.03207966894071035
2015-02-20,2015-02-20,62.75,63.900002,62.0,63.200001,809780.0,57.42847800000001,-0.002370505424508451
2015-02-23,2015-02-23,63.299999,65.5,63.049999,64.949997,1275339.0,59.018661,0.027313369336051885
2015-02-24,2015-02-24,65.099998,65.449997,63.5,65.0,1200957.0,59.064098,0.0007695789398436402
2015-02-25,2015-02-25,65.150002,65.900002,62.5,63.299999,482710.0,57.519344,-0.026501952353641837
2015-02-26,2015-02-26,63.0,63.599998,62.0,62.349998,769855.0,56.656101,-0.015121630562501487
2015-02-27,2015-02-27,62.75,64.75,62.450001,62.950001,544052.0,57.201309,0.00957710468282258
2015-03-02,2015-03-02,63.5,63.5,62.299999,63.049999,333012.0,57.292175,0.0015872697013490367
2015-03-03,2015-03-03,62.099998,64.150002,62.099998,63.299999,844808.0,57.519344,0.003957256178329871
2015-03-04,2015-03-04,64.050003,65.5,64.050003,64.800003,800817.0,58.882362,0.023420280486179838
2015-03-05,2015-03-05,64.800003,69.0,64.800003,68.25,1622690.0,62.0173,0.05187178927574987
2015-03-09,2015-03-09,67.449997,68.800003,66.449997,67.75,522364.0,61.562962,-0.0073529549082200765
2015-03-10,2015-03-10,67.300003,69.800003,67.300003,69.0,575949.0,62.698811,0.01828206066900861
2015-03-11,2015-03-11,68.0,69.849998,67.150002,68.099998,534685.0,61.881001,-0.01312928209706854
2015-03-12,2015-03-12,68.050003,69.25,66.349998,67.0,332792.0,60.88145400000001,-0.016284605727761026
2015-03-13,2015-03-13,67.599998,67.800003,63.700001,64.0,318970.0,58.155418,-0.045809548863609
2015-03-16,2015-03-16,64.0,64.449997,62.400002,63.650002,253241.0,57.837383,-0.005483716131186256
2015-03-17,2015-03-17,64.349998,64.900002,63.099998,64.25,147901.0,58.38259100000001,0.009382414756620605
2015-03-18,2015-03-18,64.75,66.849998,63.650002,66.050003,379292.0,60.01821500000001,0.027630353404657804
2015-03-19,2015-03-19,66.699997,67.300003,64.599998,66.5,349137.0,60.42711600000001,0.00678984511119296
2015-03-20,2015-03-20,65.599998,69.650002,65.25,66.300003,1689671.0,60.245384,-0.0030119892666613524
2015-03-23,2015-03-23,66.400002,68.0,63.0,63.599998,148313.0,57.791946,-0.041576531919168325
2015-03-24,2015-03-24,63.150002,65.199997,63.0,63.25,204380.0,57.473911,-0.0055183003073810966
2015-03-25,2015-03-25,63.700001,64.849998,63.25,64.400002,213147.0,58.518894,0.01801855335047353
2015-03-26,2015-03-26,63.650002,64.5,63.349998,64.050003,132755.0,58.200859,-0.005449562373149419
2015-03-27,2015-03-27,64.75,66.949997,64.150002,64.949997,389157.0,59.018661,0.013953567954120059
2015-03-30,2015-03-30,64.550003,67.5,64.550003,67.300003,265448.0,61.15406,0.03554257200926258
2015-03-31,2015-03-31,67.599998,69.25,67.0,67.400002,753272.0,61.24493,0.0014848164465233182
2015-04-01,2015-04-01,67.75,70.900002,67.599998,70.5,862514.0,64.061829,0.04496762464298065
2015-04-06,2015-04-06,70.949997,73.599998,70.800003,72.050003,854434.0,65.47028399999999,0.02174766517673099
2015-04-07,2015-04-07,72.25,73.5,71.699997,73.099998,558906.0,66.42439300000001,0.01446799317015657
2015-04-08,2015-04-08,73.099998,73.949997,71.75,72.599998,288057.0,65.970055,-0.006863426531693585
2015-04-09,2015-04-09,72.5,75.800003,71.650002,72.25,1041265.0,65.652023,-0.0048325117450431785
2015-04-10,2015-04-10,72.199997,74.800003,72.199997,73.900002,564709.0,67.151337,0.02258041821715384
2015-04-13,2015-04-13,73.949997,74.900002,72.900002,73.25,565725.0,66.560692,-0.008834640325312115
2015-04-15,2015-04-15,73.400002,74.199997,69.349998,70.900002,375001.0,64.425301,-0.03260776446666913
2015-04-16,2015-04-16,71.0,73.0,69.099998,71.949997,274971.0,65.37941,0.01470094846207992
2015-04-17,2015-04-17,72.0,74.650002,71.699997,74.349998,1616817.0,67.560242,0.032812296845433415
2015-04-20,2015-04-20,75.050003,76.199997,74.050003,74.599998,1450859.0,67.787415,0.003356884313529207
2015-04-21,2015-04-21,74.0,75.550003,73.599998,74.150002,366229.0,67.37850999999999,-0.006050433900756325
2015-04-22,2015-04-22,73.699997,74.800003,71.300003,72.449997,298130.0,65.833748,-0.02319352995973389
2015-04-23,2015-04-23,73.0,73.699997,72.050003,72.599998,265243.0,65.970055,0.0020683325593182644
2015-04-24,2015-04-24,73.0,73.300003,70.25,70.849998,226444.0,64.37986,-0.0244000756668088
2015-04-27,2015-04-27,72.599998,72.599998,67.099998,67.650002,212499.0,61.472099,-0.04621745420573831
2015-04-28,2015-04-28,67.050003,70.5,67.050003,69.550003,707705.0,63.198589,0.027698577880038933
2015-04-29,2015-04-29,70.0,70.5,69.150002,69.5,212766.0,63.153149,-0.0007192620011133856
2015-04-30,2015-04-30,68.949997,72.199997,68.949997,69.949997,325627.0,63.562054,0.0064539441152273724
2015-05-04,2015-05-04,69.5,72.400002,69.5,70.25,293333.0,63.83466,0.004279645958107814
2015-05-05,2015-05-05,71.0,71.800003,69.949997,70.75,864113.0,64.289001,0.007092256042356305
2015-05-06,2015-05-06,70.099998,71.400002,67.900002,68.150002,144435.0,61.926437,-0.037441378472102826
2015-05-07,2015-05-07,67.5,70.5,66.75,70.0,301158.0,63.607491,0.026784065832377024
2015-05-08,2015-05-08,69.650002,71.449997,69.0,69.400002,212936.0,63.062283,-0.00860838935188557
2015-05-11,2015-05-11,70.0,70.5,69.050003,69.550003,108583.0,63.198589,0.0021591178770332675
2015-05-12,2015-05-12,69.400002,69.449997,65.300003,66.550003,241063.0,60.47255300000001,-0.044092382278015485
2015-05-13,2015-05-13,67.25,68.400002,66.449997,67.550003,137170.0,61.38122900000001,0.014914479123667057
2015-05-14,2015-05-14,68.400002,69.25,67.199997,68.849998,99168.0,62.562511,0.0190621610997308
2015-05-15,2015-05-15,67.400002,72.0,67.400002,71.599998,1303002.0,65.061371,0.03916476077940168
2015-05-18,2015-05-18,72.0,72.0,69.300003,69.900002,154356.0,63.516621,-0.02402937399889904
2015-05-19,2015-05-19,70.050003,70.900002,69.150002,69.400002,135921.0,63.062283,-0.007178762602918277
2015-05-20,2015-05-20,69.449997,70.900002,69.050003,69.599998,98086.0,63.244019,0.0028777047944252843
2015-05-21,2015-05-21,70.0,70.25,67.900002,68.5,129619.0,62.244473,-0.015930817617198834
2015-05-22,2015-05-22,68.949997,69.849998,68.0,68.199997,232896.0,61.971863,-0.004389284798597792
2015-05-25,2015-05-25,71.5,72.0,67.199997,68.949997,4936962.0,62.653374,0.010937075184753729
2015-05-26,2015-05-26,69.400002,70.800003,66.150002,67.050003,564353.0,60.92689100000001,-0.027942897449295682
2015-05-27,2015-05-27,66.75,68.0,65.599998,67.0,343354.0,60.88145400000001,-0.0007460408744153213
2015-05-28,2015-05-28,67.949997,68.5,66.599998,68.050003,330473.0,61.83556700000001,0.015550120399288048
2015-05-29,2015-05-29,68.300003,71.300003,68.300003,70.5,1048943.0,64.061829,0.035369978415388026
2015-06-01,2015-06-01,70.5,73.199997,70.25,71.0,577014.0,64.51616700000001,0.0070671484252322605
2015-06-02,2015-06-02,70.099998,71.099998,66.0,67.050003,1006060.0,60.92689100000001,-0.057241206365493014
2015-06-03,2015-06-03,67.0,67.449997,65.599998,66.400002,355324.0,60.33625,-0.009741553220581343
2015-06-04,2015-06-04,68.949997,68.949997,65.449997,66.400002,359150.0,60.33625,0.0
2015-06-05,2015-06-05,66.949997,66.949997,65.599998,65.849998,333239.0,59.836475,-0.008317659125119725
2015-06-08,2015-06-08,64.75,65.949997,64.400002,65.550003,719027.0,59.563873,-0.004566192280249126
2015-06-09,2015-06-09,65.5,65.949997,65.0,65.650002,208768.0,59.654739,0.0015243595957183944
2015-06-10,2015-06-10,65.25,69.5,65.25,66.699997,672514.0,60.608849,0.01586731335620506
2015-06-11,2015-06-11,67.099998,69.300003,65.949997,66.099998,558772.0,60.063641,-0.009036222088918857
2015-06-12,2015-06-12,66.0,75.0,66.0,71.5,4010982.0,64.970512,0.07852882199332177
2015-06-15,2015-06-15,70.75,72.0,68.650002,69.949997,1278112.0,63.562054,-0.021916848353315643
2015-06-16,2015-06-16,70.0,74.0,70.0,72.150002,1801787.0,65.56115,0.030966637837101633
2015-06-17,2015-06-17,72.599998,76.900002,72.5,74.400002,3918232.0,67.605682,0.030708737865646537
2015-06-18,2015-06-18,74.800003,77.849998,74.5,76.099998,3179437.0,69.150429,0.022592229224999368
2015-06-19,2015-06-19,76.300003,77.199997,74.050003,74.550003,1006990.0,67.741982,-0.020578156103280062
2015-06-22,2015-06-22,74.900002,76.599998,74.150002,74.5,926600.0,67.696541,-0.0006710203374709067
2015-06-23,2015-06-23,74.900002,75.75,72.949997,74.099998,1922647.0,67.333069,-0.005383602572512913
2015-06-24,2015-06-24,73.949997,75.0,72.0,72.400002,1143332.0,65.788322,-0.02320913760613319
2015-06-25,2015-06-25,72.050003,72.449997,70.699997,71.050003,602409.0,64.561607,-0.01882243015104823
2015-06-26,2015-06-26,71.0,71.75,70.0,70.099998,573779.0,63.69836,-0.013461098661830206
2015-06-29,2015-06-29,68.949997,73.0,67.0,72.300003,1245701.0,65.697449,0.030901280166847126
2015-06-30,2015-06-30,72.5,77.400002,71.800003,75.050003,5323774.0,68.19632,0.03733050771864832
2015-07-01,2015-07-01,75.400002,76.699997,74.0,74.699997,1096379.0,67.878273,-0.00467460636331829
2015-07-02,2015-07-02,75.199997,77.300003,74.400002,75.0,1519884.0,68.150879,0.004008057992458625
2015-07-03,2015-07-03,75.25,76.449997,73.449997,73.900002,1166967.0,67.151337,-0.01477522265960296
2015-07-06,2015-07-06,73.199997,75.800003,72.650002,75.0,1255444.0,68.150879,0.01477522265960296
2015-07-07,2015-07-07,75.349998,77.300003,74.699997,76.300003,2360044.0,69.332169,0.017184941544529764
2015-07-08,2015-07-08,76.300003,79.900002,74.650002,75.400002,5554342.0,68.514351,-0.011865770647978556
2015-07-09,2015-07-09,77.0,77.449997,72.25,72.849998,2170057.0,66.19722,-0.03440475887150196
2015-07-10,2015-07-10,74.0,75.599998,73.25,73.75,1406213.0,67.01503000000001,0.012278454487843149
2015-07-13,2015-07-13,74.199997,75.400002,73.800003,74.449997,1372981.0,67.6511,0.009446692055872674
2015-07-14,2015-07-14,74.949997,80.900002,73.199997,79.0,11801587.0,71.785591,0.0593201588163037
2015-07-15,2015-07-15,77.75,78.050003,75.050003,75.550003,5041170.0,68.65065799999999,-0.044653056444770016
2015-07-16,2015-07-16,75.599998,80.75,74.800003,78.75,7170135.0,71.558426,0.04148354585164782
2015-07-17,2015-07-17,79.0,79.400002,76.75,77.5,1990362.0,70.422577,-0.016000355095639133
2015-07-20,2015-07-20,77.650002,79.900002,76.599998,78.199997,2400122.0,71.058655,0.008991754972243804
2015-07-21,2015-07-21,78.099998,78.449997,74.099998,74.599998,1247729.0,67.787415,-0.04712910449909291
2015-07-22,2015-07-22,75.099998,77.199997,74.949997,75.800003,1468543.0,68.877831,0.015957811828733348
2015-07-23,2015-07-23,76.349998,77.599998,74.599998,75.050003,1335555.0,68.19632,-0.009943765627332013
2015-07-24,2015-07-24,75.400002,76.400002,73.699997,74.0,1039916.0,67.242203,-0.014089533209417303
2015-07-27,2015-07-27,73.650002,74.5,71.199997,71.900002,913346.0,65.333977,-0.02878884868518838
2015-07-28,2015-07-28,72.0,72.949997,70.099998,70.5,974493.0,64.061829,-0.019663527423161572
2015-07-29,2015-07-29,70.900002,72.900002,70.150002,70.800003,1960263.0,64.33444200000001,0.004246438117377238
2015-07-30,2015-07-30,71.349998,74.099998,71.150002,72.300003,1737431.0,65.697449,0.020964963481741702
2015-07-31,2015-07-31,72.75,74.449997,72.300003,72.699997,928238.0,66.060921,0.0055172650058326065
2015-08-03,2015-08-03,73.050003,73.449997,71.300003,71.599998,957783.0,65.061371,-0.015246368057481696
2015-08-04,2015-08-04,72.0,72.900002,71.199997,71.699997,781101.0,65.152245,0.0013957682390630664
2015-08-05,2015-08-05,72.150002,73.900002,71.5,71.800003,1675775.0,65.243111,0.0013937001668704596
2015-08-06,2015-08-06,72.150002,76.0,72.0,74.849998,3394254.0,68.01458000000001,0.041601631872961065
2015-08-07,2015-08-07,75.0,83.199997,75.0,82.099998,12254582.0,74.60249300000002,0.09245183092400566
2015-08-10,2015-08-10,80.0,80.0,72.599998,73.300003,10981697.0,66.606133,-0.11337726448822673
2015-08-11,2015-08-11,73.849998,75.300003,71.949997,73.400002,3288505.0,66.696999,0.0013632990119623045
2015-08-12,2015-08-12,73.0,74.400002,69.0,69.25,1974573.0,62.92598,-0.05820084440938623
2015-08-13,2015-08-13,69.849998,70.599998,66.550003,67.0,1497337.0,60.88145400000001,-0.03303051867939555
2015-08-14,2015-08-14,67.400002,69.599998,66.300003,68.449997,1206704.0,62.199032,0.02141084060621345
2015-08-17,2015-08-17,68.400002,68.75,66.349998,66.699997,962292.0,60.608849,-0.02589853140582488
2015-08-18,2015-08-18,67.199997,70.349998,67.050003,69.199997,1701028.0,62.880543,0.03679587806260454
2015-08-19,2015-08-19,69.199997,70.0,67.400002,67.699997,1002491.0,61.517529,-0.02191462498886665
2015-08-20,2015-08-20,67.400002,68.75,65.400002,66.0,1295829.0,59.972775,-0.02543144934456354
2015-08-21,2015-08-21,64.699997,66.199997,63.299999,65.550003,1078323.0,59.563873,-0.006841476681097802
2015-08-24,2015-08-24,62.099998,62.799999,53.0,54.900002,1941930.0,49.886448,-0.17729984985956634
2015-08-25,2015-08-25,56.200001,56.900002,47.450001,51.450001,2960397.0,46.751507,-0.06490289219648604
2015-08-26,2015-08-26,51.450001,55.400002,49.900002,51.599998,1850585.0,46.887802,0.0029110658270754537
2015-08-27,2015-08-27,53.099998,53.900002,52.75,53.349998,1227812.0,48.477993,0.0333523860529219
2015-08-28,2015-08-28,54.900002,57.0,54.5,55.75,1865950.0,50.658821,0.04400342911439559
2015-08-31,2015-08-31,56.0,56.549999,55.099998,55.400002,575395.0,50.340786,-0.006297768092402123
2015-09-01,2015-09-01,54.900002,54.900002,51.299999,51.599998,1284359.0,46.887802,-0.07105804707491536
2015-09-02,2015-09-02,52.150002,53.799999,51.75,53.049999,868022.0,48.205387,0.02771322196061554
2015-09-03,2015-09-03,53.799999,55.0,53.5,53.75,519838.0,48.841469,0.013108948298294898
2015-09-04,2015-09-04,53.849998,53.849998,51.25,52.150002,514070.0,47.387581,-0.030219536442734007
2015-09-07,2015-09-07,52.799999,53.5,50.400002,50.849998,505014.0,46.206299,-0.025244059367209196
2015-09-08,2015-09-08,51.299999,51.5,48.75,49.849998,1043642.0,45.297619,-0.01986166038408621
2015-09-09,2015-09-09,51.599998,53.200001,51.0,52.25,1427058.0,47.478447,0.04702139029646224
2015-09-10,2015-09-10,51.849998,54.299999,51.049999,52.950001,1868689.0,48.114521,0.013308162745732766
2015-09-11,2015-09-11,53.549999,53.75,51.25,51.5,912727.0,46.79694,-0.027766207272870158
2015-09-14,2015-09-14,52.0,52.799999,51.299999,51.599998,989028.0,46.887802,0.0019397401657941238
2015-09-15,2015-09-15,51.650002,52.599998,51.5,51.650002,481412.0,46.933243,0.0009686740017276207
2015-09-16,2015-09-16,52.049999,52.349998,51.299999,51.5,353597.0,46.79694,-0.0029084141675217445
2015-09-18,2015-09-18,52.0,52.599998,50.0,50.700001,1197236.0,46.069996,-0.015655924047124792
2015-09-21,2015-09-21,50.150002,51.950001,49.75,51.650002,798087.0,46.933243,0.018564338214646536
2015-09-22,2015-09-22,51.5,54.299999,51.5,52.049999,1528560.0,47.296711,0.0077145278584334065
2015-09-23,2015-09-23,51.849998,52.849998,51.5,52.400002,584952.0,47.614754,0.0067019129970113936
2015-09-24,2015-09-24,52.650002,52.950001,51.650002,51.900002,505337.0,47.160412,-0.009587859345372872
2015-09-28,2015-09-28,52.299999,52.5,51.5,51.799999,368506.0,47.069542,-0.0019286866715106925
2015-09-29,2015-09-29,51.099998,53.5,51.0,52.650002,644440.0,47.841923,0.016276180146181485
2015-09-30,2015-09-30,54.150002,55.099998,53.299999,53.75,2153495.0,48.841469,0.0206774212724401
2015-10-01,2015-10-01,54.099998,54.950001,52.599998,53.099998,796867.0,48.250824,-0.012166821235874092
2015-10-05,2015-10-05,53.400002,54.400002,53.299999,53.799999,420392.0,48.886898,0.013096520660242028
2015-10-06,2015-10-06,53.950001,54.799999,53.799999,54.349998,639234.0,49.386673,0.010171184449870195
2015-10-07,2015-10-07,54.900002,56.400002,54.400002,55.0,1105934.0,49.977314,0.011888571996589992
2015-10-08,2015-10-08,55.25,55.599998,54.599998,54.75,476249.0,49.750145,-0.004555804292863286
2015-10-09,2015-10-09,55.25,55.75,54.349998,54.700001,549493.0,49.704712,-0.0009136407115919453
2015-10-12,2015-10-12,54.75,55.700001,53.849998,54.150002,481000.0,49.204937,-0.01010577346918451
2015-10-13,2015-10-13,54.349998,56.450001,54.200001,55.900002,1026106.0,50.79512800000001,0.03180648048095547
2015-10-14,2015-10-14,56.099998,57.0,55.900002,56.200001,667858.0,51.06773,0.005352346402507369
2015-10-15,2015-10-15,56.5,56.700001,55.450001,55.75,375865.0,50.658821,-0.008039419372244172
2015-10-16,2015-10-16,56.0,56.599998,55.299999,55.900002,425440.0,50.79512800000001,0.0026870729697368034
2015-10-19,2015-10-19,56.900002,58.5,56.799999,57.5,1183218.0,52.249008,0.028220460545360208
2015-10-20,2015-10-20,57.700001,58.75,57.400002,57.700001,704763.0,52.430748,0.0034723081051519773
2015-10-21,2015-10-21,57.950001,58.25,56.650002,56.799999,511370.0,51.612934,-0.015720913131361147
2015-10-23,2015-10-23,57.700001,58.0,56.549999,56.650002,335796.0,51.476635,-0.0026442845913852158
2015-10-26,2015-10-26,57.0,57.200001,55.200001,56.150002,453614.0,51.022293,-0.008865360537866351
2015-10-27,2015-10-27,56.200001,56.450001,55.299999,55.75,262735.0,50.658821,-0.0071492833596362715
2015-10-28,2015-10-28,55.799999,56.75,55.400002,56.150002,341978.0,51.022293,0.0071492833596362715
2015-10-29,2015-10-29,56.450001,57.400002,56.299999,56.650002,533702.0,51.476635,0.008865360537866351
2015-10-30,2015-10-30,52.150002,55.650002,50.700001,54.75,3474764.0,49.750145,-0.03411463722794483
2015-11-02,2015-11-02,54.099998,54.700001,53.049999,54.049999,512607.0,49.114067,-0.01286788746014622
2015-11-03,2015-11-03,54.200001,54.75,52.150002,52.650002,474183.0,47.841923,-0.02624318539025872
2015-11-04,2015-11-04,53.450001,54.400002,53.0,53.150002,963305.0,48.296261,0.009451840330967798
2015-11-05,2015-11-05,53.099998,53.900002,52.650002,53.5,740748.0,48.614296,0.006563498375762311
2015-11-06,2015-11-06,53.700001,53.950001,52.200001,52.400002,429783.0,47.614754,-0.020774972836028027
2015-11-09,2015-11-09,52.400002,54.25,51.049999,53.950001,862613.0,49.023201,0.029151004652107737
2015-11-10,2015-11-10,53.799999,54.5,53.0,54.0,1085957.0,49.068634,0.0009263360859508297
2015-11-13,2015-11-13,53.200001,53.549999,52.099998,52.650002,354478.0,47.841923,-0.02531770660876065
2015-11-16,2015-11-16,52.599998,54.0,52.25,53.549999,531032.0,48.659729,0.016949462760992073
2015-11-17,2015-11-17,53.900002,54.5,53.099998,54.200001,395025.0,49.250374,0.012065193414088071
2015-11-18,2015-11-18,54.400002,55.0,53.5,53.599998,470807.0,48.705162,-0.011131941133293743
2015-11-19,2015-11-19,53.900002,57.400002,53.799999,56.950001,1113266.0,51.749237,0.060624667710832636
2015-11-20,2015-11-20,57.200001,58.700001,55.599998,56.549999,1520720.0,51.385765,-0.00704849949609887
2015-11-23,2015-11-23,56.049999,57.0,55.700001,55.950001,253347.0,50.840557,-0.010666786377891757
2015-11-24,2015-11-24,56.0,60.25,55.900002,59.799999,1984798.0,54.33897,0.06654724688763514
2015-11-26,2015-11-26,59.700001,64.800003,59.700001,64.150002,3524093.0,58.291725,0.07021849594275363
2015-11-27,2015-11-27,64.449997,68.800003,62.200001,67.949997,4034772.0,61.744701,0.05754801302886215
2015-11-30,2015-11-30,66.599998,68.599998,65.599998,66.949997,1725802.0,60.836018,-0.0148261431731731
2015-12-01,2015-12-01,66.5,69.0,65.199997,67.949997,949498.0,61.744701,0.0148261431731731
2015-12-02,2015-12-02,67.0,68.949997,66.849998,67.349998,461292.0,61.19949,-0.008869301910467975
2015-12-03,2015-12-03,67.050003,69.199997,66.5,66.949997,778542.0,60.836018,-0.005956841262705126
2015-12-04,2015-12-04,66.75,67.699997,66.0,66.300003,311226.0,60.245384,-0.009756059559649977
2015-12-07,2015-12-07,66.849998,67.5,64.400002,65.050003,367158.0,59.109535,-0.0190337072117579
2015-12-08,2015-12-08,64.300003,64.900002,61.799999,62.950001,719501.0,57.201309,-0.03281546537682445
2015-12-09,2015-12-09,62.900002,62.900002,60.700001,61.549999,788699.0,55.929153,-0.022491017950374115
2015-12-10,2015-12-10,61.5,63.700001,60.349998,63.400002,332250.0,57.610214,0.02961411358135546
2015-12-11,2015-12-11,63.099998,65.550003,62.299999,63.299999,622982.0,57.519344,-0.0015785697513024386
2015-12-14,2015-12-14,63.299999,64.599998,62.299999,63.049999,255061.0,57.292175,-0.003957256178329871
2015-12-15,2015-12-15,63.700001,64.449997,63.099998,63.799999,283187.0,57.973682,0.011825096505496902
2015-12-16,2015-12-16,64.0,66.849998,63.799999,65.349998,816770.0,59.382133,0.02400424092991393
2015-12-17,2015-12-17,65.199997,68.349998,65.199997,67.900002,906729.0,61.699268,0.03827867710754429
2015-12-18,2015-12-18,66.900002,68.550003,66.699997,67.949997,626228.0,61.744701,0.0007360910771012642
2015-12-21,2015-12-21,67.800003,68.75,66.699997,67.0,413448.0,60.88145400000001,-0.014079561743837845
2015-12-22,2015-12-22,67.300003,68.199997,66.699997,67.449997,451135.0,61.290359,0.00669395856288002
2015-12-23,2015-12-23,67.5,68.300003,66.599998,66.949997,235906.0,60.836018,-0.007440539992215278
2015-12-24,2015-12-24,67.25,67.400002,65.349998,65.599998,216256.0,59.609306,-0.020370312065345786
2015-12-28,2015-12-28,65.599998,66.800003,64.900002,65.050003,254925.0,59.109535,-0.00841945470606209
2015-12-29,2015-12-29,65.5,66.449997,63.950001,64.400002,387688.0,58.518894,-0.010042571664317991
2015-12-30,2015-12-30,64.800003,65.400002,64.5,65.099998,260644.0,59.154964,0.01081083268294325
2015-12-31,2015-12-31,65.099998,70.0,64.949997,67.849998,1058102.0,61.653831,0.04137485966415788
2016-01-01,2016-01-01,68.0,69.199997,67.050003,68.949997,542860.0,62.653374,0.016082165841670992
2016-01-04,2016-01-04,68.0,68.900002,65.25,66.199997,391990.0,60.15451,-0.04070111581205893
2016-01-05,2016-01-05,66.0,67.699997,66.0,66.599998,219863.0,60.517982,0.00602412518673745
2016-01-06,2016-01-06,66.900002,70.800003,66.099998,68.699997,1704398.0,62.426201,0.031044531052427438
2016-01-07,2016-01-07,68.0,68.0,66.199997,67.050003,987449.0,60.92689100000001,-0.02431043787640164
2016-01-08,2016-01-08,66.300003,68.449997,66.300003,66.800003,475371.0,60.699722,-0.0037355190374590563
2016-01-11,2016-01-11,66.599998,68.400002,64.900002,67.949997,385590.0,61.744701,0.017069039906881578
2016-01-12,2016-01-12,68.0,69.349998,67.300003,68.150002,604577.0,61.926437,0.0029390225359993143
2016-01-13,2016-01-13,69.0,69.0,63.099998,66.900002,840990.0,60.790588,-0.01851220623931393
2016-01-14,2016-01-14,64.050003,70.900002,64.050003,68.900002,1406661.0,62.607948,0.029457260545549424
2016-01-15,2016-01-15,69.199997,70.449997,65.099998,66.0,598937.0,59.972775,-0.04300152565650972
2016-01-18,2016-01-18,66.300003,68.800003,62.650002,64.050003,869816.0,58.200859,-0.029990595167773467
2016-01-19,2016-01-19,64.599998,66.199997,62.450001,64.650002,440993.0,58.746063,0.0093240239342105
2016-01-20,2016-01-20,64.699997,65.0,61.849998,62.849998,417661.0,57.110439,-0.028237218445648967
2016-01-21,2016-01-21,63.950001,66.0,62.5,63.099998,618266.0,57.337608,0.00396982393835188
2016-01-22,2016-01-22,64.099998,67.300003,63.5,66.449997,616054.0,60.38168,0.05172900416877013
2016-01-25,2016-01-25,66.900002,67.900002,64.5,64.949997,308278.0,59.018661,-0.02283206564156348
2016-01-27,2016-01-27,66.0,66.0,64.099998,64.400002,141846.0,58.518894,-0.008504005580970642
2016-01-28,2016-01-28,64.5,65.699997,64.349998,64.650002,160265.0,58.746063,0.003874461561061082
2016-01-29,2016-01-29,64.650002,65.699997,64.349998,65.25,176064.0,59.29126700000001,0.00923788901764766
2016-02-01,2016-02-01,65.300003,66.0,64.5,64.800003,158328.0,58.882362,-0.0069204379253564605
2016-02-02,2016-02-02,65.0,65.449997,60.299999,61.700001,390016.0,56.06546,-0.04902165246363222
2016-02-03,2016-02-03,61.200001,62.25,58.400002,60.0,324550.0,54.520706,-0.02793938052064915
2016-02-04,2016-02-04,61.900002,61.900002,59.25,60.400002,242930.0,54.88417800000001,0.006644554136653103
2016-02-05,2016-02-05,60.400002,64.050003,59.599998,62.799999,332023.0,57.065006,0.038965963891297584
2016-02-08,2016-02-08,63.0,65.5,62.5,63.0,470232.0,57.246738,0.003179588496276864
2016-02-09,2016-02-09,62.400002,64.5,60.599998,61.450001,314703.0,55.838287,-0.024910881595619827
2016-02-10,2016-02-10,61.450001,61.900002,59.0,59.599998,206494.0,54.157234,-0.030568224650650237
2016-02-11,2016-02-11,59.650002,59.849998,55.099998,56.049999,242866.0,50.931423,-0.0614114755824029
2016-02-12,2016-02-12,56.0,57.799999,51.950001,57.0,445179.0,51.79467,0.016807167401990952
2016-02-15,2016-02-15,61.0,62.200001,59.400002,60.799999,701751.0,55.24765,0.06453855733820646
2016-02-16,2016-02-16,61.650002,62.5,58.25,58.700001,249372.0,53.339424,-0.03515008551122323
2016-02-17,2016-02-17,59.0,61.150002,57.299999,60.099998,262720.0,54.611572,0.02357008164100316
2016-02-18,2016-02-18,60.900002,61.25,59.299999,59.799999,191251.0,54.33897,-0.0050041525973196785
2016-02-19,2016-02-19,58.400002,60.299999,58.400002,59.099998,346505.0,53.70289200000001,-0.011774794275769551
2016-02-22,2016-02-22,59.849998,60.0,59.0,59.549999,118555.0,54.111797,0.007585366417409922
2016-02-23,2016-02-23,59.900002,59.900002,54.0,54.299999,618344.0,49.34124,-0.09229197870634964
2016-02-24,2016-02-24,54.400002,55.799999,54.049999,55.599998,413807.0,50.522518,0.02365889536274146
2016-02-25,2016-02-25,55.799999,56.200001,54.650002,56.0,207486.0,50.885994,0.007168580809878034
2016-02-26,2016-02-26,56.75,56.900002,54.450001,55.0,174775.0,49.977314,-0.018018536230905543
2016-02-29,2016-02-29,55.200001,58.400002,54.049999,57.599998,370352.0,52.339874,0.046189307296375486
2016-03-01,2016-03-01,57.150002,60.400002,57.150002,59.849998,366552.0,54.384403000000006,0.0383189134315729
2016-03-02,2016-03-02,61.0,61.0,56.25,57.25,405014.0,52.021839,-0.044413792010610464
2016-03-03,2016-03-03,57.299999,60.75,56.799999,60.299999,587907.0,54.793308,0.051904458525366966
2016-03-04,2016-03-04,62.700001,63.5,60.099998,60.700001,1084677.0,55.156784,0.006611678398419585
2016-03-08,2016-03-08,61.200001,62.099998,59.599998,59.950001,538316.0,54.475273,-0.012432855815927455
2016-03-09,2016-03-09,59.799999,59.799999,57.900002,58.5,281706.0,53.157688,-0.02448415073888777
2016-03-10,2016-03-10,60.0,60.099998,58.299999,58.549999,469901.0,53.203121,0.000854318487993222
2016-03-11,2016-03-11,58.150002,59.75,57.5,57.75,474457.0,52.476177,-0.013757764856788146
2016-03-14,2016-03-14,58.200001,58.650002,57.5,57.799999,200013.0,52.521614,0.0008654849288451949
2016-03-15,2016-03-15,57.950001,58.099998,56.450001,56.700001,267236.0,51.522068,-0.01921455937036853
2016-03-16,2016-03-16,56.900002,57.25,55.0,55.450001,459627.0,50.386219,-0.022292515593925092
2016-03-17,2016-03-17,56.049999,58.299999,56.049999,57.900002,692484.0,52.612484,0.043235724838254885
2016-03-18,2016-03-18,58.5,58.799999,56.299999,57.150002,1286661.0,51.930973,-0.013038035544681305
2016-03-21,2016-03-21,56.599998,58.099998,56.599998,57.150002,473873.0,51.930973,0.0
2016-03-22,2016-03-22,57.599998,60.099998,57.150002,59.400002,566243.0,53.975498,0.03861480841033282
2016-03-23,2016-03-23,59.5,64.650002,58.950001,63.849998,2916291.0,58.019115,0.07224232236395968
2016-03-28,2016-03-28,64.0,64.0,60.700001,61.849998,644598.0,56.201759,-0.03182446987378551
2016-03-29,2016-03-29,62.099998,64.949997,59.849998,64.599998,746736.0,58.700626,0.04350233583018781
2016-03-30,2016-03-30,65.199997,68.300003,64.900002,67.800003,1480513.0,61.608398,0.04834780124364002
2016-03-31,2016-03-31,68.25,68.400002,66.349998,67.400002,431009.0,61.24493,-0.0059171219275055975
2016-04-01,2016-04-01,66.800003,69.599998,66.400002,69.199997,696460.0,62.880543,0.02635571309129769
2016-04-04,2016-04-04,69.5,69.699997,67.099998,68.0,269071.0,61.790131,-0.017493124425051576
2016-04-05,2016-04-05,67.900002,68.5,65.699997,66.400002,179346.0,60.33625,-0.023810575184107563
2016-04-06,2016-04-06,66.5,70.0,66.050003,69.0,731183.0,62.698811,0.03840940017099559
2016-04-07,2016-04-07,69.449997,71.599998,68.050003,70.0,694044.0,63.607491,0.014388762287384615
2016-04-08,2016-04-08,70.0,72.300003,69.699997,71.650002,1153849.0,65.106812,0.023297936328071426
2016-04-11,2016-04-11,72.0,73.050003,67.449997,68.099998,863165.0,61.881001,-0.050815980712524585
2016-04-12,2016-04-12,69.0,69.199997,63.299999,64.949997,1859306.0,59.018661,-0.047359520011851515
2016-04-13,2016-04-13,66.599998,67.400002,65.5,67.099998,1008262.0,60.972321,0.03256632506464285
2016-04-18,2016-04-18,67.300003,68.099998,66.300003,67.050003,861640.0,60.92689100000001,-0.00074536990613705
2016-04-20,2016-04-20,66.800003,67.849998,65.599998,66.099998,360388.0,60.063641,-0.014269953762945597
2016-04-21,2016-04-21,66.699997,71.550003,66.0,70.25,2596675.0,63.83466,0.06089161959811396
2016-04-22,2016-04-22,69.300003,70.5,68.5,68.75,337437.0,62.471642,-0.02158357724977833
2016-04-25,2016-04-25,69.349998,71.0,69.150002,70.199997,935613.0,63.789223,0.020871531810450428
2016-04-26,2016-04-26,70.099998,70.900002,68.550003,69.099998,278908.0,62.78968,-0.015793528827001246
2016-04-27,2016-04-27,69.050003,70.75,67.550003,70.199997,766092.0,63.789223,0.015793528827001246
2016-04-28,2016-04-28,70.400002,70.800003,68.5,68.900002,264522.0,62.607948,-0.018692022684183133
2016-04-29,2016-04-29,68.099998,69.300003,67.150002,67.599998,219415.0,61.426659,-0.019048308313401208
2016-05-02,2016-05-02,67.5,69.849998,67.5,69.400002,340542.0,63.062283,0.026278930487657167
2016-05-03,2016-05-03,69.400002,70.349998,68.25,68.449997,163053.0,62.199032,-0.013783420154115156
2016-05-04,2016-05-04,67.25,71.0,67.25,69.550003,697662.0,63.198589,0.015942538031148423
2016-05-05,2016-05-05,69.599998,71.099998,67.199997,67.449997,603716.0,61.290359,-0.030659420074481858
2016-05-06,2016-05-06,67.400002,68.150002,66.150002,67.550003,149417.0,61.38122900000001,0.0014815169201334302
2016-05-09,2016-05-09,69.900002,70.25,67.75,68.050003,303901.0,61.83556700000001,0.007374644916274597
2016-05-10,2016-05-10,68.400002,69.599998,67.849998,68.849998,375840.0,62.562511,0.011687516183456205
2016-05-11,2016-05-11,69.0,73.5,69.0,71.949997,3759018.0,65.37941,0.044041144189335135
2016-05-12,2016-05-12,72.599998,73.599998,67.699997,69.400002,7442094.0,63.062283,-0.036084520011750776
2016-05-13,2016-05-13,69.0,71.300003,68.099998,69.349998,2148699.0,63.01685,-0.0007207061293250662
2016-05-16,2016-05-16,68.699997,69.75,67.699997,68.099998,887674.0,61.881001,-0.01818894890324252
2016-05-17,2016-05-17,68.099998,69.300003,67.75,67.849998,547741.0,61.653831,-0.003677833245721017
2016-05-18,2016-05-18,67.75,68.25,66.900002,67.25,484175.0,61.108624,-0.008882366918609995
2016-05-19,2016-05-19,66.900002,67.699997,65.5,65.800003,528348.0,59.791042,-0.021797151475842824
2016-05-20,2016-05-20,66.0,66.300003,64.400002,64.699997,333339.0,58.79149200000001,-0.016858699846580727
2016-05-23,2016-05-23,65.699997,67.0,64.900002,65.400002,756349.0,59.42757,0.010761109544571212
2016-05-24,2016-05-24,65.25,65.949997,64.099998,64.75,396883.0,58.83692900000001,-0.009988558117397515
2016-05-25,2016-05-25,65.25,65.900002,64.550003,64.800003,290814.0,58.882362,0.0007718871201110035
2016-05-26,2016-05-26,65.199997,67.599998,64.199997,67.0,426607.0,60.88145400000001,0.033387007211708834
2016-05-27,2016-05-27,67.199997,69.199997,66.650002,67.550003,987095.0,61.38122900000001,0.00817547548301345
2016-05-30,2016-05-30,67.699997,67.849998,66.550003,66.849998,245898.0,60.745152,-0.0104167952327332
2016-05-31,2016-05-31,66.849998,68.25,66.5,67.849998,378643.0,61.653831,0.014848092231759756
2016-06-01,2016-06-01,69.099998,69.099998,67.699997,68.050003,1917175.0,61.83556700000001,0.0029433479172480408
2016-06-02,2016-06-02,67.5,68.0,66.849998,67.150002,260879.0,61.017757,-0.013313796543083178
2016-06-03,2016-06-03,67.300003,68.0,66.800003,67.199997,349866.0,61.063187,0.0007442603343079668
2016-06-06,2016-06-06,67.400002,68.0,67.0,67.650002,273537.0,61.472099,0.0066742165668101094
2016-06-07,2016-06-07,68.0,68.800003,67.199997,68.0,313849.0,61.790131,0.005160262080618594
2016-06-08,2016-06-08,67.699997,68.400002,67.400002,67.550003,210004.0,61.38122900000001,-0.006639587354928089
2016-06-09,2016-06-09,68.0,68.300003,67.050003,67.300003,539809.0,61.15406,-0.003707817757841347
2016-06-10,2016-06-10,67.5,67.800003,66.75,67.25,291106.0,61.108624,-0.0007432521617420917
2016-06-13,2016-06-13,67.25,67.25,66.400002,66.599998,207978.0,60.517982,-0.009712457865040491
2016-06-14,2016-06-14,66.599998,67.25,65.599998,65.800003,338788.0,59.791042,-0.012084693610802331
2016-06-15,2016-06-15,66.050003,67.099998,65.550003,65.949997,558192.0,59.92734100000001,0.002276994651508879
2016-06-16,2016-06-16,65.949997,66.400002,65.400002,65.75,172771.0,59.74560500000001,-0.0030372134350979962
2016-06-17,2016-06-17,66.099998,66.5,64.599998,64.75,399606.0,58.83692900000001,-0.015325929635817912
2016-06-20,2016-06-20,64.449997,65.699997,64.300003,64.800003,411210.0,58.882362,0.0007718871201110035
2016-06-21,2016-06-21,65.0,66.900002,65.0,65.75,519145.0,59.74560500000001,0.014554042515706913
2016-06-22,2016-06-22,65.800003,66.349998,65.300003,65.599998,199650.0,59.609306,-0.002283928798679113
2016-06-23,2016-06-23,65.599998,66.449997,65.349998,66.0,279690.0,59.972775,0.006079006424243971
2016-06-24,2016-06-24,64.849998,64.849998,63.0,64.199997,384446.0,58.337151,-0.02765158041820559
2016-06-27,2016-06-27,64.599998,66.449997,64.5,65.699997,410426.0,59.700172,0.0230957726382206
2016-06-28,2016-06-28,66.0,66.5,65.400002,65.599998,153359.0,59.609306,-0.0015231986442589829
2016-06-29,2016-06-29,66.0,66.449997,65.650002,66.099998,402819.0,60.063641,0.0075929806061507685
2016-06-30,2016-06-30,66.0,68.400002,66.0,68.0,897550.0,61.790131,0.02833897572647182
2016-07-01,2016-07-01,68.25,69.25,67.550003,67.949997,595904.0,61.744701,-0.0007355010941036966
2016-07-04,2016-07-04,68.0,68.699997,67.449997,67.900002,304319.0,61.699268,-0.0007360910771012642
2016-07-05,2016-07-05,68.099998,70.800003,67.599998,69.449997,1195706.0,63.107712,0.02257091379595444
2016-07-07,2016-07-07,71.0,71.150002,68.800003,69.550003,969181.0,63.198589,0.0014389941746708599
2016-07-08,2016-07-08,69.699997,69.949997,68.050003,68.349998,198992.0,62.10817,-0.01740443267152525
2016-07-11,2016-07-11,69.099998,69.25,67.900002,68.150002,310949.0,61.926437,-0.002930361685999472
2016-07-12,2016-07-12,68.550003,70.0,67.599998,68.099998,446388.0,61.881001,-0.0007339785520761309
2016-07-13,2016-07-13,68.599998,72.699997,68.599998,71.699997,3042755.0,65.152245,0.05151355987344797
2016-07-14,2016-07-14,71.900002,73.5,71.699997,72.900002,1168978.0,66.242661,0.01659791945351241
2016-07-15,2016-07-15,73.0,73.25,70.150002,70.550003,400160.0,64.10726899999999,-0.03276692293831473
2016-07-18,2016-07-18,70.949997,75.400002,70.949997,72.949997,1943278.0,66.288094,0.033452544955328456
2016-07-19,2016-07-19,73.0,75.449997,72.099998,75.099998,2089359.0,68.241753,0.02904628821048672
2016-07-20,2016-07-20,75.0,77.5,74.300003,77.099998,1917766.0,70.059105,0.02628265132417784
2016-07-21,2016-07-21,77.0,81.699997,77.0,80.150002,4514628.0,72.83058199999998,0.03879670648705158
2016-07-22,2016-07-22,79.949997,82.400002,78.099998,80.900002,2418092.0,73.512085,0.009313865061414184
2016-07-25,2016-07-25,81.5,92.650002,81.300003,89.050003,12350516.0,80.917816,0.09598420784422056
2016-07-26,2016-07-26,88.900002,89.75,85.650002,86.599998,2294461.0,78.691551,-0.027898229707861155
2016-07-27,2016-07-27,86.599998,87.099998,80.599998,81.099998,2228389.0,73.693825,-0.06561678254036796
2016-07-28,2016-07-28,81.949997,83.400002,80.650002,81.5,1204766.0,74.057289,0.004919959292721821
2016-07-29,2016-07-29,81.800003,83.25,80.5,80.949997,1183432.0,73.55751,-0.006771420115669002
2016-08-01,2016-08-01,81.0,83.0,79.0,80.800003,1549785.0,73.421219,-0.0018545682084862847
2016-08-02,2016-08-02,80.150002,81.849998,77.300003,78.099998,1645768.0,70.967781,-0.0339869957206238
2016-08-03,2016-08-03,78.0,78.300003,75.75,76.150002,805559.0,69.195862,-0.02528492216784528
2016-08-04,2016-08-04,76.599998,81.699997,76.400002,80.650002,2098018.0,73.28492,0.057413794702285685
2016-08-05,2016-08-05,80.900002,81.900002,78.599998,79.150002,762575.0,71.921898,-0.018774077601136696
2016-08-08,2016-08-08,79.599998,80.800003,79.099998,79.349998,655644.0,72.10363000000002,0.0025236095152285642
2016-08-09,2016-08-09,79.449997,79.75,76.099998,76.25,883296.0,69.286728,-0.03985101706121341
2016-08-10,2016-08-10,76.75,77.849998,76.400002,76.75,1889653.0,69.741074,0.0065360684833075675
2016-08-11,2016-08-11,77.0,78.800003,76.5,77.400002,1154748.0,70.331711,0.008433337004932541
2016-08-12,2016-08-12,77.599998,77.599998,74.25,74.800003,759701.0,67.96914699999999,-0.034168896565673464
2016-08-16,2016-08-16,75.0,76.699997,74.599998,76.349998,684621.0,69.37759399999999,0.020510080733023628
2016-08-17,2016-08-17,76.150002,77.900002,75.849998,77.0,639517.0,69.968239,0.008477448153411338
2016-08-18,2016-08-18,77.0,81.800003,76.900002,81.099998,2257330.0,73.693825,0.05187759955573679
2016-08-19,2016-08-19,81.300003,82.650002,79.800003,80.0,1210587.0,72.694275,-0.013656376909652046
2016-08-22,2016-08-22,80.0,81.349998,78.599998,78.849998,503761.0,71.649292,-0.014479360300460263
2016-08-23,2016-08-23,79.599998,80.349998,79.050003,80.0,488359.0,72.694275,0.014479360300460263
2016-08-24,2016-08-24,80.0,81.0,78.0,78.5,796885.0,71.331261,-0.01892795862818719
2016-08-25,2016-08-25,80.0,80.75,77.400002,77.949997,1429215.0,70.831482,-0.007031111645662946
2016-08-26,2016-08-26,78.5,78.75,76.150002,76.5,475004.0,69.513901,-0.018776815925185097
2016-08-29,2016-08-29,77.25,80.25,76.599998,79.300003,1486520.0,72.058205,0.035947448253277337
2016-08-30,2016-08-30,79.0,80.400002,78.5,78.900002,652074.0,71.694733,-0.005056909161306855
2016-08-31,2016-08-31,78.550003,79.849998,77.75,78.150002,579537.0,71.013222,-0.009551200995355558
2016-09-01,2016-09-01,78.599998,81.900002,78.5,80.050003,1669175.0,72.739708,0.02402134019764812
2016-09-02,2016-09-02,80.0,81.800003,78.550003,79.099998,1148909.0,71.876465,-0.011938543734800078
2016-09-06,2016-09-06,81.900002,84.349998,81.849998,83.75,3018359.0,76.101822,0.0571233252438832
2016-09-07,2016-09-07,84.0,84.550003,81.550003,82.150002,694813.0,74.64793399999998,-0.01928935898065021
2016-09-08,2016-09-08,82.5,84.5,80.75,83.650002,1058492.0,76.010948,0.018094534761605274
2016-09-09,2016-09-09,83.699997,86.699997,82.75,84.349998,1993932.0,76.647026,0.008333422282693627
2016-09-12,2016-09-12,81.099998,82.949997,81.099998,82.400002,1131811.0,74.875099,-0.023389426187607757
2016-09-14,2016-09-14,83.25,83.949997,81.949997,83.050003,1708202.0,75.465752,0.007857558807714327
2016-09-15,2016-09-15,83.650002,84.75,82.300003,83.0,555778.0,75.420311,-0.0006023220497688443
2016-09-16,2016-09-16,83.449997,87.900002,82.300003,86.300003,1825002.0,78.418953,0.038989030192778
2016-09-19,2016-09-19,87.199997,90.0,87.050003,89.5,2030392.0,81.32672099999998,0.03640898855067132
2016-09-20,2016-09-20,89.25,91.400002,89.0,89.599998,1269085.0,81.417587,0.0011166720428974486
2016-09-21,2016-09-21,89.5,91.5,88.150002,89.349998,699679.0,81.190414,-0.002794120171207837
2016-09-22,2016-09-22,90.400002,91.0,88.400002,89.300003,585839.0,81.144981,-0.0005597423924248446
2016-09-23,2016-09-23,90.0,90.050003,88.449997,88.599998,537367.0,80.508904,-0.007869656615592469
2016-09-26,2016-09-26,88.699997,90.5,88.050003,88.550003,546993.0,80.46347800000002,-0.0005643949681486403
2016-09-27,2016-09-27,89.25,90.400002,88.5,88.599998,557843.0,80.508904,0.0005643949681486403
2016-09-28,2016-09-28,89.400002,89.949997,88.5,88.800003,400455.0,80.690651,0.0022549327386300892
2016-09-29,2016-09-29,89.800003,90.550003,81.0,83.050003,1363967.0,75.465752,-0.06694378229598286
2016-09-30,2016-09-30,83.900002,86.949997,83.099998,86.400002,533488.0,78.509819,0.03954476232258308
2016-10-03,2016-10-03,87.400002,89.650002,87.0,88.650002,1432908.0,80.554344,0.02570833763664382
2016-10-04,2016-10-04,89.400002,89.800003,88.699997,89.400002,588711.0,81.235855,0.008424676340976767
2016-10-05,2016-10-05,89.5,91.75,89.0,89.650002,1000571.0,81.46302,0.002792461196997387
2016-10-06,2016-10-06,90.300003,90.650002,87.900002,88.449997,909725.0,80.37260400000002,-0.013475803094264549
2016-10-07,2016-10-07,90.75,97.449997,89.800003,93.099998,4815585.0,84.597961,0.05123679281781879
2016-10-10,2016-10-10,93.800003,95.349998,92.0,94.25,1292701.0,85.642944,0.012276674923342057
2016-10-13,2016-10-13,94.400002,96.699997,92.050003,93.599998,1121511.0,85.052299,-0.006920489955545507
2016-10-14,2016-10-14,93.5,94.5,91.75,92.300003,454291.0,83.871025,-0.013986147418176387
2016-10-17,2016-10-17,92.900002,93.75,90.0,90.699997,584209.0,82.417137,-0.01748681362355331
2016-10-18,2016-10-18,91.699997,92.449997,89.099998,90.650002,597466.0,82.37170400000002,-0.0005514087103897225
2016-10-19,2016-10-19,90.800003,94.199997,90.800003,91.849998,1156881.0,83.462112,0.013150800496254613
2016-10-20,2016-10-20,92.449997,92.699997,91.150002,91.400002,301537.0,83.05321500000002,-0.0049112334492784635
2016-10-21,2016-10-21,91.849998,92.0,88.650002,89.25,468231.0,81.099556,-0.02380406054571882
2016-10-24,2016-10-24,89.699997,91.5,89.300003,90.150002,584214.0,81.917366,0.010033521070139884
2016-10-25,2016-10-25,90.5,94.5,89.75,92.900002,1174830.0,84.41622199999998,0.030048579470641986
2016-10-26,2016-10-26,93.349998,93.650002,91.0,92.050003,475799.0,83.643852,-0.00919165890527296
2016-10-27,2016-10-27,91.599998,93.449997,91.099998,92.699997,465309.0,84.234482,0.007036434337122088
2016-10-28,2016-10-28,92.5,93.300003,89.300003,90.300003,669887.0,82.05366500000002,-0.02623087793249113
2016-11-01,2016-11-01,92.0,92.5,90.699997,91.349998,451787.0,83.007774,0.011560781637172113
2016-11-02,2016-11-02,91.0,91.0,89.25,90.300003,538027.0,82.05366500000002,-0.011560781637172113
2016-11-03,2016-11-03,90.050003,91.900002,89.800003,90.300003,394583.0,82.05366500000002,0.0
2016-11-04,2016-11-04,90.949997,91.0,87.449997,89.0,493133.0,80.872383,-0.014501090704493791
2016-11-07,2016-11-07,90.650002,90.650002,88.650002,88.949997,285117.0,80.826942,-0.0005620431773136758
2016-11-08,2016-11-08,89.900002,89.900002,88.099998,88.550003,338561.0,80.46347800000002,-0.0045069585068180365
2016-11-09,2016-11-09,80.0,87.699997,78.300003,86.849998,618540.0,78.918724,-0.01938487928329113
2016-11-10,2016-11-10,90.0,90.050003,86.800003,88.0,424624.0,79.963699,0.013154256440484955
2016-11-11,2016-11-11,88.099998,88.449997,86.199997,86.699997,281434.0,78.78241700000002,-0.014882931744667259
2016-11-15,2016-11-15,86.5,87.5,85.0,86.050003,267764.0,78.19178000000002,-0.007525310511083737
2016-11-16,2016-11-16,86.050003,87.5,85.550003,86.699997,218561.0,78.78241700000002,0.007525310511083737
2016-11-17,2016-11-17,86.699997,87.5,86.0,86.75,165613.0,78.82785,0.0005765233715182562
2016-11-18,2016-11-18,86.900002,88.150002,85.099998,85.449997,666720.0,77.646576,-0.01509890749632614
2016-11-21,2016-11-21,86.349998,86.550003,81.300003,81.849998,176616.0,74.375328,-0.043043179382945766
2016-11-22,2016-11-22,82.150002,89.25,81.199997,88.199997,623994.0,80.145432,0.07471861035342188
2016-11-23,2016-11-23,89.400002,89.699997,84.699997,89.0,412348.0,80.872383,0.009029509425936944
2016-11-24,2016-11-24,86.349998,89.0,86.349998,87.949997,193479.0,79.918266,-0.011867956311236938
2016-11-25,2016-11-25,88.550003,89.150002,87.25,88.099998,289572.0,80.054565,0.0017040272667427914
2016-11-28,2016-11-28,87.25,104.5,87.25,101.050003,4891295.0,91.821953,0.13714294379575165
2016-11-29,2016-11-29,100.900002,103.400002,97.449997,98.25,2489238.0,89.27765699999998,-0.028100153461649846
2016-11-30,2016-11-30,98.5,100.900002,97.5,99.050003,1163616.0,90.004601,0.008109536236720949
2016-12-01,2016-12-01,99.199997,99.75,95.199997,95.900002,843181.0,87.14226500000002,-0.03231877823880058
2016-12-02,2016-12-02,93.800003,103.25,93.800003,98.199997,3163869.0,89.23221600000002,0.023700127293545314
2016-12-05,2016-12-05,98.0,105.449997,97.300003,104.5,4684365.0,94.956894,0.062180900957096163
2016-12-06,2016-12-06,103.599998,105.699997,99.550003,100.150002,1666155.0,91.004143,-0.042518008304598176
2016-12-07,2016-12-07,101.150002,101.949997,96.699997,97.349998,1585887.0,88.459846,-0.02835630141420964
2016-12-08,2016-12-08,98.800003,98.800003,95.849998,96.349998,1048052.0,87.551163,-0.010325389057385335
2016-12-09,2016-12-09,97.199997,98.199997,94.699997,96.099998,1606367.0,87.32399699999998,-0.002598037683306132
2016-12-12,2016-12-12,97.5,98.0,94.400002,94.800003,1298884.0,86.142715,-0.01361990721053985
2016-12-13,2016-12-13,94.550003,96.900002,94.550003,95.400002,782686.0,86.687927,0.006309226214331609
2016-12-14,2016-12-14,95.900002,96.900002,93.5,93.800003,858914.0,85.234039,-0.01691375097368919
2016-12-15,2016-12-15,93.0,97.75,92.199997,96.75,1072232.0,87.914635,0.030965414022174894
2016-12-16,2016-12-16,97.400002,98.400002,94.199997,94.650002,637111.0,86.006416,-0.021944388728528
2016-12-19,2016-12-19,94.900002,95.800003,93.099998,93.699997,757941.0,85.14316600000002,-0.010087752601646294
2016-12-20,2016-12-20,93.949997,94.400002,92.150002,92.599998,365816.0,84.143623,-0.011809009097811796
2016-12-21,2016-12-21,93.099998,93.449997,92.0,92.349998,411278.0,83.916451,-0.0027034635050950944
2016-12-22,2016-12-22,91.949997,92.300003,89.199997,89.900002,382628.0,81.69019300000002,-0.026887714976060902
2016-12-23,2016-12-23,89.699997,92.699997,88.199997,88.75,468489.0,80.64520999999998,-0.012874547570304706
2016-12-26,2016-12-26,88.050003,89.099998,85.599998,87.449997,361302.0,79.46392800000002,-0.014756227528992303
2016-12-27,2016-12-27,87.199997,88.949997,86.199997,88.099998,836354.0,80.054565,0.007405281832997269
2016-12-28,2016-12-28,88.5,96.849998,88.25,95.949997,2294687.0,87.187691,0.08535469801932116
2016-12-29,2016-12-29,96.199997,99.900002,95.900002,98.550003,2361241.0,89.550262,0.026736891547962216
2016-12-30,2016-12-30,99.199997,99.400002,97.150002,98.199997,744942.0,89.23221600000002,-0.003557913941715896
2017-01-02,2017-01-02,98.199997,100.900002,97.099998,99.150002,1253458.0,90.095467,0.009627712282312295
2017-01-03,2017-01-03,99.800003,103.550003,99.300003,102.300003,1847296.0,92.957802,0.03127579566290262
2017-01-04,2017-01-04,103.0,111.900002,102.75,107.099998,7227319.0,97.319458,0.04585330039800084
2017-01-05,2017-01-05,107.949997,112.349998,106.650002,110.199997,3479265.0,100.13636,0.028533908486158662
2017-01-06,2017-01-06,109.349998,110.699997,108.050003,108.800003,1325559.0,98.864212,-0.012785544453656428
2017-01-09,2017-01-09,109.199997,110.300003,107.25,107.849998,757568.0,98.000969,-0.008769946299462816
2017-01-10,2017-01-10,109.0,115.949997,109.0,112.599998,4256709.0,102.317184,0.04310026901390085
2017-01-11,2017-01-11,112.150002,113.400002,110.599998,111.550003,952309.0,101.363083,-0.009368683502569477
2017-01-12,2017-01-12,112.0,112.400002,108.550003,110.550003,971124.0,100.454407,-0.009004989016132114
2017-01-13,2017-01-13,110.900002,111.300003,106.75,107.300003,930379.0,97.501198,-0.02983929776418748
2017-01-16,2017-01-16,108.150002,111.0,108.150002,109.0,759434.0,99.045944,0.015719158182674775
2017-01-17,2017-01-17,110.099998,111.849998,108.5,110.300003,1063998.0,100.227234,0.011856124837520632
2017-01-18,2017-01-18,110.0,111.0,107.5,108.099998,813221.0,98.228134,-0.020147276854980408
2017-01-19,2017-01-19,108.199997,111.0,107.5,108.75,1124831.0,98.818779,0.005994986269831415
2017-01-20,2017-01-20,108.5,108.800003,99.5,100.599998,1682486.0,91.413048,-0.07789943215997397
2017-01-23,2017-01-23,101.5,103.849998,99.5,101.849998,1110007.0,92.548897,0.012348895683387262
2017-01-24,2017-01-24,103.349998,105.599998,101.5,101.900002,1185070.0,92.594337,0.0004908632082383235
2017-01-25,2017-01-25,102.449997,103.949997,101.599998,102.349998,858267.0,93.003235,0.0044062932200104035
2017-01-27,2017-01-27,103.349998,104.300003,99.5,99.949997,1263875.0,90.822403,-0.023728293244985817
2017-01-30,2017-01-30,100.300003,101.800003,98.599998,99.050003,902361.0,90.004601,-0.009045193003734298
2017-01-31,2017-01-31,101.150002,103.0,97.300003,97.699997,2112437.0,88.777878,-0.013723293905233191
2017-02-01,2017-02-01,97.75,102.199997,97.75,101.300003,1247143.0,92.049126,0.036184915453691964
2017-02-02,2017-02-02,103.099998,106.0,103.099998,104.75,2611381.0,95.184067,0.03349015155086743
2017-02-03,2017-02-03,104.0,107.0,103.349998,105.349998,1064628.0,95.729271,0.005711549416490769
2017-02-06,2017-02-06,107.0,108.0,106.0,107.349998,1334270.0,97.546623,0.01880633456374969
2017-02-07,2017-02-07,107.349998,114.550003,105.300003,112.0,6095557.0,101.771988,0.042404450931575084
2017-02-08,2017-02-08,112.0,114.199997,110.300003,111.849998,2329925.0,101.635681,-0.0013402348207742776
2017-02-09,2017-02-09,113.150002,113.449997,109.5,110.550003,1350481.0,100.454407,-0.011690701564168291
2017-02-10,2017-02-10,112.75,114.300003,107.599998,108.449997,2329984.0,98.546173,-0.01917876310693956
2017-02-13,2017-02-13,108.5,109.699997,106.300003,107.800003,1371999.0,97.955536,-0.006011538339663503
2017-02-14,2017-02-14,108.349998,108.400002,105.5,105.699997,684740.0,96.04731,-0.01967277884974994
2017-02-15,2017-02-15,106.0,106.400002,101.599998,102.150002,820909.0,92.821503,-0.03416255626280762
2017-02-16,2017-02-16,102.449997,107.0,101.25,106.5,1142043.0,96.774254,0.0417026615187428
2017-02-17,2017-02-17,106.949997,110.75,105.150002,109.849998,1965818.0,99.818329,0.030970835937536027
2017-02-20,2017-02-20,109.400002,110.300003,107.650002,108.150002,831155.0,98.273575,-0.015596652693505852
2017-02-21,2017-02-21,108.550003,111.699997,106.550003,109.25,1564865.0,99.273117,0.01011963824734785
2017-02-22,2017-02-22,109.650002,109.650002,105.650002,106.25,900072.0,96.547089,-0.027843951084205898
2017-02-23,2017-02-23,106.300003,107.900002,106.0,106.400002,618438.0,96.683388,0.0014107404248147046
2017-02-27,2017-02-27,105.25,108.150002,105.25,107.599998,596040.0,97.773796,0.011215007916008268
2017-02-28,2017-02-28,110.0,111.0,107.599998,108.25,1481114.0,98.364433,0.006022678886635546
2017-03-01,2017-03-01,108.800003,110.800003,107.550003,109.599998,1253364.0,99.591156,0.012394080001101315
2017-03-02,2017-03-02,109.800003,109.849998,105.699997,106.400002,673619.0,96.683388,-0.02963176680374513
2017-03-03,2017-03-03,106.349998,106.449997,105.300003,105.949997,337064.0,96.274475,-0.00423837210651179
2017-03-06,2017-03-06,106.5,106.849998,104.900002,105.099998,414398.0,95.502106,-0.008054926957490771
2017-03-07,2017-03-07,105.699997,106.0,104.400002,104.75,268582.0,95.184067,-0.0033357352544394203
2017-03-08,2017-03-08,105.699997,105.699997,102.5,103.099998,466975.0,93.684746,-0.015877184511424502
2017-03-09,2017-03-09,103.699997,107.900002,103.0,104.150002,1059858.0,94.638855,0.010132741284807343
2017-03-10,2017-03-10,104.599998,105.349998,102.0,102.650002,651217.0,93.275841,-0.014506985702420929
2017-03-14,2017-03-14,104.449997,105.75,101.449997,101.699997,653310.0,92.412598,-0.009297824070823245
2017-03-15,2017-03-15,102.0,103.5,101.699997,102.199997,374286.0,92.866936,0.00490436154349716
2017-03-16,2017-03-16,103.0,103.900002,102.400002,102.949997,643165.0,93.548447,0.007311778945289227
2017-03-17,2017-03-17,103.800003,103.800003,101.5,101.849998,394564.0,92.548897,-0.010742330767779862
2017-03-20,2017-03-20,102.0,102.5,101.0,101.199997,374217.0,91.958252,-0.00640242961640336
2017-03-21,2017-03-21,102.050003,102.349998,100.449997,100.900002,401861.0,91.685654,-0.002968769355340406
2017-03-22,2017-03-22,100.199997,102.099998,99.550003,100.599998,533178.0,91.413048,-0.002977696711643496
2017-03-23,2017-03-23,102.0,102.099998,101.099998,101.699997,535245.0,92.412598,0.010875085962380735
2017-03-24,2017-03-24,102.300003,103.199997,101.150002,101.949997,806601.0,92.639763,0.0024551441860021232
2017-03-27,2017-03-27,102.900002,102.900002,100.25,100.550003,264920.0,91.367615,-0.01382736152092523
2017-03-28,2017-03-28,101.349998,101.5,98.800003,100.199997,743985.0,91.049576,-0.003486944629545796
2017-03-29,2017-03-29,102.300003,104.5,101.150002,103.5,2315408.0,94.048218,0.03240345881832773
2017-03-30,2017-03-30,104.449997,106.0,103.599998,104.449997,979850.0,94.911461,0.009136859355520777
2017-03-31,2017-03-31,104.0,107.699997,104.0,106.650002,1539568.0,96.910553,0.020843951500999047
