Date,Date.1,MUTHOOTFIN.NS.Open,MUTHOOTFIN.NS.High,MUTHOOTFIN.NS.Low,MUTHOOTFIN.NS.Close,MUTHOOTFIN.NS.Volume,MUTHOOTFIN.NS.Adjusted,log_returns
2013-04-01,2013-04-01,182.649994,186.0,178.050003,180.199997,154086.0,149.178085,-0.018692443230443168
2013-04-02,2013-04-02,178.0,183.050003,178.0,179.949997,119458.0,148.971146,-0.0013881574172547315
2013-04-03,2013-04-03,177.949997,188.0,174.550003,177.600006,280906.0,147.025711,-0.013145159939383257
2013-04-04,2013-04-04,174.0,180.0,171.050003,177.600006,146626.0,147.025711,0.0
2013-04-05,2013-04-05,175.0,182.0,175.0,178.199997,189864.0,147.52243,0.003372755768762836
2013-04-08,2013-04-08,177.0,179.600006,163.899994,164.649994,250873.0,136.30508400000002,-0.0790845939351259
2013-04-09,2013-04-09,164.949997,168.5,159.100006,160.75,824148.0,133.076523,-0.02397131441283662
2013-04-10,2013-04-10,160.0,164.100006,157.0,158.949997,545401.0,131.586365,-0.011260919566489669
2013-04-11,2013-04-11,160.699997,161.800003,153.800003,155.300003,146158.0,128.56471299999998,-0.023231023418272656
2013-04-12,2013-04-12,155.0,155.050003,149.350006,150.649994,264928.0,124.715225,-0.03039944242612513
2013-04-15,2013-04-15,144.350006,168.0,121.300003,132.25,4654407.0,109.482811,-0.13026537849109945
2013-04-16,2013-04-16,124.25,126.0,114.0,118.25,4983660.0,97.892967,-0.11189285142027927
2013-04-17,2013-04-17,120.0,129.399994,119.449997,120.449997,4164335.0,99.714226,0.0184336465078907
2013-04-18,2013-04-18,120.400002,123.199997,115.5,119.099998,4064888.0,98.596626,-0.011271312896845131
2013-04-22,2013-04-22,123.400002,129.0,120.5,127.650002,1554093.0,105.674736,0.0693288062678743
2013-04-23,2013-04-23,130.899994,132.850006,128.0,129.600006,1370175.0,107.289032,0.015160578107838775
2013-04-25,2013-04-25,130.0,133.899994,129.350006,129.699997,909381.0,107.371811,0.0007712538807398418
2013-04-26,2013-04-26,131.899994,134.300003,130.0,130.449997,783672.0,107.992714,0.005766081672908818
2013-04-29,2013-04-29,131.399994,131.899994,129.649994,129.949997,236749.0,107.578781,-0.003840336207064255
2013-04-30,2013-04-30,131.300003,133.399994,130.0,131.5,518347.0,108.861938,0.01185702985146797
2013-05-02,2013-05-02,130.0,135.699997,129.0,133.899994,613284.0,110.84877,0.018086384395048505
2013-05-03,2013-05-03,133.100006,135.25,133.100006,134.5,360448.0,111.345467,0.004470843475113284
2013-05-06,2013-05-06,135.0,143.5,133.100006,137.300003,513256.0,113.663452,0.020604223290456858
2013-05-07,2013-05-07,137.300003,140.199997,136.25,137.350006,256020.0,113.704857,0.0003642108316661563
2013-05-08,2013-05-08,137.5,140.550003,137.350006,139.800003,329010.0,115.733078,0.017680370372236354
2013-05-09,2013-05-09,140.949997,144.300003,139.600006,143.199997,678184.0,118.54776,0.024029429457428364
2013-05-10,2013-05-10,143.899994,152.300003,143.899994,149.600006,988246.0,123.84597,0.04372269869193879
2013-05-13,2013-05-13,157.649994,163.0,156.25,157.949997,1087657.0,130.758499,0.05431348670072467
2013-05-14,2013-05-14,159.0,162.5,146.600006,149.899994,1330228.0,124.094322,-0.05231016500536079
2013-05-15,2013-05-15,149.0,161.0,149.0,159.699997,636222.0,132.207245,0.06332879150504489
2013-05-16,2013-05-16,158.0,162.0,155.149994,158.300003,833011.0,131.048264,-0.008805046414900984
2013-05-17,2013-05-17,155.5,159.0,155.0,157.899994,533755.0,130.717102,-0.002530221486026996
2013-05-20,2013-05-20,156.300003,158.899994,153.899994,155.399994,523670.0,128.647491,-0.0159594253319586
2013-05-21,2013-05-21,153.5,157.5,153.5,155.949997,382420.0,129.102829,0.003533174846708676
2013-05-22,2013-05-22,154.050003,156.5,146.0,149.050003,411648.0,123.390671,-0.045253701920414
2013-05-23,2013-05-23,148.449997,148.449997,142.25,143.100006,149771.0,118.464989,-0.04073804349363108
2013-05-24,2013-05-24,145.050003,147.300003,142.600006,144.949997,183201.0,119.996483,0.012844968575208782
2013-05-27,2013-05-27,145.550003,147.899994,145.0,146.850006,59417.0,121.56942,0.013023023623230046
2013-05-28,2013-05-28,146.149994,146.5,143.0,144.199997,122487.0,119.375618,-0.018210481891600242
2013-05-29,2013-05-29,144.399994,146.5,141.699997,145.550003,111375.0,120.493195,0.009318302556157398
2013-05-30,2013-05-30,144.0,145.350006,142.0,143.199997,114196.0,118.54776,-0.016277360955120557
2013-05-31,2013-05-31,143.600006,144.899994,136.0,138.649994,103783.0,114.781052,-0.03228949935384762
2013-06-03,2013-06-03,140.0,140.0,130.550003,131.75,172454.0,109.068893,-0.051046689554199005
2013-06-04,2013-06-04,131.0,136.75,130.5,134.550003,101490.0,111.386856,0.021029602860065392
2013-06-05,2013-06-05,134.0,136.0,132.25,135.25,65331.0,111.966377,0.005189289563402255
2013-06-06,2013-06-06,136.399994,143.699997,135.199997,142.199997,458670.0,117.71991,0.05010953797168316
2013-06-07,2013-06-07,142.600006,146.399994,140.0,142.199997,266061.0,117.71991,0.0
2013-06-10,2013-06-10,142.25,144.25,133.25,134.25,203366.0,111.138512,-0.0575308795958227
2013-06-11,2013-06-11,133.050003,135.550003,132.0,132.800003,105507.0,109.938156,-0.010859289736468549
2013-06-12,2013-06-12,131.600006,133.899994,129.0,131.449997,264589.0,108.820541,-0.010217876948683369
2013-06-13,2013-06-13,131.399994,131.899994,125.099998,125.849998,121066.0,104.184608,-0.043535710080718985
2013-06-14,2013-06-14,127.0,129.0,122.550003,123.050003,158571.0,101.866646,-0.022499836732637668
2013-06-17,2013-06-17,125.5,125.800003,121.099998,124.150002,128025.0,102.77726,0.00889955658102348
2013-06-18,2013-06-18,124.599998,124.699997,122.650002,123.199997,98196.0,101.990814,-0.007681371920475576
2013-06-19,2013-06-19,122.5,123.849998,120.199997,120.599998,151383.0,99.838417,-0.021329701278371967
2013-06-20,2013-06-20,120.0,120.099998,117.5,118.400002,427913.0,98.017143,-0.018410657183048684
2013-06-21,2013-06-21,114.099998,119.699997,111.900002,112.849998,2767608.0,93.422592,-0.0480091915899834
2013-06-24,2013-06-24,112.5,113.050003,105.0,105.900002,231988.0,87.66905200000002,-0.06356424808882988
2013-06-25,2013-06-25,105.400002,106.0,87.800003,91.599998,1737556.0,75.830833,-0.1450639745142137
2013-06-26,2013-06-26,93.800003,104.400002,87.199997,98.349998,2164905.0,81.418808,0.07110132507935152
2013-06-27,2013-06-27,99.0,103.5,98.5,101.599998,885948.0,84.109299,0.03251082878540945
2013-06-28,2013-06-28,102.099998,105.0,95.0,103.0,1131726.0,85.26828,0.013685389714172658
2013-07-01,2013-07-01,103.449997,110.400002,102.199997,106.650002,1003886.0,88.289932,0.034823559394356884
2013-07-02,2013-07-02,107.0,110.0,103.0,104.0,513452.0,86.096138,-0.02516152511634484
2013-07-03,2013-07-03,102.849998,102.949997,96.300003,97.400002,388246.0,80.632339,-0.06556475827782204
2013-07-04,2013-07-04,97.0,100.849998,96.0,97.050003,251978.0,80.34259,-0.0035999309298260225
2013-07-05,2013-07-05,98.0,99.5,95.599998,96.0,204883.0,79.47335799999998,-0.01087802040170871
2013-07-08,2013-07-08,96.0,96.0,92.099998,92.650002,175620.0,76.700066,-0.035519277130066314
2013-07-09,2013-07-09,93.099998,97.0,93.099998,94.5,228585.0,78.231575,0.01977076956737367
2013-07-10,2013-07-10,95.0,95.599998,93.099998,93.699997,105947.0,77.569305,-0.008501543622357666
2013-07-11,2013-07-11,95.0,97.150002,94.5,96.300003,363167.0,79.72171,0.027370150376514246
2013-07-12,2013-07-12,95.0,97.849998,94.5,95.349998,122386.0,78.935272,-0.009913770338867424
2013-07-15,2013-07-15,96.699997,103.449997,96.050003,101.849998,860795.0,84.31624599999998,0.06594638807816366
2013-07-16,2013-07-16,100.949997,104.900002,99.349998,103.449997,879950.0,85.640823,0.015587510741531753
2013-07-17,2013-07-17,104.449997,105.449997,97.349998,99.099998,248345.0,82.03968,-0.042959041010386834
2013-07-18,2013-07-18,101.0,101.0,97.550003,99.800003,249958.0,82.619179,0.007038812197752264
2013-07-19,2013-07-19,100.25,102.199997,96.099998,97.099998,434621.0,80.383972,-0.02742704178040789
2013-07-22,2013-07-22,97.0,99.699997,97.0,97.900002,200042.0,81.046257,0.008205262668174562
2013-07-23,2013-07-23,99.0,100.75,95.75,96.949997,814410.0,80.259804,-0.009751142973272842
2013-07-24,2013-07-24,96.0,98.25,94.349998,95.0,698619.0,78.6455,-0.020318510416839075
2013-07-25,2013-07-25,95.599998,104.0,88.650002,91.300003,5156819.0,75.582474,-0.03972598144265493
2013-07-26,2013-07-26,92.5,92.949997,86.099998,86.650002,1426345.0,71.732979,-0.052273830896758966
2013-07-29,2013-07-29,87.0,87.800003,80.0,81.449997,636816.0,67.428169,-0.06188773172414841
2013-07-30,2013-07-30,81.0,82.449997,76.599998,77.300003,763776.0,63.992615,-0.052295182215432064
2013-07-31,2013-07-31,77.0,78.0,73.400002,76.300003,1054598.0,63.164768,-0.013021008721535663
2013-08-01,2013-08-01,77.5,80.599998,75.0,75.650002,593815.0,62.626663,-0.008555563412452116
2013-08-02,2013-08-02,75.0,79.5,72.599998,76.150002,261608.0,63.040588,0.006587658974617661
2013-08-05,2013-08-05,76.199997,77.449997,74.25,76.599998,183109.0,63.413105,0.005891770635702009
2013-08-06,2013-08-06,76.5,76.5,73.300003,74.949997,236818.0,62.047161,-0.02177578637375444
2013-08-07,2013-08-07,74.5,77.900002,74.0,76.650002,584998.0,63.454506,0.02242845100806523
2013-08-08,2013-08-08,77.050003,81.900002,76.300003,79.650002,262461.0,65.93804899999999,0.0383924415147705
2013-08-12,2013-08-12,83.949997,95.550003,81.5,95.550003,1062287.0,79.10083,0.18200771806325824
2013-08-13,2013-08-13,98.800003,106.349998,98.199997,99.949997,1919199.0,82.74335500000002,0.04502034115264841
2013-08-14,2013-08-14,101.050003,102.449997,95.550003,98.599998,520977.0,81.625763,-0.013598773738734415
2013-08-16,2013-08-16,98.099998,99.5,94.599998,95.099998,318129.0,78.728287,-0.0361424161263475
2013-08-19,2013-08-19,97.949997,111.0,97.5,102.650002,1025122.0,84.978546,0.0763963055791761
2013-08-20,2013-08-20,102.650002,106.900002,100.050003,101.0,524274.0,83.612602,-0.01620457427500277
2013-08-21,2013-08-21,104.0,104.0,97.0,99.199997,350182.0,82.122467,-0.01798261725474859
2013-08-22,2013-08-22,98.0,102.900002,97.300003,100.849998,180348.0,83.488411,0.01649619870304253
2013-08-23,2013-08-23,104.0,104.0,98.800003,100.300003,116243.0,83.03310400000002,-0.005468460152150635
2013-08-26,2013-08-26,100.550003,102.900002,99.099998,100.800003,166027.0,83.447029,0.004972675663876379
2013-08-27,2013-08-27,101.0,105.800003,99.099998,100.0,1003280.0,82.78475999999998,-0.00796806083763979
2013-08-28,2013-08-28,101.400002,104.199997,100.300003,102.400002,856265.0,84.771591,0.02371648839696494
2013-08-29,2013-08-29,103.099998,122.849998,102.150002,121.099998,2519943.0,100.252335,0.1677298828095859
2013-08-30,2013-08-30,120.800003,121.849998,112.0,113.599998,1007445.0,94.043472,-0.06393321423629937
2013-09-02,2013-09-02,113.599998,115.900002,111.199997,113.349998,290060.0,93.83651,-0.0022031307594270193
2013-09-03,2013-09-03,114.050003,116.0,110.849998,112.75,276963.0,93.33979,-0.005307522010435051
2013-09-04,2013-09-04,115.0,121.0,113.949997,117.449997,823567.0,97.230682,0.04083982941312314
2013-09-05,2013-09-05,123.449997,124.699997,118.5,119.449997,517265.0,98.886383,0.016885224526488333
2013-09-06,2013-09-06,120.0,120.900002,116.550003,117.849998,196011.0,97.561821,-0.013485306009276776
2013-09-10,2013-09-10,119.699997,126.5,118.0,123.900002,447683.0,102.570313,0.05006230527902122
2013-09-11,2013-09-11,121.300003,125.5,118.550003,124.0,379067.0,102.653076,0.0008065650303317183
2013-09-12,2013-09-12,122.5,123.650002,116.5,117.0,242814.0,100.505524,-0.02114241775680004
2013-09-13,2013-09-13,115.5,116.0,113.199997,113.900002,288543.0,97.842567,-0.02685296341498855
2013-09-16,2013-09-16,115.0,118.800003,111.5,112.449997,231445.0,96.596992,-0.01281212573044499
2013-09-17,2013-09-17,110.0,110.0,101.25,103.449997,507699.0,88.865791,-0.08342033670277349
2013-09-18,2013-09-18,101.550003,102.199997,96.25,96.800003,725858.0,83.15329,-0.06644149341083594
2013-09-19,2013-09-19,99.800003,101.599998,98.050003,101.599998,514187.0,87.276596,0.04839656794398284
2013-09-20,2013-09-20,103.199997,103.5,97.550003,99.099998,788226.0,85.129044,-0.02491406989846645
2013-09-23,2013-09-23,98.699997,101.599998,96.5,97.599998,228528.0,83.840508,-0.01525199023452206
2013-09-24,2013-09-24,97.599998,100.0,97.099998,98.0,166217.0,84.18412,0.004090025171830547
2013-09-25,2013-09-25,99.050003,99.900002,96.0,97.400002,180037.0,83.66870899999998,-0.006141244362199315
2013-09-26,2013-09-26,96.0,97.550003,95.0,95.300003,194179.0,81.864769,-0.021796333155521097
2013-09-27,2013-09-27,96.900002,96.900002,93.099998,93.699997,162470.0,80.490326,-0.01693172407877963
2013-09-30,2013-09-30,95.0,95.599998,90.099998,90.550003,179673.0,77.78441600000002,-0.03419590065337985
2013-10-01,2013-10-01,91.0,91.900002,90.150002,90.800003,207321.0,77.99916800000003,0.002757057329404233
2013-10-03,2013-10-03,91.0,91.099998,89.0,89.849998,356693.0,77.18309,-0.010517768379164849
2013-10-04,2013-10-04,89.0,94.300003,89.0,94.300003,481642.0,81.005753,0.04833978525479221
2013-10-07,2013-10-07,93.199997,98.900002,93.199997,97.150002,607039.0,83.45395699999997,0.02977488975733955
2013-10-08,2013-10-08,99.900002,100.5,97.550003,99.0,425675.0,85.043137,0.018863555277373045
2013-10-09,2013-10-09,98.199997,99.900002,98.0,99.0,180621.0,85.043137,0.0
2013-10-10,2013-10-10,99.900002,101.0,98.199997,98.599998,226835.0,84.699539,-0.004048462972257916
2013-10-11,2013-10-11,100.0,100.699997,96.800003,97.0,185147.0,83.32510400000002,-0.016360286586280637
2013-10-14,2013-10-14,98.0,98.0,96.5,96.699997,121386.0,83.067398,-0.003097569938050881
2013-10-15,2013-10-15,97.0,98.0,92.5,92.900002,272912.0,79.803116,-0.04008975106731416
2013-10-17,2013-10-17,94.0,94.599998,92.849998,93.5,196523.0,80.318535,0.006437864922771652
2013-10-18,2013-10-18,94.949997,96.5,94.599998,95.449997,198246.0,81.993622,0.02064104751614515
2013-10-21,2013-10-21,96.0,96.5,95.300003,95.849998,138224.0,82.337227,0.004181874588246259
2013-10-22,2013-10-22,96.099998,99.0,95.699997,98.0,274210.0,84.18412,0.02218296654687624
2013-10-23,2013-10-23,98.099998,101.599998,98.099998,100.150002,527121.0,86.031029,0.021701728619071048
2013-10-24,2013-10-24,101.800003,101.900002,99.150002,99.849998,213684.0,85.773308,-0.0030001709830269623
2013-10-25,2013-10-25,99.0,101.0,96.699997,99.300003,184321.0,85.30085,-0.005523443244558557
2013-10-28,2013-10-28,104.0,104.25,103.0,104.25,707324.0,89.553009,0.04864631000424513
2013-10-29,2013-10-29,106.400002,106.400002,100.0,102.550003,483542.0,88.092674,-0.016441355302826643
2013-10-30,2013-10-30,104.699997,104.699997,100.550003,102.699997,172700.0,88.22152700000002,0.0014616295478058206
2013-10-31,2013-10-31,103.599998,107.800003,103.25,106.150002,915722.0,91.18515,0.033041051347623814
2013-11-01,2013-11-01,106.449997,107.25,104.0,106.300003,263988.0,91.314003,0.0014120944595417126
2013-11-05,2013-11-05,106.25,106.25,102.099998,104.900002,230167.0,92.728363,0.015370241919574038
2013-11-06,2013-11-06,106.699997,110.099998,105.0,110.099998,251586.0,97.324989,0.048381389219176896
2013-11-07,2013-11-07,114.800003,128.199997,114.800003,121.25,2825333.0,107.181244,0.09646549016924057
2013-11-08,2013-11-08,120.5,125.0,115.5,117.300003,545802.0,103.689568,-0.033119758345698365
2013-11-11,2013-11-11,118.0,122.900002,115.099998,115.949997,515507.0,102.496208,-0.011575709524504596
2013-11-12,2013-11-12,117.0,118.0,109.650002,110.400002,470912.0,97.590187,-0.049048857440705085
2013-11-13,2013-11-13,111.300003,111.300003,105.0,106.199997,459860.0,93.87751,-0.03878609792152776
2013-11-14,2013-11-14,106.5,109.699997,106.150002,107.599998,415957.0,95.115067,0.013096542820364654
2013-11-18,2013-11-18,109.0,110.849998,107.25,107.800003,313055.0,95.291862,0.0018570232893884155
2013-11-19,2013-11-19,110.0,111.0,105.800003,106.5,405957.0,94.1427,-0.012132697269645831
2013-11-20,2013-11-20,106.550003,110.900002,106.050003,107.75,469135.0,95.247665,0.011668783020581051
2013-11-21,2013-11-21,108.0,108.150002,104.75,105.199997,186858.0,92.993546,-0.023950406374979142
2013-11-22,2013-11-22,105.449997,107.900002,104.099998,104.800003,163520.0,92.639961,-0.003809500055511173
2013-11-25,2013-11-25,105.5,108.0,105.5,107.150002,160260.0,94.717293,0.02217599891757427
2013-11-26,2013-11-26,106.0,109.900002,106.0,107.0,285727.0,94.584679,-0.0014010844186440607
2013-11-27,2013-11-27,106.199997,107.5,105.0,105.599998,108689.0,93.34713,-0.013170382333870023
2013-11-28,2013-11-28,105.300003,107.5,105.300003,106.150002,120967.0,93.833313,0.0051948172101417
2013-11-29,2013-11-29,106.25,109.199997,106.25,108.699997,330121.0,96.087425,0.0237385119210316
2013-12-02,2013-12-02,109.050003,112.0,109.0,110.099998,363719.0,97.324989,0.01279732633676378
2013-12-03,2013-12-03,111.800003,111.800003,108.75,109.150002,210893.0,96.485222,-0.008665923751681959
2013-12-04,2013-12-04,109.449997,109.5,106.5,107.400002,136708.0,94.938286,-0.016162797268728823
2013-12-05,2013-12-05,108.900002,110.0,107.0,107.349998,230144.0,94.894073,-0.0004658110032700336
2013-12-06,2013-12-06,107.349998,108.5,106.25,107.150002,81195.0,94.717293,-0.001864656691742184
2013-12-09,2013-12-09,109.599998,111.599998,106.550003,107.0,204352.0,94.584679,-0.0014010844186440607
2013-12-10,2013-12-10,108.0,108.0,105.0,105.75,133006.0,93.479736,-0.011750821805906142
2013-12-11,2013-12-11,105.900002,105.900002,104.050003,104.5,98549.0,92.374771,-0.011890785293581452
2013-12-12,2013-12-12,104.699997,107.0,104.0,105.400002,223330.0,93.170334,0.008575466061231829
2013-12-13,2013-12-13,105.349998,105.349998,103.900002,104.099998,75870.0,92.021172,-0.012410685292938872
2013-12-16,2013-12-16,103.050003,106.25,103.050003,106.0,243279.0,93.700722,0.018087213649716997
2013-12-17,2013-12-17,106.0,106.900002,103.5,103.949997,70862.0,91.88858,-0.019529138523534332
2013-12-18,2013-12-18,103.150002,107.0,102.150002,104.150002,368674.0,92.065384,0.0019222641425917786
2013-12-19,2013-12-19,105.199997,106.0,104.0,104.349998,160133.0,92.242172,0.0019184026749172747
2013-12-20,2013-12-20,103.150002,105.0,102.650002,103.900002,150394.0,91.844376,-0.004321843431821293
2013-12-23,2013-12-23,104.0,107.800003,104.0,106.199997,150324.0,93.87751,0.021895267890196024
2013-12-24,2013-12-24,106.650002,106.800003,105.050003,105.349998,89050.0,93.126137,-0.008035961388779711
2013-12-26,2013-12-26,106.849998,109.349998,105.400002,107.900002,623204.0,95.380264,0.02391679472095021
2013-12-27,2013-12-27,109.0,113.599998,108.0,110.349998,1037715.0,97.545982,0.02245219634493445
2013-12-30,2013-12-30,111.25,114.0,110.0,110.699997,867838.0,97.85537,0.0031666951674322874
2013-12-31,2013-12-31,111.400002,112.0,107.599998,107.949997,232559.0,95.424461,-0.025155622054124468
2014-01-01,2014-01-01,108.050003,109.0,108.050003,108.5,153291.0,95.910637,0.005081943160655911
2014-01-02,2014-01-02,108.949997,115.5,108.849998,109.349998,821818.0,96.662018,0.00780365013988238
2014-01-03,2014-01-03,109.900002,110.0,108.0,109.150002,121835.0,96.485222,-0.0018306867794377626
2014-01-06,2014-01-06,109.900002,110.849998,107.0,107.300003,198193.0,94.849884,-0.017094383324838702
2014-01-07,2014-01-07,108.0,109.300003,107.099998,107.400002,122413.0,94.938286,0.0009315860561098787
2014-01-08,2014-01-08,108.0,109.800003,106.5,107.449997,141899.0,94.98246,0.00046518352235835886
2014-01-09,2014-01-09,128.899994,128.899994,128.899994,128.899994,559543.0,113.943604,0.1820113812597404
2014-01-10,2014-01-10,136.0,152.399994,130.800003,138.850006,9573128.0,122.739113,0.0743574460420362
2014-01-13,2014-01-13,138.850006,145.0,134.149994,138.850006,2417773.0,122.739113,0.0
2014-01-14,2014-01-14,138.0,140.399994,135.0,136.600006,710521.0,120.750175,-0.01633732846986735
2014-01-15,2014-01-15,137.800003,140.0,136.5,138.149994,623880.0,122.120331,0.011283136504748548
2014-01-16,2014-01-16,138.850006,139.399994,130.5,132.550003,457253.0,117.17009,-0.04138023851726835
2014-01-17,2014-01-17,133.5,133.800003,124.599998,126.599998,563660.0,111.910484,-0.04592733806995053
2014-01-20,2014-01-20,126.0,129.0,121.0,128.100006,413243.0,113.236443,0.011778746863700285
2014-01-21,2014-01-21,129.199997,137.699997,129.149994,133.300003,1328420.0,117.833092,0.039791099987672496
2014-01-22,2014-01-22,133.899994,134.399994,127.300003,131.550003,337229.0,116.28614,-0.01321527070171058
2014-01-23,2014-01-23,131.5,132.75,128.5,130.0,209220.0,114.915977,-0.011852651337219909
2014-01-24,2014-01-24,130.550003,133.899994,130.0,131.600006,468585.0,116.330322,0.012232521275499229
2014-01-27,2014-01-27,129.75,129.75,125.0,125.550003,177173.0,110.982315,-0.047062883517924085
2014-01-28,2014-01-28,125.0,131.0,125.0,129.199997,280577.0,114.208801,0.028657496507806364
2014-01-29,2014-01-29,127.0,131.850006,125.0,126.199997,198970.0,111.556885,-0.023493720627226544
2014-01-30,2014-01-30,126.199997,127.400002,120.199997,122.300003,550406.0,108.109421,-0.03139076854105926
2014-01-31,2014-01-31,122.25,127.900002,122.25,127.150002,299648.0,112.396667,0.03889041236095814
2014-02-03,2014-02-03,126.0,129.600006,125.150002,127.449997,205027.0,112.661858,0.002356641435678597
2014-02-04,2014-02-04,125.0,130.199997,123.599998,129.100006,303769.0,115.939789,0.028680070572383087
2014-02-05,2014-02-05,129.0,134.949997,128.199997,133.649994,285756.0,120.025955,0.03463701505796024
2014-02-06,2014-02-06,132.5,135.0,130.350006,132.149994,242601.0,118.678856,-0.011286855051243272
2014-02-07,2014-02-07,134.0,142.0,132.699997,138.300003,601654.0,124.201942,0.045487649438190836
2014-02-10,2014-02-10,140.100006,148.800003,139.100006,145.5,1343447.0,130.667999,0.050750942050951764
2014-02-11,2014-02-11,145.899994,166.800003,145.100006,160.25,4724305.0,143.914398,0.09655891698331588
2014-02-12,2014-02-12,161.0,179.350006,161.0,175.25,5445754.0,157.38533,0.08947846512442936
2014-02-13,2014-02-13,175.850006,177.100006,158.149994,160.649994,2187233.0,144.273621,-0.08698548719084087
2014-02-14,2014-02-14,160.649994,168.649994,160.0,165.75,1615269.0,148.85376000000005,0.03125270505609379
2014-02-17,2014-02-17,166.899994,169.199997,158.300003,160.300003,1334850.0,143.959305,-0.03343369200268853
2014-02-18,2014-02-18,161.850006,164.300003,159.600006,160.600006,775484.0,144.22872900000004,0.0018697797736733077
2014-02-19,2014-02-19,162.899994,164.0,160.199997,161.050003,560579.0,144.632858,0.0027980824163336138
2014-02-20,2014-02-20,161.050003,161.050003,154.600006,155.850006,421760.0,139.962952,-0.032820758641700636
2014-02-21,2014-02-21,156.5,158.850006,153.050003,154.600006,341920.0,138.840363,-0.008052953507078797
2014-02-24,2014-02-24,156.449997,166.399994,156.449997,164.5,1362313.0,147.731171,0.06206940441451536
2014-02-25,2014-02-25,166.899994,172.25,164.100006,166.25,1456662.0,149.302795,0.010582215141504923
2014-02-26,2014-02-26,167.899994,170.0,161.600006,163.5,448403.0,146.833115,-0.016679755306131302
2014-02-28,2014-02-28,165.899994,167.5,160.600006,165.300003,623950.0,148.449615,0.010948937980225004
2014-03-03,2014-03-03,165.0,167.399994,161.699997,163.350006,304445.0,146.69838,-0.011866965597415735
2014-03-04,2014-03-04,164.899994,166.300003,162.050003,162.75,209028.0,146.159576,-0.0036796310081204093
2014-03-05,2014-03-05,162.800003,169.0,162.800003,167.949997,631820.0,150.829483,0.031450935939170144
2014-03-06,2014-03-06,169.699997,169.699997,165.100006,165.5,217284.0,148.629242,-0.014695050838962054
2014-03-07,2014-03-07,165.5,167.399994,162.050003,163.600006,196815.0,146.922913,-0.011546848363554574
2014-03-10,2014-03-10,163.300003,173.699997,163.300003,171.5,1770267.0,154.01760900000005,0.04715889216096869
2014-03-11,2014-03-11,173.300003,174.399994,167.899994,169.699997,483511.0,152.401093,-0.010551124889840223
2014-03-12,2014-03-12,170.899994,171.949997,167.550003,169.399994,364932.0,152.131668,-0.0017694324210655308
2014-03-13,2014-03-13,170.0,170.949997,165.5,168.699997,724978.0,151.503021,-0.004140817377100703
2014-03-14,2014-03-14,167.100006,168.0,163.75,166.0,211676.0,149.07826200000005,-0.016134148971681306
2014-03-18,2014-03-18,166.0,167.899994,154.25,156.25,507799.0,140.322159,-0.060530501607508384
2014-03-19,2014-03-19,156.600006,160.5,156.5,158.100006,275550.0,141.983582,0.01177051643299354
2014-03-20,2014-03-20,160.0,160.850006,156.149994,156.75,169167.0,140.771194,-0.00857559647370909
2014-03-21,2014-03-21,156.100006,158.850006,155.0,156.850006,111647.0,140.861008,0.0006378106083522184
2014-03-24,2014-03-24,162.850006,168.800003,161.199997,167.600006,1291465.0,150.515182,0.06629031084447322
2014-03-25,2014-03-25,167.600006,170.5,163.199997,169.75,542767.0,152.445984,0.012746373846387549
2014-03-26,2014-03-26,170.199997,172.0,165.5,166.75,156087.0,149.751831,-0.017830866058095474
2014-03-27,2014-03-27,166.949997,170.899994,166.949997,169.050003,194260.0,151.817337,0.013698603960404121
2014-03-28,2014-03-28,170.0,171.5,167.199997,168.800003,121168.0,151.592834,-0.001479864964525568
2014-03-31,2014-03-31,169.899994,174.899994,167.5,172.0,243493.0,154.466644,0.018779973626916302
2014-04-01,2014-04-01,172.5,174.0,168.350006,169.550003,321095.0,152.26638799999995,-0.014346637039254873
2014-04-02,2014-04-02,173.0,176.449997,170.0,170.600006,382467.0,153.209351,0.006173753753340172
2014-04-03,2014-04-03,156.149994,167.899994,153.199997,166.100006,686141.0,149.168076,-0.026731596255904044
2014-04-04,2014-04-04,166.100006,166.100006,162.0,163.949997,107307.0,147.237244,-0.013028506450964095
2014-04-07,2014-04-07,164.0,165.699997,161.649994,163.449997,120120.0,146.788208,-0.003054404617341966
2014-04-09,2014-04-09,162.199997,163.399994,159.5,161.050003,670804.0,144.632858,-0.014792268319296475
2014-04-10,2014-04-10,161.600006,168.699997,161.600006,166.649994,379017.0,149.661987,0.03418081366547643
2014-04-11,2014-04-11,165.5,173.0,163.399994,164.350006,319008.0,147.596451,-0.01389746416288862
2014-04-15,2014-04-15,164.399994,166.550003,164.0,164.800003,131611.0,148.000595,0.0027344268644586838
2014-04-16,2014-04-16,164.100006,172.399994,164.100006,170.550003,403336.0,153.164444,0.034295847570573024
2014-04-17,2014-04-17,170.100006,186.850006,169.300003,178.199997,2481548.0,160.034607,0.043877943998828606
2014-04-21,2014-04-21,178.75,179.449997,174.100006,175.050003,248987.0,157.205734,-0.017834730438854862
2014-04-22,2014-04-22,176.699997,178.699997,173.399994,175.0,271159.0,157.16081200000005,-0.00028579377085335983
2014-04-23,2014-04-23,169.0,171.149994,164.600006,169.050003,306349.0,151.817337,-0.034591493459709355
2014-04-24,2014-04-24,169.050003,169.050003,169.050003,169.050003,0.0,151.817337,0.0
2014-04-25,2014-04-25,169.100006,173.949997,168.0,172.850006,292724.0,155.23001100000005,0.022229890974651667
2014-04-28,2014-04-28,171.550003,174.649994,171.050003,174.199997,110703.0,156.442368,0.0077797276654720795
2014-04-29,2014-04-29,173.800003,179.800003,172.0,175.449997,215576.0,157.564926,0.007149915327850032
2014-04-30,2014-04-30,174.0,181.899994,171.550003,179.350006,341116.0,161.067383,0.021985203482118187
2014-05-02,2014-05-02,179.350006,189.449997,179.350006,183.699997,381202.0,164.973984,0.02396498336527575
2014-05-05,2014-05-05,184.800003,184.800003,177.5,180.25,426444.0,161.875641,-0.01895939645013467
2014-05-06,2014-05-06,179.75,182.899994,177.600006,180.100006,399734.0,161.740936,-0.0008324975749296469
2014-05-14,2014-05-14,194.0,197.850006,189.0,191.199997,185461.0,171.709412,0.059807688224943874
2014-05-15,2014-05-15,191.199997,193.800003,189.100006,189.949997,139760.0,170.586823,-0.006559190022974447
2014-05-16,2014-05-16,190.0,199.899994,187.949997,192.649994,425771.0,173.011612,0.014114320713961346
2014-06-05,2014-06-05,201.0,207.5,199.050003,204.550003,224735.0,183.698547,0.05993736892200108
2014-06-09,2014-06-09,200.199997,203.199997,194.0,195.050003,185212.0,175.166962,-0.04755649489372793
2014-06-16,2014-06-16,191.850006,194.5,185.5,191.800003,96747.0,172.24826000000004,-0.016802779414565986
2014-06-17,2014-06-17,193.0,193.0,190.100006,191.350006,97638.0,171.844131,-0.002348957410212016
2014-06-18,2014-06-18,191.5,193.0,188.5,190.25,67884.0,170.856247,-0.005765308705536931
2014-06-19,2014-06-19,191.0,192.0,188.5,190.699997,37469.0,171.260376,0.002362522957389146
2014-06-20,2014-06-20,191.25,196.899994,186.399994,188.149994,137140.0,168.970337,-0.013461886280418334
2014-06-23,2014-06-23,187.899994,191.949997,183.899994,186.600006,97421.0,167.578339,-0.008272241355403942
2014-06-24,2014-06-24,185.0,191.350006,185.0,188.149994,68590.0,168.970337,0.008272241355403942
2014-06-25,2014-06-25,193.0,196.0,185.350006,188.0,294422.0,168.83561699999996,-0.0007976177183799392
2014-06-26,2014-06-26,189.399994,189.899994,184.350006,186.300003,177445.0,167.308914,-0.009083672985518376
2014-06-27,2014-06-27,187.25,188.449997,184.449997,186.100006,338685.0,167.12931799999996,-0.0010740160668225585
2014-06-30,2014-06-30,187.699997,190.25,178.0,188.300003,582759.0,169.105042,0.011752200099818031
2014-07-01,2014-07-01,189.399994,193.649994,188.0,189.050003,153066.0,169.77861,0.003975222074144469
2014-07-02,2014-07-02,190.0,191.350006,187.100006,188.600006,107433.0,169.37446599999996,-0.002383255349226232
2014-07-03,2014-07-03,189.699997,192.699997,187.300003,189.25,133618.0,169.958191,0.003440432647633607
2014-07-04,2014-07-04,187.449997,195.399994,187.399994,188.899994,340226.0,169.643875,-0.00185108467361772
2014-07-07,2014-07-07,191.0,195.5,188.800003,189.699997,251522.0,170.36231999999995,0.004226076347041641
2014-07-08,2014-07-08,187.300003,193.0,183.0,184.300003,145646.0,165.512787,-0.02887900851014713
2014-07-09,2014-07-09,185.25,185.25,178.199997,181.5,83710.0,162.99823,-0.01530911282027869
2014-07-10,2014-07-10,181.300003,182.699997,172.699997,180.75,190857.0,162.324677,-0.004140833294735025
2014-07-15,2014-07-15,173.899994,179.949997,170.300003,177.550003,133251.0,159.450882,-0.01786258360201476
2014-07-16,2014-07-16,179.949997,180.399994,175.199997,176.550003,69348.0,158.552841,-0.005648005493875452
2014-07-17,2014-07-17,176.550003,180.050003,176.100006,179.600006,71585.0,161.291916,0.017127946620818513
2014-07-21,2014-07-21,187.899994,188.699997,182.149994,182.550003,165918.0,163.941193,0.01629191816869469
2014-07-22,2014-07-22,181.0,184.699997,178.199997,178.75,104050.0,160.528564,-0.021035888668141208
2014-07-23,2014-07-23,180.399994,186.0,173.050003,173.949997,797978.0,156.217834,-0.027220490558907073
2014-07-24,2014-07-24,174.75,175.5,171.5,174.100006,175307.0,156.352554,0.0008620138920019116
2014-07-25,2014-07-25,173.050003,176.699997,172.050003,175.0,281499.0,157.16081200000005,0.005156142470057468
2014-07-30,2014-07-30,173.0,176.699997,173.0,175.0,874614.0,157.16081200000005,0.0
2014-08-01,2014-08-01,170.949997,175.350006,169.149994,174.149994,272528.0,156.39746100000005,-0.004868967421905346
2014-08-04,2014-08-04,172.5,177.100006,172.399994,175.0,73361.0,157.16081200000005,0.004868967421905346
2014-08-11,2014-08-11,178.0,179.949997,166.199997,175.949997,683572.0,158.01396200000005,0.005413834825435338
2014-08-13,2014-08-13,177.050003,179.75,173.949997,176.0,104932.0,158.058884,0.0002842509305747143
2014-08-19,2014-08-19,177.600006,202.0,177.600006,194.25,2410464.0,174.448502,0.09866193346623132
2014-08-22,2014-08-22,188.550003,197.199997,187.5,192.0,701287.0,172.427872,-0.011650564912276451
2014-09-02,2014-09-02,195.050003,195.399994,190.0,191.100006,119517.0,171.619629,-0.004698447072033929
2014-09-15,2014-09-15,198.399994,199.5,191.050003,192.25,173147.0,172.65235900000005,0.00599951859975878
2014-09-17,2014-09-17,191.0,200.699997,177.149994,196.399994,471895.0,176.37931799999996,0.02135680457732381
2014-09-19,2014-09-19,195.199997,205.0,195.0,203.350006,1187677.0,182.620865,0.034775335987507816
2014-09-22,2014-09-22,198.0,206.449997,196.649994,203.800003,445893.0,183.024979,0.0022104130057565285
2014-09-29,2014-09-29,191.75,207.399994,191.75,202.949997,475414.0,182.261658,-0.0041793048731255675
2014-09-30,2014-09-30,204.850006,207.449997,196.300003,204.399994,297123.0,183.563843,0.007119189320083486
2014-10-15,2014-10-15,188.550003,188.550003,188.550003,188.550003,0.0,169.329575,-0.08071556145906111
2014-10-16,2014-10-16,187.0,192.449997,187.0,188.199997,57817.0,169.015244,-0.0018580517435493606
2014-10-17,2014-10-17,186.300003,191.350006,186.300003,187.949997,33902.0,168.79071000000005,-0.0013293669363010352
2014-10-20,2014-10-20,190.550003,191.399994,187.699997,188.75,48642.0,169.509171,0.004247486449185267
2014-10-21,2014-10-21,189.050003,190.100006,185.550003,186.25,105559.0,167.264023,-0.013333491513831676
2014-10-22,2014-10-22,186.25,188.0,182.149994,182.899994,138529.0,167.86055,0.003560035151611629
2014-10-27,2014-10-27,184.100006,186.5,182.199997,183.600006,89658.0,168.503006,0.0038200142066138203
2014-10-28,2014-10-28,182.25,189.449997,182.25,186.75,306904.0,171.39399699999996,0.01701139281722419
2014-10-29,2014-10-29,185.75,188.300003,185.100006,186.75,119915.0,171.39399699999996,0.0
2014-10-30,2014-10-30,188.0,189.699997,186.350006,189.0,127749.0,173.458969,0.011976099292094313
2014-10-31,2014-10-31,190.0,198.5,188.300003,197.300003,183617.0,181.076508,0.042978556582359495
2014-11-03,2014-11-03,197.5,202.0,194.949997,198.350006,178134.0,182.040146,0.005307607082073672
2014-11-05,2014-11-05,201.0,201.0,187.100006,197.100006,1074693.0,180.892929,-0.006321941426219446
2014-11-07,2014-11-07,192.100006,197.5,189.550003,194.949997,458690.0,178.919724,-0.01096806776884218
2014-11-10,2014-11-10,194.949997,196.949997,194.300003,195.5,181384.0,179.4245,0.0028172706579905338
2014-11-11,2014-11-11,192.199997,198.0,190.100006,195.800003,379276.0,179.69984399999996,0.0015334190430316141
2014-11-17,2014-11-17,195.0,195.75,192.699997,193.050003,100731.0,177.175964,-0.014144540045880838
2014-11-18,2014-11-18,193.050003,195.0,192.050003,192.899994,108827.0,177.0383,-0.0007772922827928852
2014-11-21,2014-11-21,189.050003,192.5,188.550003,189.949997,114608.0,174.330841,-0.015411214419433604
2014-11-27,2014-11-27,187.300003,189.449997,187.100006,188.399994,161214.0,172.908325,-0.008193338178196008
2014-11-28,2014-11-28,195.100006,196.550003,192.0,195.75,526775.0,179.653931,0.03827085400694852
2014-12-02,2014-12-02,194.5,195.300003,191.300003,193.050003,551797.0,177.175964,-0.01388900912652602
2014-12-03,2014-12-03,194.0,196.899994,190.399994,192.199997,58599.0,176.395828,-0.004412893130377071
2014-12-04,2014-12-04,192.5,195.800003,192.5,195.100006,58285.0,179.057404,0.01497595466790447
2014-12-10,2014-12-10,194.0,200.449997,193.0,195.75,140921.0,179.653931,0.0033259475889986234
2014-12-12,2014-12-12,194.5,196.0,192.0,193.550003,24158.0,177.634842,-0.011302401007013074
2014-12-15,2014-12-15,188.050003,196.899994,188.0,195.050003,91660.0,179.011505,0.007720083769057418
2014-12-16,2014-12-16,193.100006,196.899994,191.199997,195.350006,140553.0,179.286835,0.0015368759687461875
2014-12-18,2014-12-18,190.0,193.800003,187.0,188.199997,103678.0,172.724762,-0.03728759702600737
2015-01-01,2015-01-01,196.0,216.699997,195.0,214.399994,1116007.0,196.770401,0.13033821542291868
2015-01-02,2015-01-02,216.5,216.5,201.399994,203.449997,466297.0,186.720779,-0.052423231332138436
2015-01-05,2015-01-05,204.0,205.5,196.550003,198.449997,396192.0,182.131912,-0.02488312480053612
2015-01-06,2015-01-06,193.850006,197.699997,193.0,195.949997,201169.0,179.837494,-0.01267758375158845
2015-01-07,2015-01-07,195.899994,197.449997,192.0,195.600006,142198.0,179.51629599999995,-0.001787642676799095
2015-01-08,2015-01-08,197.0,198.949997,195.0,196.550003,857536.0,180.388168,0.0048450285715171395
2015-01-09,2015-01-09,201.050003,205.0,195.0,196.300003,472822.0,180.158722,-0.0012727666627441179
2015-01-12,2015-01-12,196.5,197.5,195.350006,196.149994,138238.0,180.021057,-0.0007644238501445244
2015-01-13,2015-01-13,195.350006,197.5,195.0,196.050003,551075.0,179.929276,-0.000509964812223096
2015-01-14,2015-01-14,196.199997,198.5,190.550003,192.449997,193648.0,176.62528999999995,-0.01853337966928681
2015-01-15,2015-01-15,196.0,200.600006,190.550003,198.850006,3778423.0,182.499023,0.032714336683541845
2015-01-16,2015-01-16,199.949997,202.399994,196.199997,197.449997,352406.0,181.214157,-0.0070652998875289095
2015-01-19,2015-01-19,198.0,217.449997,196.550003,207.100006,1604458.0,190.070663,0.04771639384919446
2015-01-20,2015-01-20,206.0,219.399994,202.399994,216.850006,1835301.0,199.018936,0.04600406243113842
2015-01-21,2015-01-21,218.300003,234.5,217.5,232.5,2170525.0,213.38208,0.06968438560709611
2015-01-22,2015-01-22,234.600006,234.899994,217.550003,228.5,2424387.0,209.710983,-0.017354050225924844
2015-01-23,2015-01-23,226.0,227.100006,212.050003,222.850006,1550258.0,204.525589,-0.025037214118379225
2015-01-27,2015-01-27,222.0,226.850006,215.350006,221.949997,446407.0,203.699585,-0.00404681131823903
2015-01-28,2015-01-28,221.0,224.899994,210.0,221.600006,898328.0,203.378357,-0.0015782140643487708
2015-01-29,2015-01-29,221.100006,224.0,216.649994,219.699997,723703.0,201.634583,-0.00861100771238288
2015-01-30,2015-01-30,219.699997,220.449997,210.25,211.149994,131113.0,193.787628,-0.03969420573460258
2015-02-02,2015-02-02,211.0,219.449997,208.699997,215.050003,591712.0,197.366959,0.018301873627663667
2015-02-03,2015-02-03,215.050003,216.800003,206.25,208.100006,211112.0,190.988434,-0.03285186079796354
2015-02-04,2015-02-04,210.75,212.0,206.699997,209.75,770070.0,192.502747,0.007897552516610062
2015-02-05,2015-02-05,210.5,219.5,210.0,214.300003,237728.0,196.678619,0.02146059720533522
2015-02-06,2015-02-06,216.0,216.800003,212.649994,213.699997,183456.0,196.12796,-0.002803717606368217
2015-02-09,2015-02-09,207.050003,218.0,207.050003,214.350006,566965.0,196.724518,0.0030370609424599238
2015-02-10,2015-02-10,218.0,220.100006,211.449997,214.550003,325337.0,196.908066,0.0009325854655513056
2015-02-11,2015-02-11,214.5,215.699997,207.5,207.850006,230052.0,190.758987,-0.03172616668454342
2015-02-12,2015-02-12,208.199997,210.899994,203.699997,208.5,294480.0,191.35553,0.0031223282973993354
2015-02-13,2015-02-13,210.050003,212.800003,208.699997,210.649994,391528.0,193.328735,0.010258918731016031
2015-02-16,2015-02-16,210.0,214.800003,210.0,212.949997,181940.0,195.439606,0.010859380876731885
2015-02-18,2015-02-18,214.0,218.850006,211.100006,217.350006,322967.0,199.477814,0.020451611142323856
2015-02-19,2015-02-19,218.0,221.199997,215.199997,218.699997,300914.0,200.716812,0.0061919969843948755
2015-02-20,2015-02-20,219.850006,220.5,217.5,219.699997,136538.0,201.634583,0.004562045033991603
2015-02-23,2015-02-23,222.0,222.0,216.649994,219.699997,497314.0,201.634583,0.0
2015-02-24,2015-02-24,218.550003,220.5,215.699997,218.350006,103727.0,200.395599,-0.00616365625246651
2015-02-25,2015-02-25,218.350006,219.800003,215.149994,215.949997,268526.0,198.192932,-0.011052447580233604
2015-02-26,2015-02-26,215.300003,224.149994,213.300003,218.100006,467624.0,200.166168,0.009906901280055893
2015-02-27,2015-02-27,219.699997,223.899994,212.050003,219.899994,800998.0,201.81813,0.008219083719624544
2015-03-02,2015-03-02,238.149994,240.25,219.0,220.5,1193700.0,202.36882,0.0027249288516140173
2015-03-03,2015-03-03,221.699997,223.25,219.100006,220.5,290386.0,202.36882,0.0
2015-03-04,2015-03-04,223.199997,228.0,218.25,220.0,632267.0,201.909912,-0.0022702564383401125
2015-03-05,2015-03-05,220.0,221.050003,216.0,219.050003,714904.0,201.038025,-0.004327548452994989
2015-03-09,2015-03-09,216.399994,223.600006,216.0,217.399994,203933.0,199.523697,-0.007561058040655766
2015-03-10,2015-03-10,218.0,219.5,209.050003,212.550003,115944.0,195.072525,-0.022561598736361432
2015-03-11,2015-03-11,214.199997,216.75,212.100006,213.5,59173.0,195.944412,0.004459594265634692
2015-03-12,2015-03-12,213.25,215.649994,211.5,213.699997,58487.0,196.12796,0.0009362965947978806
2015-03-13,2015-03-13,213.050003,217.050003,209.850006,211.050003,54435.0,193.695877,-0.012478018661478352
2015-03-16,2015-03-16,210.350006,210.350006,200.100006,204.600006,149025.0,187.776245,-0.031038216867689705
2015-03-17,2015-03-17,210.0,210.399994,202.100006,205.100006,64293.0,188.235107,0.0024406828429173193
2015-03-18,2015-03-18,206.0,206.199997,202.050003,202.550003,75018.0,185.894775,-0.012510962845080796
2015-03-19,2015-03-19,205.350006,205.350006,193.25,195.600006,112105.0,179.51629599999995,-0.03491479850062884
2015-03-20,2015-03-20,198.850006,201.399994,193.699997,195.699997,120255.0,179.608047,0.0005109706639760958
2015-03-23,2015-03-23,196.0,199.100006,190.699997,194.399994,131280.0,178.414917,-0.006665127865692178
2015-03-24,2015-03-24,193.149994,198.0,190.0,194.449997,62584.0,178.460831,0.0002573108456411788
2015-03-25,2015-03-25,195.300003,201.5,194.199997,195.050003,85301.0,179.011505,0.0030809345514795088
2015-03-26,2015-03-26,194.5,198.449997,194.0,195.600006,132453.0,179.51629599999995,0.0028159118045953946
2015-03-27,2015-03-27,195.600006,198.149994,194.300003,197.399994,72593.0,181.168259,0.00916021786005672
2015-03-30,2015-03-30,197.399994,208.199997,197.399994,205.649994,121001.0,188.739883,0.040943579509647776
2015-03-31,2015-03-31,206.0,213.699997,202.300003,207.050003,567537.0,190.02478,0.006784698016428337
2015-04-01,2015-04-01,202.350006,208.75,202.350006,204.399994,34399.0,187.592667,-0.012881537387022137
2015-04-06,2015-04-06,204.899994,205.199997,201.100006,201.600006,30769.0,185.022903,-0.0137933299062718
2015-04-07,2015-04-07,204.050003,205.399994,202.25,204.149994,43475.0,187.363235,0.012569548510058759
2015-04-08,2015-04-08,205.75,209.449997,202.0,202.300003,63383.0,185.665359,-0.00910325777939569
2015-04-09,2015-04-09,203.75,205.0,198.600006,199.25,70662.0,182.86615,-0.01519144368867664
2015-04-10,2015-04-10,199.850006,203.399994,199.199997,203.149994,36999.0,186.44545,0.01938423854405169
2015-04-13,2015-04-13,203.300003,206.350006,194.100006,199.550003,281469.0,183.141495,-0.017879652201636453
2015-04-15,2015-04-15,199.350006,203.800003,190.0,191.649994,334933.0,175.891068,-0.04039417919753596
2015-04-16,2015-04-16,193.0,195.600006,189.050003,192.600006,146758.0,176.762985,0.004944895822167617
2015-04-17,2015-04-17,193.0,194.0,187.5,189.75,95604.0,174.147308,-0.014908228670794443
2015-04-20,2015-04-20,191.0,191.550003,189.0,189.800003,38190.0,174.19319199999995,0.0002634433852239937
2015-04-21,2015-04-21,190.0,194.0,188.0,191.550003,92741.0,175.799301,0.009178026994757005
2015-04-22,2015-04-22,191.850006,193.350006,189.300003,190.949997,373204.0,175.248627,-0.0031373177720590557
2015-04-23,2015-04-23,191.100006,192.75,188.699997,189.300003,46687.0,173.734299,-0.008678576467826995
2015-04-24,2015-04-24,189.5,190.949997,185.550003,187.199997,78600.0,171.80699199999995,-0.011155407685464523
2015-04-27,2015-04-27,186.0,187.949997,178.199997,184.399994,82754.0,169.23722800000004,-0.015070260597473071
2015-04-28,2015-04-28,184.199997,186.0,181.5,183.550003,132083.0,168.457123,-0.0046201921079083155
2015-04-29,2015-04-29,184.5,185.0,181.25,184.0,33927.0,168.870132,0.0024487153068850627
2015-04-30,2015-04-30,184.0,184.800003,181.600006,183.5,31866.0,168.41124,-0.002721124386058093
2015-05-04,2015-05-04,185.0,188.699997,183.600006,184.899994,206078.0,169.696106,0.007600380176898901
2015-05-05,2015-05-05,185.5,186.899994,183.0,184.300003,147301.0,169.145432,-0.0032503363552089932
2015-05-06,2015-05-06,190.0,191.5,175.199997,177.300003,577798.0,162.721054,-0.038721479582005884
2015-05-07,2015-05-07,179.0,179.0,172.550003,173.600006,284029.0,159.325287,-0.021089467115557703
2015-05-08,2015-05-08,174.850006,180.0,174.5,178.300003,957253.0,163.638824,0.026713763980230176
2015-05-11,2015-05-11,177.899994,188.0,177.899994,186.75,353803.0,171.39399699999996,0.046303275684716816
2015-05-12,2015-05-12,188.149994,188.149994,182.5,185.949997,570406.0,170.65976,-0.004293115410609616
2015-05-13,2015-05-13,184.600006,194.899994,184.399994,191.600006,257583.0,175.8452,0.02993219575403216
2015-05-14,2015-05-14,193.75,193.75,186.25,191.199997,162940.0,175.478073,-0.0020899676272412293
2015-05-15,2015-05-15,190.699997,192.75,188.75,190.949997,160351.0,175.248627,-0.0013084035674086893
2015-05-18,2015-05-18,192.0,192.0,188.100006,190.899994,146653.0,175.202744,-0.00026185088179975224
2015-05-19,2015-05-19,190.0,192.0,188.100006,191.25,309139.0,175.523972,0.0018317856904959129
2015-05-20,2015-05-20,192.75,194.0,190.050003,192.850006,1367674.0,176.992416,0.008331258027629573
2015-05-21,2015-05-21,193.899994,195.0,191.25,191.899994,158809.0,176.120514,-0.0049383848502460035
2015-05-22,2015-05-22,192.699997,192.699997,189.899994,191.050003,351871.0,175.340408,-0.0044392262825230224
2015-05-25,2015-05-25,192.399994,192.399994,187.699997,188.800003,37204.0,173.275421,-0.011846915600528972
2015-05-26,2015-05-26,191.5,191.5,185.149994,185.75,37512.0,170.47624199999996,-0.016286413559011947
2015-05-27,2015-05-27,188.0,190.0,184.5,188.199997,42624.0,172.724762,0.013103412555127923
2015-05-28,2015-05-28,188.050003,190.25,183.399994,187.800003,73588.0,172.35763500000004,-0.0021277650885815898
2015-05-29,2015-05-29,187.550003,204.0,184.100006,195.050003,888118.0,179.011505,0.03787848614584277
2015-06-01,2015-06-01,195.0,197.100006,189.050003,189.699997,94171.0,174.10141000000004,-0.027812131983157684
2015-06-02,2015-06-02,189.100006,189.199997,183.0,185.800003,197622.0,170.52211,-0.020772979799608567
2015-06-03,2015-06-03,188.699997,189.949997,181.449997,188.0,176984.0,172.541199,0.011771077001999863
2015-06-04,2015-06-04,186.0,190.050003,185.350006,189.600006,376920.0,174.00964399999995,0.008474680228424347
2015-06-05,2015-06-05,188.0,190.5,186.550003,188.25,178641.0,172.770645,-0.007145759499209703
2015-06-08,2015-06-08,186.399994,190.5,185.0,187.399994,48973.0,171.99053999999995,-0.004525488165853631
2015-06-09,2015-06-09,189.850006,189.949997,182.649994,185.449997,244834.0,170.200882,-0.010460077036390736
2015-06-10,2015-06-10,189.300003,191.0,185.75,189.0,46388.0,173.458969,0.0189616832407129
2015-06-11,2015-06-11,187.600006,190.699997,184.5,185.199997,36256.0,169.971436,-0.020310682101904117
2015-06-12,2015-06-12,185.0,187.25,182.850006,186.0,77128.0,170.705673,0.0043104635882604825
2015-06-15,2015-06-15,188.949997,188.949997,186.0,186.949997,28985.0,171.57753,0.005094371432420529
2015-06-16,2015-06-16,186.050003,189.350006,185.0,187.0,31161.0,171.623413,0.0002673827167969378
2015-06-17,2015-06-17,188.949997,192.0,183.25,185.75,460714.0,170.47624199999996,-0.006706673234879722
2015-06-18,2015-06-18,186.300003,188.899994,186.0,187.0,610794.0,171.623413,0.006706673234879722
2015-06-19,2015-06-19,187.600006,189.0,186.050003,186.949997,217853.0,171.57753,-0.0002673827167969378
2015-06-22,2015-06-22,190.0,190.0,186.050003,187.949997,479382.0,172.4953,0.005334755299417182
2015-06-23,2015-06-23,189.699997,190.0,187.149994,189.0,936646.0,173.458969,0.005571091781805926
2015-06-24,2015-06-24,189.949997,190.75,183.75,185.199997,962178.0,169.971436,-0.020310682101904117
2015-06-25,2015-06-25,186.399994,186.75,183.149994,183.550003,535261.0,168.457123,-0.008949144900090467
2015-06-26,2015-06-26,183.550003,185.699997,182.649994,183.399994,32703.0,168.319458,-0.000817545016098542
2015-06-29,2015-06-29,173.5,189.75,173.5,189.0,276904.0,173.458969,0.030077372018093133
2015-06-30,2015-06-30,188.0,205.899994,187.100006,202.050003,398427.0,185.435898,0.06676817747918129
2015-07-01,2015-07-01,203.649994,203.649994,196.050003,199.449997,132736.0,183.049683,-0.012951651186932091
2015-07-02,2015-07-02,203.899994,206.0,198.300003,203.5,312330.0,186.766678,0.02010251878743574
2015-07-03,2015-07-03,203.399994,209.0,198.5,208.300003,233337.0,191.171982,0.02331332563780109
2015-07-06,2015-07-06,208.949997,220.600006,205.050003,217.649994,272291.0,199.753128,0.043908791875536764
2015-07-07,2015-07-07,218.0,219.699997,208.0,208.550003,91672.0,191.401428,-0.042709304292173116
2015-07-08,2015-07-08,205.0,209.350006,202.399994,204.149994,43169.0,187.363235,-0.0213237738802734
2015-07-09,2015-07-09,205.699997,207.0,195.100006,198.899994,43399.0,182.544907,-0.026052957419037348
2015-07-10,2015-07-10,204.699997,205.5,200.600006,203.350006,23614.0,186.629013,0.022126550135475043
2015-07-13,2015-07-13,203.75,206.0,200.600006,204.050003,30008.0,187.271439,0.003436351193147225
2015-07-14,2015-07-14,203.899994,203.899994,199.25,200.699997,66942.0,184.196899,-0.016553821117882173
2015-07-15,2015-07-15,202.0,236.800003,201.699997,212.649994,963217.0,195.164276,0.057836356217618075
2015-07-16,2015-07-16,213.550003,213.949997,204.550003,209.399994,340759.0,192.181549,-0.01540115196653691
2015-07-17,2015-07-17,212.399994,215.0,207.149994,213.699997,176033.0,196.12796,0.02032681038627881
2015-07-20,2015-07-20,211.5,211.699997,207.5,208.350006,72775.0,191.21788,-0.02535379246542835
2015-07-21,2015-07-21,207.0,210.300003,202.050003,202.899994,67498.0,186.216003,-0.02650620451934937
2015-07-22,2015-07-22,204.699997,207.949997,200.0,201.850006,115800.0,185.252365,-0.005188275743662096
2015-07-23,2015-07-23,207.899994,212.399994,195.5,199.300003,447227.0,182.912033,-0.012713687344461988
2015-07-24,2015-07-24,202.0,205.0,195.0,198.850006,198449.0,182.499023,-0.002260523698398132
2015-07-27,2015-07-27,198.949997,200.0,190.199997,194.0,97421.0,178.047821,-0.02469264807001359
2015-07-28,2015-07-28,195.0,199.899994,190.050003,191.050003,93356.0,175.340408,-0.015322898448090427
2015-07-29,2015-07-29,193.0,194.0,190.949997,192.699997,407149.0,176.85472099999996,0.008599337168945453
2015-07-30,2015-07-30,194.699997,195.75,192.25,193.649994,39680.0,177.726608,0.004917849226248272
2015-07-31,2015-07-31,193.899994,199.75,192.5,198.25,91779.0,181.94838,0.023476561012953926
2015-08-03,2015-08-03,198.0,198.0,193.5,194.699997,70802.0,178.69026200000005,-0.018069093357682142
2015-08-04,2015-08-04,194.699997,195.199997,191.550003,192.300003,83782.0,176.48761000000005,-0.012403251506867718
2015-08-05,2015-08-05,192.5,201.0,190.300003,193.649994,319769.0,177.726608,0.006995783851595938
2015-08-06,2015-08-06,195.5,195.5,190.350006,190.699997,101107.0,175.01918,-0.01535089154277536
2015-08-07,2015-08-07,190.699997,191.199997,185.649994,187.449997,88539.0,172.03642299999996,-0.017189351894842275
2015-08-10,2015-08-10,187.949997,190.800003,181.0,183.350006,88681.0,168.27356,-0.022115227583757502
2015-08-11,2015-08-11,184.0,186.399994,178.0,179.350006,76649.0,164.602478,-0.022057645631616832
2015-08-12,2015-08-12,180.0,182.5,175.0,177.350006,101690.0,162.766953,-0.011213901245250568
2015-08-13,2015-08-13,179.300003,180.649994,170.0,172.550003,137369.0,158.361633,-0.02743820743018244
2015-08-14,2015-08-14,174.5,177.699997,170.0,176.300003,324367.0,161.803268,0.021499968063226405
2015-08-17,2015-08-17,177.5,180.0,174.0,178.550003,49557.0,163.86824,0.01268148808409908
2015-08-18,2015-08-18,181.800003,181.800003,178.399994,181.0,38944.0,166.116806,0.01362850123338877
2015-08-19,2015-08-19,183.5,183.5,178.800003,180.800003,42008.0,165.933243,-0.0011056346430438069
2015-08-20,2015-08-20,180.0,182.100006,178.0,179.600006,54332.0,164.831924,-0.0066592445623445675
2015-08-21,2015-08-21,178.0,179.649994,172.0,175.100006,203364.0,160.70195,-0.025374905225755917
2015-08-24,2015-08-24,172.300003,174.899994,155.0,162.100006,153392.0,148.770905,-0.07714383471544206
2015-08-25,2015-08-25,165.25,170.0,162.350006,165.199997,104507.0,151.615997,0.01894341638313879
2015-08-26,2015-08-26,165.199997,174.0,158.050003,165.899994,70519.0,152.258423,0.004228239791345345
2015-08-27,2015-08-27,169.449997,173.0,165.0,169.600006,44214.0,155.65420500000005,0.022057683722306543
2015-08-28,2015-08-28,172.949997,173.850006,151.0,162.100006,381016.0,148.770905,-0.045229339896790684
2015-08-31,2015-08-31,165.699997,179.899994,162.0,172.5,204754.0,158.31575,0.062183884201800765
2015-09-01,2015-09-01,169.0,175.0,167.050003,173.300003,69703.0,159.049957,0.004626891271730216
2015-09-02,2015-09-02,173.300003,175.5,165.199997,168.75,40133.0,154.874084,-0.02660592235520109
2015-09-03,2015-09-03,169.050003,171.300003,166.550003,168.25,25758.0,154.415207,-0.002967301811276357
2015-09-04,2015-09-04,169.0,169.199997,160.199997,164.699997,39798.0,151.15708899999996,-0.021325503117692438
2015-09-07,2015-09-07,167.899994,167.899994,161.0,165.149994,61724.0,151.570099,0.002728597051194548
2015-09-08,2015-09-08,164.649994,167.699997,161.25,165.100006,152079.0,151.524231,-0.00030266485255658887
2015-09-09,2015-09-09,175.0,175.0,158.149994,165.850006,617294.0,152.212555,0.004532379415656429
2015-09-10,2015-09-10,162.300003,164.449997,159.5,162.300003,258889.0,148.954453,-0.021637357519355586
2015-09-11,2015-09-11,161.800003,166.300003,161.199997,162.550003,515910.0,149.183899,0.0015391917461089475
2015-09-14,2015-09-14,161.5,164.899994,161.0,161.649994,79951.0,148.35788,-0.00555230344338753
2015-09-15,2015-09-15,161.550003,163.899994,158.399994,159.100006,159116.0,146.017593,-0.015900348504578332
2015-09-16,2015-09-16,161.449997,161.449997,158.050003,158.850006,39127.0,145.788147,-0.0015725944752560395
2015-09-18,2015-09-18,159.600006,160.0,152.550003,154.449997,842330.0,141.74993899999996,-0.028090007700866337
2015-09-21,2015-09-21,153.899994,160.0,152.199997,159.050003,582051.0,145.97171,0.029348323537102594
2015-09-22,2015-09-22,158.899994,161.0,153.25,155.649994,97070.0,144.670456,-0.008954397172137085
2015-09-23,2015-09-23,154.0,161.0,153.550003,159.699997,78968.0,148.434753,0.025687049314819355
2015-09-24,2015-09-24,161.0,161.050003,158.199997,158.5,15832.0,147.319412,-0.007542387694988939
2015-09-28,2015-09-28,159.300003,160.0,153.600006,155.649994,33190.0,144.670456,-0.018144661619830416
2015-09-29,2015-09-29,155.0,163.199997,154.050003,162.0,150381.0,150.57251000000005,0.03998632354575271
2015-09-30,2015-09-30,163.199997,168.0,160.199997,164.199997,197287.0,152.617325,0.013488882332775455
2015-10-01,2015-10-01,164.199997,165.0,160.699997,162.0,83397.0,150.57251000000005,-0.013488882332775455
2015-10-05,2015-10-05,163.0,164.949997,161.199997,163.25,86945.0,151.734344,0.007686492746874052
2015-10-06,2015-10-06,164.0,166.0,162.399994,163.800003,80430.0,152.24556,0.003363488672929904
2015-10-07,2015-10-07,168.5,178.600006,168.5,173.899994,616185.0,161.633102,0.059834220616045826
2015-10-08,2015-10-08,174.0,183.0,171.050003,180.399994,1607436.0,167.674576,0.03669608906200672
2015-10-09,2015-10-09,182.899994,183.0,176.5,182.25,310950.0,169.39408899999995,0.010202834585284927
2015-10-12,2015-10-12,182.0,188.449997,180.050003,185.050003,703424.0,171.996567,0.015246629445406334
2015-10-13,2015-10-13,183.0,185.350006,180.050003,180.699997,272152.0,167.95341499999995,-0.02378786802778876
2015-10-14,2015-10-14,180.0,181.800003,177.5,180.850006,104519.0,168.092834,0.0008297608344927099
2015-10-15,2015-10-15,180.850006,183.0,180.300003,181.600006,54199.0,168.789932,0.00413852571464446
2015-10-16,2015-10-16,181.300003,184.350006,181.300003,183.800003,44927.0,170.834747,0.01204176159887993
2015-10-19,2015-10-19,180.550003,182.850006,180.550003,181.850006,63824.0,169.022308,-0.010665991220326632
2015-10-20,2015-10-20,182.0,188.5,180.149994,187.399994,136323.0,174.180801,0.03006313973318875
2015-10-21,2015-10-21,186.100006,190.0,183.050003,189.25,128163.0,175.900299,0.00982350562648815
2015-10-23,2015-10-23,185.300003,190.0,182.600006,186.050003,56629.0,172.926041,-0.01705335715214229
2015-10-26,2015-10-26,186.0,187.5,182.0,183.5,105785.0,170.555923,-0.013800757339223145
2015-10-27,2015-10-27,183.899994,184.699997,180.300003,181.199997,38456.0,168.418152,-0.012613350107082866
2015-10-28,2015-10-28,180.800003,182.949997,177.050003,181.300003,77358.0,168.511124,0.0005518784444227265
2015-10-29,2015-10-29,181.300003,184.350006,179.100006,180.550003,90161.0,167.81401100000005,-0.0041454766580093505
2015-10-30,2015-10-30,183.5,186.0,175.100006,180.350006,161921.0,167.62811299999996,-0.0011083761145709305
2015-11-02,2015-11-02,185.0,185.0,179.050003,182.699997,86427.0,169.812347,0.01294607354750621
2015-11-03,2015-11-03,181.050003,186.0,180.0,183.25,1052249.0,170.323547,0.0030058596808908433
2015-11-04,2015-11-04,185.0,186.899994,181.550003,185.25,65944.0,172.18246499999995,0.010854911667077971
2015-11-05,2015-11-05,180.100006,185.0,180.0,182.0,83067.0,172.89494299999996,0.004129386600823182
2015-11-06,2015-11-06,181.0,182.399994,177.0,177.550003,39620.0,168.667572,-0.0247543959473262
2015-11-09,2015-11-09,176.0,182.449997,175.0,180.75,54312.0,171.707474,0.017862548173934734
2015-11-10,2015-11-10,180.149994,181.5,175.5,178.850006,511282.0,169.90254199999995,-0.010567306059655834
2015-11-13,2015-11-13,178.550003,183.0,177.100006,181.5,92482.0,172.419952,0.01470809208360091
2015-11-16,2015-11-16,180.0,183.0,178.300003,181.600006,56714.0,172.514969,0.0005509271263566262
2015-11-17,2015-11-17,181.600006,182.0,178.5,179.5,49386.0,170.52002,-0.011631300332822114
2015-11-18,2015-11-18,181.199997,181.199997,176.0,178.949997,48202.0,169.99752800000005,-0.0030688134172294212
2015-11-19,2015-11-19,179.699997,180.899994,177.149994,178.600006,44961.0,169.66503899999995,-0.001957761251906831
2015-11-20,2015-11-20,180.449997,182.5,176.300003,180.050003,1363336.0,171.04251100000005,0.008085993429239656
2015-11-23,2015-11-23,179.949997,180.100006,177.550003,178.199997,35815.0,169.285049,-0.010328153397010986
2015-11-24,2015-11-24,177.199997,180.199997,175.0,178.949997,1016301.0,169.99752800000005,0.00419992121967816
2015-11-26,2015-11-26,181.199997,183.5,178.199997,181.899994,114486.0,172.799957,0.01635071175926406
2015-11-27,2015-11-27,182.399994,182.5,178.550003,178.899994,1097140.0,169.950027,-0.01663017251496335
2015-11-30,2015-11-30,179.050003,182.300003,177.199997,180.899994,2734775.0,171.84996,0.011117335522318859
2015-12-01,2015-12-01,181.0,190.350006,180.25,186.0,1472020.0,176.694839,0.027802400667749083
2015-12-02,2015-12-02,185.5,195.0,185.5,193.899994,1143969.0,184.199615,0.041595862497150186
2015-12-03,2015-12-03,194.949997,198.0,192.050003,195.75,359038.0,185.957062,0.009495763901410824
2015-12-04,2015-12-04,192.0,199.449997,190.050003,195.600006,165364.0,185.814575,-0.0007665297338261823
2015-12-07,2015-12-07,196.0,198.350006,187.050003,190.0,181647.0,180.49472,-0.029047742599648707
2015-12-08,2015-12-08,188.0,189.0,186.050003,186.149994,50599.0,176.837326,-0.020471277437149386
2015-12-09,2015-12-09,186.949997,189.5,182.800003,183.850006,48596.0,174.65240500000004,-0.012432506274404176
2015-12-10,2015-12-10,183.0,185.550003,180.600006,184.149994,80127.0,174.937393,0.0016304140724994198
2015-12-11,2015-12-11,182.149994,190.0,172.0,180.75,2079573.0,171.707474,-0.01863585926065081
2015-12-14,2015-12-14,184.5,184.649994,180.0,180.75,65513.0,171.707474,0.0
2015-12-15,2015-12-15,181.0,183.800003,180.300003,181.350006,42877.0,172.277481,0.003314142164876799
2015-12-16,2015-12-16,183.050003,184.300003,180.0,182.149994,44638.0,173.03743,0.004401490944488272
2015-12-17,2015-12-17,182.649994,184.699997,180.5,182.550003,214268.0,173.417435,0.0021936776808662017
2015-12-18,2015-12-18,181.0,184.0,179.149994,180.649994,142339.0,171.612473,-0.010462736265534291
2015-12-21,2015-12-21,180.300003,182.199997,179.100006,179.300003,186651.0,170.330017,-0.007501039213774874
2015-12-22,2015-12-22,180.100006,183.100006,179.0,179.5,74554.0,170.52002,0.0011148775065574767
2015-12-23,2015-12-23,180.100006,182.699997,177.899994,180.0,246208.0,170.99501,0.002781665605031236
2015-12-24,2015-12-24,181.449997,181.75,178.0,178.350006,155830.0,169.427551,-0.009208967071706377
2015-12-28,2015-12-28,178.0,179.800003,178.0,178.850006,118754.0,169.90254199999995,0.002799582589539717
2015-12-29,2015-12-29,180.449997,180.449997,176.199997,177.100006,148065.0,168.240082,-0.009832971514882159
2015-12-30,2015-12-30,179.850006,180.0,175.25,178.800003,216444.0,169.85505700000004,0.009553448699504584
2015-12-31,2015-12-31,178.100006,182.0,177.449997,179.649994,178428.0,170.662506,0.004742489675193973
2016-01-01,2016-01-01,180.300003,180.300003,177.699997,178.75,26726.0,169.807556,-0.005022184869728719
2016-01-04,2016-01-04,178.100006,179.699997,177.0,178.350006,69265.0,169.427551,-0.0022403645796273963
2016-01-05,2016-01-05,179.5,179.600006,177.100006,177.449997,264505.0,168.57257099999995,-0.0050590622185451295
2016-01-06,2016-01-06,178.0,178.300003,176.199997,177.199997,66664.0,168.335083,-0.001409810887438745
2016-01-07,2016-01-07,176.300003,179.5,174.5,178.0,803091.0,169.095047,0.0045044305021919575
2016-01-08,2016-01-08,179.0,192.25,177.699997,185.800003,248420.0,176.504852,0.042887400965661904
2016-01-11,2016-01-11,184.0,188.0,182.300003,185.850006,121914.0,176.552353,0.00026908387430601977
2016-01-12,2016-01-12,185.0,190.649994,184.149994,189.899994,200154.0,180.399719,0.021557600022844348
2016-01-13,2016-01-13,188.100006,191.949997,178.100006,180.350006,393672.0,171.327499,-0.05159812629957017
2016-01-14,2016-01-14,178.699997,188.0,177.0,185.0,142113.0,175.74487299999996,0.025456434467699296
2016-01-15,2016-01-15,189.550003,189.550003,181.0,182.949997,178390.0,173.79740900000004,-0.01114305336576571
2016-01-18,2016-01-18,179.0,181.399994,167.850006,177.050003,160987.0,168.19258100000005,-0.032780666418472215
2016-01-19,2016-01-19,172.300003,177.949997,172.300003,176.300003,206358.0,167.480103,-0.004245082211974172
2016-01-20,2016-01-20,175.0,177.850006,169.199997,177.350006,58410.0,168.477585,0.0059381580877886355
2016-01-21,2016-01-21,176.649994,176.75,170.5,172.399994,63542.0,163.77520800000005,-0.028307909585104873
2016-01-22,2016-01-22,175.800003,176.0,171.5,175.050003,121910.0,166.292648,0.015254371309008087
2016-01-25,2016-01-25,174.550003,181.0,174.5,179.899994,50820.0,170.899994,0.027329379052043024
2016-01-27,2016-01-27,180.0,188.5,179.0,187.0,57099.0,177.64480600000005,0.03870752976204095
2016-01-28,2016-01-28,188.899994,191.550003,184.100006,186.5,119563.0,177.169815,-0.002677405358375573
2016-01-29,2016-01-29,190.0,193.0,188.300003,192.300003,146066.0,182.679657,0.030625431297901073
2016-02-01,2016-02-01,193.449997,199.800003,190.25,198.0,90473.0,188.094498,0.029210374765598963
2016-02-02,2016-02-02,198.0,202.0,193.0,194.949997,47852.0,185.197083,-0.015523913932378619
2016-02-03,2016-02-03,192.0,192.949997,182.0,186.600006,83709.0,177.264832,-0.04377573121637735
2016-02-04,2016-02-04,185.0,188.149994,183.699997,185.149994,63750.0,175.88734399999996,-0.0078011411482892265
2016-02-05,2016-02-05,187.899994,187.899994,183.5,183.800003,25843.0,174.604904,-0.007317969116217959
2016-02-08,2016-02-08,184.0,187.949997,183.800003,184.100006,26554.0,174.88990800000005,0.001630948748822192
2016-02-09,2016-02-09,180.300003,192.0,180.300003,189.350006,70187.0,179.877243,0.02811795608444001
2016-02-10,2016-02-10,192.0,192.0,181.050003,186.899994,108629.0,177.549805,-0.013023473794138596
2016-02-11,2016-02-11,186.350006,187.649994,177.199997,182.949997,100952.0,173.79740900000004,-0.021360856326314348
2016-02-12,2016-02-12,183.899994,184.800003,173.600006,181.199997,105214.0,172.134964,-0.009611461243969721
2016-02-15,2016-02-15,182.649994,185.949997,179.5,185.0,220598.0,175.74487299999996,0.02075451460973543
2016-02-16,2016-02-16,186.0,188.0,181.050003,184.800003,34308.0,175.554871,-0.0010817088356693816
2016-02-17,2016-02-17,185.0,190.899994,180.199997,186.300003,58562.0,176.979843,0.008084195422821239
2016-02-18,2016-02-18,186.5,189.75,181.5,187.800003,32324.0,178.40476999999996,0.00801911272370237
2016-02-19,2016-02-19,185.100006,189.350006,183.199997,187.550003,47371.0,178.167297,-0.0013319777800191446
2016-02-22,2016-02-22,187.0,187.850006,185.149994,186.399994,21579.0,177.074814,-0.006150658439843859
2016-02-23,2016-02-23,185.350006,187.100006,182.649994,183.850006,52080.0,174.65240500000004,-0.013774579680793764
2016-02-24,2016-02-24,185.449997,185.449997,178.550003,179.600006,26407.0,170.61502099999996,-0.0233880623087428
2016-02-25,2016-02-25,181.0,181.449997,175.100006,175.800003,87332.0,167.00511200000003,-0.021385256520527918
2016-02-26,2016-02-26,177.949997,180.800003,175.199997,179.399994,40894.0,170.425018,0.020271000140452244
2016-02-29,2016-02-29,178.0,178.899994,170.300003,173.850006,151572.0,165.152679,-0.03142504954520842
2016-03-01,2016-03-01,175.850006,178.100006,173.350006,174.899994,64364.0,166.15013100000004,0.006021409922527532
2016-03-02,2016-03-02,176.550003,178.0,173.25,174.899994,80494.0,166.15013100000004,0.0
2016-03-03,2016-03-03,177.449997,177.5,173.050003,173.399994,98060.0,164.725189,-0.00861321907842072
2016-03-04,2016-03-04,173.649994,177.0,173.149994,176.199997,108837.0,167.385086,0.0160184979251774
2016-03-08,2016-03-08,177.899994,177.899994,174.149994,176.350006,80216.0,167.527603,0.0008510696267007845
2016-03-09,2016-03-09,175.0,177.399994,174.5,176.5,53392.0,167.670105,0.0008502564616881259
2016-03-10,2016-03-10,175.0,178.5,174.899994,177.5,95610.0,168.620071,0.005649695379942976
2016-03-11,2016-03-11,177.149994,178.050003,175.199997,176.949997,54083.0,168.09759499999996,-0.003103350207476652
2016-03-14,2016-03-14,177.899994,178.5,175.149994,177.949997,64827.0,169.04754599999995,0.005635279281187343
2016-03-15,2016-03-15,175.649994,179.800003,175.649994,178.600006,44894.0,169.66503899999995,0.00364612188289204
2016-03-16,2016-03-16,178.449997,179.600006,175.0,176.800003,69535.0,169.857193,0.0011319083253198414
2016-03-17,2016-03-17,175.199997,179.300003,175.199997,177.199997,43438.0,170.241486,0.002259892127086438
2016-03-18,2016-03-18,175.199997,178.5,175.199997,178.0,167612.0,171.01007099999995,0.004504514536708193
2016-03-21,2016-03-21,179.449997,179.449997,177.050003,177.550003,25064.0,170.577744,-0.002531280167826111
2016-03-22,2016-03-22,178.25,178.5,176.199997,177.0,9915.0,170.049332,-0.003102586148355791
2016-03-23,2016-03-23,177.0,178.899994,176.100006,177.949997,145160.0,170.962021,0.005352849230633615
2016-03-28,2016-03-28,178.0,178.350006,173.550003,173.949997,38295.0,167.119095,-0.02273473045654395
2016-03-29,2016-03-29,174.100006,174.5,172.050003,173.100006,26586.0,166.30248999999995,-0.004898342935925726
2016-03-30,2016-03-30,173.850006,176.5,172.800003,175.199997,84465.0,168.320023,0.012058707166564986
2016-03-31,2016-03-31,175.5,179.899994,175.5,178.75,64723.0,171.730621,0.020060025937027604
2016-04-01,2016-04-01,178.699997,181.5,176.899994,180.25,73486.0,173.171707,0.00835653615022025
2016-04-04,2016-04-04,179.050003,181.5,179.0,179.899994,136910.0,172.835449,-0.0019436482744810133
2016-04-05,2016-04-05,181.0,181.0,177.199997,178.550003,86147.0,171.538467,-0.007532441175396974
2016-04-06,2016-04-06,176.399994,180.149994,175.5,179.050003,52542.0,172.018845,0.002796495934057397
2016-04-07,2016-04-07,178.0,179.100006,176.0,176.75,402050.0,169.809158,-0.012928828302343652
2016-04-08,2016-04-08,178.350006,179.300003,176.199997,178.75,93609.0,171.730621,0.011251885667943995
2016-04-11,2016-04-11,179.0,179.800003,176.199997,176.850006,39472.0,169.90524299999996,-0.010686204600085958
2016-04-12,2016-04-12,177.899994,178.800003,176.0,176.5,61358.0,169.56897,-0.001981140817826521
2016-04-13,2016-04-13,177.300003,184.850006,177.300003,183.949997,374008.0,176.72641000000004,0.04134308380991847
2016-04-18,2016-04-18,186.399994,189.350006,184.550003,186.350006,509229.0,179.032181,0.012962741281935308
2016-04-20,2016-04-20,187.050003,189.899994,184.25,188.399994,253676.0,181.001663,0.01094064726413002
2016-04-21,2016-04-21,188.0,195.5,188.0,193.949997,189066.0,186.33371,0.029032986882929986
2016-04-22,2016-04-22,192.0,198.850006,190.5,195.899994,102542.0,188.207138,0.010003948216639635
2016-04-25,2016-04-25,196.25,197.800003,194.550003,195.050003,81013.0,187.390533,-0.004348303249618546
2016-04-26,2016-04-26,195.149994,200.5,193.5,199.100006,114284.0,191.281479,0.02055120432175617
2016-04-27,2016-04-27,198.5,211.949997,192.600006,209.0,337825.0,200.792725,0.04852710184093922
2016-04-28,2016-04-28,210.399994,213.449997,207.199997,209.25,238037.0,201.032898,0.0011954092265566985
2016-04-29,2016-04-29,209.0,211.449997,199.0,203.100006,205485.0,195.124405,-0.029831236804532143
2016-05-02,2016-05-02,197.5,203.699997,197.5,199.75,73023.0,191.90596,-0.016631869129596133
2016-05-03,2016-05-03,199.75,201.100006,195.0,196.100006,43601.0,188.399292,-0.018441856200578144
2016-05-04,2016-05-04,197.399994,197.399994,193.5,194.0,189120.0,186.38176,-0.010766560787202728
2016-05-05,2016-05-05,194.199997,194.300003,189.100006,190.399994,109726.0,182.923126,-0.0187310553043778
2016-05-06,2016-05-06,190.699997,195.800003,188.550003,191.850006,544732.0,184.316193,0.007586734915510541
2016-05-09,2016-05-09,193.100006,219.600006,193.100006,215.0,2293469.0,206.557098,0.11392415481561625
2016-05-10,2016-05-10,212.199997,212.199997,205.350006,206.850006,205825.0,198.727158,-0.038644059185172885
2016-05-11,2016-05-11,203.0,206.050003,200.399994,203.800003,190845.0,195.796921,-0.014854813884850769
2016-05-12,2016-05-12,204.899994,207.399994,202.0,203.449997,131204.0,195.460663,-0.00171885783964143
2016-05-13,2016-05-13,204.949997,217.800003,204.0,211.199997,1230908.0,202.906326,0.03738527736260622
2016-05-16,2016-05-16,213.600006,225.0,212.5,220.550003,1389224.0,211.88916,0.04331888349406743
2016-05-17,2016-05-17,220.75,226.850006,220.75,223.100006,509858.0,214.339035,0.01149572932196552
2016-05-18,2016-05-18,224.850006,224.850006,216.5,217.100006,339482.0,208.574646,-0.027262045526452283
2016-05-19,2016-05-19,219.0,224.600006,215.550003,218.800003,353763.0,210.207886,0.00779998283444172
2016-05-20,2016-05-20,219.0,222.899994,213.050003,213.850006,133566.0,205.452271,-0.02288322533722553
2016-05-23,2016-05-23,215.300003,221.75,212.949997,217.149994,171459.0,208.622665,0.015313440535924984
2016-05-24,2016-05-24,217.149994,223.0,213.100006,215.600006,129950.0,207.133545,-0.007163459412248051
2016-05-25,2016-05-25,218.0,218.699997,206.5,209.800003,173408.0,201.56131,-0.02727012707968424
2016-05-26,2016-05-26,209.800003,220.5,209.800003,217.100006,246592.0,208.574646,0.03420338845879112
2016-05-27,2016-05-27,216.899994,222.0,210.350006,214.649994,384832.0,206.22084,-0.011349358154228995
2016-05-30,2016-05-30,225.0,238.5,225.0,233.949997,1620825.0,224.762939,0.08609860892738475
2016-05-31,2016-05-31,235.199997,236.25,230.5,232.399994,373226.0,223.273819,-0.006647336213952747
2016-06-01,2016-06-01,233.5,247.0,232.699997,244.399994,1384692.0,234.802582,0.05034617837163502
2016-06-02,2016-06-02,246.0,246.0,240.25,242.149994,441445.0,232.64093,-0.00924889255631278
2016-06-03,2016-06-03,242.149994,273.600006,241.899994,251.149994,3475246.0,241.287506,0.036493001490582884
2016-06-06,2016-06-06,253.0,276.450012,246.350006,271.350006,1922900.0,260.694275,0.0773591671703322
2016-06-07,2016-06-07,268.799988,288.899994,261.299988,273.100006,2700502.0,262.37554900000003,0.00642850997264599
2016-06-08,2016-06-08,271.799988,279.899994,270.049988,273.350006,1241477.0,262.615723,0.0009149638463146204
2016-06-09,2016-06-09,275.850006,275.850006,253.449997,255.550003,1041304.0,245.51474,-0.06733484824448688
2016-06-10,2016-06-10,255.550003,263.899994,251.25,255.800003,798461.0,245.754913,0.0009777645236894728
2016-06-13,2016-06-13,250.899994,264.0,249.899994,260.350006,824157.0,250.126236,0.01763098373183425
2016-06-14,2016-06-14,264.0,270.0,262.75,268.299988,795749.0,257.764038,0.030078850620602005
2016-06-15,2016-06-15,268.299988,277.5,262.899994,269.0,942714.0,258.436554,0.0026056397102927065
2016-06-16,2016-06-16,271.899994,274.850006,263.0,266.799988,499879.0,256.322937,-0.008212102604137073
2016-06-17,2016-06-17,270.0,270.399994,263.75,265.799988,457895.0,255.362228,-0.0037550829869559274
2016-06-20,2016-06-20,265.0,265.0,256.649994,259.950012,452116.0,249.741959,-0.022254818346567614
2016-06-21,2016-06-21,262.299988,269.899994,259.600006,268.100006,452622.0,257.57189900000003,0.030870679732622364
2016-06-22,2016-06-22,269.950012,273.799988,264.0,267.549988,318941.0,257.043488,-0.002053615958853783
2016-06-23,2016-06-23,267.0,272.899994,264.350006,269.700012,369330.0,259.10907000000003,0.00800380815671975
2016-06-24,2016-06-24,261.100006,287.549988,250.0,282.149994,1110254.0,271.07016,0.04512858761697736
2016-06-27,2016-06-27,277.200012,287.799988,277.200012,280.350006,651377.0,269.340881,-0.006399887386438152
2016-06-28,2016-06-28,284.350006,287.200012,277.0,279.200012,373557.0,268.236053,-0.004110405360305158
2016-06-29,2016-06-29,281.149994,292.799988,281.149994,287.799988,789253.0,276.49826,0.030337140380149563
2016-06-30,2016-06-30,290.5,296.0,287.200012,293.049988,740974.0,281.542145,0.018077624186592974
2016-07-01,2016-07-01,295.899994,298.850006,285.25,287.399994,1266267.0,276.113983,-0.01946838983396137
2016-07-04,2016-07-04,293.0,298.25,286.0,287.850006,1880447.0,276.546326,0.0015645888845456926
2016-07-05,2016-07-05,290.5,290.75,285.200012,287.100006,376363.0,275.825775,-0.0026089348372240195
2016-07-07,2016-07-07,287.5,289.799988,275.25,278.25,750466.0,267.32330299999995,-0.031310617850594184
2016-07-08,2016-07-08,279.600006,283.75,278.25,279.299988,699420.0,268.332092,0.0037665641084077
2016-07-11,2016-07-11,281.850006,286.399994,280.049988,282.450012,733046.0,271.358398,0.011215086336616942
2016-07-12,2016-07-12,282.5,285.5,276.600006,281.299988,570807.0,270.25354,-0.004079893573463167
2016-07-13,2016-07-13,282.0,282.100006,271.25,272.350006,406828.0,261.65499900000003,-0.03233371710472355
2016-07-14,2016-07-14,272.0,278.0,266.5,275.100006,481115.0,264.29702799999995,0.010046738438214577
2016-07-15,2016-07-15,277.850006,277.850006,272.149994,275.200012,210733.0,264.393127,0.00036353618522877435
2016-07-18,2016-07-18,274.600006,281.0,274.600006,278.399994,639170.0,267.467407,0.011560602987276349
2016-07-19,2016-07-19,277.5,279.950012,272.049988,275.850006,327646.0,265.017578,-0.009201560060128068
2016-07-20,2016-07-20,277.899994,281.450012,275.899994,278.299988,405662.0,267.371338,0.008842315327275863
2016-07-21,2016-07-21,278.200012,283.5,274.149994,275.350006,675246.0,264.537201,-0.010656583277697251
2016-07-22,2016-07-22,275.5,282.799988,267.350006,277.549988,375013.0,266.65078700000004,0.007958000565323253
2016-07-25,2016-07-25,277.25,280.5,275.0,279.100006,392683.0,268.139954,0.0055691721445061395
2016-07-26,2016-07-26,279.0,302.399994,278.450012,285.899994,2251385.0,274.672913,0.02407192186640561
2016-07-27,2016-07-27,287.350006,313.5,287.049988,308.799988,1615063.0,296.673645,0.07705171376570519
2016-07-28,2016-07-28,313.0,323.0,310.0,319.100006,1841800.0,306.569183,0.03281075306485892
2016-07-29,2016-07-29,329.100006,340.0,326.350006,331.75,2801296.0,318.722412,0.038877092820485785
2016-08-01,2016-08-01,332.100006,398.100006,332.100006,355.450012,6637764.0,341.49173,0.06900291988786478
2016-08-02,2016-08-02,362.0,390.0,358.350006,362.350006,5032368.0,348.120789,0.01922605235203889
2016-08-03,2016-08-03,367.899994,374.399994,344.25,347.950012,1820593.0,334.286255,-0.04055183756209235
2016-08-04,2016-08-04,355.049988,366.700012,345.5,360.149994,1250266.0,346.007172,0.03446182635010153
2016-08-05,2016-08-05,364.299988,368.0,344.0,352.649994,2831915.0,338.801666,-0.02104462304541421
2016-08-08,2016-08-08,346.100006,406.799988,342.0,399.799988,5461511.0,384.100128,0.12548838847717292
2016-08-09,2016-08-09,402.0,402.5,376.5,379.75,2173829.0,364.837463,-0.051451321043716185
2016-08-10,2016-08-10,383.399994,402.0,382.049988,391.450012,3288202.0,376.078064,0.03034479130710288
2016-08-11,2016-08-11,388.799988,388.799988,363.5,368.350006,1156538.0,353.8851620000001,-0.06082427948733837
2016-08-12,2016-08-12,370.0,377.950012,358.600006,369.049988,961017.0,354.557648,0.0018984911484531965
2016-08-16,2016-08-16,370.0,372.0,360.25,365.5,810487.0,351.147064,-0.009665829052025288
2016-08-17,2016-08-17,365.549988,367.350006,357.100006,358.350006,502318.0,344.277863,-0.01975604886578619
2016-08-18,2016-08-18,361.700012,363.0,350.100006,359.350006,886530.0,345.238586,0.0027866590364844512
2016-08-19,2016-08-19,361.5,361.5,347.0,349.899994,813453.0,336.159668,-0.026649482170266303
2016-08-22,2016-08-22,352.200012,353.0,338.25,342.200012,851607.0,328.762054,-0.022252000491779
2016-08-23,2016-08-23,343.549988,344.799988,333.149994,334.350006,748644.0,321.220306,-0.02320704972704224
2016-08-24,2016-08-24,334.5,341.25,333.0,336.600006,787271.0,323.381958,0.00670695783711306
2016-08-25,2016-08-25,338.0,338.600006,323.5,325.799988,990183.0,313.006073,-0.032611564181716624
2016-08-26,2016-08-26,328.950012,342.5,326.0,335.549988,2293655.0,322.373199,0.029487284616569912
2016-08-29,2016-08-29,334.0,340.75,331.200012,339.450012,1152717.0,326.1200560000001,0.011555705986221021
2016-08-30,2016-08-30,341.75,356.399994,340.899994,354.200012,1182006.0,340.290833,0.042535059637511814
2016-08-31,2016-08-31,357.75,383.299988,357.200012,375.75,2225380.0,360.994537,0.05906218210624825
2016-09-01,2016-09-01,376.799988,376.799988,359.25,363.399994,777742.0,349.129547,-0.033419777085315516
2016-09-02,2016-09-02,361.0,366.149994,358.350006,360.049988,560280.0,345.9110720000001,-0.00926132348700559
2016-09-06,2016-09-06,362.600006,367.25,356.299988,358.200012,700729.0,344.133759,-0.005151308582809655
2016-09-07,2016-09-07,360.0,370.899994,359.350006,368.200012,1165248.0,353.741058,0.02753475480018697
2016-09-08,2016-09-08,371.0,379.799988,366.299988,374.75,1111549.0,360.033813,0.017632781140035192
2016-09-09,2016-09-09,377.0,377.200012,363.399994,366.399994,644622.0,352.011719,-0.02253348438193292
2016-09-12,2016-09-12,358.0,358.5,346.600006,349.0,425190.0,335.295013,-0.04865368754380928
2016-09-14,2016-09-14,349.0,349.0,330.200012,335.799988,1077557.0,322.613373,-0.03855616146904328
2016-09-15,2016-09-15,335.0,351.5,335.0,344.850006,569726.0,331.3079830000001,0.026593786356364117
2016-09-16,2016-09-16,350.0,354.899994,338.5,342.799988,826818.0,329.3384700000001,-0.005962398876942388
2016-09-19,2016-09-19,343.100006,352.0,343.100006,349.5,600986.0,335.775391,0.019356451140600583
2016-09-20,2016-09-20,350.0,357.799988,349.950012,354.100006,380026.0,340.194763,0.01307582869260848
2016-09-21,2016-09-21,359.950012,368.0,356.299988,363.350006,838152.0,349.0815120000001,0.025787167713761328
2016-09-22,2016-09-22,366.200012,388.899994,365.0,385.399994,1224821.0,370.265625,0.05891519980177051
2016-09-23,2016-09-23,386.0,387.0,369.0,375.0,1433927.0,360.274017,-0.02735575322346051
2016-09-26,2016-09-26,372.25,372.25,363.850006,368.200012,408277.0,353.741058,-0.018299729349951832
2016-09-27,2016-09-27,374.0,379.850006,370.100006,373.299988,760818.0,358.6407779999999,0.013756098251654691
2016-09-28,2016-09-28,374.0,376.649994,362.0,364.299988,415555.0,349.994171,-0.024404769092037704
2016-09-29,2016-09-29,366.350006,369.850006,337.149994,341.850006,700802.0,328.4257810000001,-0.06360562069002729
2016-09-30,2016-09-30,334.149994,356.450012,334.149994,348.799988,535178.0,335.102875,0.020126694865926
2016-10-03,2016-10-03,354.700012,356.0,348.0,351.100006,914692.0,337.312561,0.006572406985092982
2016-10-04,2016-10-04,352.0,354.0,345.100006,349.549988,355676.0,335.823425,-0.00442448022465225
2016-10-05,2016-10-05,350.0,352.75,344.200012,345.700012,291600.0,332.124634,-0.011075198910761586
2016-10-06,2016-10-06,348.0,348.0,339.0,341.25,274981.0,327.849365,-0.012956052238256357
2016-10-07,2016-10-07,344.700012,344.700012,336.350006,338.850006,192175.0,325.543579,-0.007057913902793978
2016-10-10,2016-10-10,339.399994,346.450012,334.149994,343.700012,371824.0,330.203186,0.014211844193649625
2016-10-13,2016-10-13,344.0,351.25,337.600006,343.0,874215.0,329.530609,-0.002038935213274584
2016-10-14,2016-10-14,345.799988,352.0,344.0,350.100006,675983.0,336.351837,0.020488501105503158
2016-10-17,2016-10-17,356.899994,357.0,345.600006,347.299988,309914.0,333.661743,-0.008030011734986964
2016-10-18,2016-10-18,351.0,354.350006,348.450012,351.5,751137.0,337.696838,0.012020829712962922
2016-10-19,2016-10-19,354.950012,354.950012,342.649994,344.600006,347117.0,331.06781,-0.01982534556381488
2016-10-20,2016-10-20,345.5,352.5,345.5,349.25,553749.0,335.535217,0.013403701162707726
2016-10-21,2016-10-21,349.049988,350.049988,345.100006,346.100006,134688.0,332.508911,-0.009060259869540843
2016-10-24,2016-10-24,348.700012,367.799988,346.549988,365.649994,1597576.0,351.291168,0.05494875831373936
2016-10-25,2016-10-25,369.0,377.350006,367.200012,369.850006,1128239.0,355.326263,0.011421000060590105
2016-10-26,2016-10-26,365.5,369.0,361.100006,363.299988,208112.0,349.033447,-0.01786866382451979
2016-10-27,2016-10-27,361.399994,361.700012,353.549988,356.700012,210513.0,342.692657,-0.01833375253959879
2016-10-28,2016-10-28,356.0,368.399994,355.149994,358.899994,386541.0,344.806244,0.006148645927289032
2016-11-01,2016-11-01,373.649994,373.649994,358.649994,361.75,284010.0,347.544312,0.007909525747771262
2016-11-02,2016-11-02,359.899994,364.5,342.25,352.649994,311317.0,338.801666,-0.025477293300885332
2016-11-03,2016-11-03,352.700012,356.950012,348.0,351.100006,235472.0,337.312561,-0.004404898901127829
2016-11-04,2016-11-04,351.549988,354.75,336.149994,343.600006,278305.0,330.107056,-0.02159296724854887
2016-11-07,2016-11-07,354.0,357.0,347.149994,353.75,198691.0,339.85849,0.029112311118641543
2016-11-08,2016-11-08,356.0,373.799988,354.899994,361.850006,929654.0,347.640411,0.022639318735922842
2016-11-09,2016-11-09,326.0,368.0,290.0,358.549988,1124609.0,344.470001,-0.009161636989857945
2016-11-10,2016-11-10,370.0,371.0,345.5,354.350006,595740.0,340.434937,-0.01178298026848168
2016-11-11,2016-11-11,348.0,355.0,321.549988,341.450012,1636968.0,328.0415040000001,-0.03708388960329767
2016-11-15,2016-11-15,336.100006,341.200012,292.149994,322.5,1649952.0,309.835663,-0.057098099403021685
2016-11-16,2016-11-16,325.049988,331.5,304.0,309.75,1110309.0,297.586334,-0.0403376563557849
2016-11-17,2016-11-17,309.0,323.5,305.350006,315.850006,476145.0,303.446777,0.019501849830182216
2016-11-18,2016-11-18,314.600006,318.0,295.0,301.75,678679.0,289.900482,-0.04566853246728897
2016-11-21,2016-11-21,308.799988,308.799988,280.0,289.399994,954647.0,278.035461,-0.041789035458696944
2016-11-22,2016-11-22,289.5,298.5,281.600006,296.25,436999.0,284.616455,0.02339383886469726
2016-11-23,2016-11-23,298.899994,301.350006,289.149994,296.299988,240348.0,284.66449,0.0001687567466852613
2016-11-24,2016-11-24,295.0,298.399994,284.850006,288.149994,428309.0,276.834534,-0.027891281199071468
2016-11-25,2016-11-25,292.0,295.899994,286.0,288.350006,293613.0,277.02673300000004,0.0006940330337812384
2016-11-28,2016-11-28,288.0,291.0,283.799988,285.5,170094.0,274.288635,-0.009933046208593588
2016-11-29,2016-11-29,287.0,313.700012,285.049988,308.700012,1392237.0,296.577576,0.07812785899201735
2016-11-30,2016-11-30,309.5,311.5,300.0,302.950012,347415.0,291.053375,-0.018802153743110672
2016-12-01,2016-12-01,305.399994,307.399994,299.299988,301.899994,601939.0,290.044586,-0.0034720136056449746
2016-12-02,2016-12-02,300.0,304.0,286.850006,295.5,555991.0,283.895935,-0.021426911036145132
2016-12-05,2016-12-05,299.5,299.5,291.5,293.200012,125092.0,281.686279,-0.007813779103599927
2016-12-06,2016-12-06,294.100006,306.350006,294.100006,298.149994,299710.0,286.441864,0.016741631737753337
2016-12-07,2016-12-07,299.899994,307.549988,296.950012,298.75,288090.0,287.018311,0.002010417529537456
2016-12-08,2016-12-08,300.0,304.0,298.049988,298.899994,169654.0,287.162415,0.0005019465004671987
2016-12-09,2016-12-09,298.0,304.899994,298.0,303.649994,193100.0,291.725891,0.015766670315206174
2016-12-12,2016-12-12,301.0,303.649994,295.850006,297.0,695661.0,285.3370060000001,-0.02214367304767784
2016-12-13,2016-12-13,298.25,298.25,288.0,289.700012,276656.0,278.3237,-0.02488613408078688
2016-12-14,2016-12-14,290.399994,290.399994,273.25,278.299988,410404.0,267.371338,-0.040146353616241186
2016-12-15,2016-12-15,279.5,281.200012,267.25,270.700012,676052.0,260.06982400000004,-0.027688322381542285
2016-12-16,2016-12-16,271.0,274.899994,269.0,269.950012,361413.0,259.34927400000004,-0.00277444732001797
2016-12-19,2016-12-19,265.299988,270.0,263.25,267.049988,269430.0,256.56314100000003,-0.010800903427342412
2016-12-20,2016-12-20,268.200012,270.0,262.0,266.850006,301691.0,256.371002,-0.0007491761334623702
2016-12-21,2016-12-21,266.850006,277.950012,264.0,268.100006,339711.0,257.57189900000003,0.004673278620050958
2016-12-22,2016-12-22,269.0,275.799988,264.25,271.950012,334746.0,261.270721,0.014258214419521131
2016-12-23,2016-12-23,271.0,277.700012,266.350006,275.0,203242.0,264.200958,0.011152903156227191
2016-12-26,2016-12-26,275.0,275.0,265.0,269.649994,216327.0,259.061005,-0.019646443617768128
2016-12-27,2016-12-27,267.100006,273.799988,266.0,272.299988,138249.0,261.606964,0.009779665519062952
2016-12-28,2016-12-28,272.5,279.549988,269.0,274.450012,638558.0,263.672546,0.00786473718362668
2016-12-29,2016-12-29,273.0,283.200012,271.5,281.899994,245925.0,270.829987,0.026783292559692917
2016-12-30,2016-12-30,282.0,289.0,279.350006,282.700012,242396.0,271.59857200000005,0.0028338681716171266
2017-01-02,2017-01-02,285.0,287.0,281.149994,285.200012,144601.0,274.000427,0.00880452684225652
2017-01-03,2017-01-03,285.0,291.899994,283.0,286.549988,285215.0,275.297363,0.0047221686801872656
2017-01-04,2017-01-04,287.0,289.399994,285.350006,286.899994,223054.0,275.633636,0.0012207446753595974
2017-01-05,2017-01-05,290.0,295.600006,287.0,292.899994,285723.0,281.39804100000003,0.02069760489902439
2017-01-06,2017-01-06,294.0,298.0,292.149994,295.149994,345224.0,283.559662,0.007652365962932174
2017-01-09,2017-01-09,295.049988,296.100006,290.399994,291.850006,129404.0,280.389252,-0.011243725528512272
2017-01-10,2017-01-10,292.0,293.0,286.200012,288.100006,272573.0,276.78649900000005,-0.012932376205063713
2017-01-11,2017-01-11,289.0,292.0,285.200012,289.049988,604799.0,277.699219,0.0032921346563865588
2017-01-12,2017-01-12,289.450012,295.799988,288.399994,290.850006,278627.0,279.428528,0.006207964198883254
2017-01-13,2017-01-13,297.799988,306.200012,293.950012,297.299988,608217.0,285.625214,0.02193396476210996
2017-01-16,2017-01-16,295.049988,305.450012,295.049988,302.700012,272655.0,290.813202,0.018000632646129056
2017-01-17,2017-01-17,305.0,312.799988,304.0,310.450012,606718.0,298.25885,0.025280590102378042
2017-01-18,2017-01-18,314.0,317.0,309.399994,310.399994,279067.0,298.210785,-0.00016116495219087312
2017-01-19,2017-01-19,314.0,314.0,302.049988,305.399994,203127.0,293.407135,-0.016239384928702805
2017-01-20,2017-01-20,301.299988,304.75,286.25,295.149994,376263.0,283.559662,-0.034138634751417214
2017-01-23,2017-01-23,294.950012,298.75,290.299988,295.850006,275683.0,284.232178,0.00236888333756724
2017-01-24,2017-01-24,297.850006,302.0,292.850006,298.850006,244295.0,287.11438,0.010089240614288286
2017-01-25,2017-01-25,299.0,324.799988,299.0,321.549988,1013430.0,308.9229430000001,0.07321119744362292
2017-01-27,2017-01-27,321.0,330.0,316.850006,320.75,465915.0,308.154388,-0.0024909532688610625
2017-01-30,2017-01-30,320.0,324.450012,316.0,320.049988,249455.0,307.481842,-0.002184882028613444
2017-01-31,2017-01-31,322.899994,322.899994,300.100006,305.649994,474182.0,293.647339,-0.04603651497732919
2017-02-01,2017-02-01,308.950012,329.0,307.0,323.700012,611220.0,310.988525,0.0573764942732149
2017-02-02,2017-02-02,329.0,355.0,324.0,346.450012,1167810.0,332.845154,0.06792136443760732
2017-02-03,2017-02-03,345.5,357.75,340.549988,343.5,518895.0,330.010986,-0.008551434014530734
2017-02-06,2017-02-06,348.100006,354.399994,344.450012,352.200012,255027.0,338.369354,0.025012117349923813
2017-02-07,2017-02-07,350.700012,351.600006,334.649994,340.399994,346808.0,327.0327450000001,-0.034077758666914086
2017-02-08,2017-02-08,344.5,345.549988,327.899994,331.850006,375354.0,318.818481,-0.025438387748232042
2017-02-09,2017-02-09,339.0,348.700012,332.0,339.0,930709.0,325.687683,0.02131697880732464
2017-02-10,2017-02-10,341.700012,342.600006,337.049988,340.850006,246589.0,327.465057,0.005442458642068715
2017-02-13,2017-02-13,342.0,346.450012,325.100006,328.75,460874.0,315.84021,-0.036144932061144885
2017-02-14,2017-02-14,340.0,340.0,331.549988,335.0,784522.0,321.844788,0.018832983349853727
2017-02-15,2017-02-15,336.0,336.75,325.350006,331.799988,271006.0,318.7704470000001,-0.009598162622109996
2017-02-16,2017-02-16,333.100006,350.799988,332.0,348.100006,747624.0,334.430359,0.04795742170670092
2017-02-17,2017-02-17,350.0,356.899994,343.399994,348.399994,601310.0,334.7185970000001,0.0008615062916641493
2017-02-20,2017-02-20,349.0,355.5,346.700012,350.399994,219328.0,336.6400450000001,0.005724073918614181
2017-02-21,2017-02-21,350.399994,352.799988,347.200012,350.100006,198609.0,336.351837,-0.0008564977537686147
2017-02-22,2017-02-22,353.100006,353.100006,348.25,350.399994,148297.0,336.6400450000001,0.0008564977537686147
2017-02-23,2017-02-23,350.700012,364.600006,349.100006,353.700012,702280.0,339.810486,0.009373824307473909
2017-02-27,2017-02-27,354.450012,361.0,351.200012,355.799988,237665.0,341.8279720000001,0.005919536574062079
2017-02-28,2017-02-28,355.799988,358.799988,348.0,356.299988,157822.0,342.308319,0.0014042438188184292
2017-03-01,2017-03-01,356.899994,364.0,356.100006,358.799988,350158.0,344.710175,0.006992143025385643
2017-03-02,2017-03-02,360.0,363.0,352.0,354.350006,184250.0,340.434937,-0.012479964941246813
2017-03-03,2017-03-03,354.600006,354.899994,345.0,347.350006,160891.0,333.709808,-0.019952249573162998
2017-03-06,2017-03-06,348.0,352.450012,348.0,350.149994,317329.0,336.3998410000001,0.00802867845251054
2017-03-07,2017-03-07,348.049988,353.0,347.5,351.350006,131884.0,337.552734,0.003421291548811212
2017-03-08,2017-03-08,351.350006,354.299988,349.350006,352.450012,148269.0,338.6095279999999,0.003125861704760702
2017-03-09,2017-03-09,348.5,355.0,347.350006,351.850006,104208.0,338.033112,-0.0017037535187958142
2017-03-10,2017-03-10,343.0,343.0,325.0,338.700012,763852.0,325.399475,-0.03809027379710983
2017-03-14,2017-03-14,347.700012,349.950012,338.799988,340.950012,162970.0,327.561157,0.006621195188317941
2017-03-15,2017-03-15,341.700012,344.899994,339.549988,343.700012,106984.0,330.203186,0.00803340356417781
2017-03-16,2017-03-16,346.0,349.5,344.899994,348.600006,193947.0,334.910736,0.014155856479641573
2017-03-17,2017-03-17,348.600006,353.899994,343.75,349.100006,463719.0,335.391113,0.0014333157008499242
2017-03-20,2017-03-20,350.0,352.799988,340.5,344.799988,348700.0,331.259949,-0.01239394075135003
2017-03-21,2017-03-21,347.950012,352.5,344.100006,350.600006,336326.0,336.832184,0.016681424431173042
2017-03-22,2017-03-22,347.0,350.600006,341.100006,347.100006,86469.0,333.469635,-0.010033024262392054
2017-03-23,2017-03-23,352.950012,357.0,350.700012,353.549988,178348.0,339.666351,0.018412003476529826
2017-03-24,2017-03-24,353.950012,358.149994,347.950012,350.200012,144699.0,336.447906,-0.009520489404132526
2017-03-27,2017-03-27,350.899994,354.5,348.5,350.100006,74998.0,336.351837,-0.00028557977809118285
2017-03-28,2017-03-28,349.899994,353.0,348.549988,350.950012,113002.0,337.168457,0.002424931831864541
2017-03-29,2017-03-29,351.25,389.700012,351.25,378.25,1423757.0,363.396393,0.0749115523497732
2017-03-30,2017-03-30,376.799988,380.0,364.299988,373.75,332618.0,364.860718,0.004021456025122383
2017-03-31,2017-03-31,377.450012,389.950012,363.850006,368.950012,1352539.0,360.174896,-0.01292595053725698
