Date,Date.1,NBCC.NS.Open,NBCC.NS.High,NBCC.NS.Low,NBCC.NS.Close,NBCC.NS.Volume,NBCC.NS.Adjusted,log_returns
2013-04-01,2013-04-01,8.17333,8.52333,8.16,8.34333,1628670.0,3.057137,0.027132302331729585
2013-04-02,2013-04-02,8.38667,9.33333,8.35,9.24,1402410.0,3.385692,0.10207945970282116
2013-04-03,2013-04-03,9.13,9.74667,8.84667,8.94667,1907775.0,3.278211,-0.03226047001816523
2013-04-04,2013-04-04,8.91333,9.03,8.64,8.73,443235.0,3.19882,-0.02451585496678144
2013-04-05,2013-04-05,8.65667,9.1,8.546669999999999,8.64333,420585.0,3.167062,-0.009977647549159752
2013-04-08,2013-04-08,8.59667,8.77667,8.58333,8.68333,216720.0,3.181719,0.004617272525111016
2013-04-09,2013-04-09,8.76333,8.92667,8.21,8.34333,616125.0,3.057137,-0.03994275969382577
2013-04-10,2013-04-10,8.33667,8.73333,8.33333,8.61667,521355.0,3.157294,0.03223647454286449
2013-04-11,2013-04-11,8.68667,8.85333,8.66667,8.72,272700.0,3.1951560000000003,0.011920581302942379
2013-04-12,2013-04-12,8.73667,8.73667,8.57333,8.66667,420630.0,3.175614,-0.00613491345381556
2013-04-15,2013-04-15,8.26667,8.84667,8.26667,8.75667,2720145.0,3.208593,0.010331523820809707
2013-04-16,2013-04-16,8.78,9.33333,8.626669999999999,9.22333,3076020.0,3.3795839999999995,0.05192010170165662
2013-04-17,2013-04-17,9.16667,9.4,9.05333,9.28333,676440.0,3.4015690000000003,0.0064841707682810066
2013-04-18,2013-04-18,9.25667,9.29333,9.00667,9.17,153495.0,3.360043,-0.012283024253273656
2013-04-22,2013-04-22,9.07667,9.4,9.07333,9.32,517230.0,3.4150050000000003,0.01622518563825337
2013-04-23,2013-04-23,9.29,9.5,9.08333,9.19,464910.0,3.367371,-0.014046635931554308
2013-04-25,2013-04-25,9.25333,9.33333,9.09667,9.22,637305.0,3.378364,0.003259247430049017
2013-04-26,2013-04-26,9.22,9.56667,8.98,9.08,455820.0,3.3270660000000003,-0.015300734117830396
2013-04-29,2013-04-29,9.12667,9.56333,8.546669999999999,9.51333,2009490.0,3.485845,0.04661964800954599
2013-04-30,2013-04-30,9.69333,9.76667,9.36,9.49667,7196475.0,3.47974,-0.0017529041891590769
2013-05-02,2013-05-02,9.45333,9.48667,9.30667,9.34333,530505.0,3.423554,-0.016278385565607234
2013-05-03,2013-05-03,9.29667,9.66667,9.29667,9.55333,896760.0,3.500502,0.022227193995933314
2013-05-06,2013-05-06,9.54,9.65667,9.4,9.51,553980.0,3.484625,-0.004545952376359352
2013-05-07,2013-05-07,9.51333,9.61333,9.37,9.55,456660.0,3.499281,0.004197084415057173
2013-05-08,2013-05-08,9.60667,9.99333,9.37,9.91333,1553835.0,3.632412,0.03733937160840428
2013-05-09,2013-05-09,9.73333,9.92,9.51,9.62,379140.0,3.524931,-0.03003602882444012
2013-05-10,2013-05-10,9.64667,9.73333,9.41333,9.53667,299085.0,3.494397,-0.008700032993022244
2013-05-13,2013-05-13,9.41,9.69667,9.33333,9.43,605220.0,3.455312,-0.011248071561680506
2013-05-14,2013-05-14,9.46333,9.52667,9.12,9.25,541725.0,3.389356,-0.019272824205659008
2013-05-15,2013-05-15,9.31667,9.56667,9.31667,9.48667,433650.0,3.4760760000000004,0.02526413853166232
2013-05-16,2013-05-16,9.50667,9.72667,9.4,9.44,442515.0,3.4589760000000003,-0.004931479866413291
2013-05-17,2013-05-17,9.49667,9.56667,9.38,9.43,192900.0,3.455312,-0.0010598344595900144
2013-05-20,2013-05-20,9.45,9.86667,9.33667,9.57333,1246890.0,3.50783,0.015084855624473812
2013-05-21,2013-05-21,9.59,9.73667,9.26667,9.28,492135.0,3.400349,-0.031119539261245114
2013-05-22,2013-05-22,9.37667,9.45333,9.04,9.08333,373800.0,3.328286,-0.0214206166465436
2013-05-23,2013-05-23,9.0,9.08333,8.67333,8.75333,385110.0,3.207369,-0.03700648187002531
2013-05-24,2013-05-24,8.83,8.98667,8.4,8.463330000000001,720255.0,3.101108,-0.0336915079096638
2013-05-27,2013-05-27,8.55667,9.16,8.22667,9.03333,709335.0,3.309965,0.06517814832808178
2013-05-28,2013-05-28,9.23667,9.44333,8.88667,9.07333,1594365.0,3.324621,0.004418067333692655
2013-05-29,2013-05-29,9.02,9.09333,8.93333,9.05,215340.0,3.3160730000000003,-0.002574431142627009
2013-05-30,2013-05-30,9.06667,9.06667,8.9,8.98333,109545.0,3.291644,-0.007394115486587527
2013-05-31,2013-05-31,8.98,9.18667,8.86667,8.98667,827040.0,3.292868,0.00037178154253436624
2013-06-03,2013-06-03,9.0,9.06,8.74667,9.0,241395.0,3.297752,0.0014821066588674991
2013-06-04,2013-06-04,9.03333,9.26667,8.876669999999997,8.91,192675.0,3.264775,-0.010050176577581338
2013-06-05,2013-06-05,8.93333,9.06333,8.88333,8.98333,101340.0,3.291644,0.008196288376179472
2013-06-06,2013-06-06,8.98667,9.12,8.9,9.01333,95100.0,3.3026370000000003,0.0033341042589511987
2013-06-07,2013-06-07,9.12,9.92333,8.96667,9.53333,1949160.0,3.4931730000000005,0.056089251946555896
2013-06-10,2013-06-10,9.47,10.4267,9.46667,9.86,4210185.0,3.612871,0.033692254902386136
2013-06-11,2013-06-11,9.73333,9.98667,9.40667,9.73,801675.0,3.565236,-0.013272496293633695
2013-06-12,2013-06-12,9.8,9.96667,9.4,9.53333,1041945.0,3.4931730000000005,-0.020419758608752447
2013-06-13,2013-06-13,9.53,9.68333,9.14,9.19667,807375.0,3.369815,-0.03595264550993593
2013-06-14,2013-06-14,9.40333,9.52,9.09,9.18,577635.0,3.363707,-0.001814207089631648
2013-06-17,2013-06-17,9.16667,9.37333,9.04,9.30667,378990.0,3.410121,0.013704134911498356
2013-06-18,2013-06-18,9.33333,9.45,9.21667,9.24667,440730.0,3.3881360000000003,-0.006467856876197553
2013-06-19,2013-06-19,9.20333,9.44667,9.14667,9.19,454935.0,3.367371,-0.006147596441687053
2013-06-20,2013-06-20,9.1,9.1,8.84,8.91,355200.0,3.264775,-0.030941473575732736
2013-06-21,2013-06-21,8.83333,9.16667,8.83333,9.09,1195350.0,3.3307300000000004,0.02000065154331176
2013-06-24,2013-06-24,9.03333,9.06667,8.83333,9.01,3221010.0,3.301416,-0.008840031838202256
2013-06-25,2013-06-25,8.93667,9.09333,8.87,9.05667,733260.0,3.318517,0.005166529038817869
2013-06-26,2013-06-26,9.11333,9.12333,8.73667,8.85333,219060.0,3.24401,-0.02270777752469355
2013-06-27,2013-06-27,8.8,9.0,8.8,8.94,231435.0,3.275767,0.009741821277844398
2013-06-28,2013-06-28,9.03333,9.10667,8.98333,9.05,220635.0,3.3160730000000003,0.012229211365688776
2013-07-01,2013-07-01,8.953330000000003,9.51333,8.953330000000003,9.06667,2163075.0,3.322181,0.0018402434506801235
2013-07-02,2013-07-02,9.11667,9.24667,8.95,8.97,1326210.0,3.28676,-0.01071921784753127
2013-07-03,2013-07-03,8.93333,9.05667,8.8,8.92333,353775.0,3.26966,-0.0052162731409906024
2013-07-04,2013-07-04,8.97333,9.1,8.76,8.88,1297080.0,3.253782,-0.004867991883893419
2013-07-05,2013-07-05,8.94,9.1,8.88667,8.90667,237225.0,3.263555,0.0029990799387091807
2013-07-08,2013-07-08,8.80667,9.11333,8.73667,9.0,5483130.0,3.297752,0.010423932197840323
2013-07-09,2013-07-09,9.09333,9.22333,8.96667,9.06667,380955.0,3.322181,0.007380470735865784
2013-07-10,2013-07-10,9.0,9.1,8.78,8.85,266595.0,3.2427900000000003,-0.02418742458480461
2013-07-11,2013-07-11,8.81333,9.06,8.8,8.86667,448095.0,3.248898,0.0018817915471105449
2013-07-12,2013-07-12,8.90667,8.95,8.83333,8.85333,203460.0,3.24401,-0.0015056430565192347
2013-07-15,2013-07-15,8.703330000000001,9.12,8.703330000000001,9.05667,267630.0,3.318517,0.02270777752469355
2013-07-16,2013-07-16,8.94,8.96667,8.81667,8.89,183000.0,3.257447,-0.01857423664847979
2013-07-17,2013-07-17,8.953330000000003,8.98,8.83333,8.85333,121875.0,3.24401,-0.004133540876213759
2013-07-18,2013-07-18,8.90667,9.13667,8.83333,8.88,331680.0,3.253782,0.0030077932217980052
2013-07-19,2013-07-19,8.80667,9.0,8.80667,8.83,131940.0,3.235461,-0.005646590420129494
2013-07-22,2013-07-22,8.76667,8.85333,8.76667,8.82,105300.0,3.2317970000000003,-0.001133092383825307
2013-07-23,2013-07-23,8.84667,9.0,8.80333,8.94333,251685.0,3.276987,0.013886073385466656
2013-07-24,2013-07-24,8.86667,8.89,8.44333,8.73667,267045.0,3.201264,-0.023378670852063577
2013-07-25,2013-07-25,8.75333,8.75333,8.56667,8.67667,177675.0,3.179279,-0.0068912902884135105
2013-07-26,2013-07-26,8.6,8.75333,8.5,8.66,556230.0,3.173171,-0.0019230381608106304
2013-07-29,2013-07-29,8.6,8.6,8.10333,8.14667,408090.0,2.985078,-0.06110552620806198
2013-07-30,2013-07-30,8.11667,8.18,7.25667,7.38667,1467600.0,2.706601,-0.09793227302900376
2013-07-31,2013-07-31,7.33333,7.6,7.0,7.42667,453045.0,2.721258,0.005400669260318569
2013-08-01,2013-08-01,7.6,7.6,6.78,7.08667,430035.0,2.596676,-0.046862107827926325
2013-08-02,2013-08-02,7.12333,7.19667,6.38333,6.736669999999998,683385.0,2.46843,-0.05064984454712107
2013-08-05,2013-08-05,6.7333300000000005,7.46667,6.70667,7.41667,1053165.0,2.717593,0.09616424104604193
2013-08-06,2013-08-06,7.41667,7.74,6.66667,7.36,1131255.0,2.696828,-0.007670294499163122
2013-08-07,2013-08-07,7.4,7.6,7.11667,7.24,950385.0,2.652858,-0.016438718148552134
2013-08-08,2013-08-08,7.29667,7.69667,7.27,7.50333,165030.0,2.749347,0.03572587952520512
2013-08-12,2013-08-12,7.46667,7.976669999999999,7.46667,7.686669999999999,439575.0,2.816526,0.024140781689254487
2013-08-13,2013-08-13,7.78,8.46,7.69,8.35667,521355.0,3.062025,0.08357225117497791
2013-08-14,2013-08-14,8.373330000000001,8.373330000000001,7.75,7.94,425415.0,2.90935,-0.05114677326493666
2013-08-16,2013-08-16,7.86667,7.86667,7.23333,7.30333,289365.0,2.676063,-0.08358300394577067
2013-08-19,2013-08-19,7.0666699999999985,7.46667,6.69667,7.37333,446955.0,2.7017130000000003,0.009539331690180064
2013-08-20,2013-08-20,7.2,7.67,7.026669999999998,7.63333,293085.0,2.796981,0.03465460492432193
2013-08-21,2013-08-21,7.53667,8.07,7.40667,7.53333,726600.0,2.760339,-0.013187122930749196
2013-08-22,2013-08-22,7.46667,7.78333,7.33,7.68,378090.0,2.814082,0.019282600008340808
2013-08-23,2013-08-23,7.71667,7.936669999999999,7.53333,7.87,344310.0,2.883701,0.024438440315418752
2013-08-26,2013-08-26,7.98,8.14,7.8,7.91,285120.0,2.898358,0.005069831142950676
2013-08-27,2013-08-27,7.86667,7.8933300000000015,7.42667,7.49333,259680.0,2.745683,-0.054114509699155766
2013-08-28,2013-08-28,7.49333,7.61667,7.13333,7.42333,748650.0,2.720034,-0.009385479811282016
2013-08-29,2013-08-29,7.55333,7.88,7.48,7.67333,292560.0,2.8116380000000003,0.03312285143454985
2013-08-30,2013-08-30,7.71333,7.84,7.49,7.6,593700.0,2.784769,-0.009602306069860234
2013-09-02,2013-09-02,7.65,7.766669999999999,7.58333,7.69667,212010.0,2.82019,0.012639332972422812
2013-09-03,2013-09-03,7.56,7.63333,7.36667,7.41333,241305.0,5.297377,0.6304075338245776
2013-09-04,2013-09-04,7.44667,7.59333,7.3,7.48333,212820.0,5.347397,0.009398108060376664
2013-09-05,2013-09-05,7.53333,7.83,7.53333,7.6433300000000015,410805.0,5.46173,0.02115568893551289
2013-09-06,2013-09-06,7.66667,7.9333300000000015,7.58,7.82333,447105.0,5.590353,0.023276844265292862
2013-09-10,2013-09-10,7.86667,8.03333,7.736669999999998,7.94667,466725.0,5.678488,0.0156425664605484
2013-09-11,2013-09-11,7.80333,8.25333,7.776669999999998,8.14333,507870.0,5.819016,0.024446175170885983
2013-09-12,2013-09-12,8.06667,8.626669999999999,8.02,8.08,312780.0,5.7737620000000005,-0.007807314151627942
2013-09-13,2013-09-13,8.09667,8.41333,8.00667,8.32,396270.0,5.94526,0.02927040228441702
2013-09-16,2013-09-16,8.35,8.42667,8.0,8.1,141870.0,5.788054,-0.026798125043614233
2013-09-17,2013-09-17,8.12,8.24667,7.78667,7.87,275310.0,5.623702,-0.028805972466494637
2013-09-18,2013-09-18,7.96333,8.05333,7.83667,7.986669999999998,94665.0,5.707071,0.014715766432514819
2013-09-19,2013-09-19,8.12,8.4,8.01667,8.1,654195.0,5.788054,0.014090206033979813
2013-09-20,2013-09-20,8.18,8.24333,7.806669999999999,7.84,266880.0,5.602265,-0.032625158120075604
2013-09-23,2013-09-23,7.86667,7.9333300000000015,7.58667,7.62333,284940.0,5.447438,-0.028025573848917684
2013-09-24,2013-09-24,7.46667,7.67667,7.42,7.55,415995.0,5.395038,-0.009665764160126988
2013-09-25,2013-09-25,7.47,7.74667,7.47,7.70667,128130.0,5.50699,0.020538552163842816
2013-09-26,2013-09-26,7.70667,7.86667,7.53333,7.6466699999999985,161145.0,5.4641160000000015,-0.007815842496618819
2013-09-27,2013-09-27,7.61,7.726669999999999,7.46333,7.48333,608190.0,5.347397,-0.021592451459518717
2013-09-30,2013-09-30,7.486669999999998,7.6,7.46667,7.53,190395.0,5.380747,0.006217311667054526
2013-10-01,2013-10-01,7.40333,7.53333,7.33333,7.34333,494250.0,5.247356,-0.02510288142165606
2013-10-03,2013-10-03,7.3,7.513330000000002,7.226669999999999,7.34667,1140360.0,5.2497440000000015,0.0004549828126236832
2013-10-04,2013-10-04,7.4,7.5,7.24,7.27,586185.0,5.194957,-0.010490966182541195
2013-10-07,2013-10-07,7.266669999999999,7.513330000000002,7.09333,7.306669999999999,628980.0,5.221161,0.005031443630040933
2013-10-08,2013-10-08,7.38667,7.58667,7.33333,7.41333,850395.0,5.297377,0.014492001434101454
2013-10-09,2013-10-09,7.45333,7.46667,7.36667,7.3966699999999985,336870.0,5.285472,-0.0022498676909838977
2013-10-10,2013-10-10,7.44667,7.5,7.38667,7.42667,688485.0,5.30691,0.004047820267721436
2013-10-11,2013-10-11,7.53,7.53333,7.40667,7.45,1024740.0,5.3235800000000015,0.0031362643987353773
2013-10-14,2013-10-14,7.46,7.57333,7.44667,7.49,1084335.0,5.352163,0.005354768899546114
2013-10-15,2013-10-15,7.5666699999999985,7.6,7.276669999999998,7.32,243120.0,5.230686,-0.02295834244321981
2013-10-17,2013-10-17,7.33333,7.42667,7.25,7.27333,415905.0,5.197337,-0.006396056796374783
2013-10-18,2013-10-18,7.3533300000000015,7.486669999999998,7.31,7.34,1504695.0,5.244977,0.009124477683055687
2013-10-21,2013-10-21,7.40667,8.0,7.3533300000000015,7.6433300000000015,3753750.0,5.46173,0.04049473267740944
2013-10-22,2013-10-22,7.9,9.07667,7.83333,8.39333,7330545.0,5.99766,0.09360380377091504
2013-10-23,2013-10-23,8.48,8.72,8.19667,8.286669999999999,1206000.0,5.921444,-0.012789055086825929
2013-10-24,2013-10-24,8.3,8.64,8.26667,8.44333,1393785.0,6.033388,0.018728372264652068
2013-10-25,2013-10-25,8.44,8.56,8.286669999999999,8.34667,435720.0,5.9643180000000005,-0.01151399493554961
2013-10-28,2013-10-28,8.43,8.48333,8.24333,8.296669999999999,369750.0,5.928589,-0.0060084733681839975
2013-10-29,2013-10-29,8.23667,8.3,8.04,8.19667,764370.0,5.857131,-0.012126348775667095
2013-10-30,2013-10-30,8.21,8.76,8.1,8.463330000000001,1858950.0,6.047681,0.03201499952048459
2013-10-31,2013-10-31,8.46667,8.91667,8.43667,8.796669999999997,1494480.0,6.285876999999998,0.03863047811435183
2013-11-01,2013-11-01,8.73333,8.93333,8.55,8.68333,864900.0,6.204886,-0.012968324684158984
2013-11-05,2013-11-05,8.93333,9.23667,8.75,9.00333,1404420.0,6.4335510000000005,0.03618959465987892
2013-11-06,2013-11-06,9.06333,9.13333,8.83667,8.96,838905.0,6.402589,-0.004824201052338051
2013-11-07,2013-11-07,9.14,9.16333,8.56667,8.62,964650.0,6.159632,-0.038685404313752114
2013-11-08,2013-11-08,8.7,8.86667,8.373330000000001,8.45,667605.0,6.0381540000000005,-0.019918699407620588
2013-11-11,2013-11-11,8.46667,8.56667,8.33333,8.35667,204075.0,5.971464,-0.011106212621396105
2013-11-12,2013-11-12,8.35,8.56667,8.206669999999999,8.27667,213975.0,5.914299,-0.00961914532190722
2013-11-13,2013-11-13,8.26667,8.5,8.25333,8.31333,228750.0,5.940494,0.004419316749459279
2013-11-14,2013-11-14,8.39,8.6,8.286669999999999,8.32333,260955.0,5.947639,0.0012020391865259494
2013-11-18,2013-11-18,8.51333,8.52,8.296669999999999,8.39667,155070.0,6.0000480000000005,0.008773135109826136
2013-11-19,2013-11-19,8.44,8.8,8.31333,8.76333,855750.0,6.262053,0.04274061742194224
2013-11-20,2013-11-20,8.66667,9.39667,8.63667,8.99,2637690.0,6.4240260000000005,0.025536937340813196
2013-11-21,2013-11-21,8.98667,8.98667,8.543330000000001,8.61,545550.0,6.152487000000002,-0.043188633640179434
2013-11-22,2013-11-22,8.73333,8.86667,8.44,8.52,454500.0,6.088176,-0.010507860847283943
2013-11-25,2013-11-25,8.59,8.73667,8.49,8.61333,440130.0,6.154866,0.010894459010126756
2013-11-26,2013-11-26,8.63333,9.12667,8.60667,8.92333,1067145.0,6.376386,0.03535849069720886
2013-11-27,2013-11-27,8.99333,9.05333,8.63333,8.72,171525.0,6.231091,-0.023050041325873183
2013-11-28,2013-11-28,8.82667,9.18667,8.75667,8.98,576750.0,6.416879,0.02938042457447265
2013-11-29,2013-11-29,9.04667,9.06667,8.83667,9.01333,426555.0,6.440697,0.0037049016462207267
2013-12-02,2013-12-02,9.0,9.4,9.0,9.25,1735155.0,6.609814999999998,0.02591890150129772
2013-12-03,2013-12-03,9.26667,9.56333,9.20667,9.49333,1274655.0,6.7836919999999985,0.02596583094075089
2013-12-04,2013-12-04,9.33333,9.66667,9.33333,9.41667,821400.0,6.728913,-0.008107881505747816
2013-12-05,2013-12-05,9.59333,10.0633,9.59333,9.84,2514330.0,7.031414999999999,0.04397435078621825
2013-12-06,2013-12-06,9.74333,10.0433,9.70333,9.89333,699765.0,7.069522,0.005404902208721253
2013-12-09,2013-12-09,10.0,10.3267,9.60333,9.80333,484860.0,7.005211,-0.009138567327512837
2013-12-10,2013-12-10,9.66667,9.83333,9.49,9.52667,412080.0,6.8075160000000015,-0.028627004765334974
2013-12-11,2013-12-11,9.53333,9.80333,9.48333,9.52667,266850.0,6.8075160000000015,0.0
2013-12-12,2013-12-12,9.34,9.63,9.34,9.5,212355.0,6.788459,-0.0028033314977731205
2013-12-13,2013-12-13,9.46667,9.57667,9.2,9.26667,322125.0,6.621726,-0.024867903372552732
2013-12-16,2013-12-16,9.29333,9.51667,9.06,9.15333,275010.0,6.540737,-0.012306210790132388
2013-12-17,2013-12-17,9.13333,9.33333,8.93333,9.00333,313695.0,6.4335510000000005,-0.016523209384179394
2013-12-18,2013-12-18,9.11,9.23333,8.97,9.09333,309270.0,6.497863,0.00994671274711223
2013-12-19,2013-12-19,9.0,9.35,8.99333,9.23,642240.0,6.595522,0.014917580294515396
2013-12-20,2013-12-20,9.16667,9.8,9.04667,9.63,686805.0,6.8813520000000015,0.042424210358392944
2013-12-23,2013-12-23,9.66667,10.6233,9.6,10.36,4465260.0,7.402992999999999,0.07306923363062601
2013-12-24,2013-12-24,10.3867,10.5733,9.59667,10.0833,1989795.0,7.20527,-0.02707167517214581
2013-12-26,2013-12-26,10.0667,10.32,10.0167,10.1333,581295.0,7.2409979999999985,0.004946339475942807
2013-12-27,2013-12-27,10.18,10.5333,10.0333,10.3467,769275.0,7.393489,0.020840705835264872
2013-12-30,2013-12-30,10.2,10.3267,10.07,10.1033,518175.0,7.219562,-0.023805461792360868
2013-12-31,2013-12-31,10.0767,10.3233,10.07,10.1133,244455.0,7.226706,0.0009890444483462435
2014-01-01,2014-01-01,10.17,10.5067,10.0467,10.3867,877935.0,7.422071000000001,0.026674798054374
2014-01-02,2014-01-02,10.4,11.6467,10.35,10.57,8139720.0,7.553053,0.017493723638671632
2014-01-03,2014-01-03,10.34,11.0933,10.34,10.63,2877060.0,7.595928,0.005660461846133558
2014-01-06,2014-01-06,10.76,10.9933,10.7267,10.8233,2319300.0,7.7340550000000015,0.01802099038359728
2014-01-07,2014-01-07,10.8433,11.0533,10.62,10.69,1118625.0,7.638803,-0.012392389104840529
2014-01-08,2014-01-08,10.7967,10.7967,10.4,10.4667,1104510.0,7.479238,-0.021110000371525658
2014-01-09,2014-01-09,10.4867,10.52,9.87667,10.02,1010025.0,7.160038,-0.04361562691832144
2014-01-10,2014-01-10,10.1333,10.23,9.70333,9.76667,1038615.0,6.979014,-0.02560764216998379
2014-01-13,2014-01-13,9.84667,10.1667,9.62667,10.0533,1425585.0,7.183833,0.028925438576197005
2014-01-14,2014-01-14,9.96667,10.5533,9.83333,10.4367,1662735.0,7.457801,0.03742751401661293
2014-01-15,2014-01-15,10.4033,10.4033,9.93333,9.97333,1296105.0,7.1266880000000015,-0.04541398826773335
2014-01-16,2014-01-16,9.86667,10.24,9.86667,10.2,1579170.0,7.288661,0.022473242505020245
2014-01-17,2014-01-17,10.1333,10.2933,9.59333,9.64333,1395750.0,6.890878999999999,-0.05612119979535013
2014-01-20,2014-01-20,9.69667,9.83333,9.6,9.79333,276285.0,6.998065,0.015435029184661218
2014-01-21,2014-01-21,9.82,9.96667,9.55333,9.61,888225.0,6.867061,-0.018897469607450645
2014-01-22,2014-01-22,9.56667,9.71,9.42667,9.54667,519225.0,6.821808,-0.0066116733018426466
2014-01-23,2014-01-23,9.46667,9.91667,9.40667,9.66333,1320090.0,6.90517,0.012145867037715918
2014-01-24,2014-01-24,9.6,9.63333,9.36,9.38,300975.0,6.7027100000000015,-0.029758484169044808
2014-01-27,2014-01-27,9.16667,9.46667,9.14,9.27333,1044330.0,6.6264850000000015,-0.011437424532229512
2014-01-28,2014-01-28,9.33333,9.71333,9.17,9.67333,605055.0,6.9123160000000015,0.0422302503517169
2014-01-29,2014-01-29,9.86,10.0667,9.77,10.0167,1335930.0,7.157678999999999,0.03488101836018909
2014-01-30,2014-01-30,9.93333,10.1567,9.71333,10.0733,8119410.0,7.198124000000001,0.0056346701064389215
2014-01-31,2014-01-31,10.0667,10.13,9.75667,9.79,257745.0,6.995686,-0.028526763157030725
2014-02-03,2014-02-03,9.84667,10.08,9.66667,9.73,194655.0,6.95281,-0.006147778949374017
2014-02-04,2014-02-04,9.8,9.8,9.5,9.73,174870.0,6.95281,0.0
2014-02-05,2014-02-05,9.71,10.02,9.63333,9.67,319455.0,6.909936,-0.006185518612085161
2014-02-06,2014-02-06,9.7,9.86333,9.5,9.58667,207030.0,6.850389999999999,-0.008654790837461013
2014-02-07,2014-02-07,9.66333,9.8,9.60667,9.76333,280695.0,6.976628,0.018260120530629864
2014-02-10,2014-02-10,9.79333,9.89333,9.63333,9.75,148380.0,6.9671020000000015,-0.0013663491019997311
2014-02-11,2014-02-11,9.79333,9.82667,9.38667,9.45333,403995.0,6.755109,-0.030900248911251094
2014-02-12,2014-02-12,9.6,9.63333,9.30667,9.39333,616275.0,6.712234,-0.006367275988117038
2014-02-13,2014-02-13,9.23333,9.42667,9.02667,9.12667,596625.0,6.521686,-0.028798900022013907
2014-02-14,2014-02-14,9.23,9.3,9.09333,9.18,368970.0,6.559794,0.0058262685566512476
2014-02-17,2014-02-17,9.08667,9.25333,9.03667,9.08667,214440.0,6.493104,-0.01021850937648594
2014-02-18,2014-02-18,9.08333,9.38,9.08,9.32333,347100.0,6.662214,0.025711171093891542
2014-02-19,2014-02-19,9.36,9.63667,9.34667,9.50667,989580.0,6.793225,0.019473930251132643
2014-02-20,2014-02-20,9.43333,9.43333,9.22667,9.28,396750.0,6.631253,-0.024132016208997745
2014-02-21,2014-02-21,9.33,9.39667,9.21667,9.26667,318105.0,6.621726,-0.0014377147418771494
2014-02-24,2014-02-24,9.26667,9.44333,9.26667,9.32333,398085.0,6.662214,0.0060958006997422496
2014-02-25,2014-02-25,9.38333,9.40333,9.16667,9.20667,440355.0,6.578852,-0.012591599710519263
2014-02-26,2014-02-26,9.21333,9.66667,9.12,9.51,843840.0,6.795605,0.03241581766476353
2014-02-28,2014-02-28,9.53333,9.53333,9.11,9.17667,623025.0,6.557415,-0.03567960927763303
2014-03-03,2014-03-03,9.03333,9.35333,9.03333,9.09,280095.0,6.495483,-0.0094894581642182
2014-03-04,2014-03-04,9.07667,9.29,8.95,9.06667,648780.0,6.4788120000000005,-0.0025698520304648924
2014-03-05,2014-03-05,9.17333,9.29333,8.97667,9.02333,2110440.0,6.447842,-0.004791659041218478
2014-03-06,2014-03-06,9.10667,9.66,9.03333,9.51667,2870460.0,6.800371000000001,0.05323166833529047
2014-03-07,2014-03-07,9.56667,9.60333,9.35333,9.50333,2024340.0,6.790838000000001,-0.0014028187725365624
2014-03-10,2014-03-10,9.53333,9.53333,9.32667,9.39667,676110.0,6.714622,-0.011286814237864371
2014-03-11,2014-03-11,9.40333,10.1633,9.4,9.96,5162250.0,7.1171630000000015,0.0582216544564842
2014-03-12,2014-03-12,9.99,10.5267,9.81,10.0133,5549280.0,7.15525,0.00533716203558865
2014-03-13,2014-03-13,10.0933,10.5933,9.83333,9.98667,12395205.0,7.1362190000000005,-0.0026632687303040914
2014-03-14,2014-03-14,9.71,10.1733,9.71,10.0833,1374285.0,7.20527,0.00962961845707877
2014-03-18,2014-03-18,10.2633,10.71,10.1967,10.5567,3936105.0,7.543549,0.045880058209650576
2014-03-19,2014-03-19,10.6,10.9767,10.4867,10.6033,3009810.0,7.576849,0.004404653083559307
2014-03-20,2014-03-20,10.5333,10.9367,10.5333,10.71,2035215.0,7.653092999999998,0.01001246583219606
2014-03-21,2014-03-21,10.7633,10.9333,10.4367,10.5,1117920.0,7.503033,-0.019802541056541226
2014-03-24,2014-03-24,10.6667,10.7867,10.4167,10.46,1247385.0,7.474450999999998,-0.0038166670311294846
2014-03-25,2014-03-25,10.4667,10.7133,10.2833,10.37,1038810.0,7.410139,-0.008641474196887877
2014-03-26,2014-03-26,10.35,10.6967,10.35,10.4467,1113750.0,7.464946,0.0073689996408488065
2014-03-27,2014-03-27,10.4467,10.7767,10.4467,10.6433,1305495.0,7.6054309999999985,0.018644400139222302
2014-03-28,2014-03-28,10.6667,10.72,10.4067,10.5167,984720.0,7.514966,-0.011966098436737571
2014-03-31,2014-03-31,10.5967,10.63,10.4333,10.4933,563835.0,7.498245,-0.00222750574994679
2014-04-01,2014-04-01,10.5033,10.7333,10.44,10.5633,901125.0,7.548266,0.006648874848833586
2014-04-02,2014-04-02,10.5033,11.42,10.5,11.3267,4937640.0,8.093772,0.06977700903400885
2014-04-03,2014-04-03,11.2667,11.96,10.91,11.3067,6212970.0,8.079479,-0.001767486786788286
2014-04-04,2014-04-04,11.4,11.8633,11.2867,11.7767,2842530.0,8.415331,0.04072777113482795
2014-04-07,2014-04-07,11.8267,12.3,11.8267,12.24,3687180.0,8.746392,0.03858611108481247
2014-04-09,2014-04-09,12.4233,12.5667,12.2267,12.36,3385155.0,8.832142,0.00975629482835494
2014-04-10,2014-04-10,12.4333,12.4667,12.2,12.3167,1517715.0,8.801200999999997,-0.003509377859330254
2014-04-11,2014-04-11,12.2,12.72,12.0,12.1633,2797410.0,8.691583999999999,-0.012532988297102587
2014-04-15,2014-04-15,12.2467,12.2633,11.81,11.94,916200.0,8.532021,-0.01852893921945276
2014-04-16,2014-04-16,11.94,12.0767,11.4667,11.6767,1106505.0,8.343873,-0.022298764863255997
2014-04-17,2014-04-17,11.6767,12.0,11.6,11.78,900090.0,8.417688,0.008807709161116506
2014-04-21,2014-04-21,11.8,12.1333,11.6833,11.8233,781635.0,8.44863,0.0036690918210324774
2014-04-22,2014-04-22,11.8233,12.2367,11.8,11.9767,1226760.0,8.558247,0.01289108141469697
2014-04-23,2014-04-23,12.0333,12.1333,11.6667,11.7333,713220.0,8.384317999999999,-0.020532323213048542
2014-04-24,2014-04-24,11.7333,11.7333,11.7333,11.7333,0.0,8.384317999999999,0.0
2014-04-25,2014-04-25,11.7333,11.8,11.2167,11.3,1058985.0,8.074693,-0.03762820643855358
2014-04-28,2014-04-28,11.3667,13.56,11.3667,13.56,26416050.0,9.689631,0.18232149487209395
2014-04-29,2014-04-29,14.0,15.3867,13.9867,14.5533,33602565.0,10.399417,0.07069340220148979
2014-04-30,2014-04-30,14.56,15.1667,13.4333,14.0233,16396410.0,10.020694,-0.037097392148429005
2014-05-02,2014-05-02,14.2,14.7533,13.8833,14.0233,4322145.0,10.020694,0.0
2014-05-05,2014-05-05,14.0633,14.4533,13.7067,13.82,2556945.0,9.87542,-0.01460351320698905
2014-05-06,2014-05-06,13.9133,15.1333,13.8167,14.98,10955835.0,10.704327,0.08059921071829558
2014-05-07,2014-05-07,15.2,15.5767,14.5333,14.6567,6503595.0,10.473305,-0.02181841337415857
2014-05-08,2014-05-08,14.76,15.4533,14.6033,15.3133,5016270.0,10.942495,0.04382419427638862
2014-05-09,2014-05-09,15.3467,15.6167,15.02,15.3667,4058115.0,10.980653,0.0034810729310219557
2014-05-12,2014-05-12,15.3667,17.313299,15.1733,16.42,16240095.0,11.733315,0.0662973253548631
2014-05-13,2014-05-13,16.516701,17.3333,16.3333,16.799999,8261310.0,12.004852,0.02287866996591781
2014-05-14,2014-05-14,16.8267,17.126699,16.4433,16.676701,2667105.0,11.916745,-0.007366347523763307
2014-05-15,2014-05-15,16.780001000000002,17.0133,15.8433,16.0467,3159315.0,11.466564,-0.038509231694087376
2014-05-16,2014-05-16,16.66,17.709999,16.526699,17.3633,7442100.0,12.407372,0.07885548990253399
2014-05-19,2014-05-19,17.866699,20.200001,17.866699,19.799999,11573190.0,14.148578,0.13132331225434735
2014-05-20,2014-05-20,20.2267,20.4533,19.133301,19.2467,4323885.0,13.753203,-0.028342381900123392
2014-05-21,2014-05-21,19.266701,19.993299,18.6667,19.143299,3715695.0,13.679314000000002,-0.005386977701334672
2014-05-22,2014-05-22,19.3967,19.733299,19.133301,19.3167,2309550.0,13.803222,0.009017278434009679
2014-05-23,2014-05-23,19.6,20.9867,18.3333,20.42,7004805.0,14.591612,0.055544799893955776
2014-05-26,2014-05-26,21.0933,21.6,18.4867,19.256701,7458015.0,13.760348,-0.05865572018310905
2014-05-27,2014-05-27,19.780001,21.18,19.3433,21.07,11819385.0,15.056087,0.08999123837046596
2014-05-28,2014-05-28,21.4,21.4,20.0667,20.450001,5513415.0,14.613051,-0.02986732772399625
2014-05-29,2014-05-29,20.459999,21.16,20.3533,20.540001,3353820.0,14.677363,0.004391341368456203
2014-05-30,2014-05-30,20.7467,21.1133,19.809999,20.07,2286945.0,14.341511,-0.023148175681968475
2014-06-02,2014-06-02,20.3333,20.4,19.4,19.9233,3065955.0,14.236685,-0.007336115276964428
2014-06-03,2014-06-03,20.200001,20.7267,20.1033,20.2267,2475300.0,14.453485,0.015113478011599126
2014-06-04,2014-06-04,20.266701,21.6667,20.266701,21.206699,7596930.0,15.153768,0.047313651952086484
2014-06-05,2014-06-05,21.3333,21.846701,20.8267,21.196699,9256575.0,15.146623000000002,-0.00047161108465099133
2014-06-06,2014-06-06,21.200001,21.5667,20.719999,20.799999,4492995.0,14.863152,-0.018892472966093976
2014-06-09,2014-06-09,21.1133,21.3333,20.426701,20.573299,3332970.0,14.701158,-0.01095886365973442
2014-06-10,2014-06-10,20.6033,21.426701,20.196699,20.92,5085675.0,14.948901,0.016711519236625172
2014-06-11,2014-06-11,20.9333,21.3267,20.0,20.233299,3073275.0,14.458201,-0.03337598860961721
2014-06-12,2014-06-12,20.133301,20.66,19.690001,19.940001,2455530.0,14.248619,-0.014601807081615625
2014-06-13,2014-06-13,20.126699,20.563299,19.2467,19.969999,3457380.0,14.270055,0.001503295983321884
2014-06-16,2014-06-16,19.9667,20.266701,19.5867,19.8967,1507395.0,14.217673,-0.003677517493503757
2014-06-17,2014-06-17,19.700001,21.26,19.700001,20.9667,7863540.0,14.982270000000002,0.05238173376177757
2014-06-18,2014-06-18,21.120001,21.756701,20.540001,20.75,8446155.0,14.827423,-0.010389130325441977
2014-06-19,2014-06-19,20.9233,21.3333,20.4,20.549999,2503980.0,14.684506,-0.00968544734753074
2014-06-20,2014-06-20,20.3533,20.7267,20.200001,20.26,1136715.0,14.477281,-0.014212331233971918
2014-06-23,2014-06-23,20.459999,20.6467,20.0,20.276699,1182945.0,14.489214000000002,0.0008239174725868104
2014-06-24,2014-06-24,20.16,22.133301,20.16,21.1733,18857955.0,15.129903,0.04326860612104877
2014-06-25,2014-06-25,21.3333,21.7467,21.0867,21.3533,6208605.0,15.258525,0.008465246579459684
2014-06-26,2014-06-26,21.200001,21.52,20.92,21.063299,2391240.0,15.051298999999998,-0.013674063492853605
2014-06-27,2014-06-27,21.133301,21.299999,20.84,21.0,1611045.0,15.006066,-0.003009780407983609
2014-06-30,2014-06-30,21.0133,23.1,21.0133,23.08,16970895.0,16.492379999999994,0.09444393669928887
2014-07-01,2014-07-01,23.446699,25.266701,23.2167,24.73,22769550.0,17.671431,0.06905081171852645
2014-07-02,2014-07-02,24.993299,26.200001,24.0667,25.5833,14224470.0,18.281174,0.03392251938614743
2014-07-03,2014-07-03,25.780001,26.7633,25.0767,26.206699,12447825.0,18.726643,0.02407548205371324
2014-07-04,2014-07-04,26.266701,26.98,25.9167,26.280001,7568940.0,18.779022,0.002793126534518908
2014-07-07,2014-07-07,26.323299,31.313299,26.323299,30.8533,42714045.0,22.046984,0.16043541674549688
2014-07-08,2014-07-08,31.0667,32.4533,27.176701,28.35,28732200.0,20.25819,-0.08461665626087632
2014-07-09,2014-07-09,28.133301,29.200001,24.766701,26.389999,31942935.0,18.857622,-0.07164197393222249
2014-07-10,2014-07-10,26.6667,29.6,26.463301,27.8067,24347940.0,19.869959,0.05229181085025614
2014-07-11,2014-07-11,28.126699,29.0,26.116699,26.373301,15328080.0,18.84569,-0.052924752614011535
2014-07-14,2014-07-14,26.633301,27.66,26.0,26.936701,8833995.0,19.248281,0.021137517509722148
2014-07-15,2014-07-15,27.213301,28.4667,27.213301,28.223301,10081620.0,20.167656,0.046658374971500834
2014-07-16,2014-07-16,28.6,29.4867,28.506701,29.2033,11263275.0,20.867935,0.03413363732172181
2014-07-17,2014-07-17,29.446699,30.9233,28.6667,30.4233,14972340.0,21.739717,0.04092709379068405
2014-07-18,2014-07-18,30.293301,30.983299,29.846701,30.3533,8221815.0,21.689695,-0.002303601168741398
2014-07-21,2014-07-21,30.6667,31.719999,30.6667,30.83,10337685.0,22.030333,0.01558301349096469
2014-07-22,2014-07-22,31.133301,31.4667,29.8367,30.4067,7508805.0,21.727854,-0.013825244537901238
2014-07-23,2014-07-23,30.6,30.713301,28.280001,28.983299,7061280.0,20.710728,-0.04794320502325
2014-07-24,2014-07-24,28.9867,31.530001,28.4,31.256701,18423150.0,22.335243,0.07551400763988125
2014-07-25,2014-07-25,31.4,31.4667,29.6467,30.3267,7054050.0,21.670689000000007,-0.030205224378728968
2014-07-28,2014-07-28,29.5333,31.846701,29.5333,30.9867,11835180.0,22.142305,0.021529421917908742
2014-07-30,2014-07-30,30.9767,31.7967,30.5333,31.376699,8387985.0,22.420992,0.012507630804753587
2014-07-31,2014-07-31,31.3333,32.173302,30.8167,30.983299,9489900.0,22.139877,-0.012617291164418456
2014-08-01,2014-08-01,30.4133,31.3333,30.2633,30.41,5297400.0,21.730209,-0.018676959447841316
2014-08-04,2014-08-04,30.3333,30.9333,29.866699,30.206699,3569355.0,21.584938,-0.006707655623414244
2014-08-05,2014-08-05,30.3333,31.266701,30.2033,30.866699,5335140.0,22.056559,0.021614261339518936
2014-08-06,2014-08-06,30.6,32.32,30.6,31.346701,13484805.0,22.399555,0.015431074614466134
2014-08-07,2014-08-07,31.266701,31.926701,30.4333,30.6467,5526060.0,21.899351,-0.022584090912090016
2014-08-08,2014-08-08,30.4,30.733299,29.74,30.290001,4487850.0,21.644463,-0.011707330518766934
2014-08-11,2014-08-11,30.786699,30.963301,30.34,30.450001,2507745.0,21.758797,0.005268464371627868
2014-08-12,2014-08-12,30.6667,30.9867,29.02,29.633301,14684220.0,21.175203,-0.02718730826397886
2014-08-13,2014-08-13,29.66,29.77,26.4,27.5933,14200425.0,19.71747,-0.07132578247123432
2014-08-14,2014-08-14,27.6,30.266701,27.6,29.7833,11283555.0,21.282389,0.07637487841199997
2014-08-18,2014-08-18,29.9167,30.5833,29.4667,30.3633,5548050.0,21.696842,0.019286796792195467
2014-08-19,2014-08-19,30.733299,31.1467,30.366699,30.6733,4557075.0,21.91836,0.010157921760610922
2014-08-20,2014-08-20,30.766701,31.2167,30.2733,30.573299,4081680.0,21.846903,-0.003265469397371934
2014-08-21,2014-08-21,30.403299,31.0333,29.866699,30.0133,4101975.0,21.446741,-0.018486473266384085
2014-08-22,2014-08-22,30.200001,30.3333,29.346701,29.6133,2900955.0,21.160912,-0.013416992848492626
2014-08-25,2014-08-25,29.719999,29.766701,28.3333,28.5133,2991570.0,20.37488,-0.0378529367113174
2014-08-26,2014-08-26,28.6467,29.18,27.7367,28.346701,6126585.0,20.255831,-0.005860066819020736
2014-08-27,2014-08-27,28.446699,29.2533,28.3367,28.7267,3871260.0,20.52737,0.01331641489277402
2014-08-28,2014-08-28,28.813299,29.4667,27.6833,28.16,5128020.0,20.122419,-0.019924550979896868
2014-09-01,2014-09-01,28.16,29.1667,28.16,29.01,2830590.0,20.729809,0.029738146072403108
2014-09-02,2014-09-02,29.129999,29.706699,28.799999,29.0833,3754905.0,20.782187,0.0025235128561762465
2014-09-03,2014-09-03,29.266701,31.32,29.01,31.0933,21678420.0,22.218481,0.06682819447705722
2014-09-04,2014-09-04,31.376699,31.879999,30.903299,31.1733,12261075.0,26.544109,0.17788341979052502
2014-09-05,2014-09-05,31.24,33.200001,30.153299,32.536701,20279325.0,27.705048,0.04280679502801643
2014-09-08,2014-09-08,32.939999,34.733299,32.693298,34.240002000000004,28085685.0,29.155411,0.0510258867850899
2014-09-09,2014-09-09,34.373299,34.493301,33.006699,33.720001,6356370.0,28.712627,-0.015303530476076244
2014-09-10,2014-09-10,33.6633,35.926701,33.143299,34.540001000000004,17229405.0,29.410854,0.024026798720502285
2014-09-11,2014-09-11,34.826698,36.133301,34.666698,35.900002,11611965.0,30.568903,0.03861946051785292
2014-09-12,2014-09-12,36.14670200000001,36.400002,35.400002,35.709999,7477470.0,30.407118,-0.005306524663016621
2014-09-15,2014-09-15,35.693298,36.533298,34.653301,35.9133,6947295.0,30.580227,0.005676897884334675
2014-09-16,2014-09-16,36.279999,37.0,33.75,34.353297999999995,9238650.0,29.251883000000007,-0.044409675951560416
2014-09-17,2014-09-17,35.119999,41.223301,34.5467,40.446701,60282135.0,34.440422,0.1632869850042291
2014-09-18,2014-09-18,41.096699,46.830002,40.633301,45.956699,103786365.0,39.132195,0.12771459703835394
2014-09-19,2014-09-19,45.926701,47.266701,43.8867,44.486698,42008310.0,37.880486,-0.03250943149176022
2014-09-22,2014-09-22,43.9967,48.266701,43.41,47.076698,48228615.0,40.08588,0.056588054378062136
2014-09-23,2014-09-23,47.666698,51.2267,47.666698,49.209999,68874630.0,41.902386,0.04431861781110325
2014-09-24,2014-09-24,49.793301,50.96670200000001,46.470001,48.473301,38420475.0,41.275085,-0.015083721252143524
2014-09-25,2014-09-25,48.9333,49.1133,45.119999,45.799999,16990050.0,38.998764,-0.056729095842293915
2014-09-26,2014-09-26,45.5933,47.8633,42.733299,47.150002,31401870.0,40.148296,0.029050045325565762
2014-09-29,2014-09-29,47.333302,48.426701,46.493301,47.326698,16046100.0,40.298752,0.003740502085883168
2014-09-30,2014-09-30,47.259998,48.133301,45.4067,45.893299,13339185.0,39.078209,-0.030755503675370388
2014-10-01,2014-10-01,46.126701,46.563301,44.200001,44.506699,10772625.0,37.897518,-0.03067937523853015
2014-10-07,2014-10-07,44.653301,44.853298,42.116699,42.43,8090970.0,36.129204,-0.047784108453166496
2014-10-08,2014-10-08,42.669998,44.43,42.560001,43.573299,15667860.0,37.102726,0.026588930638904884
2014-10-09,2014-10-09,44.0,46.09,43.766701,45.740002,21989565.0,38.947678,0.04852871164580419
2014-10-10,2014-10-10,45.299999,45.299999,43.7267,44.076698,11341260.0,37.531372,-0.037041985749380224
2014-10-13,2014-10-13,43.599998,45.46670200000001,42.813301,45.016701,13651860.0,38.331787,0.02110232985160776
2014-10-14,2014-10-14,45.333302,49.513302,44.333302,49.07,42064680.0,41.783173,0.08621419892208547
2014-10-15,2014-10-15,49.07,49.07,49.07,49.07,0.0,41.783173,0.0
2014-10-16,2014-10-16,48.46670200000001,49.133301,45.5033,45.950001,14359215.0,39.126492,-0.06569391635461486
2014-10-17,2014-10-17,46.266701,49.653301,45.673302,48.8367,32805330.0,41.584515,0.06092808007490369
2014-10-20,2014-10-20,49.666698,51.650002,49.666698,50.056702,16527915.0,42.623348,0.02467431586094904
2014-10-21,2014-10-21,50.353298,50.9333,48.799999,49.556702,12315285.0,42.197601,-0.0100388071695785
2014-10-22,2014-10-22,50.0667,50.66,49.666698,50.290001,9204135.0,42.822006,0.014688758247064282
2014-10-27,2014-10-27,50.130001,50.9333,48.939999,49.48,11987925.0,42.13229000000001,-0.016237699252049875
2014-10-28,2014-10-28,49.21670200000001,50.493301,49.21670200000001,49.57,8194800.0,42.208927,0.0018173088750153
2014-10-29,2014-10-29,49.733299,50.4533,49.416698,49.6833,5645730.0,42.305401,0.0022830221617189395
2014-10-30,2014-10-30,49.9133,52.400002,49.666698,51.610001,26956380.0,43.945988,0.03804657329608885
2014-10-31,2014-10-31,52.0933,56.563301,51.799999,56.220001,40415160.0,47.871414,0.08555720688851176
2014-11-03,2014-11-03,56.64670200000001,59.46670200000001,55.0,58.400002,28644840.0,49.727684,0.03804325885498239
2014-11-05,2014-11-05,58.8433,60.556702,58.133301,58.970001,18891480.0,50.213039,0.009712933850539951
2014-11-07,2014-11-07,59.293301,59.333302,55.7467,56.286701,10481310.0,47.928207,-0.04657053025591251
2014-11-10,2014-11-10,56.46670200000001,56.98,54.853298,55.259998,7230795.0,47.053967,-0.01840902671466882
2014-11-11,2014-11-11,55.46670200000001,56.919998,55.353298,56.1833,8370450.0,47.840164,0.01657036069404994
2014-11-12,2014-11-12,56.5667,56.5933,54.936699,55.470001,5886090.0,47.232788,-0.012777225286972449
2014-11-13,2014-11-13,55.5233,56.5867,53.889999,54.576698,9565500.0,46.472141,-0.016235297672504426
2014-11-14,2014-11-14,53.366699,54.540001,51.3367,51.6367,21098355.0,43.968723,-0.05537447452868971
2014-11-17,2014-11-17,51.119999,53.0,51.0667,52.076698,6697785.0,44.34338,0.008484890179368154
2014-11-18,2014-11-18,52.333302,54.169998,52.299999,52.98,8778840.0,45.112545,0.0171969370532965
2014-11-19,2014-11-19,52.9333,53.9333,51.733299,52.0867,6656415.0,44.351898,-0.017004863693400374
2014-11-20,2014-11-20,52.0,52.366699,50.883301,51.333302,5201205.0,43.710377,-0.01456996991461823
2014-11-21,2014-11-21,51.333302,52.860001,51.256699,51.526699,6728520.0,43.875057,0.003760447063859917
2014-11-24,2014-11-24,51.779999,51.923302,50.006699,50.450001,4725360.0,42.958248,-0.02111731368439429
2014-11-25,2014-11-25,50.333302,51.116699,46.973301,48.993301,13314975.0,41.717869,-0.0292991170374437
2014-11-26,2014-11-26,48.666698,52.733299,48.66,52.436699,18506520.0,44.649925,0.06792307738120718
2014-11-27,2014-11-27,52.846699,54.32,52.779999,53.119999,15814785.0,45.231754,0.012946734719070374
2014-11-28,2014-11-28,53.526699,54.0667,52.0,52.6567,7480095.0,44.837257,-0.008759939035881459
2014-12-01,2014-12-01,52.666698,52.893299,50.96670200000001,51.43,5198505.0,43.792721,-0.0235718069158799
2014-12-02,2014-12-02,51.52,54.259998,50.400002,53.3433,14919810.0,45.421898,0.036526707205861264
2014-12-03,2014-12-03,53.7967,56.0,53.3433,55.509998,17812005.0,47.266842,0.0398147113099423
2014-12-04,2014-12-04,56.400002,59.919998,56.380001,58.639999,36177960.0,49.932041,0.05485386603221931
2014-12-05,2014-12-05,59.1133,61.52,58.2267,58.603298,27487380.0,49.900791,-0.0006260465699434724
2014-12-08,2014-12-08,58.643299,58.830002,56.400002,57.169998,8295870.0,48.680336,-0.02476168402116663
2014-12-09,2014-12-09,57.07,59.173302,55.889999,56.813301,10620525.0,48.376602,-0.006258903233392399
2014-12-10,2014-12-10,57.103298,58.866699,57.0933,58.349998,11289870.0,49.685104,0.026688902787530555
2014-12-11,2014-12-11,58.46670200000001,58.666698,57.3367,57.560001,6542655.0,49.012424,-0.013631352875807412
2014-12-12,2014-12-12,57.866699,58.133301,54.009998,54.463299,7213035.0,46.375576,-0.05530087565676611
2014-12-15,2014-12-15,54.0,56.32,52.8367,53.276699,11551545.0,45.365181,-0.022028068861983833
2014-12-16,2014-12-16,52.7467,54.333302,50.766701,51.32,10015650.0,43.699051,-0.03741848685505333
2014-12-17,2014-12-17,51.46670200000001,52.533298,49.0,51.276699,10972965.0,43.662182,-0.0008440586498794643
2014-12-18,2014-12-18,52.333302,53.643299,52.333302,53.1367,6662685.0,45.245972,0.0356313226404148
2014-12-19,2014-12-19,53.733299,55.459999,53.139999,53.3633,10427400.0,45.438923,0.004255422938362674
2014-12-22,2014-12-22,53.0867,53.860001,52.483299,53.060001,4083585.0,45.180672,-0.005699687780277518
2014-12-23,2014-12-23,53.133301,53.436699,51.669998,52.353298,4083705.0,44.578907,-0.01340857483101665
2014-12-24,2014-12-24,52.07,53.266701,51.41,51.733299,4996245.0,44.050976,-0.011913301159292013
2014-12-26,2014-12-26,51.956699,52.759998,51.599998,51.82,3910200.0,44.124802,0.001674519214352799
2014-12-29,2014-12-29,52.266701,52.786701,51.6833,51.983299,4156020.0,44.263851,0.003146311432238313
2014-12-30,2014-12-30,52.533298,55.0667,52.4067,54.0,20135880.0,45.981079,0.038061646360852734
2014-12-31,2014-12-31,54.266701,55.43,53.919998,54.5233,9495960.0,46.426666,0.009644006647901104
2015-01-01,2015-01-01,54.673302,55.393299,53.8867,54.786701,6289920.0,46.650951,0.004819320505393686
2015-01-02,2015-01-02,55.0,56.1633,54.759998,55.153301,9588510.0,46.963116,0.006669214724957406
2015-01-05,2015-01-05,55.66,56.1133,54.740002,55.173302,5579910.0,46.980145,0.000362537983145117
2015-01-06,2015-01-06,54.533298,54.533298,52.150002,52.46670200000001,5851845.0,44.675468,-0.050300528997607515
2015-01-07,2015-01-07,52.66,53.4333,51.869999,52.5933,5130945.0,44.783268,0.002410050868107305
2015-01-08,2015-01-08,53.5033,54.766701,53.206699,53.68,10414680.0,45.708595,0.02045176709837948
2015-01-09,2015-01-09,55.666698,56.5,54.82,55.2733,10970895.0,47.065292,0.02924947455100213
2015-01-12,2015-01-12,55.426701,55.426701,54.349998,54.869999,4048500.0,46.721882,-0.0073232089227395205
2015-01-13,2015-01-13,55.206699,56.200001,54.333302,54.833302,6756345.0,46.690632,-0.0006690752625666541
2015-01-14,2015-01-14,54.993301,55.02,53.7733,54.276699,3594525.0,46.216686,-0.010202643267232414
2015-01-15,2015-01-15,55.0,55.189999,54.333302,54.639999,4254765.0,46.526035,0.00667114667201929
2015-01-16,2015-01-16,54.653301,56.106701,54.0,55.196701,7031700.0,47.000069,0.010137021408968659
2015-01-19,2015-01-19,55.213299,55.529999,54.3367,54.756699,3510315.0,46.625412,-0.008003355408022994
2015-01-20,2015-01-20,54.900002,56.0,54.540001,54.98,7482315.0,46.815548,0.004069655586175891
2015-01-21,2015-01-21,55.326698,55.799999,54.799999,55.106701,3799035.0,46.923439,0.0023019460972513173
2015-01-22,2015-01-22,55.2733,56.206699,55.0867,55.456699,6854280.0,47.221458,0.006331091858339466
2015-01-23,2015-01-23,56.0,56.0,54.426701,54.696701,3245205.0,46.574318,-0.013799134596235607
2015-01-27,2015-01-27,55.026699,55.026699,54.0,54.18,2437065.0,46.134346,-0.009491568190000521
2015-01-28,2015-01-28,54.133301,58.266701,53.666698,57.71670200000001,21615975.0,49.145855,0.0632348042228652
2015-01-29,2015-01-29,57.833302,58.599998,56.400002,57.93,15646770.0,49.32748,0.003688820043588947
2015-01-30,2015-01-30,58.233299,59.060001,57.456699,58.689999,11350020.0,49.974617,0.013033887117131382
2015-02-02,2015-02-02,58.1567,60.599998,57.799999,59.483299,11660160.0,50.650112,0.0134262254207691
2015-02-03,2015-02-03,59.599998,59.893299,58.18,58.543301,5641500.0,49.849701,-0.015928943550072017
2015-02-04,2015-02-04,58.73,58.733299,56.763302,57.116699,3521775.0,48.634953,-0.024670028457175697
2015-02-05,2015-02-05,57.0,57.9533,55.619999,55.923302,2764695.0,47.618771,-0.021115437696860084
2015-02-06,2015-02-06,55.733299,56.0467,53.4067,53.799999,4059855.0,45.810776,-0.03870768495381016
2015-02-09,2015-02-09,53.333302,53.333302,45.540001,47.286701,10168500.0,40.264694,-0.12904434172170465
2015-02-10,2015-02-10,47.006699,50.813301,46.6133,48.4333,16470165.0,41.24102,0.023958386545241076
2015-02-11,2015-02-11,49.553299,50.799999,49.0933,49.426701,9717300.0,42.086906,0.02030327882191552
2015-02-12,2015-02-12,49.833302,49.9333,48.373299,49.110001,5842740.0,41.817234,-0.006428119722964532
2015-02-13,2015-02-13,49.333302,50.32,48.483299,48.8633,7208430.0,41.607166,-0.005036139162900799
2015-02-16,2015-02-16,48.799999,49.860001,48.0667,48.3867,6630750.0,41.201347,-0.009801462051823416
2015-02-18,2015-02-18,48.779999,51.32,48.599998,50.21670200000001,13271130.0,42.75959,0.037122547714706584
2015-02-19,2015-02-19,50.653301,55.1833,50.533298,54.23,33498780.0,46.176918,0.07688656514072577
2015-02-20,2015-02-20,54.400002,54.9067,53.0,53.563301,11033970.0,45.60923,-0.012369954532787109
2015-02-23,2015-02-23,53.799999,56.526699,53.483299,55.666698,20526210.0,47.400272,0.03851785876275038
2015-02-24,2015-02-24,55.776699,57.5,55.666698,55.956699,13175430.0,47.647209,0.005196088375962749
2015-02-25,2015-02-25,56.310001,56.9333,55.669998,56.299999,7139175.0,47.939529,0.006116348719845455
2015-02-26,2015-02-26,56.333302,58.0667,55.799999,56.526699,11479650.0,48.132565,0.0040185708823354815
2015-02-27,2015-02-27,56.9333,57.46670200000001,56.18,56.89670200000001,4728435.0,48.447624,0.006524321827250823
2015-03-02,2015-03-02,58.1133,62.5667,56.766701,62.186699,27464565.0,52.952057,0.08890362237605043
2015-03-03,2015-03-03,62.666698,64.253304,61.8867,63.049999,26498145.0,53.687164,0.013787022022208271
2015-03-04,2015-03-04,63.806702,72.493301,63.213299,67.76329799999999,66911730.0,57.700535,0.07209250428327785
2015-03-05,2015-03-05,68.133301,71.873299,67.57,70.730003,22250310.0,60.2267,0.04284933001470837
2015-03-09,2015-03-09,70.333298,70.959999,67.199997,68.113297,10751265.0,57.998569,-0.03769743775457268
2015-03-10,2015-03-10,68.733299,70.503304,64.48670200000001,67.353302,13877100.0,57.35143299999999,-0.01122050764263971
2015-03-11,2015-03-11,67.923302,68.293297,65.533302,66.050003,7392855.0,56.241673,-0.019539835614987844
2015-03-12,2015-03-12,66.266701,67.866699,66.133301,66.846703,6354750.0,56.920067,0.01198995574098305
2015-03-13,2015-03-13,67.133301,69.866699,66.066704,67.32,14392770.0,57.323078,0.0070553497411864905
2015-03-16,2015-03-16,67.466698,67.833298,66.0,67.0867,5372580.0,57.124413,-0.003471726602385594
2015-03-17,2015-03-17,67.553299,68.9133,66.816704,68.173302,6335790.0,58.049664,0.016067346563040985
2015-03-18,2015-03-18,68.463303,68.516701,66.813301,67.2033,3413160.0,57.223701,-0.014330754301408176
2015-03-19,2015-03-19,67.779999,70.190002,65.150002,66.57330300000001,10711485.0,56.68726700000001,-0.009418548098721223
2015-03-20,2015-03-20,66.666702,67.066704,63.196701,64.07,6184125.0,54.55569499999999,-0.03832751115014421
2015-03-23,2015-03-23,64.456703,65.5,63.0,63.9133,3907095.0,54.422268,-0.0024486981220297466
2015-03-24,2015-03-24,64.066704,64.766701,62.353298,63.456699,4600050.0,54.03347,-0.007169738967929717
2015-03-25,2015-03-25,63.5667,64.08000200000001,60.733299,61.119999,5461785.0,52.043762,-0.0375187277960185
2015-03-26,2015-03-26,60.200001,62.526699,56.666698,61.4333,9405315.0,52.310543,0.005112996175833384
2015-03-27,2015-03-27,61.6633,63.233299,59.4067,60.853298,6587430.0,51.816666,-0.009486102782256813
2015-03-30,2015-03-30,61.393299,64.266701,61.393299,63.84,6966345.0,54.359848,0.04791395813459687
2015-03-31,2015-03-31,64.333298,65.333298,63.009998,63.799999,6723795.0,54.32579000000001,-0.0006267249609330782
2015-04-01,2015-04-01,63.4067,65.706703,62.799999,65.113297,7177260.0,55.444061,0.020375534415278285
2015-04-06,2015-04-06,65.576698,65.993301,64.110001,65.536697,6467820.0,55.804588,0.006481485669704412
2015-04-07,2015-04-07,65.826698,66.800003,64.746696,65.653297,7428000.0,55.903877,0.0017776455194562504
2015-04-08,2015-04-08,65.7267,67.92669699999999,65.089996,66.58000200000001,9974850.0,56.69297,0.014016483407285564
2015-04-09,2015-04-09,66.866699,67.16999799999999,65.333298,65.706703,3662685.0,55.949348,-0.013203435727974444
2015-04-10,2015-04-10,65.666702,66.92669699999999,65.283302,65.910004,3604125.0,56.122463,0.0030893609399473827
2015-04-13,2015-04-13,65.766701,67.266701,61.7267,64.410004,14533800.0,54.845211,-0.023021270306482045
2015-04-15,2015-04-15,64.0,64.666702,61.0,61.3367,10412250.0,52.228287,-0.04889062739425665
2015-04-16,2015-04-16,61.330002,62.193298,58.833302,60.360001,8275035.0,51.396626,-0.01605171638416092
2015-04-17,2015-04-17,60.513302,60.696701,59.0867,59.643299,3529830.0,50.786358,-0.01194475307010201
2015-04-20,2015-04-20,59.793301,59.9333,57.866699,58.0667,3126705.0,49.443874,-0.026789607528322712
2015-04-21,2015-04-21,58.313301,60.0667,57.0,57.41,6028305.0,48.884693,-0.01137384679190534
2015-04-22,2015-04-22,57.66,58.313301,55.759998,57.243301,4066800.0,48.742748,-0.0029078934891275665
2015-04-23,2015-04-23,57.66,58.32,56.473301,56.6367,2552715.0,48.226231,-0.010653342758410568
2015-04-24,2015-04-24,56.91,56.9133,51.673302,52.2733,6285135.0,44.510788,-0.08017149788755518
2015-04-27,2015-04-27,52.720001,52.720001,48.0667,48.403301,6881730.0,41.215485,-0.07691755150151014
2015-04-28,2015-04-28,48.493301,51.599998,46.666698,50.923302,9245835.0,43.361259,0.05075235743140727
2015-04-29,2015-04-29,50.866699,53.733299,50.283298,53.1567,8740755.0,45.263004,0.04292361738761796
2015-04-30,2015-04-30,52.330002,52.803299,51.34,52.2467,5115840.0,44.488144,-0.017267283367400132
2015-05-04,2015-05-04,52.419998,53.993301,52.34,53.220001,3905865.0,45.31691,0.01845752530920519
2015-05-05,2015-05-05,53.263302,53.400002,52.043301,52.669998,3643365.0,44.848576,-0.01038841429509052
2015-05-06,2015-05-06,52.4333,52.4333,49.866699,50.1633,4002465.0,42.714123,-0.0487622227584783
2015-05-07,2015-05-07,50.133301,50.133301,47.666698,48.036701,4736235.0,40.903316,-0.04331847940665679
2015-05-08,2015-05-08,48.93,51.776699,48.766701,50.463299,12087375.0,42.969574,0.04928114828743446
2015-05-11,2015-05-11,50.846699,52.799999,50.799999,51.7267,5904255.0,44.045357,0.02472766003136861
2015-05-12,2015-05-12,51.846699,51.846699,49.823299,50.14670200000001,3252180.0,42.699986,-0.03102135151004282
2015-05-13,2015-05-13,50.666698,51.790001,50.400002,51.186699,4110600.0,43.585545,0.020526966321627427
2015-05-14,2015-05-14,50.919998,52.1133,50.333302,51.290001,3787800.0,43.673508,0.0020161353297289963
2015-05-15,2015-05-15,52.0667,52.5867,51.400002,51.5467,3200580.0,43.892086,0.004992336464384017
2015-05-18,2015-05-18,51.8633,53.326698,51.606701,52.536701,4451670.0,44.735077,0.019023883764010208
2015-05-19,2015-05-19,53.133301,55.32,53.006699,54.0933,13700385.0,46.060524,0.029198356547884163
2015-05-20,2015-05-20,54.553299,55.6633,54.46670200000001,54.643299,6764205.0,46.528847,0.01011621504421356
2015-05-21,2015-05-21,54.939999,55.083302,53.46670200000001,54.0667,3428580.0,46.037876,-0.01060803684473388
2015-05-22,2015-05-22,54.46670200000001,55.166698,50.883301,53.799999,20220390.0,45.810776,-0.004945101704755484
2015-05-25,2015-05-25,53.9067,54.893299,53.41,53.939999,7124295.0,45.929989,0.002598911554758221
2015-05-26,2015-05-26,53.926701,54.333302,52.733299,52.89670200000001,3629235.0,45.041615,-0.019531418638216724
2015-05-27,2015-05-27,52.0,52.513302,51.0,51.1633,3848865.0,43.565624,-0.03331844119913452
2015-05-28,2015-05-28,51.400002,52.919998,51.220001,52.0,5166285.0,44.278072,0.01622116678497854
2015-05-29,2015-05-29,52.193298,52.326698,51.200001,51.419998,3317475.0,43.784199,-0.01121656691984496
2015-06-01,2015-06-01,51.400002,52.866699,51.139999,51.6633,5734890.0,43.991371,0.004720502178531483
2015-06-02,2015-06-02,51.973301,51.973301,50.133301,50.4767,2890065.0,42.980984,-0.02323571572733707
2015-06-03,2015-06-03,50.436699,50.463299,47.333302,47.803299,5667480.0,40.70457800000001,-0.05441721762631335
2015-06-04,2015-06-04,48.200001,49.0667,47.783298,48.209999,3468060.0,41.050884,0.008471802684879126
2015-06-05,2015-06-05,48.053299,50.133301,47.806702,48.040001,6620520.0,40.906132,-0.0035323919190868303
2015-06-08,2015-06-08,48.119999,48.759998,47.4067,47.59,2832240.0,40.522949,-0.009411522854386956
2015-06-09,2015-06-09,47.513302,47.866699,47.033298,47.213299,3084330.0,40.202194,-0.007946884356731855
2015-06-10,2015-06-10,47.549999,49.98,47.356701,49.3167,9426300.0,41.993237,0.04358701025799228
2015-06-11,2015-06-11,50.200001,50.963299,49.21670200000001,49.490002,7810440.0,42.140804,0.003507905945527856
2015-06-12,2015-06-12,49.533298,50.533298,48.993301,50.2267,3838470.0,42.76810800000001,0.01477619719225309
2015-06-15,2015-06-15,50.733299,51.200001,50.073299,50.426701,3226845.0,42.938404,0.0039739389723894005
2015-06-16,2015-06-16,51.036701,51.599998,50.533298,51.369999,5371170.0,43.741627,0.0185335880121551
2015-06-17,2015-06-17,51.606701,52.599998,50.75,51.380001,4857720.0,43.750141,0.00019462402512848695
2015-06-18,2015-06-18,51.693298,52.599998,51.266701,51.8633,3880980.0,44.16167100000001,0.00936240527127774
2015-06-19,2015-06-19,52.119999,52.919998,51.603298,51.923302,3596325.0,44.212769,0.0011563978384305784
2015-06-22,2015-06-22,52.2267,52.803299,51.9333,52.16,3870645.0,44.414318,0.004548256165689324
2015-06-23,2015-06-23,52.326698,53.826698,51.833302,53.259998,10937715.0,45.35096,0.020869450094104014
2015-06-24,2015-06-24,53.4333,54.6567,52.8367,53.666698,8689635.0,45.697269,0.007607191789645196
2015-06-25,2015-06-25,54.150002,59.666698,54.150002,58.82,65494290.0,50.085312,0.0916892546396082
2015-06-26,2015-06-26,59.426701,62.293301,59.333302,61.810001,43290960.0,52.631306,0.0495833223479214
2015-06-29,2015-06-29,58.799999,60.990002,58.446701,59.970001,17638440.0,51.064541,-0.030220771356596725
2015-06-30,2015-06-30,60.5,61.786701,60.0,60.323299,9469320.0,51.365372,0.0058739064819519635
2015-07-01,2015-07-01,60.2467,66.300003,60.073299,65.893303,44963505.0,56.108242,0.08831846903094888
2015-07-02,2015-07-02,66.366699,68.32330300000001,64.666702,65.3367,30855450.0,55.63429300000001,-0.008482926257441292
2015-07-03,2015-07-03,65.7967,67.043297,64.293297,64.720001,10729710.0,55.109169,-0.00948368285269918
2015-07-06,2015-07-06,64.360001,66.293297,63.103298,65.480003,14194020.0,55.756313,0.01167453274907615
2015-07-07,2015-07-07,65.860001,67.17669699999999,65.480003,65.949997,11626140.0,56.156513,0.007152025736534284
2015-07-08,2015-07-08,65.58000200000001,66.666702,64.010002,64.4533,10225080.0,54.88208,-0.02295578375997831
2015-07-09,2015-07-09,64.666702,65.803299,64.153297,64.6567,6816000.0,55.055271,0.003150724329771037
2015-07-10,2015-07-10,65.373299,65.459999,63.776699,64.42669699999999,4551735.0,54.859425,-0.0035636036742232595
2015-07-13,2015-07-13,64.993301,65.933296,63.46670200000001,65.400002,7314345.0,55.688194,0.014994163325575903
2015-07-14,2015-07-14,65.91999799999999,66.566704,65.206703,65.5233,7562160.0,55.793182,0.0018835079868040336
2015-07-15,2015-07-15,65.793297,65.853302,64.733299,64.9767,3850965.0,55.327755,-0.008376994188548538
2015-07-16,2015-07-16,65.006699,67.333298,64.400002,66.5,16031685.0,56.624844,0.02317314747909105
2015-07-17,2015-07-17,67.066704,67.933296,66.23670200000001,67.349998,13089315.0,57.34861400000001,0.012700847057628195
2015-07-20,2015-07-20,68.0,68.800003,67.066704,68.349998,8668065.0,58.200115,0.014738654790313888
2015-07-21,2015-07-21,68.650002,70.099998,66.199997,66.886703,12895185.0,56.954128,-0.02164115877850481
2015-07-22,2015-07-22,66.7967,67.510002,66.076698,66.93,4940565.0,56.990986,0.0006469430762168216
2015-07-23,2015-07-23,67.0,71.660004,67.0,70.550003,19887090.0,60.073425,0.05267444907222085
2015-07-24,2015-07-24,71.639999,72.666702,69.333298,69.983299,13457850.0,59.590874,-0.008065122508642553
2015-07-27,2015-07-27,69.266701,69.333298,67.333298,67.730003,4974990.0,57.672188,-0.032727394630661884
2015-07-28,2015-07-28,68.400002,68.803299,66.599998,67.290001,4227885.0,57.297531000000006,-0.00651751312398563
2015-07-29,2015-07-29,67.519997,67.996696,67.036697,67.449997,2796420.0,57.433765,0.002374837010963305
2015-07-30,2015-07-30,68.0467,68.800003,66.806702,67.400002,4368825.0,57.39119300000001,-0.0007415113001938423
2015-07-31,2015-07-31,67.7267,69.133301,67.07330300000001,68.5467,6772215.0,58.367611,0.016870270321041936
2015-08-03,2015-08-03,68.800003,71.800003,68.266701,70.75,10864875.0,60.243729,0.031637354147290964
2015-08-04,2015-08-04,70.82,71.266701,69.506699,70.516701,5616810.0,60.045063,-0.0033031536410161877
2015-08-05,2015-08-05,70.7267,79.916702,70.2033,79.32330300000002,39992415.0,67.54390699999999,0.11768253016080887
2015-08-06,2015-08-06,79.866699,80.959999,75.48670200000002,75.966698,17787285.0,64.685753,-0.04323688415428162
2015-08-07,2015-08-07,76.123299,77.4067,74.793297,75.556702,8033445.0,64.336647,-0.005411569649396597
2015-08-10,2015-08-10,75.866699,79.199997,75.366699,76.050003,10709340.0,64.756683,0.006507500926513643
2015-08-11,2015-08-11,76.599998,77.863297,73.213303,73.529999,6551745.0,62.610905,-0.03369744339610303
2015-08-12,2015-08-12,73.126701,73.266701,70.213303,70.983299,5266350.0,60.442387,-0.03524883387527211
2015-08-13,2015-08-13,71.5933,72.866699,65.68,66.489998,12072795.0,56.616329,-0.06539318850271593
2015-08-14,2015-08-14,69.333298,69.866699,67.266701,68.5233,9890190.0,58.34769100000001,0.030122344563865863
2015-08-17,2015-08-17,68.786697,70.366699,67.339996,68.173302,6068775.0,58.049664,-0.005120866385150968
2015-08-18,2015-08-18,68.653297,70.3367,68.199997,69.166702,4940040.0,58.895538,0.014466412256665784
2015-08-19,2015-08-19,69.309998,69.800003,67.93,68.646698,3610905.0,58.45275899999999,-0.007546442728674663
2015-08-20,2015-08-20,68.440002,69.866699,67.733299,68.739998,5706255.0,58.532211,0.0013583285479512595
2015-08-21,2015-08-21,67.7967,67.7967,65.536697,66.653297,5009985.0,56.755375,-0.030826852556552712
2015-08-24,2015-08-24,60.706699,64.246696,59.330002,60.186699,7861830.0,51.249062,-0.10205305012084276
2015-08-25,2015-08-25,61.46670200000001,62.666698,54.083302,61.259998,10627980.0,52.162975,0.01767563662284744
2015-08-26,2015-08-26,61.326698,63.513302,59.436699,62.553299,5779935.0,53.264229,0.02089202812771873
2015-08-27,2015-08-27,64.313301,69.253304,64.066704,65.106697,14969730.0,55.438442,0.040008271871096124
2015-08-28,2015-08-28,66.440002,67.91999799999999,65.346703,65.633301,6967755.0,55.88685200000001,0.008055894737677427
2015-08-31,2015-08-31,65.633301,66.379997,64.383301,65.153297,3430710.0,55.478123,-0.007340383908561955
2015-09-01,2015-09-01,64.660004,66.303299,62.776699,63.786701,4427325.0,54.31446500000001,-0.021198180974945302
2015-09-02,2015-09-02,64.276703,65.98670200000001,63.776699,64.629997,6119970.0,55.032532,0.013133919391929538
2015-09-03,2015-09-03,65.373299,67.613297,65.120003,66.120003,9358125.0,56.301277,0.02279271566903773
2015-09-04,2015-09-04,66.206703,67.183296,63.806702,64.533302,6589980.0,54.950199,-0.024289914631661524
2015-09-07,2015-09-07,64.66999799999999,65.776703,62.533298,62.9133,4263435.0,53.570759,-0.025423924146818155
2015-09-08,2015-09-08,63.866699,64.33000200000001,60.4333,63.040001,7381395.0,53.67865,0.002011965145566119
2015-09-09,2015-09-09,64.446701,64.806702,63.540001,63.946701,3878505.0,54.450706,0.014280472002898838
2015-09-10,2015-09-10,62.799999,63.543301,61.666698,62.709999,4487310.0,58.422527,0.07040573643964397
2015-09-11,2015-09-11,63.400002,64.253304,62.2733,62.64670200000001,4212810.0,58.363552,-0.0010099663507503462
2015-09-14,2015-09-14,62.959999,63.563301,62.439999,62.803299,2640570.0,58.50944499999999,0.002496608789451571
2015-09-15,2015-09-15,63.103298,63.4333,61.403301,61.573299,2707740.0,57.363544,-0.0197792145982163
2015-09-16,2015-09-16,62.18,63.130001,60.576698,61.0033,5109810.0,56.832512,-0.009300423260782507
2015-09-18,2015-09-18,62.866699,63.266701,61.666698,61.96670200000001,5616600.0,57.73004200000001,0.015669140259128692
2015-09-21,2015-09-21,62.060001,63.0,61.736698,62.689999,3325905.0,58.403893,0.011604851974080788
2015-09-22,2015-09-22,63.006699,63.736698,61.02,61.5867,4402170.0,57.376022,-0.017756067713111
2015-09-23,2015-09-23,60.666698,62.333302,60.543301,61.986698,2690520.0,57.748676,0.006473941873931466
2015-09-24,2015-09-24,61.9333,63.4067,61.736698,62.463299,2948385.0,58.192692,0.007659357110722631
2015-09-28,2015-09-28,62.6633,63.490002,62.4067,62.93,3086415.0,58.627483,0.0074437999712175795
2015-09-29,2015-09-29,62.133301,65.5,61.533298,63.833302,9832635.0,59.469025,0.01425200894908496
2015-09-30,2015-09-30,64.393303,64.866699,63.540001,63.96670200000001,2865690.0,59.593304,0.002087630003206442
2015-10-01,2015-10-01,64.466698,64.916702,63.490002,63.7733,3429765.0,59.413128,-0.0030280067159198514
2015-10-05,2015-10-05,64.400002,66.260002,64.120003,64.9133,6244905.0,60.475185,0.01771790355627445
2015-10-06,2015-10-06,65.466698,66.199997,64.93,65.529999,4091100.0,61.049717,0.009455449394584649
2015-10-07,2015-10-07,65.533302,65.91999799999999,64.916702,65.133301,2625915.0,60.680141000000006,-0.0060720868585733
2015-10-08,2015-10-08,65.040001,65.996696,64.733299,65.373299,2171235.0,60.903728,0.0036779098062549313
2015-10-09,2015-10-09,65.599998,68.533302,65.416702,67.5467,12360780.0,62.928539,0.032705393048276576
2015-10-12,2015-10-12,68.066704,68.933296,66.666702,67.286697,4495650.0,62.686314,-0.003856634696381533
2015-10-13,2015-10-13,67.483299,68.033302,66.9133,67.519997,2604915.0,62.90366700000001,0.0034613145932924643
2015-10-14,2015-10-14,67.6567,68.666702,67.139999,67.639999,2736495.0,63.015465,0.0017757115634555733
2015-10-15,2015-10-15,68.0,68.566704,67.333298,67.543297,1915980.0,62.92537700000001,-0.0014306401947905554
2015-10-16,2015-10-16,67.92669699999999,68.9133,67.333298,67.800003,3170565.0,63.164532,0.0037934088252162814
2015-10-19,2015-10-19,68.459999,68.743301,67.753304,68.040001,2137485.0,63.388111,0.003533379111030577
2015-10-20,2015-10-20,68.083298,68.326698,66.199997,66.696701,2688465.0,62.13665400000001,-0.019940263837815664
2015-10-21,2015-10-21,66.696701,67.23670200000001,65.23670200000001,65.606697,2556255.0,61.12116999999999,-0.016477769016095326
2015-10-23,2015-10-23,66.18,66.396698,64.666702,64.793297,2042625.0,60.363388,-0.012475525133436529
2015-10-26,2015-10-26,65.0,65.133301,63.459999,63.82,2209020.0,59.45663100000001,-0.015135606186505338
2015-10-27,2015-10-27,63.799999,64.063301,62.473301,62.7967,2400330.0,58.503296,-0.01616406149425309
2015-10-28,2015-10-28,63.293301,64.4133,63.043301,63.759998,3383445.0,59.400738,0.015223556002834647
2015-10-29,2015-10-29,63.6633,63.6633,62.376701,62.556702,1602180.0,58.279709,-0.019052662355886874
2015-10-30,2015-10-30,62.666698,63.266701,61.533298,62.14670200000001,1486440.0,57.897739,-0.0065756544478370324
2015-11-02,2015-11-02,62.333302,63.633301,61.540001,63.213299,2632800.0,58.891415,0.017016990786227204
2015-11-03,2015-11-03,63.666698,63.666698,62.766701,62.946701,1269255.0,58.64304,-0.004226426535439032
2015-11-04,2015-11-04,63.5033,64.400002,62.673302,62.983299,2600655.0,58.67714300000001,0.0005813663103566569
2015-11-05,2015-11-05,62.766701,62.986698,61.799999,62.006699,1415385.0,57.767307,-0.01562727147524523
2015-11-06,2015-11-06,62.006699,62.606701,61.133301,61.473301,1278375.0,57.270378,-0.008639466117734251
2015-11-09,2015-11-09,60.106701,60.5,59.0,59.626701,3154140.0,55.55003000000001,-0.030499470558786438
2015-11-10,2015-11-10,59.9133,60.993301,59.346699,59.669998,3328155.0,55.590366,0.0007258567221768429
2015-11-13,2015-11-13,59.9967,59.9967,59.333302,59.490002,881085.0,55.422676,-0.0030210887751707105
2015-11-16,2015-11-16,59.46670200000001,61.400002,58.9333,60.580002,2071380.0,56.438152,0.018156559626405052
2015-11-17,2015-11-17,60.9967,61.196701,60.206699,60.436699,1237260.0,56.304646,-0.002368329769548261
2015-11-18,2015-11-18,60.333302,62.52,60.206699,60.543301,4128105.0,56.403961,0.0017623325910598453
2015-11-19,2015-11-19,61.0933,62.46670200000001,60.436699,61.973301,3489600.0,57.736195,0.023344886671997852
2015-11-20,2015-11-20,62.0667,63.599998,61.4067,62.3433,3924060.0,58.080898,0.0059525586231012895
2015-11-23,2015-11-23,62.866699,63.533298,61.9967,62.666698,1796310.0,58.382187,0.005173994354189304
2015-11-24,2015-11-24,62.400002,67.643303,62.266701,66.290001,16336665.0,61.757763,0.05620885802189779
2015-11-26,2015-11-26,66.9533,68.196701,66.339996,66.756699,9725535.0,62.192551,0.007015549525419829
2015-11-27,2015-11-27,67.0867,67.120003,65.739998,66.449997,3257460.0,61.906811,-0.0046050277834099864
2015-11-30,2015-11-30,66.466698,67.396698,66.3367,67.1567,6037605.0,62.565208,0.010579134906350872
2015-12-01,2015-12-01,67.333298,67.786697,66.136703,66.629997,2197785.0,62.074509,-0.007873919277568753
2015-12-02,2015-12-02,66.896698,67.366699,66.003304,66.543297,2444505.0,61.993736,-0.0013020738934743648
2015-12-03,2015-12-03,66.91999799999999,66.91999799999999,65.4067,65.616699,1723800.0,61.130497,-0.01402247346104346
2015-12-04,2015-12-04,65.326698,66.0867,64.199997,64.5467,1366725.0,60.13365200000001,-0.016441255940697452
2015-12-07,2015-12-07,65.066704,66.463303,64.666702,64.889999,1789530.0,60.453480000000006,0.0053045253608434715
2015-12-08,2015-12-08,64.666702,65.300003,62.799999,63.133301,1724940.0,58.81687900000001,-0.02744527210753045
2015-12-09,2015-12-09,63.333302,64.133301,61.073299,61.39670200000001,2135025.0,57.19901700000001,-0.02789215861109984
2015-12-10,2015-12-10,62.0,63.46670200000001,60.799999,63.0233,4619685.0,58.714405000000006,0.026148384145630917
2015-12-11,2015-12-11,63.529999,64.063301,62.733299,63.200001,2776425.0,58.87902800000001,0.002799869063157878
2015-12-14,2015-12-14,62.866699,64.113297,62.266701,63.866699,2170770.0,59.500141000000006,0.010493716164489795
2015-12-15,2015-12-15,64.733299,66.526703,64.733299,66.239998,5659860.0,61.711178,0.036486399142709125
2015-12-16,2015-12-16,66.5867,67.446701,65.199997,65.449997,4829910.0,60.975189,-0.011998037711208552
2015-12-17,2015-12-17,66.026703,66.730003,65.493301,66.599998,2333385.0,62.04656600000001,0.017418123925235562
2015-12-18,2015-12-18,66.266701,67.233299,65.933296,66.276703,1911570.0,61.745373,-0.004866126126895409
2015-12-21,2015-12-21,66.333298,66.933296,65.699997,65.996696,1428810.0,61.484512,-0.004233735828781171
2015-12-22,2015-12-22,68.333298,69.089996,66.803299,67.083298,6529890.0,62.496822,0.01633040175181666
2015-12-23,2015-12-23,67.4133,67.7267,66.366699,66.57,2130135.0,62.018612,-0.0076811739051416686
2015-12-24,2015-12-24,66.800003,66.980003,65.693298,66.113297,1291110.0,61.593136,-0.006884097784989329
2015-12-28,2015-12-28,66.666702,67.199997,66.1633,66.446701,1571610.0,61.903751,0.0050303398334481395
2015-12-29,2015-12-29,67.333298,67.9133,65.816704,66.146698,3889335.0,61.624252,-0.00452528123471474
2015-12-30,2015-12-30,66.260002,66.699997,65.41999799999999,65.67669699999999,2180520.0,61.186386,-0.007130780566155792
2015-12-31,2015-12-31,65.839996,66.433296,65.800003,65.9767,1666050.0,61.465878,0.004557477777466623
2016-01-01,2016-01-01,66.333298,67.866699,65.466698,66.946701,2961270.0,62.36956,0.014595144269960338
2016-01-04,2016-01-04,66.793297,67.260002,65.666702,65.940002,2241585.0,61.43169399999999,-0.0151514449409218
2016-01-05,2016-01-05,66.4533,66.613297,65.4133,65.716698,1968315.0,61.223652,-0.003392305452510236
2016-01-06,2016-01-06,66.113297,67.779999,65.536697,67.2967,4905360.0,62.695633,0.02375821064446182
2016-01-07,2016-01-07,67.5867,68.5867,65.709999,66.099998,7095525.0,61.58075,-0.017942474389281315
2016-01-08,2016-01-08,66.686699,67.253304,66.199997,66.4767,2087955.0,61.93169399999999,0.005682746338283806
2016-01-11,2016-01-11,66.306702,66.800003,65.133301,66.01329799999999,1788495.0,61.499977,-0.006995267210795575
2016-01-12,2016-01-12,66.193298,67.519997,65.933296,66.696701,3165390.0,62.13665400000001,0.010299255532636664
2016-01-13,2016-01-13,67.266701,67.266701,62.369999,65.099998,3531330.0,60.649117,-0.024230980021987314
2016-01-14,2016-01-14,63.666698,66.82330300000001,62.366699,64.946701,3260955.0,60.50630200000001,-0.0023575514380871354
2016-01-15,2016-01-15,65.326698,65.599998,62.283298,62.8633,1445685.0,58.56535,-0.03260430013155702
2016-01-18,2016-01-18,62.59,62.59,60.133301,60.456699,1847265.0,56.32328,-0.03903527597932044
2016-01-19,2016-01-19,60.9533,61.866699,60.1633,61.053299,1394850.0,56.87909300000001,0.009819890726587843
2016-01-20,2016-01-20,60.0,60.176701,57.733299,58.619999,1578735.0,54.61215600000001,-0.0406713441834583
2016-01-21,2016-01-21,59.133301,60.236698,58.799999,59.419998,1559505.0,55.357464,0.01355500567810708
2016-01-22,2016-01-22,60.266701,61.666698,60.0,61.0667,1787475.0,56.891575,0.027335762373901677
2016-01-25,2016-01-25,61.66,62.533298,61.266701,62.176701,1160805.0,57.925686,0.018013649763130246
2016-01-27,2016-01-27,63.866699,65.7267,63.493301,64.199997,4083270.0,59.81065,0.03202282559666436
2016-01-28,2016-01-28,64.199997,65.9133,63.02,65.166702,2343615.0,60.711262,0.014945477530703856
2016-01-29,2016-01-29,65.4533,65.456703,64.0,64.193298,1658325.0,59.804417,-0.015049695170871404
2016-02-01,2016-02-01,64.709999,64.966698,63.5667,64.0867,1611285.0,59.705105,-0.0016619934746318064
2016-02-02,2016-02-02,64.066704,65.519997,63.009998,63.416698,2852025.0,59.08090600000001,-0.010509734946088756
2016-02-03,2016-02-03,62.8167,62.9333,61.133301,61.3433,1877520.0,57.149265,-0.03324126341866318
2016-02-04,2016-02-04,62.0667,63.263302,61.4333,63.009998,2082525.0,58.702015,0.026807524066043698
2016-02-05,2016-02-05,63.580002,63.580002,62.0033,62.943298,2025990.0,58.63987,-0.0010592126726143294
2016-02-08,2016-02-08,63.119999,64.533302,62.366699,63.436699,1494810.0,59.099541,0.00780831722527342
2016-02-09,2016-02-09,62.333302,63.240002,61.9333,62.150002,1110315.0,57.900814,-0.02049171468237088
2016-02-10,2016-02-10,62.150002,63.106701,56.813301,59.326698,7463610.0,55.270538,-0.04649144337133482
2016-02-11,2016-02-11,59.0667,59.856701,55.333302,55.9067,3861405.0,52.084366,-0.05937517287888116
2016-02-12,2016-02-12,56.139999,56.883301,54.150002,55.866699,2595300.0,52.0471,-0.0007157491010629791
2016-02-15,2016-02-15,56.799999,58.263302,56.733299,57.779999,1429020.0,53.82959,0.03367423812239245
2016-02-16,2016-02-16,58.200001,58.5867,56.666698,56.9533,1397925.0,53.05941,-0.01441108681277514
2016-02-17,2016-02-17,57.026699,57.616699,55.34,57.1133,1429470.0,53.208469,0.002805346246864016
2016-02-18,2016-02-18,57.916698,58.133301,56.076698,57.166698,1477965.0,53.258213,0.0009344520311005412
2016-02-19,2016-02-19,57.143299,57.68,56.4067,57.3867,877110.0,53.463177,0.003841109116086372
2016-02-22,2016-02-22,57.759998,60.459999,57.46670200000001,59.866699,4670730.0,55.773617,0.042307807401138486
2016-02-23,2016-02-23,60.233299,60.43,58.400002,58.669998,2433360.0,54.658737,-0.020191870199024464
2016-02-24,2016-02-24,58.0,59.666698,57.866699,58.123299,2387175.0,54.149414,-0.009361922159440985
2016-02-25,2016-02-25,58.326698,58.5933,57.346699,57.630001,1150665.0,53.689846,-0.008523255484881087
2016-02-26,2016-02-26,58.2533,58.560001,57.4767,57.990002,1218765.0,54.02523000000001,0.006227263559938301
2016-02-29,2016-02-29,58.063301,59.866699,57.333302,57.5933,4135995.0,53.655651,-0.0068643652942874675
2016-03-01,2016-03-01,57.98,59.846699,57.98,59.310001,2403975.0,55.254982,0.029371713900425256
2016-03-02,2016-03-02,59.926701,60.990002,59.923302,60.71670200000001,2520645.0,56.56551,0.02344092723554692
2016-03-03,2016-03-03,61.856701,63.266701,61.46670200000001,61.6633,3797595.0,57.447388,0.015470102125027196
2016-03-04,2016-03-04,61.799999,61.993301,60.3433,60.723301,2784480.0,56.57165500000001,-0.015361472922482022
2016-03-08,2016-03-08,60.799999,61.900002,59.666698,60.950001,3200430.0,56.782856,0.00372638446464002
2016-03-09,2016-03-09,61.0,62.756699,60.200001,62.096699,4735035.0,57.851154,0.018638952401420102
2016-03-10,2016-03-10,62.326698,62.533298,61.053299,61.633301,1993455.0,57.419441000000006,-0.007490462220813399
2016-03-11,2016-03-11,62.2733,62.866699,61.766701,62.240002,3495135.0,57.984661,0.009795570690348754
2016-03-14,2016-03-14,62.799999,62.8633,61.583302,61.873299,2361375.0,57.643028,-0.005909207337271738
2016-03-15,2016-03-15,62.189999,62.196701,61.033298,61.196701,1043235.0,57.012691,-0.01099541054001385
2016-03-16,2016-03-16,61.493301,64.466698,60.9333,63.869999,8071080.0,59.503216,0.04275646933636068
2016-03-17,2016-03-17,64.4533,64.643303,62.793301,63.036701,3191145.0,58.726891,-0.013132630547974422
2016-03-18,2016-03-18,63.0,64.166702,62.360001,63.48,2608005.0,59.139881,0.007007771284698983
2016-03-21,2016-03-21,63.0667,64.133301,62.73,63.423302,2378340.0,59.087059,-0.0008935696638125991
2016-03-22,2016-03-22,63.66,63.66,62.400002,62.919998,2524590.0,58.618164,-0.007967318160214454
2016-03-23,2016-03-23,62.93,63.599998,62.4067,62.68,1893270.0,58.39457700000001,-0.0038215884903562976
2016-03-28,2016-03-28,62.866699,63.59,62.0,62.349998,1476960.0,58.087139,-0.005278746303849502
2016-03-29,2016-03-29,62.643299,64.626701,62.353298,63.4967,4953945.0,59.155437,0.0182242254209255
2016-03-30,2016-03-30,63.64670200000001,64.326698,63.0,63.4967,1977735.0,59.155437,0.0
2016-03-31,2016-03-31,63.073299,63.756699,62.169998,62.8633,2025900.0,58.56535,-0.010025280280830271
2016-04-01,2016-04-01,63.130001,63.833302,63.0,63.196701,1172625.0,58.87595,0.005289463317835974
2016-04-04,2016-04-04,63.5233,64.133301,62.866699,63.643299,1665495.0,59.292015,0.007041954549303675
2016-04-05,2016-04-05,63.200001,64.423302,62.669998,62.89670200000001,2120295.0,58.59646600000001,-0.011800255039625895
2016-04-06,2016-04-06,63.2533,63.540001,62.733299,63.299999,926475.0,58.972183,0.00639147055318201
2016-04-07,2016-04-07,63.39670200000001,63.39670200000001,62.666698,62.830002,706635.0,58.534321,-0.007452592183503803
2016-04-08,2016-04-08,63.18,64.253304,63.1367,63.5,2959530.0,59.158512,0.010607219429601857
2016-04-11,2016-04-11,63.4533,66.08000200000001,63.006699,64.963303,6906630.0,60.521774,0.022782715718013158
2016-04-12,2016-04-12,65.43,66.633301,65.199997,65.716698,3449085.0,61.223652,0.011530384331519095
2016-04-13,2016-04-13,66.279999,67.666702,65.533302,65.860001,3757200.0,61.357162,0.002178318913641064
2016-04-18,2016-04-18,65.980003,67.666702,64.866699,67.41999799999999,4191465.0,62.810497,0.023410304828095363
2016-04-20,2016-04-20,67.599998,67.866699,66.2267,66.606697,2210850.0,62.052811,-0.01213639638756181
2016-04-21,2016-04-21,67.196701,67.599998,66.2967,66.816704,1674285.0,62.24845500000001,0.0031479029595367076
2016-04-22,2016-04-22,66.713303,67.566704,66.07330300000001,66.9067,1386240.0,62.332302,0.0013460668353486582
2016-04-25,2016-04-25,67.066704,68.516701,66.349998,66.856697,3659160.0,62.285721,-0.0007475805031731397
2016-04-26,2016-04-26,66.666702,68.123299,66.666702,67.723297,2321610.0,63.09306700000001,0.01287868820166693
2016-04-27,2016-04-27,68.120003,68.233299,67.066704,67.25,1314720.0,62.65213000000001,-0.00701321112557185
2016-04-28,2016-04-28,67.133301,67.470001,66.316704,66.449997,1249470.0,61.906811,-0.011967473220358292
2016-04-29,2016-04-29,66.596703,67.333298,65.9533,66.620003,1296690.0,62.065201,0.002555255555289904
2016-05-02,2016-05-02,66.466698,66.91999799999999,65.353302,65.756699,1682895.0,61.260921,-0.013043325931174188
2016-05-03,2016-05-03,66.253304,68.463303,66.01329799999999,67.216698,4915200.0,62.62110500000001,0.021960226290286045
2016-05-04,2016-05-04,67.216698,67.400002,65.526703,65.956703,2676495.0,61.447254,-0.01892321358564164
2016-05-05,2016-05-05,65.933296,66.386703,65.096703,65.253304,1674900.0,60.791943,-0.010721884532705063
2016-05-06,2016-05-06,64.933296,65.186699,62.84,63.2733,3106245.0,58.947311,-0.030813252728590257
2016-05-09,2016-05-09,63.46670200000001,64.160004,63.463299,63.889999,2131560.0,59.521847,0.00969941061430557
2016-05-10,2016-05-10,64.42669699999999,65.199997,64.066704,64.943298,3313635.0,60.503136,0.016351776774779836
2016-05-11,2016-05-11,63.986698,65.5933,63.6133,64.993301,2010375.0,60.549717,0.0007695977607244943
2016-05-12,2016-05-12,65.193298,65.933296,64.806702,65.223297,1423575.0,60.763988,0.003532514695151256
2016-05-13,2016-05-13,65.133301,65.92669699999999,64.233299,65.5,1797975.0,61.021774,0.004233440441152148
2016-05-16,2016-05-16,66.026703,66.866699,64.473297,65.206703,5849850.0,60.74853100000001,-0.0044878504428629284
2016-05-17,2016-05-17,65.790001,66.440002,65.033302,65.370003,2934240.0,60.900661,0.0025011276574007373
2016-05-18,2016-05-18,65.400002,66.246696,65.333298,65.58000200000001,1636185.0,61.096302,0.003207312098593817
2016-05-19,2016-05-19,65.766701,65.800003,64.936699,65.16999799999999,992910.0,60.714336,-0.006271492510272481
2016-05-20,2016-05-20,65.266701,65.466698,64.266701,64.503304,900885.0,60.09322,-0.010282824906676423
2016-05-23,2016-05-23,64.900002,65.129997,63.533298,63.8633,922215.0,59.496975,-0.009971552274341988
2016-05-24,2016-05-24,63.9133,63.959999,62.009998,62.606701,1022775.0,58.32629,-0.019872535814780438
2016-05-25,2016-05-25,63.196701,63.666698,62.903301,63.27,884055.0,58.944237,0.010538926281975058
2016-05-26,2016-05-26,63.529999,63.799999,62.673302,62.873299,1507515.0,58.574661,-0.006289664465103151
2016-05-27,2016-05-27,63.0667,64.599998,62.9333,63.459999,2127375.0,59.121246,0.009288155270805731
2016-05-30,2016-05-30,63.733299,64.133301,63.0,63.293301,1200810.0,58.96594200000001,-0.0026303292028746483
2016-05-31,2016-05-31,63.529999,63.700001,62.666698,63.196701,1149480.0,58.87595,-0.0015273349055551222
2016-06-01,2016-06-01,63.46670200000001,65.746696,63.200001,64.683296,5037735.0,60.26090600000001,0.023250880350617287
2016-06-02,2016-06-02,65.116699,66.666702,64.916702,65.766701,2197572.0,61.270237,0.01661062641665545
2016-06-03,2016-06-03,66.150002,66.150002,65.0,65.400002,930390.0,60.928608,-0.005591376744069621
2016-06-06,2016-06-06,65.050003,65.050003,62.333302,63.799999,1676502.0,59.438,-0.024769065642793464
2016-06-07,2016-06-07,64.566704,64.566704,63.533298,64.199997,879156.0,59.81065,0.006249986277366837
2016-06-08,2016-06-08,63.71670200000001,65.0,62.400002,62.983299,1621020.0,58.67714300000001,-0.019133474454015698
2016-06-09,2016-06-09,63.333302,63.599998,62.333302,62.983299,996552.0,58.67714300000001,0.0
2016-06-10,2016-06-10,63.21670200000001,63.666698,62.46670200000001,62.733299,708810.0,58.44422900000001,-0.003977315208355314
2016-06-13,2016-06-13,62.483299,63.0,61.5,62.416698,748434.0,58.14927700000001,-0.005059503557525602
2016-06-14,2016-06-14,62.46670200000001,62.916698,61.0,61.46670200000001,1232532.0,57.264233,-0.015337222636004457
2016-06-15,2016-06-15,62.0,62.033298,61.0,61.283298,1545348.0,57.093369,-0.002988242568176425
2016-06-16,2016-06-16,61.0,62.4333,60.333302,61.833302,1482660.0,57.605766,0.008934686537221738
2016-06-17,2016-06-17,62.299999,62.3167,61.0,61.700001,1098450.0,57.481579,-0.002158135600409672
2016-06-20,2016-06-20,61.25,62.983299,60.96670200000001,62.033298,1198215.0,57.792091000000006,0.005387401147668669
2016-06-21,2016-06-21,62.049999,62.3167,61.083302,61.783298,990351.0,57.559181,-0.004038279118737442
2016-06-22,2016-06-22,63.0,63.96670200000001,61.666698,62.233299,3109905.0,57.978416,0.007257150067935925
2016-06-23,2016-06-23,62.400002,62.799999,61.666698,62.383301,642780.0,58.11816,0.002407376208752865
2016-06-24,2016-06-24,59.0,62.3167,58.666698,61.950001,1337814.0,57.714485,-0.006969997693462736
2016-06-27,2016-06-27,61.46670200000001,63.0,61.383301,62.5,822885.0,58.226887,0.008839042134204611
2016-06-28,2016-06-28,62.666698,64.483299,62.666698,64.166702,1820073.0,59.779633,0.026317793655588062
2016-06-29,2016-06-29,64.516701,64.816704,62.8167,63.75,1906533.0,59.391422,-0.006515212494016431
2016-06-30,2016-06-30,64.133301,64.366699,63.0,63.533298,719298.0,59.18954100000001,-0.003404951181674498
2016-07-01,2016-07-01,63.666698,65.233299,63.650002,64.25,1556577.0,59.857235,0.01121745626084092
2016-07-04,2016-07-04,64.333298,65.616699,64.066704,64.466698,1949727.0,60.059116,0.003367033587030832
2016-07-05,2016-07-05,65.0,65.900002,64.516701,64.933296,1788558.0,60.493813,0.007211751512473441
2016-07-07,2016-07-07,66.133301,74.233299,66.116699,71.849998,18982266.0,66.93762199999999,0.10122007545739288
2016-07-08,2016-07-08,72.0,74.633301,70.666702,73.300003,11332503.0,68.28849,0.01998006034356603
2016-07-11,2016-07-11,74.333298,77.483299,73.333298,76.533302,10170321.0,71.300728,0.04316530660122897
2016-07-12,2016-07-12,76.650002,87.833298,76.650002,85.966698,31591887.0,80.08916500000002,0.11623403876342753
2016-07-13,2016-07-13,86.333298,88.933296,75.25,76.583298,31216179.0,71.347298,-0.1155811029610847
2016-07-14,2016-07-14,76.699997,81.166702,76.699997,80.366699,18521889.0,74.87204,0.048221049550774886
2016-07-15,2016-07-15,82.266701,83.633301,80.833298,81.800003,8579778.0,76.20734399999998,0.017677312901375863
2016-07-18,2016-07-18,82.116699,82.833298,80.25,80.783302,3375885.0,75.260162,-0.012506898300457259
2016-07-19,2016-07-19,81.233299,82.599998,79.533302,82.166702,5060157.0,76.548973,0.016979768244923754
2016-07-20,2016-07-20,82.533302,82.583298,80.033302,80.583298,2462358.0,75.073837,-0.019458583371853244
2016-07-21,2016-07-21,81.0,84.466698,80.400002,83.033302,7407798.0,77.35633100000003,0.029950299835232563
2016-07-22,2016-07-22,82.666702,84.400002,81.733299,83.650002,3154971.0,77.930862,0.007399626593925569
2016-07-25,2016-07-25,83.599998,84.466698,82.166702,83.183296,2355867.0,77.496063,-0.005594913934134027
2016-07-26,2016-07-26,82.666702,84.199997,81.699997,81.949997,2259561.0,76.347084,-0.014937296668031232
2016-07-27,2016-07-27,82.199997,83.650002,82.0,82.300003,1724379.0,76.673164,0.004261926089371926
2016-07-28,2016-07-28,82.333298,82.933296,81.283302,81.583298,1831653.0,76.005455,-0.008746650463954175
2016-07-29,2016-07-29,82.0,83.099998,81.333298,82.400002,1605906.0,76.766319,0.009960875246569856
2016-08-01,2016-08-01,82.966698,82.966698,80.699997,81.400002,1162299.0,75.834694,-0.01221009685382679
2016-08-02,2016-08-02,81.366699,83.25,81.166702,81.666702,1755192.0,76.083153,0.0032709681769871324
2016-08-03,2016-08-03,81.533302,82.0,79.066704,79.566704,1278753.0,74.12674,-0.02605052969195132
2016-08-04,2016-08-04,82.199997,82.666702,80.033302,80.550003,2145336.0,75.042816,0.012282499742211073
2016-08-05,2016-08-05,81.166702,82.183296,80.816704,81.550003,1359708.0,75.97444200000002,0.01233816360834794
2016-08-08,2016-08-08,81.800003,82.166702,80.699997,80.983299,903774.0,75.44648000000002,-0.006973463541964264
2016-08-09,2016-08-09,81.0,82.133301,80.166702,80.400002,1046613.0,74.903061,-0.0072287732008256
2016-08-10,2016-08-10,80.633301,80.816704,78.033302,79.033302,1257801.0,73.629799,-0.017144936000516253
2016-08-11,2016-08-11,79.300003,80.666702,77.083298,77.650002,2080056.0,72.341072,-0.017657776186503327
2016-08-12,2016-08-12,77.849998,78.666702,76.683296,76.883301,1209921.0,71.626801,-0.009922725754417884
2016-08-16,2016-08-16,77.199997,79.133301,76.900002,77.449997,1142193.0,72.15475500000002,0.007343867843752072
2016-08-17,2016-08-17,77.900002,78.116699,76.699997,77.016701,768483.0,71.751076,-0.0056103363712232115
2016-08-18,2016-08-18,77.333298,82.0,77.333298,80.650002,3983097.0,75.135971,0.04609656775575832
2016-08-19,2016-08-19,80.333298,82.266701,79.5,80.699997,2478711.0,75.182549,0.000619724056499571
2016-08-22,2016-08-22,81.283302,82.783302,80.5,80.949997,2468379.0,75.415451,0.0030930315897697014
2016-08-23,2016-08-23,80.983299,81.383301,79.333298,80.216698,1225020.0,74.7323,-0.00909977951086649
2016-08-24,2016-08-24,80.883301,81.5,79.533302,80.083298,1887546.0,74.608002,-0.0016646280613832332
2016-08-25,2016-08-25,80.300003,81.166702,78.583298,80.050003,1136166.0,74.576988,-0.0004157791001198064
2016-08-26,2016-08-26,80.300003,80.816704,79.666702,80.0,803181.0,74.530411,-0.0006247443363278649
2016-08-29,2016-08-29,80.0,80.050003,78.550003,78.916702,978909.0,73.521179,-0.013633729064778777
2016-08-30,2016-08-30,78.400002,80.166702,78.400002,79.883301,1011717.0,74.42169200000002,0.012173944112209513
2016-08-31,2016-08-31,80.033302,81.900002,79.183296,80.416702,2702415.0,74.918617,0.006654959231444657
2016-09-01,2016-09-01,80.483299,81.533302,80.033302,80.583298,1156128.0,75.073837,0.002069704858744359
2016-09-02,2016-09-02,81.0,83.316704,80.383301,81.533302,5640054.0,75.958893,0.011720189804262482
2016-09-06,2016-09-06,82.599998,83.133301,82.166702,82.516701,1809996.0,76.875038,0.011988908057326777
2016-09-07,2016-09-07,84.166702,84.650002,83.25,83.983299,3940791.0,80.184845,0.04215331149353218
2016-09-08,2016-09-08,84.0,85.833298,84.0,85.266701,3397614.0,83.396225,0.039268512622260936
2016-09-09,2016-09-09,86.0,86.916702,83.533302,84.066704,3295767.0,82.222557,-0.014173364075967143
2016-09-12,2016-09-12,82.333298,84.166702,81.266701,81.666702,1690599.0,79.875198,-0.028964288907462613
2016-09-14,2016-09-14,82.316704,83.849998,82.300003,82.883301,1878567.0,81.06510899999998,0.014787255033274603
2016-09-15,2016-09-15,84.866699,85.150002,83.400002,84.550003,3757626.0,82.695259,0.01990962609476288
2016-09-16,2016-09-16,84.683296,85.133301,82.650002,83.0,1435965.0,81.17926,-0.01850247687240003
2016-09-19,2016-09-19,83.333298,84.333298,80.833298,84.0,2131593.0,82.157318,0.011976125641783852
2016-09-20,2016-09-20,85.433296,85.916702,83.866699,84.366699,2077971.0,82.515976,0.004356001612748628
2016-09-21,2016-09-21,86.333298,86.650002,84.233299,84.633301,3019443.0,82.776726,0.003155011844312661
2016-09-22,2016-09-22,85.333298,85.633301,83.849998,84.233299,1329357.0,82.38549,-0.0047376057459898036
2016-09-23,2016-09-23,84.5,84.900002,83.449997,84.583298,1058433.0,82.727814,0.004146540371904983
2016-09-26,2016-09-26,84.650002,85.233299,83.666702,84.25,1065963.0,82.401825,-0.003948284819849768
2016-09-27,2016-09-27,84.416702,84.800003,83.166702,84.349998,992805.0,82.499634,0.0011862722387441238
2016-09-28,2016-09-28,84.5,86.416702,84.066704,86.050003,1947045.0,84.162346,0.019953767109012862
2016-09-29,2016-09-29,86.033302,87.466698,82.0,83.566704,2825070.0,81.733521,-0.029283412600031863
2016-09-30,2016-09-30,83.0,84.833298,82.366699,83.916702,809508.0,82.07584399999998,0.004179535136134227
2016-10-03,2016-10-03,85.0,86.666702,84.0,86.366699,1638990.0,84.472099,0.02877754387723641
2016-10-04,2016-10-04,86.966698,94.650002,86.166702,92.650002,10714302.0,90.617561,0.07022673379888733
2016-10-05,2016-10-05,93.633301,99.800003,93.066704,93.616699,13782813.0,91.563049,0.010379770809450406
2016-10-06,2016-10-06,93.866699,94.599998,90.5,90.900002,5194665.0,88.905952,-0.029448703188102776
2016-10-07,2016-10-07,90.933296,91.0,87.666702,88.033302,2500026.0,86.102142,-0.03204480273673305
2016-10-10,2016-10-10,88.150002,88.733299,86.733299,87.283302,1141332.0,85.368599,-0.008555949202641244
2016-10-13,2016-10-13,86.933296,89.300003,84.400002,85.849998,5378445.0,83.966728,-0.016557714831591852
2016-10-14,2016-10-14,86.616699,87.5,85.25,85.550003,1525746.0,83.673317,-0.0035004917781771283
2016-10-17,2016-10-17,84.833298,86.166702,83.066704,83.400002,1812618.0,81.57048,-0.025452701549060208
2016-10-18,2016-10-18,84.133301,85.0,83.683296,84.216698,1599894.0,82.36925500000002,0.009744816545657288
2016-10-19,2016-10-19,84.483299,85.300003,84.166702,84.433296,1172616.0,82.5811,0.002568592428595195
2016-10-20,2016-10-20,82.916702,84.633301,81.699997,83.650002,12862257.0,81.814995,-0.00932030101842507
2016-10-21,2016-10-21,80.949997,82.333298,80.083298,80.400002,16306599.0,78.636284,-0.039627318351135976
2016-10-24,2016-10-24,79.0,79.916702,78.75,78.933296,17794977.0,77.201759,-0.01841097967098282
2016-10-25,2016-10-25,79.0,81.133301,79.0,80.616699,9629439.0,78.848228,0.021102598361179226
2016-10-26,2016-10-26,80.666702,81.300003,79.083298,79.283302,4442805.0,77.544083,-0.016678252556642015
2016-10-27,2016-10-27,79.366699,80.333298,78.949997,79.733299,2659959.0,77.984215,0.005659846864998208
2016-10-28,2016-10-28,80.0,80.566704,79.666702,79.966698,1986531.0,78.212486,0.00292286791015961
2016-11-01,2016-11-01,81.599998,81.666702,80.0,80.233299,2680602.0,78.473244,0.0033284235996706717
2016-11-02,2016-11-02,79.966698,80.300003,79.083298,79.849998,2055723.0,78.098351,-0.004788783258343976
2016-11-03,2016-11-03,79.966698,79.966698,78.0,78.400002,2251713.0,76.680161,-0.018325924856186226
2016-11-04,2016-11-04,78.483299,78.783302,75.666702,76.116699,2109513.0,74.446945,-0.029556293773170594
2016-11-07,2016-11-07,76.883301,80.233299,76.883301,78.133301,3585108.0,76.419312,0.026148715062485728
2016-11-08,2016-11-08,79.166702,79.166702,77.683296,78.166702,1309722.0,76.451981,0.0004274053009716283
2016-11-09,2016-11-09,69.333298,76.633301,66.349998,73.800003,6043053.0,72.18106800000002,-0.05748504895271723
2016-11-10,2016-11-10,76.25,78.333298,75.683296,77.449997,3672768.0,75.750999,0.0482738369736726
2016-11-11,2016-11-11,76.266701,77.516701,75.400002,75.650002,2158173.0,73.990494,-0.023515006928240826
2016-11-15,2016-11-15,76.0,76.300003,73.516701,74.166702,1860786.0,72.539726,-0.019802268871822012
2016-11-16,2016-11-16,74.800003,75.800003,72.599998,73.349998,2279553.0,71.740936,-0.011072837487660971
2016-11-17,2016-11-17,72.966698,74.166702,71.666702,72.233299,1414998.0,70.648735,-0.015341315329679972
2016-11-18,2016-11-18,73.0,74.199997,72.566704,73.283302,1778742.0,71.67570500000002,0.01443164398270991
2016-11-21,2016-11-21,73.416702,73.966698,69.366699,70.016701,3767163.0,68.48075899999999,-0.045599032486531854
2016-11-22,2016-11-22,71.066704,71.483299,69.166702,70.599998,4287051.0,69.05127,0.008296456855284795
2016-11-23,2016-11-23,71.566704,76.650002,71.0,76.216698,5424525.0,74.544754,0.07655039769940862
2016-11-24,2016-11-24,75.833298,77.5,74.666702,75.133301,4833435.0,73.485123,-0.014316692286566738
2016-11-25,2016-11-25,75.783302,76.583298,75.166702,75.449997,1795656.0,73.79486800000002,0.004206212324836756
2016-11-28,2016-11-28,75.666702,77.083298,75.366699,75.666702,2161230.0,74.006821,0.0028680747388634127
2016-11-29,2016-11-29,76.333298,76.333298,75.050003,75.650002,2179068.0,73.990494,-0.0002206391388419604
2016-11-30,2016-11-30,75.983299,76.516701,75.516701,76.033302,1905897.0,74.365379,0.005053872022048545
2016-12-01,2016-12-01,76.366699,77.383301,75.5,75.75,2218593.0,74.088287,-0.0037330478829398217
2016-12-02,2016-12-02,75.283302,75.650002,73.183296,74.083298,1548366.0,72.458153,-0.022248254415614174
2016-12-05,2016-12-05,74.466698,76.0,73.416702,75.5,2027466.0,73.843773,0.018942490639023646
2016-12-06,2016-12-06,75.833298,79.316704,75.099998,77.983299,5960577.0,76.27260600000002,0.03236215782388552
2016-12-07,2016-12-07,78.266701,78.666702,76.533302,77.483299,3558150.0,75.783569,-0.0064323423387282475
2016-12-08,2016-12-08,77.800003,78.833298,77.683296,78.366699,1752252.0,76.647591,0.01133667491174428
2016-12-09,2016-12-09,78.666702,78.699997,77.366699,77.800003,1149483.0,76.09333000000002,-0.007257563057962102
2016-12-12,2016-12-12,77.783302,78.716698,76.266701,76.583298,1507884.0,74.903305,-0.015762598144204
2016-12-13,2016-12-13,76.5,76.916702,75.699997,75.833298,1094415.0,74.169762,-0.009841468151568831
2016-12-14,2016-12-14,75.900002,76.300003,75.0,75.199997,824946.0,73.550354,-0.008386286810562638
2016-12-15,2016-12-15,74.183296,75.416702,74.0,74.433296,1335537.0,72.800476,-0.010247766445405482
2016-12-16,2016-12-16,74.066704,76.0,74.066704,74.900002,2779899.0,73.256935,0.006250425540823557
2016-12-19,2016-12-19,75.533302,75.833298,74.349998,74.616699,1756731.0,72.979851,-0.003789529832658012
2016-12-20,2016-12-20,75.266701,76.883301,74.816704,76.233299,2660451.0,74.560989,0.021434045423372797
2016-12-21,2016-12-21,76.666702,76.666702,75.333298,75.550003,866412.0,73.892685,-0.00900359683455587
2016-12-22,2016-12-22,75.333298,75.483299,74.0,74.316704,948990.0,72.686432,-0.0164591008041004
2016-12-23,2016-12-23,73.833298,75.300003,73.833298,74.416702,829368.0,72.78424100000002,0.0013447248537703516
2016-12-26,2016-12-26,74.333298,76.466698,71.533302,73.266701,6192954.0,71.65947,-0.015574146176839497
2016-12-27,2016-12-27,73.233299,75.833298,72.683296,75.0,3885708.0,73.354744,0.02338186289491073
2016-12-28,2016-12-28,76.0,78.300003,75.366699,76.383301,4627269.0,74.70770300000002,0.01827602725807065
2016-12-29,2016-12-29,76.833298,79.0,76.666702,78.666702,5030067.0,76.94100999999998,0.029455818384426458
2016-12-30,2016-12-30,79.416702,81.433296,79.050003,79.650002,6493581.0,77.90274000000002,0.012422101207214098
2017-01-02,2017-01-02,80.349998,84.916702,80.349998,84.483299,10800348.0,82.630013,0.058911842483689185
2017-01-03,2017-01-03,85.933296,86.583298,84.0,84.816704,6187929.0,82.956108,0.0039386806043335545
2017-01-04,2017-01-04,85.483299,85.966698,81.699997,82.366699,9914781.0,80.559845,-0.029311324268582517
2017-01-05,2017-01-05,82.833298,84.0,80.133301,83.199997,5573718.0,81.374863,0.010066092586889395
2017-01-06,2017-01-06,83.316704,84.766701,83.216698,83.650002,2417802.0,81.814995,0.005394122803800805
2017-01-09,2017-01-09,83.933296,87.0,83.050003,85.916702,5158551.0,84.031975,0.02673684140720578
2017-01-10,2017-01-10,86.400002,90.0,85.583298,89.383301,9408285.0,87.422523,0.03955556851674746
2017-01-11,2017-01-11,90.183296,91.666702,89.033302,91.116699,6868746.0,89.11790500000002,0.01920731858118163
2017-01-12,2017-01-12,91.633301,91.633301,89.483299,90.716698,4248951.0,88.726669,-0.004399758984209967
2017-01-13,2017-01-13,90.983299,92.400002,90.349998,91.566704,2950194.0,89.558029,0.009326274607414751
2017-01-16,2017-01-16,91.866699,93.983299,91.366699,91.783302,4702209.0,89.769875,0.0023626674245535995
2017-01-17,2017-01-17,92.066704,95.333298,92.066704,93.099998,9170469.0,91.057678,0.014243678590704969
2017-01-18,2017-01-18,93.766701,94.283302,91.666702,91.866699,4198395.0,89.851448,-0.013335401062786191
2017-01-19,2017-01-19,92.166702,92.516701,89.900002,90.366699,3519300.0,88.384338,-0.0164629468470876
2017-01-20,2017-01-20,90.333298,90.483299,85.599998,86.066704,6799188.0,84.17868,-0.04875309946586004
2017-01-23,2017-01-23,86.199997,87.599998,86.0,87.266701,2471421.0,85.352356,0.013846370307830648
2017-01-24,2017-01-24,88.099998,90.0,88.0,88.983299,3375522.0,87.031296,0.019479725264234915
2017-01-25,2017-01-25,89.316704,89.516701,88.349998,89.033302,1771683.0,87.0802,0.0005617549950418521
2017-01-27,2017-01-27,89.433296,90.233299,89.033302,89.699997,3071373.0,87.73226899999997,0.007460246148158768
2017-01-30,2017-01-30,89.699997,89.699997,88.666702,88.949997,1432593.0,86.998726,-0.00839630438129646
2017-01-31,2017-01-31,89.0,91.25,88.666702,90.25,3799665.0,88.27020999999998,0.014509203224343459
2017-02-01,2017-02-01,90.900002,92.0,90.349998,91.583298,5234268.0,89.57425699999997,0.014665290337978474
2017-02-02,2017-02-02,92.0,92.25,91.5,91.733299,2168271.0,89.720963,0.0016364745556574078
2017-02-03,2017-02-03,92.099998,92.666702,90.516701,91.900002,2720520.0,89.88401800000003,0.0018157073805946664
2017-02-06,2017-02-06,92.366699,93.666702,91.949997,92.849998,3006414.0,90.813171,0.01028417978608065
2017-02-07,2017-02-07,93.316704,94.0,92.116699,92.75,2405820.0,90.71537,-0.0010775276320078577
2017-02-08,2017-02-08,93.133301,94.266701,92.016701,93.883301,2313525.0,91.823807,0.01214479699493598
2017-02-09,2017-02-09,94.166702,94.333298,92.800003,93.650002,2265630.0,91.595619,-0.0024881564913901144
2017-02-10,2017-02-10,93.666702,94.333298,93.400002,93.766701,2157540.0,91.70977,0.0012454736369580386
2017-02-13,2017-02-13,94.266701,95.266701,93.5,94.083298,7718418.0,92.019417,0.0033706924656771164
2017-02-14,2017-02-14,94.666702,95.966698,93.800003,95.616699,4637826.0,93.51918,0.016166939819411752
2017-02-15,2017-02-15,95.033302,96.516701,94.833298,95.400002,5129814.0,93.307243,-0.0022688128104055853
2017-02-16,2017-02-16,95.633301,99.0,95.5,96.416702,9674655.0,94.301636,0.010600802238417195
2017-02-17,2017-02-17,96.849998,96.849998,77.849998,87.550003,12329040.0,85.629448,-0.09646929569703122
2017-02-20,2017-02-20,87.949997,90.875,87.550003,88.525002,4243288.0,86.583054,0.01107487244858163
2017-02-21,2017-02-21,88.974998,89.199997,87.5,88.025002,2264230.0,86.094025,-0.005664102152439732
2017-02-22,2017-02-22,88.400002,88.474998,86.599998,87.349998,2892480.0,85.433823,-0.007697936724501808
2017-02-23,2017-02-23,87.449997,87.449997,85.599998,85.824997,1986800.0,83.942284,-0.017612608802959784
2017-02-27,2017-02-27,85.949997,86.199997,83.5,84.025002,2482066.0,82.181763,-0.021196051313699726
2017-02-28,2017-02-28,84.199997,85.974998,82.800003,84.425003,2362050.0,82.57299,0.004749213339469982
2017-03-01,2017-03-01,84.875,84.900002,82.0,82.550003,2651068.0,80.73912800000002,-0.022459314205483416
2017-03-02,2017-03-02,82.599998,85.099998,82.5,82.949997,3256328.0,81.130348,0.004833780542439214
2017-03-03,2017-03-03,82.949997,84.5,82.300003,84.099998,2220512.0,82.255127,0.013768626239452077
2017-03-06,2017-03-06,84.525002,84.525002,83.449997,83.650002,1731986.0,81.814995,-0.005365182281912517
2017-03-07,2017-03-07,85.449997,85.449997,83.25,83.5,2397724.0,81.66828199999998,-0.0017948384945283282
2017-03-08,2017-03-08,83.300003,83.650002,82.25,82.474998,2029466.0,80.665764,-0.012351453929517751
2017-03-09,2017-03-09,82.400002,84.775002,80.275002,84.349998,2065238.0,82.499634,0.02247960962383555
2017-03-10,2017-03-10,84.349998,86.125,83.5,85.449997,3357418.0,83.5755,0.012956557971421924
2017-03-14,2017-03-14,87.550003,89.699997,86.75,89.224998,6704488.0,87.26769300000002,0.04322991068612403
2017-03-15,2017-03-15,89.550003,90.699997,88.175003,90.025002,4663406.0,88.050148,0.008926190179243676
2017-03-16,2017-03-16,91.0,91.0,89.75,90.050003,3477778.0,88.0746,0.0002776668291630813
2017-03-17,2017-03-17,90.949997,90.949997,87.75,89.550003,10165818.0,87.585564,-0.005567992791422505
2017-03-20,2017-03-20,89.800003,89.824997,87.675003,88.0,1791674.0,86.069565,-0.01746032521887031
2017-03-21,2017-03-21,88.150002,89.199997,87.074997,88.400002,1782260.0,86.4608,0.004535267407540289
2017-03-22,2017-03-22,87.5,88.675003,86.775002,87.224998,1678498.0,85.31156899999998,-0.013381059531138106
2017-03-23,2017-03-23,87.324997,88.224998,87.324997,87.474998,1042896.0,85.556084,0.0028620416165914264
2017-03-24,2017-03-24,87.849998,89.0,87.300003,87.550003,1763620.0,85.629448,0.000857128562611109
2017-03-27,2017-03-27,87.5,87.974998,86.5,87.349998,1351690.0,85.433823,-0.0022871664283599107
2017-03-28,2017-03-28,87.324997,87.800003,86.050003,86.224998,1422356.0,84.84832,-0.0068768844122777395
2017-03-29,2017-03-29,86.599998,86.925003,85.050003,85.775002,2529412.0,84.40550999999998,-0.005232508006615788
2017-03-30,2017-03-30,86.0,87.675003,85.824997,86.449997,4421284.0,85.069725,0.007838530519448383
2017-03-31,2017-03-31,86.75,86.974998,85.5,86.025002,2017440.0,84.65151999999998,-0.0049281496420778845
