Date,Date.1,NHPC.NS.Open,NHPC.NS.High,NHPC.NS.Low,NHPC.NS.Close,NHPC.NS.Volume,NHPC.NS.Adjusted,log_returns
2013-04-01,2013-04-01,19.85,20.6,19.85,20.450001,3167611.0,15.83011,0.029779128834264586
2013-04-02,2013-04-02,20.25,20.700001,20.25,20.65,3523215.0,15.984922,0.0097320802251879
2013-04-03,2013-04-03,20.9,21.799999,20.65,21.5,23748357.0,16.6429,0.040337796129124026
2013-04-04,2013-04-04,21.35,21.5,20.9,21.200001,10383796.0,16.410673000000006,-0.014051783215068614
2013-04-05,2013-04-05,21.35,21.75,21.35,21.65,8688035.0,16.759012,0.021004227596302272
2013-04-08,2013-04-08,21.5,22.15,21.5,22.0,10785035.0,17.029945,0.016037121638893037
2013-04-09,2013-04-09,22.049999,22.35,21.75,22.0,18465853.0,17.029945,0.0
2013-04-10,2013-04-10,22.0,22.0,21.35,21.85,4182460.0,16.913832,-0.006841516364060053
2013-04-11,2013-04-11,22.0,22.0,21.5,21.6,2532857.0,16.720308,-0.011507720170967684
2013-04-12,2013-04-12,21.5,21.85,21.35,21.799999,5555728.0,16.875126,0.009216674857863259
2013-04-15,2013-04-15,21.75,21.950001,21.6,21.799999,3270065.0,16.875126,0.0
2013-04-16,2013-04-16,21.700001,22.0,21.6,21.9,2842666.0,16.952536,0.004576735756813388
2013-04-17,2013-04-17,22.1,22.200001,21.25,21.299999,5328350.0,16.488083,-0.02777956161461548
2013-04-18,2013-04-18,21.450001,21.85,21.299999,21.799999,2647879.0,16.875126,0.02320282585780209
2013-04-22,2013-04-22,21.799999,21.85,21.450001,21.6,2606713.0,16.720308,-0.009216674857863259
2013-04-23,2013-04-23,21.6,21.799999,21.549999,21.700001,1968001.0,16.797716,0.004618896246376902
2013-04-25,2013-04-25,21.85,21.950001,21.25,21.4,7015244.0,16.565491,-0.013921248664384487
2013-04-26,2013-04-26,21.549999,21.6,21.25,21.299999,1981195.0,16.488083,-0.004683798581931242
2013-04-29,2013-04-29,21.200001,21.4,21.049999,21.299999,2468069.0,16.488083,0.0
2013-04-30,2013-04-30,21.200001,21.75,21.15,21.65,3635430.0,16.759012,0.016298265896073527
2013-05-02,2013-05-02,21.65,21.65,20.9,21.049999,7155673.0,16.294559,-0.028104895028771004
2013-05-03,2013-05-03,21.049999,21.299999,20.85,21.15,2281301.0,16.371969,0.0047394167448113755
2013-05-06,2013-05-06,21.0,21.200001,20.799999,20.85,2249103.0,16.139742000000002,-0.014285987567768553
2013-05-07,2013-05-07,20.85,21.299999,20.799999,21.200001,2809496.0,16.410673000000006,0.016647238255425908
2013-05-08,2013-05-08,21.25,21.299999,20.799999,20.85,2501835.0,16.139742000000002,-0.016647238255425908
2013-05-09,2013-05-09,20.799999,20.9,20.6,20.700001,2155493.0,16.023629999999994,-0.007220169851450907
2013-05-10,2013-05-10,20.75,20.9,20.65,20.700001,1603379.0,16.023629999999994,0.0
2013-05-13,2013-05-13,21.0,21.0,20.299999,20.4,4044727.0,15.791403,-0.014598829707306303
2013-05-14,2013-05-14,20.549999,20.75,20.35,20.4,1555879.0,15.791403,0.0
2013-05-15,2013-05-15,20.450001,20.85,20.450001,20.700001,2282802.0,16.023629999999994,0.014598829707306303
2013-05-16,2013-05-16,20.700001,20.799999,20.450001,20.549999,1788962.0,15.907516,-0.007272805793305359
2013-05-17,2013-05-17,20.549999,21.200001,20.549999,20.85,5727696.0,16.139742000000002,0.01449297564475627
2013-05-20,2013-05-20,20.75,21.1,20.5,20.549999,3211949.0,15.907516,-0.01449297564475627
2013-05-21,2013-05-21,20.65,20.700001,20.200001,20.25,2099986.0,15.675289,-0.01470617858855183
2013-05-22,2013-05-22,20.25,20.299999,19.799999,19.9,4054960.0,15.404359,-0.017435002034629662
2013-05-23,2013-05-23,19.950001,19.950001,19.450001,19.5,4948810.0,15.094725,-0.020305176276101292
2013-05-24,2013-05-24,19.6,19.700001,19.5,19.6,1662190.0,15.172133,0.005115044896508714
2013-05-27,2013-05-27,19.5,19.85,19.450001,19.75,1557059.0,15.288243,0.007623711694719316
2013-05-28,2013-05-28,19.9,20.049999,19.799999,19.950001,2651958.0,15.443064,0.010075868873645531
2013-05-29,2013-05-29,19.9,19.950001,19.200001,19.4,3878971.0,15.017313,-0.027956234979282343
2013-05-30,2013-05-30,19.299999,19.5,19.15,19.35,3048302.0,14.978612,-0.0025804186051545663
2013-05-31,2013-05-31,19.4,19.549999,19.200001,19.25,2290278.0,14.901198999999998,-0.005181637407774886
2013-06-03,2013-06-03,19.15,19.25,18.65,18.85,2794404.0,14.591565,-0.020998057480190457
2013-06-04,2013-06-04,19.0,19.200001,18.85,19.049999,1560000.0,14.746382,0.010554142529820345
2013-06-05,2013-06-05,19.0,19.0,18.75,18.950001,3394660.0,14.668976,-0.0052629771612404674
2013-06-06,2013-06-06,18.85,19.25,18.75,19.049999,3150827.0,14.746382,0.0052629771612404674
2013-06-07,2013-06-07,19.1,19.15,18.85,18.9,3116918.0,14.63027,-0.007905094471461815
2013-06-10,2013-06-10,18.9,19.0,18.0,18.200001,14519392.0,14.088409,-0.037740267518114656
2013-06-11,2013-06-11,18.15,18.65,18.0,18.1,5021230.0,14.011,-0.00550966718350976
2013-06-12,2013-06-12,18.1,18.200001,17.75,17.85,3504640.0,13.817476999999998,-0.01390849522101556
2013-06-13,2013-06-13,17.85,18.1,17.15,17.700001,8895737.0,13.701362,-0.008438996217054129
2013-06-14,2013-06-14,17.799999,18.200001,17.700001,18.049999,4405845.0,13.972293,0.01958105328613602
2013-06-17,2013-06-17,18.0,18.9,17.950001,18.700001,4835143.0,14.475452,0.035377951986527816
2013-06-18,2013-06-18,18.799999,18.9,18.5,18.700001,2858200.0,14.475452,0.0
2013-06-19,2013-06-19,18.75,18.75,18.299999,18.6,4225770.0,14.398046,-0.005361746293502279
2013-06-20,2013-06-20,18.450001,19.0,18.15,18.35,7142441.0,14.204523000000002,-0.013532067913295087
2013-06-21,2013-06-21,18.25,18.5,18.0,18.15,2603911.0,14.049703,-0.010959178250599331
2013-06-24,2013-06-24,18.049999,18.299999,17.700001,18.1,5361774.0,14.011,-0.0027585213771974537
2013-06-25,2013-06-25,18.0,18.1,17.700001,17.85,6582870.0,13.817476999999998,-0.01390849522101556
2013-06-26,2013-06-26,18.0,18.299999,17.700001,18.200001,4386676.0,14.088409,0.01941816240452532
2013-06-27,2013-06-27,18.200001,18.35,17.4,17.75,9492463.0,13.740069,-0.025036093956948943
2013-06-28,2013-06-28,18.0,18.6,17.9,18.450001,5646761.0,14.281932,0.038678933262006776
2013-07-01,2013-07-01,18.450001,18.85,18.4,18.75,1722692.0,14.514155,0.016129138265340792
2013-07-02,2013-07-02,18.6,19.200001,18.549999,18.950001,3086925.0,14.668976,0.010610407257937382
2013-07-03,2013-07-03,18.9,18.950001,18.6,18.85,3648635.0,14.591565,-0.005291165368579875
2013-07-04,2013-07-04,18.9,19.1,18.75,19.0,1655116.0,14.707679,0.007926116311279152
2013-07-05,2013-07-05,19.049999,19.25,18.75,19.049999,2096713.0,14.746382,0.002628026218541191
2013-07-08,2013-07-08,19.0,19.0,18.549999,18.65,3809342.0,14.436749,-0.021220794949133204
2013-07-09,2013-07-09,18.700001,18.9,18.5,18.85,4652300.0,14.591565,0.01066665241931286
2013-07-10,2013-07-10,18.85,18.9,18.299999,18.35,5386401.0,14.204523000000002,-0.0268831870154691
2013-07-11,2013-07-11,18.450001,18.65,18.1,18.4,3913135.0,14.243224,0.002720849835690764
2013-07-12,2013-07-12,18.35,18.4,17.85,17.9,7505250.0,13.856182999999998,-0.02754972584489135
2013-07-15,2013-07-15,17.9,18.1,17.700001,17.950001,2945695.0,13.894887,0.0027893717319735782
2013-07-16,2013-07-16,17.9,18.5,17.75,18.299999,4927138.0,14.165816,0.019310807660876783
2013-07-17,2013-07-17,18.25,18.4,17.549999,17.700001,3833642.0,13.701362,-0.03333649444951625
2013-07-18,2013-07-18,17.700001,18.049999,17.700001,18.0,2627235.0,13.933591,0.016807299563552647
2013-07-19,2013-07-19,18.0,18.049999,17.799999,17.9,2164870.0,13.856182999999998,-0.005570984506886756
2013-07-22,2013-07-22,17.9,18.1,17.85,17.950001,1460771.0,13.894887,0.0027893717319735782
2013-07-23,2013-07-23,18.0,18.1,17.950001,18.049999,1379159.0,13.972293,0.00555536649749655
2013-07-24,2013-07-24,17.950001,18.1,17.700001,17.799999,2364991.0,13.778774,-0.013947005130715784
2013-07-25,2013-07-25,17.700001,17.9,17.549999,17.75,3936298.0,13.740069,-0.002812983490789733
2013-07-26,2013-07-26,17.75,17.9,17.549999,17.6,1315523.0,13.623953,-0.008486815055698926
2013-07-29,2013-07-29,17.6,17.75,17.4,17.5,1634417.0,13.546547,-0.0056978126582736275
2013-07-30,2013-07-30,17.450001,17.5,16.9,17.0,2078831.0,13.159502,-0.028987597665824705
2013-07-31,2013-07-31,17.0,17.0,16.549999,16.6,4118210.0,12.849867,-0.02381062214274543
2013-08-01,2013-08-01,17.0,17.1,15.4,15.5,7673284.0,11.998369,-0.06856273720928607
2013-08-02,2013-08-02,15.6,15.85,15.1,15.55,8976363.0,12.037075,0.003220746282762477
2013-08-05,2013-08-05,16.0,16.0,15.05,15.45,4785729.0,11.959664,-0.006451815684222151
2013-08-06,2013-08-06,15.25,15.55,15.0,15.05,6207132.0,11.650029,-0.026230985203369084
2013-08-07,2013-08-07,15.05,15.2,14.8,15.1,5294252.0,11.688735,0.0033168882024883213
2013-08-08,2013-08-08,15.0,15.55,14.9,15.45,3397340.0,11.959664,0.02291409700088076
2013-08-12,2013-08-12,15.8,17.25,15.8,16.6,7304739.0,12.849867,0.07179380661074575
2013-08-13,2013-08-13,16.5,17.1,16.450001,16.700001,3823289.0,12.927276,0.006006036642182354
2013-08-14,2013-08-14,16.85,16.950001,16.450001,16.75,2967072.0,12.96598,0.0029895065205614024
2013-08-16,2013-08-16,16.75,17.0,16.25,16.299999,3387156.0,12.61764,-0.02723316938471676
2013-08-19,2013-08-19,16.299999,16.4,16.0,16.15,2143019.0,12.501527,-0.009245038023808938
2013-08-20,2013-08-20,16.1,16.65,16.049999,16.549999,2777503.0,12.811161,0.024465947272953148
2013-08-21,2013-08-21,16.6,16.75,16.0,16.1,2840913.0,12.462824,-0.027566611176286667
2013-08-22,2013-08-22,16.0,16.450001,15.9,16.35,3365003.0,12.656346,0.015408616519233309
2013-08-23,2013-08-23,17.0,17.200001,16.5,16.75,6329172.0,12.96598,0.024170254792625908
2013-08-26,2013-08-26,16.799999,17.049999,16.65,16.85,2968069.0,13.043389,0.005952411114446221
2013-08-27,2013-08-27,16.9,17.0,16.25,16.4,3354993.0,12.695049,-0.027069340433791837
2013-08-28,2013-08-28,16.200001,16.299999,15.85,16.0,6045545.0,12.385412,-0.02469274650085218
2013-08-29,2013-08-29,16.0,16.65,16.0,16.450001,6247426.0,12.733755,0.02773701314371202
2013-08-30,2013-08-30,16.299999,16.299999,15.9,16.0,3119689.0,12.854261,0.009419010127016405
2013-09-02,2013-09-02,16.0,16.4,15.95,16.25,2518028.0,13.05511,0.015504276299671103
2013-09-03,2013-09-03,16.200001,16.35,15.95,16.0,1918874.0,12.854261,-0.015504276299671103
2013-09-04,2013-09-04,16.1,16.35,16.0,16.200001,3416484.0,13.014941,0.012422653498979308
2013-09-05,2013-09-05,16.25,16.5,16.15,16.299999,2780104.0,13.09528,0.006153854732662278
2013-09-06,2013-09-06,16.299999,16.4,15.95,16.15,5763883.0,12.974771,-0.009245080367453529
2013-09-10,2013-09-10,16.200001,16.700001,16.200001,16.65,4902148.0,13.376465,0.03049003992350618
2013-09-11,2013-09-11,16.950001,17.700001,16.75,17.6,6660837.0,14.139686,0.0554886342214127
2013-09-12,2013-09-12,17.799999,18.299999,17.5,17.700001,7528608.0,14.220026,0.00566579906861886
2013-09-13,2013-09-13,18.15,19.0,18.1,18.85,11392330.0,15.143927,0.06294834072037725
2013-09-16,2013-09-16,19.85,20.35,19.200001,20.0,19660190.0,16.067826999999998,0.0592193561932346
2013-09-17,2013-09-17,20.1,20.1,18.9,19.25,5952458.0,15.465283,-0.038221244342413474
2013-09-18,2013-09-18,19.25,19.299999,18.700001,18.9,3797992.0,15.184097,-0.01834907520466666
2013-09-19,2013-09-19,19.4,19.4,18.75,18.799999,5272736.0,15.103761,-0.005304844495575889
2013-09-20,2013-09-20,18.799999,19.049999,18.450001,18.549999,5277746.0,14.90291,-0.01338728975918757
2013-09-23,2013-09-23,18.549999,19.049999,18.4,18.65,2863436.0,14.98325,0.005376414602910717
2013-09-24,2013-09-24,18.6,19.15,18.6,19.0,2742788.0,15.264437,0.018592833252250696
2013-09-25,2013-09-25,19.200001,19.65,19.049999,19.6,8330262.0,15.746474,0.031090723441422163
2013-09-26,2013-09-26,19.75,19.75,19.25,19.6,6647165.0,15.746474,0.0
2013-09-27,2013-09-27,19.700001,20.200001,19.65,19.85,5040212.0,15.947319,0.01267426013576145
2013-09-30,2013-09-30,19.950001,19.950001,19.4,19.549999,3529057.0,15.706302,-0.015228694240017937
2013-10-01,2013-10-01,19.5,19.549999,19.200001,19.299999,3227501.0,15.50545,-0.012870458061111643
2013-10-03,2013-10-03,19.35,19.85,19.35,19.75,2528549.0,15.866978,0.023048519198401785
2013-10-04,2013-10-04,19.700001,19.85,19.15,19.25,2276257.0,15.465283,-0.0256423888701871
2013-10-07,2013-10-07,19.25,19.700001,19.049999,19.200001,3814984.0,15.425115,-0.0026006801621534237
2013-10-08,2013-10-08,19.200001,19.35,18.950001,19.1,1998422.0,15.344777,-0.005221869648039057
2013-10-09,2013-10-09,19.1,19.450001,19.049999,19.200001,3008698.0,15.425115,0.005221869648039057
2013-10-10,2013-10-10,19.15,19.5,19.049999,19.1,2466064.0,15.344777,-0.005221869648039057
2013-10-11,2013-10-11,19.200001,19.299999,18.950001,19.049999,3230093.0,15.304605,-0.0026213920400839363
2013-10-14,2013-10-14,19.0,19.049999,18.85,18.9,2581607.0,15.184097,-0.007905133354390248
2013-10-15,2013-10-15,19.0,19.1,18.0,18.049999,3991360.0,14.501213,-0.04601632905060082
2013-10-17,2013-10-17,18.1,18.85,18.1,18.700001,3647348.0,15.023419,0.03537794915910464
2013-10-18,2013-10-18,18.700001,18.950001,18.700001,18.799999,2389693.0,15.103761,0.005333535395920297
2013-10-21,2013-10-21,18.9,19.049999,18.700001,18.9,1716333.0,15.184097,0.005304844495575889
2013-10-22,2013-10-22,19.6,19.799999,19.1,19.65,8649449.0,15.786641,0.03891544591107987
2013-10-23,2013-10-23,19.75,20.0,19.15,19.6,5677091.0,15.746474,-0.0025476088692597547
2013-10-24,2013-10-24,19.9,20.0,18.5,18.700001,11516815.0,15.023419,-0.0470062169333163
2013-10-25,2013-10-25,18.799999,18.9,18.299999,18.4,4891206.0,14.7824,-0.01617296632480425
2013-10-28,2013-10-28,18.5,18.65,18.200001,18.25,4937121.0,14.661892000000002,-0.00818553714016268
2013-10-29,2013-10-29,18.25,18.4,17.9,18.25,5128197.0,14.661892000000002,0.0
2013-10-30,2013-10-30,18.299999,18.35,18.15,18.200001,5041397.0,14.621724,-0.0027433787680082307
2013-10-31,2013-10-31,18.200001,18.549999,18.0,18.1,17521734.0,14.541385,-0.0055096459867920436
2013-11-01,2013-11-01,18.1,18.700001,18.1,18.5,5752538.0,14.862741,0.021858755153033368
2013-11-05,2013-11-05,18.65,19.1,18.5,18.799999,9040308.0,15.103761,0.01608630846265413
2013-11-06,2013-11-06,18.799999,18.950001,18.5,18.549999,6468431.0,14.90291,-0.01338728975918757
2013-11-07,2013-11-07,18.549999,18.75,18.1,18.25,5786788.0,14.661892000000002,-0.016304749101699656
2013-11-08,2013-11-08,18.1,18.4,18.1,18.299999,3462010.0,14.702062,0.00273600926214046
2013-11-11,2013-11-11,18.450001,18.65,18.25,18.25,3576287.0,14.661892000000002,-0.00273600926214046
2013-11-12,2013-11-12,18.25,18.299999,17.9,18.0,4738901.0,14.461044,-0.013793333499672487
2013-11-13,2013-11-13,18.0,18.15,17.85,17.950001,2927657.0,14.420877,-0.0027814649791584323
2013-11-14,2013-11-14,18.0,18.1,18.0,18.0,2222279.0,14.461044,0.0027814649791584323
2013-11-18,2013-11-18,18.1,18.299999,17.950001,18.0,2251442.0,14.461044,0.0
2013-11-19,2013-11-19,18.049999,18.200001,18.0,18.0,1748112.0,14.461044,0.0
2013-11-20,2013-11-20,18.0,18.25,17.950001,18.15,2259170.0,14.581553,0.008298823388635412
2013-11-21,2013-11-21,18.049999,18.15,17.9,17.950001,2070506.0,14.420877,-0.011080288367793843
2013-11-22,2013-11-22,18.0,18.1,17.6,17.700001,2553558.0,14.220026,-0.01402569553123767
2013-11-25,2013-11-25,17.9,18.049999,17.85,17.9,4639964.0,14.380707999999998,0.011236333345461258
2013-11-26,2013-11-26,17.950001,17.950001,17.75,17.799999,2220845.0,14.300367,-0.005602384857371412
2013-11-27,2013-11-27,17.85,17.9,17.75,17.799999,3851082.0,14.300367,0.0
2013-11-28,2013-11-28,17.799999,18.049999,17.700001,17.75,10462762.0,14.260198999999998,-0.0028128312642099478
2013-11-29,2013-11-29,17.85,18.25,17.85,18.200001,2836531.0,14.621724,0.02503599801818046
2013-12-02,2013-12-02,18.299999,18.549999,18.200001,18.25,4216448.0,14.661892000000002,0.0027433787680082307
2013-12-03,2013-12-03,18.25,18.25,18.0,18.049999,4759011.0,14.501213,-0.011019445694137708
2013-12-04,2013-12-04,18.0,18.25,17.9,17.950001,6508820.0,14.420877,-0.0055553527846932136
2013-12-05,2013-12-05,18.15,18.25,18.049999,18.1,2010591.0,14.541385,0.008321773724030646
2013-12-06,2013-12-06,18.1,18.4,18.1,18.299999,2596412.0,14.702062,0.010989034016940735
2013-12-09,2013-12-09,18.4,18.6,18.299999,18.299999,3245602.0,14.702062,0.0
2013-12-10,2013-12-10,17.799999,18.15,17.75,18.0,6741125.0,14.461044,-0.01652934276181295
2013-12-11,2013-12-11,18.0,18.1,17.9,18.0,1786529.0,14.461044,0.0
2013-12-12,2013-12-12,18.0,18.4,17.950001,18.299999,4086200.0,14.702062,0.01652934276181295
2013-12-13,2013-12-13,18.15,18.299999,18.049999,18.1,2369771.0,14.541385,-0.010989034016940735
2013-12-16,2013-12-16,18.0,18.15,17.950001,18.049999,3103254.0,14.501213,-0.002766420939337433
2013-12-17,2013-12-17,18.049999,18.200001,17.950001,18.0,1935745.0,14.461044,-0.0027738878055347804
2013-12-18,2013-12-18,18.0,18.25,18.0,18.15,1772693.0,14.581553,0.008298823388635412
2013-12-19,2013-12-19,18.15,18.5,17.950001,18.450001,5143545.0,14.822573,0.01639398484929888
2013-12-20,2013-12-20,18.450001,18.85,18.450001,18.700001,7377979.0,15.023419,0.013459028726705123
2013-12-23,2013-12-23,19.0,19.049999,18.65,18.75,8381554.0,15.063587,0.0026701243629907445
2013-12-24,2013-12-24,18.799999,18.950001,18.700001,18.799999,4156854.0,15.103761,0.0026634110329295524
2013-12-26,2013-12-26,18.85,19.1,18.75,18.950001,11485527.0,15.224268,0.007946947967334859
2013-12-27,2013-12-27,19.0,19.85,19.0,19.700001,10246220.0,15.826813,0.03881479340652527
2013-12-30,2013-12-30,19.799999,19.799999,19.25,19.450001,4621651.0,15.625966,-0.01277150931748805
2013-12-31,2013-12-31,19.5,19.799999,19.35,19.549999,3180083.0,15.706302,0.005128015376767436
2014-01-01,2014-01-01,19.549999,19.700001,19.5,19.549999,3574016.0,15.706302,0.0
2014-01-02,2014-01-02,19.549999,19.75,19.0,19.049999,3602795.0,15.304605,-0.025908269583173386
2014-01-03,2014-01-03,18.950001,19.1,18.700001,18.85,2199368.0,15.143927,-0.010554170000544705
2014-01-06,2014-01-06,18.799999,18.950001,18.6,18.700001,1524960.0,15.023419,-0.007989343245341729
2014-01-07,2014-01-07,18.65,18.9,18.549999,18.700001,2766924.0,15.023419,0.0
2014-01-08,2014-01-08,18.799999,19.200001,18.65,19.0,4849643.0,15.264437,0.01591549349189414
2014-01-09,2014-01-09,19.0,19.1,18.5,18.6,3584511.0,14.943082,-0.021277293487602652
2014-01-10,2014-01-10,18.549999,18.700001,18.4,18.450001,2419370.0,14.822573,-0.008097228730996608
2014-01-13,2014-01-13,18.5,18.6,18.049999,18.25,3001659.0,14.661892000000002,-0.010899474738261805
2014-01-14,2014-01-14,18.25,18.700001,18.15,18.4,2659005.0,14.7824,0.00818553714016268
2014-01-15,2014-01-15,18.4,18.799999,18.35,18.6,3511608.0,14.943082,0.010811166329095734
2014-01-16,2014-01-16,18.549999,18.75,18.25,18.4,2699059.0,14.7824,-0.010811166329095734
2014-01-17,2014-01-17,18.35,18.5,18.15,18.200001,2508039.0,14.621724,-0.010928915908170909
2014-01-20,2014-01-20,18.15,18.25,18.049999,18.15,1467576.0,14.581553,-0.002751131343028845
2014-01-21,2014-01-21,18.15,18.25,18.049999,18.15,3816737.0,14.581553,0.0
2014-01-22,2014-01-22,18.15,18.25,18.1,18.15,2412639.0,14.581553,0.0
2014-01-23,2014-01-23,18.200001,18.35,18.15,18.25,3482567.0,14.661892000000002,0.0054945101110370756
2014-01-24,2014-01-24,18.15,18.25,17.9,18.0,3373136.0,14.461044,-0.013793333499672487
2014-01-27,2014-01-27,17.950001,18.0,17.5,17.549999,4399000.0,14.099519,-0.025317729967441416
2014-01-28,2014-01-28,17.6,18.0,17.450001,17.9,6935070.0,14.380707999999998,0.01974690280250657
2014-01-29,2014-01-29,18.0,18.1,17.9,18.0,8171780.0,14.461044,0.005570827164934844
2014-01-30,2014-01-30,17.9,18.049999,17.549999,17.85,11615348.0,14.340537,-0.008368131125437106
2014-01-31,2014-01-31,17.950001,18.0,17.700001,17.9,9374483.0,14.380707999999998,0.002797303960502262
2014-02-03,2014-02-03,17.700001,17.799999,17.4,17.65,10400040.0,14.179856,-0.01406522022525225
2014-02-04,2014-02-04,17.5,17.950001,17.35,17.85,12210201.0,14.340537,0.011267916264749987
2014-02-05,2014-02-05,17.950001,18.450001,17.799999,18.15,2625758.0,14.581553,0.01666695451407252
2014-02-06,2014-02-06,18.1,18.450001,17.950001,18.35,3174749.0,14.742234,0.010959198973850892
2014-02-07,2014-02-07,18.4,18.700001,18.299999,18.6,3802721.0,14.943082,0.013532014606444598
2014-02-10,2014-02-10,18.6,18.85,18.5,18.75,2764235.0,15.063587,0.008031924358699259
2014-02-11,2014-02-11,18.75,18.9,18.6,18.799999,3025286.0,15.103761,0.0026634110329295524
2014-02-12,2014-02-12,18.799999,18.9,18.700001,18.700001,2206395.0,15.023419,-0.005333535395920297
2014-02-13,2014-02-13,18.700001,18.75,18.200001,18.25,1618623.0,14.661892000000002,-0.02435850346496693
2014-02-14,2014-02-14,18.299999,18.4,18.1,18.1,1453755.0,14.541385,-0.008253024754800277
2014-02-17,2014-02-17,18.1,18.200001,17.9,17.950001,1572452.0,14.420877,-0.008321773724030646
2014-02-18,2014-02-18,17.9,18.049999,17.85,17.950001,3552889.0,14.420877,0.0
2014-02-19,2014-02-19,17.950001,18.0,17.9,17.950001,1894456.0,14.420877,0.0
2014-02-20,2014-02-20,17.9,18.0,17.799999,17.9,2090108.0,14.380707999999998,-0.002789362185776412
2014-02-21,2014-02-21,17.85,18.0,17.75,17.950001,1692501.0,14.420877,0.002789362185776412
2014-02-24,2014-02-24,17.9,18.049999,17.799999,18.0,2028094.0,14.461044,0.0027814649791584323
2014-02-25,2014-02-25,18.0,18.0,17.85,17.950001,1219564.0,14.420877,-0.0027814649791584323
2014-02-26,2014-02-26,18.0,18.1,17.700001,17.950001,5859329.0,14.420877,0.0
2014-02-28,2014-02-28,18.0,18.049999,17.9,18.0,1447301.0,14.461044,0.0027814649791584323
2014-03-03,2014-03-03,17.9,18.0,17.85,17.950001,1107534.0,14.420877,-0.0027814649791584323
2014-03-04,2014-03-04,17.9,18.0,17.85,17.9,966424.0,14.380707999999998,-0.002789362185776412
2014-03-05,2014-03-05,18.0,18.049999,17.9,17.950001,1914682.0,14.420877,0.002789362185776412
2014-03-06,2014-03-06,18.0,18.15,17.950001,18.1,5046051.0,14.541385,0.008321773724030646
2014-03-07,2014-03-07,18.200001,18.4,18.15,18.25,4107649.0,14.661892000000002,0.008253024754800277
2014-03-10,2014-03-10,18.15,18.25,17.950001,18.0,3517525.0,14.461044,-0.013793333499672487
2014-03-11,2014-03-11,18.1,18.1,17.9,17.950001,2390739.0,14.420877,-0.0027814649791584323
2014-03-12,2014-03-12,17.9,18.0,17.9,17.950001,925165.0,14.420877,0.0
2014-03-13,2014-03-13,17.9,18.200001,17.75,17.799999,5126584.0,14.300367,-0.008391747043147824
2014-03-14,2014-03-14,17.799999,17.85,17.65,17.75,1969647.0,14.260198999999998,-0.0028128312642099478
2014-03-18,2014-03-18,17.75,18.0,17.75,17.950001,2307617.0,14.420877,0.011204578307357773
2014-03-19,2014-03-19,17.85,18.049999,17.75,17.799999,5375935.0,14.300367,-0.008391747043147824
2014-03-20,2014-03-20,17.799999,17.799999,17.65,17.700001,3672711.0,14.220026,-0.005633948488089846
2014-03-21,2014-03-21,17.75,17.85,17.5,17.549999,5359073.0,14.099519,-0.008510569457045314
2014-03-24,2014-03-24,17.65,17.85,17.65,17.799999,2129510.0,14.300367,0.01414451794513516
2014-03-25,2014-03-25,17.700001,17.85,17.700001,17.75,4458699.0,14.260198999999998,-0.0028128312642099478
2014-03-26,2014-03-26,17.75,17.9,17.700001,17.85,5083192.0,14.340537,0.005617912161079097
2014-03-27,2014-03-27,17.799999,18.15,17.799999,18.049999,12912056.0,14.501213,0.011142018930971886
2014-03-28,2014-03-28,18.049999,19.6,18.049999,19.450001,11033138.0,15.625966,0.07470171661139703
2014-03-31,2014-03-31,19.5,19.75,19.0,19.1,6652555.0,15.344777,-0.01815886216632201
2014-04-01,2014-04-01,19.049999,19.950001,18.799999,19.5,9973425.0,15.666133,0.020726093086857574
2014-04-02,2014-04-02,19.5,19.799999,19.200001,19.5,4158255.0,15.666133,0.0
2014-04-03,2014-04-03,19.6,19.6,19.0,19.200001,3016192.0,15.425115,-0.015504223438818519
2014-04-04,2014-04-04,19.200001,19.5,19.049999,19.15,3567151.0,15.384944,-0.002607656334779218
2014-04-07,2014-04-07,19.049999,19.35,18.799999,19.049999,4069033.0,15.304605,-0.005235605353343775
2014-04-09,2014-04-09,19.049999,19.799999,19.049999,19.700001,8243984.0,15.826813,0.033551763523894
2014-04-10,2014-04-10,19.700001,20.6,19.450001,20.15,12324782.0,16.188335000000002,0.02258539411205307
2014-04-11,2014-04-11,20.1,20.85,19.9,20.5,9573280.0,16.469524,0.01722072159874477
2014-04-15,2014-04-15,20.5,20.75,19.799999,20.200001,7392364.0,16.228506,-0.01474231720625685
2014-04-16,2014-04-16,20.049999,20.299999,19.75,19.9,5434994.0,15.987489000000002,-0.014962846666274562
2014-04-17,2014-04-17,19.85,20.15,19.799999,20.0,3555777.0,16.067826999999998,0.0050124708305294705
2014-04-21,2014-04-21,19.950001,20.4,19.950001,20.1,5535841.0,16.148167,0.004987595077492024
2014-04-22,2014-04-22,20.15,20.25,19.9,19.950001,4640885.0,16.02766,-0.007490565103779102
2014-04-23,2014-04-23,20.0,20.200001,19.950001,20.0,8970041.0,16.067826999999998,0.002502970026287077
2014-04-24,2014-04-24,20.0,20.0,20.0,20.0,0.0,16.067826999999998,0.0
2014-04-25,2014-04-25,20.1,20.200001,19.799999,19.85,3775403.0,15.947319,-0.007528222369498572
2014-04-28,2014-04-28,19.950001,20.25,19.85,20.1,3990189.0,16.148167,0.012515817446990596
2014-04-29,2014-04-29,20.1,20.200001,19.549999,19.65,3594926.0,15.786641,-0.02264246871349229
2014-04-30,2014-04-30,19.700001,19.9,18.549999,19.0,7411240.0,15.264437,-0.03363833231068192
2014-05-02,2014-05-02,19.15,19.299999,18.9,19.15,5901781.0,15.384944,0.00786362510733607
2014-05-05,2014-05-05,19.049999,19.200001,18.9,18.950001,3853690.0,15.224268,-0.010498635235975051
2014-05-06,2014-05-06,18.950001,19.049999,18.75,18.799999,3702655.0,15.103761,-0.007946947967334859
2014-05-07,2014-05-07,18.700001,18.950001,18.65,18.700001,4892879.0,15.023419,-0.005333535395920297
2014-05-08,2014-05-08,18.75,18.950001,18.4,18.450001,8197445.0,14.822573,-0.013459028726705123
2014-05-09,2014-05-09,18.4,19.15,18.4,18.950001,4852942.0,15.224268,0.026739512089960282
2014-05-12,2014-05-12,19.0,19.549999,19.0,19.4,5286637.0,15.585793,0.0234690605610206
2014-05-13,2014-05-13,19.9,20.4,19.549999,20.0,14057528.0,16.067826999999998,0.030459155514300562
2014-05-14,2014-05-14,20.35,20.85,19.9,20.65,10722193.0,16.590031,0.031983023098422166
2014-05-15,2014-05-15,20.799999,20.950001,20.049999,20.35,14614691.0,16.349018,-0.014634138418707645
2014-05-16,2014-05-16,20.9,21.299999,20.25,20.5,19068810.0,16.469524,0.0073438083622874295
2014-05-19,2014-05-19,20.799999,23.5,20.65,23.299999,31475822.0,18.719019,0.12802842309043605
2014-05-20,2014-05-20,23.65,24.15,22.5,23.450001,23720179.0,18.839529,0.0064172030055496
2014-05-21,2014-05-21,23.700001,24.1,22.75,23.4,20346951.0,18.799358,-0.0021345485190669145
2014-05-22,2014-05-22,23.75,26.85,23.5,26.299999,59893101.0,21.129192,0.11683287111022488
2014-05-23,2014-05-23,26.75,27.4,26.049999,27.1,30490555.0,21.77191,0.029965015386769437
2014-05-26,2014-05-26,27.6,28.6,24.4,25.65,35625522.0,20.606989,-0.05499031671312205
2014-05-27,2014-05-27,25.700001,25.799999,24.0,24.75,20872075.0,19.883938,-0.03571801995784485
2014-05-28,2014-05-28,24.75,25.4,24.25,25.0,17078872.0,20.084787,0.010050392683288669
2014-05-29,2014-05-29,25.049999,25.35,24.6,25.0,18939651.0,20.084787,0.0
2014-05-30,2014-05-30,25.299999,25.4,24.549999,24.799999,13911816.0,19.924107,-0.008032257221796346
2014-06-02,2014-06-02,23.5,25.200001,23.450001,25.049999,18236363.0,20.124954,0.010030131983564505
2014-06-03,2014-06-03,25.1,25.35,24.75,25.1,7997325.0,20.165123,0.001993990396658596
2014-06-04,2014-06-04,24.85,26.35,24.85,25.85,15165247.0,20.767670000000006,0.0294429225805386
2014-06-05,2014-06-05,25.950001,27.0,25.65,26.6,16782046.0,21.370213,0.02860058596025672
2014-06-06,2014-06-06,26.9,27.200001,26.200001,26.75,13541759.0,21.490719,0.005623130991605496
2014-06-09,2014-06-09,27.0,28.549999,26.5,28.15,29285911.0,22.615467,0.05101288521086378
2014-06-10,2014-06-10,28.4,28.549999,27.049999,28.15,23731996.0,22.615467,0.0
2014-06-11,2014-06-11,28.35,29.6,27.35,28.0,43915687.0,22.494961,-0.005342724154624001
2014-06-12,2014-06-12,28.0,29.200001,27.4,28.700001,29793308.0,23.057333,0.02469252476582096
2014-06-13,2014-06-13,29.049999,29.1,26.75,27.049999,28118700.0,21.731737,-0.05921012669224845
2014-06-16,2014-06-16,26.9,27.049999,25.65,26.35,21117136.0,21.169363,-0.02621873170217848
2014-06-17,2014-06-17,26.200001,27.049999,26.049999,27.0,14710566.0,21.691568,0.024368618659980083
2014-06-18,2014-06-18,27.1,27.4,25.799999,26.25,19589676.0,21.089024,-0.028170898041376624
2014-06-19,2014-06-19,26.299999,26.700001,25.9,26.200001,12366405.0,21.048857,-0.001906456196306028
2014-06-20,2014-06-20,26.049999,26.35,25.950001,26.1,8956051.0,20.968519,-0.0038240416488881657
2014-06-23,2014-06-23,26.1,26.450001,25.799999,26.0,8440229.0,20.888176,-0.0038389604660382655
2014-06-24,2014-06-24,26.0,26.85,26.0,26.299999,15841111.0,21.129192,0.011472334175076426
2014-06-25,2014-06-25,26.35,26.65,26.200001,26.299999,6817682.0,21.129192,0.0
2014-06-26,2014-06-26,26.35,26.450001,25.799999,25.950001,13273016.0,20.848007,-0.013397235280814712
2014-06-27,2014-06-27,25.85,26.25,25.35,25.75,13876383.0,20.687328,-0.00773701724273268
2014-06-30,2014-06-30,25.85,26.450001,25.799999,26.4,8160714.0,21.209532,0.024929364366181872
2014-07-01,2014-07-01,26.450001,26.65,26.1,26.200001,6470378.0,21.048857,-0.007604443902784475
2014-07-02,2014-07-02,26.450001,27.75,26.4,27.6,18224649.0,22.173601,0.05205617777446303
2014-07-03,2014-07-03,27.950001,27.950001,26.9,27.200001,14807519.0,21.852245,-0.014598774882168987
2014-07-04,2014-07-04,27.299999,27.700001,26.950001,27.4,9697181.0,22.012922,0.007325982305161015
2014-07-07,2014-07-07,27.5,27.6,27.0,27.15,9199819.0,21.812077,-0.009165837339710324
2014-07-08,2014-07-08,27.450001,27.450001,24.799999,25.1,12515917.0,20.165123,-0.07850927924007678
2014-07-09,2014-07-09,25.15,25.299999,23.5,24.549999,11629500.0,19.723259,-0.02215592877275485
2014-07-10,2014-07-10,24.9,25.85,23.75,24.9,17167074.0,20.004444,0.014155849659593931
2014-07-11,2014-07-11,25.0,25.299999,23.5,23.6,9710343.0,18.960037,-0.0536210005694624
2014-07-14,2014-07-14,23.65,24.049999,23.5,23.75,5534502.0,19.080547,0.006335886070537367
2014-07-15,2014-07-15,23.85,24.25,23.6,24.0,5370778.0,19.281395,0.01047130696440135
2014-07-16,2014-07-16,24.200001,24.450001,23.85,24.35,4724174.0,19.56258,0.014477916412175771
2014-07-17,2014-07-17,24.35,24.75,24.15,24.549999,8730299.0,19.723259,0.008180041462753973
2014-07-18,2014-07-18,24.5,24.549999,23.950001,24.0,4350491.0,19.281395,-0.022657957874929743
2014-07-21,2014-07-21,24.15,24.35,24.0,24.049999,4957358.0,19.321562,0.0020810330408589373
2014-07-22,2014-07-22,24.0,24.049999,23.5,23.65,5901080.0,19.000208,-0.016771747902622813
2014-07-23,2014-07-23,23.65,23.950001,23.299999,23.65,5923630.0,19.000208,0.0
2014-07-24,2014-07-24,23.700001,23.9,23.450001,23.549999,4959912.0,18.919867,-0.004237392474223611
2014-07-25,2014-07-25,23.5,23.549999,22.75,23.1,5989673.0,18.55834,-0.01929325029779827
2014-07-28,2014-07-28,22.950001,23.15,22.75,22.85,3996400.0,18.357496,-0.010881291253906687
2014-07-30,2014-07-30,22.799999,23.200001,22.75,23.049999,6330672.0,18.518169,0.00871436579073537
2014-07-31,2014-07-31,23.0,23.25,22.700001,22.85,10811982.0,18.357496,-0.00871436579073537
2014-08-01,2014-08-01,22.5,22.9,22.450001,22.5,4055664.0,18.076307,-0.01543591719821791
2014-08-04,2014-08-04,22.549999,22.75,22.25,22.4,3593208.0,17.995967999999994,-0.0044543424463756595
2014-08-05,2014-08-05,22.549999,23.25,22.450001,23.1,5259350.0,18.55834,0.03077155089850025
2014-08-06,2014-08-06,23.049999,23.200001,22.700001,22.75,5043047.0,18.277157,-0.015267254936319754
2014-08-07,2014-08-07,22.799999,22.85,22.25,22.450001,4991062.0,18.036139,-0.013274561428852305
2014-08-08,2014-08-08,22.200001,22.25,21.85,21.950001,4650952.0,17.634441,-0.02252360247932339
2014-08-11,2014-08-11,22.1,22.200001,21.9,21.950001,2933321.0,17.634441,0.0
2014-08-12,2014-08-12,22.0,22.15,21.950001,22.049999,3193077.0,17.714781,0.004545510977856271
2014-08-13,2014-08-13,22.0,22.049999,20.450001,20.799999,6148716.0,16.710541,-0.058359657930201266
2014-08-14,2014-08-14,20.799999,21.4,20.799999,21.299999,3805170.0,17.112236,0.02375404527027669
2014-08-18,2014-08-18,21.15,21.700001,21.15,21.65,3107493.0,17.393423000000002,0.016298383082720136
2014-08-19,2014-08-19,21.700001,22.049999,21.6,21.9,3731253.0,17.594273,0.01148130510443135
2014-08-20,2014-08-20,22.0,22.549999,21.75,22.299999,6675586.0,17.915627999999995,0.01809995320268687
2014-08-21,2014-08-21,22.4,22.450001,21.799999,21.9,4602744.0,17.594273,-0.01809995320268687
2014-08-22,2014-08-22,22.1,22.35,21.9,21.950001,3999053.0,17.634441,0.002280413494916811
2014-08-25,2014-08-25,21.950001,21.950001,21.25,21.35,3427262.0,17.152407,-0.027715351240365397
2014-08-26,2014-08-26,21.200001,21.299999,20.700001,20.950001,5669361.0,16.831049,-0.018913178183630475
2014-08-27,2014-08-27,21.0,21.25,20.799999,20.950001,5579665.0,16.831049,0.0
2014-08-28,2014-08-28,20.950001,22.299999,20.9,21.65,16598231.0,17.393423000000002,0.032866810824647714
2014-09-01,2014-09-01,21.950001,22.049999,21.549999,21.950001,3778484.0,17.634441,0.013761718599348159
2014-09-02,2014-09-02,21.9,22.049999,21.75,21.9,2924521.0,17.594273,-0.002280413494916811
2014-09-03,2014-09-03,21.75,22.0,21.4,21.549999,3671165.0,17.313086,-0.016110819613340155
2014-09-04,2014-09-04,21.450001,21.549999,21.0,21.15,3300998.0,16.991728,-0.018735994351715583
2014-09-05,2014-09-05,21.1,21.5,20.950001,21.299999,4571204.0,17.112236,0.0070671257779042485
2014-09-08,2014-09-08,21.35,21.5,21.15,21.4,3716200.0,17.192575,0.004683841393296362
2014-09-09,2014-09-09,21.35,22.65,21.35,22.5,8869676.0,18.076307,0.05012447068114279
2014-09-10,2014-09-10,22.65,22.9,22.25,22.450001,9895500.0,18.036139,-0.0022246079130474605
2014-09-11,2014-09-11,22.35,22.4,21.049999,21.299999,14042462.0,17.344006,-0.039130496139610386
2014-09-12,2014-09-12,21.299999,21.65,21.049999,21.25,7303325.0,17.303289000000003,-0.0023503721571471736
2014-09-15,2014-09-15,21.15,21.25,21.0,21.049999,4342339.0,17.140435999999998,-0.009456248621955154
2014-09-16,2014-09-16,21.0,21.25,20.0,20.049999,9967968.0,16.326162,-0.04867149861660769
2014-09-17,2014-09-17,20.15,20.299999,20.0,20.15,6084465.0,16.407591,0.0049752417920307926
2014-09-18,2014-09-18,20.049999,21.0,20.049999,20.65,5762388.0,16.814728,0.024511075433639732
2014-09-19,2014-09-19,20.65,20.950001,20.5,20.85,9871884.0,16.977581,0.009638539986800865
2014-09-22,2014-09-22,20.799999,21.0,20.6,20.85,4572474.0,16.977581,0.0
2014-09-23,2014-09-23,20.75,20.85,20.0,20.049999,11502101.0,16.326162,-0.03912485721247139
2014-09-24,2014-09-24,20.049999,20.200001,19.75,19.85,6734310.0,16.163307,-0.010025178556498648
2014-09-25,2014-09-25,19.9,20.0,19.25,19.299999,9974955.0,15.715457999999998,-0.02809885929126521
2014-09-26,2014-09-26,19.15,19.65,19.049999,19.549999,6775259.0,15.919029,0.012870372139148323
2014-09-29,2014-09-29,19.6,20.15,19.6,19.65,4582605.0,16.000456,0.005102035739854127
2014-09-30,2014-09-30,19.75,19.950001,19.4,19.450001,3422610.0,15.837603,-0.010230172655857572
2014-10-01,2014-10-01,19.35,19.549999,19.0,19.1,3458804.0,15.552604,-0.01815896476531753
2014-10-07,2014-10-07,19.1,19.299999,18.950001,19.049999,3566402.0,15.51189,-0.002621257781448616
2014-10-08,2014-10-08,18.950001,19.299999,18.950001,19.1,3043923.0,15.552604,0.002621257781448616
2014-10-09,2014-10-09,19.0,19.65,19.0,19.6,3432775.0,15.959743,0.02584140472263119
2014-10-10,2014-10-10,19.450001,19.450001,19.049999,19.1,2419988.0,15.552604,-0.02584140472263119
2014-10-13,2014-10-13,19.1,19.200001,19.0,19.049999,1625594.0,15.51189,-0.002621257781448616
2014-10-14,2014-10-14,19.049999,19.200001,19.0,19.15,1594331.0,15.593319,0.005235726660222984
2014-10-15,2014-10-15,19.15,19.15,19.15,19.15,0.0,15.593319,0.0
2014-10-16,2014-10-16,19.049999,19.549999,18.9,19.0,7106784.0,15.471179,-0.007863679587006178
2014-10-17,2014-10-17,19.0,19.35,18.950001,19.200001,3750718.0,15.634033,0.010471266875842213
2014-10-20,2014-10-20,19.25,19.35,19.049999,19.1,3148170.0,15.552604,-0.0052220561676104005
2014-10-21,2014-10-21,19.049999,19.65,19.049999,19.5,4955054.0,15.878314,0.02072619448529656
2014-10-22,2014-10-22,19.65,20.35,19.6,20.200001,7202196.0,16.448303,0.035268031897898844
2014-10-27,2014-10-27,20.35,20.4,19.85,19.950001,3211573.0,16.244738,-0.012453269844075354
2014-10-28,2014-10-28,19.950001,20.1,19.799999,20.0,3233766.0,16.28545,0.0025030301857214
2014-10-29,2014-10-29,20.049999,20.15,19.799999,19.9,4390524.0,16.204023,-0.0050125263952769394
2014-10-30,2014-10-30,19.9,20.15,19.799999,20.0,14890618.0,16.28545,0.0050125263952769394
2014-10-31,2014-10-31,20.049999,20.85,20.049999,20.65,7831164.0,16.814728,0.03198309789076559
2014-11-03,2014-11-03,20.799999,21.35,20.35,21.200001,8477622.0,17.262579000000002,0.02628592609076064
2014-11-05,2014-11-05,21.4,21.65,21.049999,21.1,7496985.0,17.18115,-0.004728242502666014
2014-11-07,2014-11-07,21.1,21.5,20.9,21.25,9199301.0,17.303289000000003,0.007083746424797698
2014-11-10,2014-11-10,21.25,21.35,20.9,21.049999,4914321.0,17.140435999999998,-0.009456248621955154
2014-11-11,2014-11-11,21.049999,21.200001,20.85,21.0,4445928.0,17.09972,-0.0023782613134843977
2014-11-12,2014-11-12,21.0,21.1,20.700001,20.799999,3913228.0,16.936869,-0.00956924577214524
2014-11-13,2014-11-13,20.950001,20.950001,20.25,20.35,6772095.0,16.570448000000006,-0.021871975446901004
2014-11-14,2014-11-14,20.200001,20.65,20.200001,20.5,4909099.0,16.692587,0.007343860771324094
2014-11-17,2014-11-17,20.450001,21.049999,20.299999,20.950001,5701311.0,17.05901,0.0217137812412167
2014-11-18,2014-11-18,20.950001,21.4,20.85,21.200001,6077000.0,17.262579000000002,0.011862585219813315
2014-11-19,2014-11-19,21.299999,21.35,20.549999,20.65,3769324.0,16.814728,-0.02628592609076064
2014-11-20,2014-11-20,20.6,20.799999,20.25,20.4,5263614.0,16.611162,-0.012180289993116043
2014-11-21,2014-11-21,20.4,20.6,20.200001,20.299999,3727040.0,16.529732,-0.0049141802796364145
2014-11-24,2014-11-24,20.35,20.450001,20.1,20.200001,3617581.0,16.448303,-0.004938387959659174
2014-11-25,2014-11-25,20.15,20.25,19.700001,19.9,6509156.0,16.204023,-0.014962766053630894
2014-11-26,2014-11-26,20.0,20.299999,19.799999,20.15,5169451.0,16.407591,0.0124845488524028
2014-11-27,2014-11-27,20.15,20.200001,19.9,20.0,7806668.0,16.28545,-0.00747202245712586
2014-11-28,2014-11-28,20.049999,20.6,20.049999,20.35,5081622.0,16.570448000000006,0.017348796749172113
2014-12-01,2014-12-01,20.35,20.450001,19.9,20.0,3416000.0,16.28545,-0.017348796749172113
2014-12-02,2014-12-02,19.85,20.1,19.85,20.049999,3154341.0,16.326162,0.0024967806650950664
2014-12-03,2014-12-03,20.049999,20.450001,19.950001,20.25,4167879.0,16.489017,0.00992567110623188
2014-12-04,2014-12-04,20.299999,20.450001,20.049999,20.15,2868166.0,16.407591,-0.004950429314201088
2014-12-05,2014-12-05,20.1,20.200001,19.950001,20.0,2557078.0,16.28545,-0.00747202245712586
2014-12-08,2014-12-08,19.950001,20.0,19.549999,19.65,5215726.0,16.000456,-0.017654849303666342
2014-12-09,2014-12-09,19.6,19.700001,19.299999,19.35,3488843.0,15.756173,-0.015384996841135038
2014-12-10,2014-12-10,19.299999,19.450001,19.200001,19.35,2458940.0,15.756173,0.0
2014-12-11,2014-12-11,19.299999,19.35,19.049999,19.1,2686390.0,15.552604,-0.013004140580040069
2014-12-12,2014-12-12,19.1,19.35,18.9,19.0,3323687.0,15.471179,-0.005249210708231811
2014-12-15,2014-12-15,19.0,19.0,18.75,18.9,2973346.0,15.389751,-0.005277105321587872
2014-12-16,2014-12-16,18.700001,18.799999,18.5,18.549999,4249195.0,15.104754000000002,-0.0186922396746656
2014-12-17,2014-12-17,18.450001,18.549999,17.950001,18.299999,5516375.0,14.901186,-0.01356872160885203
2014-12-18,2014-12-18,18.4,18.9,18.4,18.75,2616392.0,15.267611,0.024292849335077804
2014-12-19,2014-12-19,18.85,19.0,18.700001,18.9,3770200.0,15.389751,0.007968111948439827
2014-12-22,2014-12-22,18.9,19.15,18.75,19.049999,5075751.0,15.51189,0.007905058248371066
2014-12-23,2014-12-23,19.1,19.200001,18.85,18.9,5022411.0,15.389751,-0.007905058248371066
2014-12-24,2014-12-24,18.9,19.1,18.6,18.75,14166051.0,15.267611,-0.007968111948439827
2014-12-26,2014-12-26,18.75,19.0,18.700001,18.799999,2495815.0,15.308325,0.0026631416328886104
2014-12-29,2014-12-29,18.85,19.049999,18.799999,18.85,1472869.0,15.349035999999998,0.0026558726910721475
2014-12-30,2014-12-30,18.85,18.85,18.65,18.75,2348724.0,15.267611,-0.005319014323960758
2014-12-31,2014-12-31,18.700001,19.049999,18.700001,18.85,4927978.0,15.349035999999998,0.005319014323960758
2015-01-01,2015-01-01,18.700001,19.0,18.700001,18.9,1950452.0,15.389751,0.002649097624479069
2015-01-02,2015-01-02,18.9,19.200001,18.9,19.049999,3189435.0,15.51189,0.007905058248371066
2015-01-05,2015-01-05,19.049999,19.15,18.9,18.9,1847875.0,15.389751,-0.007905058248371066
2015-01-06,2015-01-06,18.85,18.85,18.4,18.5,3339702.0,15.064042,-0.021391188927615268
2015-01-07,2015-01-07,18.6,18.65,18.15,18.25,3502444.0,14.860473999999998,-0.013605642962183584
2015-01-08,2015-01-08,18.299999,18.65,18.299999,18.6,2240276.0,15.145471,0.018996606875485437
2015-01-09,2015-01-09,18.700001,18.75,18.450001,18.549999,2290089.0,15.104754000000002,-0.002692014660352182
2015-01-12,2015-01-12,18.5,18.700001,18.4,18.6,2673144.0,15.145471,0.002692014660352182
2015-01-13,2015-01-13,18.6,18.75,18.4,18.549999,3435110.0,15.104754000000002,-0.002692014660352182
2015-01-14,2015-01-14,18.700001,19.799999,18.700001,19.6,16711949.0,15.959743,0.05505996042711647
2015-01-15,2015-01-15,19.950001,20.0,19.35,19.5,5024923.0,15.878314,-0.005115210237334633
2015-01-16,2015-01-16,19.5,19.700001,19.25,19.35,3498033.0,15.756173,-0.007722053905256487
2015-01-19,2015-01-19,19.25,19.6,19.200001,19.299999,3960325.0,15.715457999999998,-0.0025874110378674158
2015-01-20,2015-01-20,19.25,19.35,19.0,19.1,2588592.0,15.552604,-0.010416729542172655
2015-01-21,2015-01-21,19.25,19.25,19.0,19.1,2858759.0,15.552604,0.0
2015-01-22,2015-01-22,19.1,20.0,19.049999,19.9,6091163.0,16.204023,0.041031460329564506
2015-01-23,2015-01-23,19.950001,20.1,19.6,19.85,4099924.0,16.163307,-0.0025158714961266426
2015-01-27,2015-01-27,19.700001,19.9,19.5,19.65,2245670.0,16.000456,-0.010126451412262759
2015-01-28,2015-01-28,19.549999,20.299999,19.5,20.049999,5361239.0,16.326162,0.02015162996876141
2015-01-29,2015-01-29,19.9,19.950001,19.549999,19.700001,6530205.0,16.202795000000002,-0.007585093581627067
2015-01-30,2015-01-30,19.700001,20.0,19.200001,19.25,5212636.0,15.832678,-0.02310772617856438
2015-02-02,2015-02-02,19.1,20.200001,19.1,19.549999,9578903.0,16.079422,0.015464285788907794
2015-02-03,2015-02-03,19.6,20.450001,19.5,19.9,14594165.0,16.367287,0.017744329823278004
2015-02-04,2015-02-04,19.9,20.299999,19.6,20.0,6430999.0,16.449535,0.005012561680225236
2015-02-05,2015-02-05,20.0,20.450001,19.75,20.049999,10574876.0,16.490658,0.002496829412258261
2015-02-06,2015-02-06,19.9,20.15,19.65,20.0,5831316.0,16.449535,-0.002496829412258261
2015-02-09,2015-02-09,20.0,20.049999,19.700001,19.85,3945615.0,16.326162,-0.007528357532219587
2015-02-10,2015-02-10,19.700001,19.950001,19.549999,19.799999,5354275.0,16.285038,-0.002522079641273933
2015-02-11,2015-02-11,19.75,20.200001,19.75,20.049999,3765520.0,16.490658,0.012547266585751782
2015-02-12,2015-02-12,20.200001,20.950001,20.049999,20.75,8946922.0,17.066392999999998,0.034317169345634564
2015-02-13,2015-02-13,20.75,21.0,20.450001,20.9,5065995.0,17.189764,0.007202882295819891
2015-02-16,2015-02-16,20.4,21.200001,20.4,20.65,4641027.0,16.984146,-0.012033769698396757
2015-02-18,2015-02-18,20.6,21.15,20.549999,20.85,5784644.0,17.148642000000002,0.009638666113326531
2015-02-19,2015-02-19,20.75,21.049999,20.4,20.9,5847135.0,17.189764,0.002395103585070224
2015-02-20,2015-02-20,20.85,21.1,20.65,20.85,5801996.0,17.148642000000002,-0.002395103585070224
2015-02-23,2015-02-23,20.950001,21.15,20.6,21.0,6065761.0,17.272013,0.007168459072205645
2015-02-24,2015-02-24,21.0,21.049999,20.65,20.950001,6454726.0,17.230888,-0.002383858648602466
2015-02-25,2015-02-25,21.0,21.35,20.799999,21.0,4656002.0,17.272013,0.002383858648602466
2015-02-26,2015-02-26,20.950001,21.25,20.5,20.75,15414904.0,17.066392999999998,-0.011976237782955312
2015-02-27,2015-02-27,20.700001,21.299999,20.65,21.25,6226297.0,17.477632999999994,0.02381074106651937
2015-03-02,2015-03-02,21.1,21.450001,20.85,21.0,3167019.0,17.272013,-0.011834503283564056
2015-03-03,2015-03-03,20.950001,21.299999,20.9,21.049999,2839048.0,17.313135,0.0023780160997781685
2015-03-04,2015-03-04,21.049999,21.25,20.35,20.450001,4867068.0,16.819653,-0.028917437845414895
2015-03-05,2015-03-05,20.5,20.6,20.049999,20.15,3026768.0,16.572906,-0.014778830880477043
2015-03-09,2015-03-09,20.1,20.1,19.75,19.799999,2799565.0,16.285038,-0.01752242108822788
2015-03-10,2015-03-10,19.799999,19.950001,19.549999,19.6,1950404.0,16.120546,-0.010152164688535414
2015-03-11,2015-03-11,19.700001,20.0,19.6,19.700001,2078891.0,16.202795000000002,0.0050891507481822815
2015-03-12,2015-03-12,19.700001,20.1,19.700001,19.9,2312333.0,16.367287,0.010100889433621418
2015-03-13,2015-03-13,19.950001,20.1,19.6,19.65,1604805.0,16.161669,-0.012642320191481373
2015-03-16,2015-03-16,19.65,19.700001,19.35,19.4,2001449.0,15.956048999999998,-0.012804322479394337
2015-03-17,2015-03-17,19.549999,19.6,19.25,19.4,2572807.0,15.956048999999998,0.0
2015-03-18,2015-03-18,19.35,19.75,19.299999,19.549999,4089547.0,16.079422,0.007702312847597703
2015-03-19,2015-03-19,19.6,19.950001,19.5,19.799999,4916886.0,16.285038,0.01270645433000972
2015-03-20,2015-03-20,19.9,19.9,19.299999,19.700001,3843528.0,16.202795000000002,-0.005063013940353135
2015-03-23,2015-03-23,19.700001,19.799999,19.549999,19.6,1718881.0,16.120546,-0.0050891507481822815
2015-03-24,2015-03-24,19.549999,19.700001,19.25,19.35,2740854.0,15.914927,-0.012837133616814269
2015-03-25,2015-03-25,19.35,19.6,19.049999,19.5,4568088.0,16.0383,0.007722137928349416
2015-03-26,2015-03-26,19.299999,19.9,19.200001,19.5,18825422.0,16.0383,0.0
2015-03-27,2015-03-27,19.450001,19.799999,19.35,19.75,3670089.0,16.243916,0.01273882688641681
2015-03-30,2015-03-30,19.65,19.950001,19.5,19.85,2339084.0,16.326162,0.00505041313185739
2015-03-31,2015-03-31,19.950001,20.049999,19.6,19.799999,1629156.0,16.285038,-0.002522079641273933
2015-04-01,2015-04-01,19.799999,20.200001,19.799999,20.049999,1973742.0,16.490658,0.012547266585751782
2015-04-06,2015-04-06,19.950001,20.15,19.75,20.049999,1462713.0,16.490658,0.0
2015-04-07,2015-04-07,20.1,20.1,19.9,20.049999,1168143.0,16.490658,0.0
2015-04-08,2015-04-08,20.0,20.549999,19.65,20.299999,5170716.0,16.696278,0.01239178158415255
2015-04-09,2015-04-09,20.450001,20.450001,20.200001,20.299999,1395342.0,16.696278,0.0
2015-04-10,2015-04-10,20.35,20.75,20.15,20.65,2411591.0,16.984146,0.01709450035890514
2015-04-13,2015-04-13,20.549999,21.15,20.549999,20.950001,2532784.0,17.230888,0.014423266536929713
2015-04-15,2015-04-15,21.0,21.200001,20.6,20.75,2344088.0,17.066392999999998,-0.009592379134352845
2015-04-16,2015-04-16,20.799999,20.9,20.5,20.700001,1940678.0,17.025270000000006,-0.002412497151877524
2015-04-17,2015-04-17,20.65,20.799999,20.549999,20.6,1924884.0,16.943023999999998,-0.004842525251499641
2015-04-20,2015-04-20,20.75,20.75,20.200001,20.25,2068894.0,16.655155,-0.017136407572262424
2015-04-21,2015-04-21,20.25,20.4,20.15,20.25,1698243.0,16.655155,0.0
2015-04-22,2015-04-22,20.25,20.35,20.0,20.25,1592412.0,16.655155,0.0
2015-04-23,2015-04-23,20.25,20.4,20.1,20.15,1137838.0,16.572906,-0.00495058486751887
2015-04-24,2015-04-24,20.1,20.200001,19.950001,20.049999,2477922.0,16.490658,-0.004975154502476098
2015-04-27,2015-04-27,20.1,20.15,19.799999,19.85,2664430.0,16.326162,-0.010025186944477849
2015-04-28,2015-04-28,19.75,19.9,19.5,19.75,1722354.0,16.243916,-0.00505041313185739
2015-04-29,2015-04-29,19.75,19.799999,19.5,19.65,2213742.0,16.161669,-0.00507611120762963
2015-04-30,2015-04-30,19.6,19.85,19.5,19.75,3061512.0,16.243916,0.00507611120762963
2015-05-04,2015-05-04,19.65,20.1,19.65,20.0,1506693.0,16.449535,0.012578770664076977
2015-05-05,2015-05-05,20.0,20.1,19.65,19.9,1790595.0,16.367287,-0.005012561680225236
2015-05-06,2015-05-06,19.9,19.950001,19.35,19.5,2006264.0,16.0383,-0.02030503587026855
2015-05-07,2015-05-07,19.4,19.5,19.1,19.200001,1288319.0,15.791554,-0.015504371639765147
2015-05-08,2015-05-08,19.299999,19.5,19.200001,19.299999,1589474.0,15.873798999999998,0.00519464822918847
2015-05-11,2015-05-11,19.4,19.5,19.25,19.299999,1403644.0,15.873798999999998,0.0
2015-05-12,2015-05-12,19.200001,19.25,18.75,18.9,1896419.0,15.544811,-0.02094300318701059
2015-05-13,2015-05-13,18.9,19.200001,18.9,19.0,1320538.0,15.62706,0.005277141745772429
2015-05-14,2015-05-14,18.950001,19.200001,18.950001,19.0,1795929.0,15.62706,0.0
2015-05-15,2015-05-15,19.0,19.15,18.950001,19.0,1627604.0,15.62706,0.0
2015-05-18,2015-05-18,19.0,19.200001,18.950001,19.0,3793043.0,15.62706,0.0
2015-05-19,2015-05-19,19.0,19.15,18.9,19.049999,2703899.0,15.668181,0.0026279410128453584
2015-05-20,2015-05-20,19.049999,19.450001,19.0,19.200001,2379241.0,15.791554,0.007843272199204332
2015-05-21,2015-05-21,19.25,19.4,19.049999,19.35,2223926.0,15.914927,0.007782233711415731
2015-05-22,2015-05-22,19.4,19.5,19.299999,19.450001,1639744.0,15.997176,0.005154732806021745
2015-05-25,2015-05-25,19.35,19.4,19.15,19.200001,1037090.0,15.791554,-0.012936966517437476
2015-05-26,2015-05-26,19.15,19.4,19.049999,19.25,1450085.0,15.832678,0.0026007918978478983
2015-05-27,2015-05-27,19.200001,19.549999,19.15,19.5,2081374.0,16.0383,0.012903579741917248
2015-05-28,2015-05-28,19.549999,20.549999,19.4,20.200001,11072157.0,16.614031,0.03526796752722028
2015-05-29,2015-05-29,20.15,20.450001,20.0,20.15,2584271.0,16.572906,-0.0024783860619921327
2015-06-01,2015-06-01,21.0,21.1,19.799999,20.0,7313096.0,16.449535,-0.007471983914734359
2015-06-02,2015-06-02,20.0,20.15,19.65,19.700001,2346542.0,16.202795000000002,-0.015113451113846653
2015-06-03,2015-06-03,19.6,19.700001,18.65,19.1,2912107.0,15.709307,-0.03093041895678628
2015-06-04,2015-06-04,19.0,19.15,18.799999,18.950001,2085881.0,15.585937,-0.00788430593986611
2015-06-05,2015-06-05,19.0,19.35,18.9,19.15,1754991.0,15.750429,0.010498569671784086
2015-06-08,2015-06-08,19.15,19.200001,18.75,18.85,1623893.0,15.503687,-0.01578973638980008
2015-06-09,2015-06-09,18.799999,19.200001,18.799999,19.1,1060759.0,15.709307,0.013175472657882105
2015-06-10,2015-06-10,19.1,19.25,19.049999,19.1,915269.0,15.709307,0.0
2015-06-11,2015-06-11,19.1,19.15,18.85,18.85,1149652.0,15.503687,-0.013175472657882105
2015-06-12,2015-06-12,18.85,19.15,18.799999,19.0,1184772.0,15.62706,0.007926160326206409
2015-06-15,2015-06-15,19.0,19.1,18.9,18.9,753852.0,15.544811,-0.005277141745772429
2015-06-16,2015-06-16,18.9,19.1,18.85,19.0,973559.0,15.62706,0.005277141745772429
2015-06-17,2015-06-17,19.049999,19.200001,19.0,19.1,1198826.0,15.709307,0.005249312331675693
2015-06-18,2015-06-18,19.1,19.200001,19.049999,19.15,1287634.0,15.750429,0.0026142637319179762
2015-06-19,2015-06-19,19.1,20.0,19.1,19.75,3467119.0,16.243916,0.030850835674637974
2015-06-22,2015-06-22,19.75,19.9,19.5,19.6,1547621.0,16.120546,-0.007623831197951958
2015-06-23,2015-06-23,19.549999,19.9,19.5,19.65,1941744.0,16.161669,0.002547719990322328
2015-06-24,2015-06-24,19.65,20.0,19.65,19.75,1951213.0,16.243916,0.00507611120762963
2015-06-25,2015-06-25,19.75,20.25,19.700001,20.049999,5946108.0,16.490658,0.015075600076335238
2015-06-26,2015-06-26,20.1,20.1,19.65,19.85,2468407.0,16.326162,-0.010025186944477849
2015-06-29,2015-06-29,19.65,19.700001,19.299999,19.6,2328476.0,16.120546,-0.012674244329809348
2015-06-30,2015-06-30,19.4,19.65,19.35,19.6,1122268.0,16.120546,0.0
2015-07-01,2015-07-01,19.6,19.75,19.5,19.65,1603718.0,16.161669,0.002547719990322328
2015-07-02,2015-07-02,19.6,19.700001,19.450001,19.549999,991240.0,16.079422,-0.005102009631796634
2015-07-03,2015-07-03,19.5,19.65,19.450001,19.6,1434421.0,16.120546,0.002554289641474305
2015-07-06,2015-07-06,19.299999,19.450001,19.15,19.4,1435805.0,15.956048999999998,-0.010256602489072009
2015-07-07,2015-07-07,19.4,19.6,19.25,19.4,1584484.0,15.956048999999998,0.0
2015-07-08,2015-07-08,19.25,19.9,19.25,19.6,3947844.0,16.120546,0.010256602489072009
2015-07-09,2015-07-09,19.549999,19.65,19.35,19.4,1137383.0,15.956048999999998,-0.010256602489072009
2015-07-10,2015-07-10,19.450001,19.5,18.9,18.950001,6993820.0,15.585937,-0.023468971659398097
2015-07-13,2015-07-13,18.950001,19.1,18.950001,19.049999,2807041.0,15.668181,0.005262934621035775
2015-07-14,2015-07-14,19.1,19.15,18.85,18.950001,2412103.0,15.585937,-0.005262934621035775
2015-07-15,2015-07-15,19.0,19.200001,18.950001,19.049999,1996097.0,15.668181,0.005262934621035775
2015-07-16,2015-07-16,19.1,19.200001,19.0,19.049999,2039424.0,15.668181,0.0
2015-07-17,2015-07-17,19.1,19.200001,19.049999,19.1,2102578.0,15.709307,0.0026213713188303345
2015-07-20,2015-07-20,19.1,19.1,19.0,19.049999,1752733.0,15.668181,-0.0026213713188303345
2015-07-21,2015-07-21,19.049999,19.6,19.049999,19.200001,2710164.0,15.791554,0.007843272199204332
2015-07-22,2015-07-22,19.15,19.4,18.950001,19.049999,3848511.0,15.668181,-0.007843272199204332
2015-07-23,2015-07-23,19.0,19.1,18.9,18.950001,2637403.0,15.585937,-0.005262934621035775
2015-07-24,2015-07-24,19.0,19.1,18.85,18.9,1469434.0,15.544811,-0.002642148137582012
2015-07-27,2015-07-27,18.85,19.0,18.65,18.700001,2350782.0,15.380317000000002,-0.010638310138118
2015-07-28,2015-07-28,18.75,19.0,18.65,18.75,2799361.0,15.42144,0.0026701739406176372
2015-07-29,2015-07-29,18.799999,19.1,18.799999,18.9,2586553.0,15.544811,0.007968136197500364
2015-07-30,2015-07-30,19.0,19.25,18.5,18.65,10139271.0,15.339192,-0.013315763385689294
2015-07-31,2015-07-31,18.65,19.0,18.65,18.9,3124096.0,15.544811,0.013315763385689294
2015-08-03,2015-08-03,18.9,19.1,18.9,19.0,2217303.0,15.62706,0.005277141745772429
2015-08-04,2015-08-04,19.0,19.200001,18.950001,19.049999,3660419.0,15.668181,0.0026279410128453584
2015-08-05,2015-08-05,19.200001,19.450001,18.950001,19.049999,4852698.0,15.668181,0.0
2015-08-06,2015-08-06,19.15,19.450001,18.85,18.950001,8710863.0,15.585937,-0.005262934621035775
2015-08-07,2015-08-07,18.950001,19.049999,18.75,18.85,2777318.0,15.503687,-0.005291166718015994
2015-08-10,2015-08-10,18.85,19.0,18.700001,18.75,2547217.0,15.42144,-0.005319117617066382
2015-08-11,2015-08-11,18.75,18.799999,18.4,18.5,2745004.0,15.21582,-0.013423072908996579
2015-08-12,2015-08-12,18.450001,18.6,18.25,18.299999,2638115.0,15.051324,-0.010869715332689545
2015-08-13,2015-08-13,18.299999,18.4,17.950001,18.0,3929081.0,14.804583,-0.0165291657505775
2015-08-14,2015-08-14,18.049999,18.299999,18.0,18.1,3235060.0,14.886829999999998,0.005540134473746683
2015-08-17,2015-08-17,18.15,18.299999,18.0,18.25,2081757.0,15.010201,0.008253107157782935
2015-08-18,2015-08-18,18.299999,18.5,18.200001,18.35,2598770.0,15.092451,0.0054646484091596115
2015-08-19,2015-08-19,18.35,18.35,18.15,18.200001,1486558.0,14.969078,-0.008208078349043912
2015-08-20,2015-08-20,18.200001,18.25,17.85,17.950001,3312690.0,14.763459,-0.013831465378199235
2015-08-21,2015-08-21,17.799999,17.85,17.6,17.75,4096864.0,14.598964000000002,-0.011204574017766422
2015-08-24,2015-08-24,17.5,17.549999,16.0,16.049999,9849323.0,13.200753,-0.10067669387263888
2015-08-25,2015-08-25,16.200001,16.6,15.55,16.35,6327366.0,13.447497,0.01851911865560174
2015-08-26,2015-08-26,16.700001,17.0,16.15,16.450001,3961396.0,13.529744,0.006097529011769964
2015-08-27,2015-08-27,16.700001,17.25,16.549999,16.799999,17688976.0,13.817611,0.02105341689691853
2015-08-28,2015-08-28,16.85,17.200001,16.65,16.9,2617189.0,13.899857999999998,0.0059346862729952035
2015-08-31,2015-08-31,16.85,17.0,16.299999,16.450001,4593593.0,13.529744,-0.026988103169913732
2015-09-01,2015-09-01,16.35,16.5,16.0,16.049999,3142007.0,13.200753,-0.0246166476673717
2015-09-02,2015-09-02,16.1,16.4,15.95,16.049999,3567780.0,13.200753,0.0
2015-09-03,2015-09-03,16.049999,16.6,16.049999,16.450001,2712094.0,13.529744,0.0246166476673717
2015-09-04,2015-09-04,16.5,16.5,15.9,16.15,4780836.0,13.283,-0.018405498936846062
2015-09-07,2015-09-07,16.15,16.25,15.9,16.0,2877187.0,13.159628,-0.00933136412993152
2015-09-08,2015-09-08,16.1,16.4,16.0,16.200001,5190358.0,13.324124,0.01242256878225323
2015-09-09,2015-09-09,16.35,16.799999,16.299999,16.700001,2549281.0,13.735362,0.03039744842198955
2015-09-10,2015-09-10,16.299999,16.299999,15.9,16.1,5320719.0,13.566831,-0.012345758495486692
2015-09-11,2015-09-11,16.15,16.299999,16.0,16.1,3163809.0,13.566831,0.0
2015-09-14,2015-09-14,16.1,16.25,16.0,16.1,3412316.0,13.566831,0.0
2015-09-15,2015-09-15,16.1,16.299999,16.049999,16.200001,4971002.0,13.651096,0.0061918947187575854
2015-09-16,2015-09-16,16.299999,16.299999,16.049999,16.15,3058303.0,13.608962,-0.003091265143487565
2015-09-18,2015-09-18,16.200001,16.85,16.200001,16.65,9057219.0,14.030293,0.030490231412229733
2015-09-21,2015-09-21,16.65,16.9,16.450001,16.75,2836144.0,14.114558,0.005987969293715256
2015-09-22,2015-09-22,16.799999,16.9,16.549999,16.65,2762814.0,14.030293,-0.005987969293715256
2015-09-23,2015-09-23,16.6,16.799999,16.35,16.450001,2804700.0,13.861762,-0.012084663607938584
2015-09-24,2015-09-24,16.450001,16.85,16.299999,16.5,11289198.0,13.903894,0.003034830679815137
2015-09-28,2015-09-28,16.5,16.5,16.25,16.35,2862748.0,13.777496,-0.009132408341789857
2015-09-29,2015-09-29,16.25,16.6,16.15,16.549999,2255923.0,13.946026000000002,0.012158056684163476
2015-09-30,2015-09-30,16.65,16.700001,16.5,16.549999,1630571.0,13.946026000000002,0.0
2015-10-01,2015-10-01,16.65,16.85,16.6,16.700001,1884139.0,14.072426,0.009022686728421549
2015-10-05,2015-10-05,16.799999,17.1,16.799999,16.950001,2245036.0,14.283092000000002,0.014859180224217285
2015-10-06,2015-10-06,17.1,17.35,16.950001,17.25,3480407.0,14.535889,0.017544234767596034
2015-10-07,2015-10-07,17.299999,17.299999,17.1,17.200001,2326848.0,14.493757,-0.002902689862791519
2015-10-08,2015-10-08,17.200001,17.299999,17.049999,17.15,2111107.0,14.451623,-0.0029112783980749235
2015-10-09,2015-10-09,17.200001,17.299999,17.0,17.1,1453372.0,14.409491,-0.0029196398953139635
2015-10-12,2015-10-12,17.15,17.6,17.049999,17.5,3089923.0,14.746555,0.02312240948957367
2015-10-13,2015-10-13,17.549999,17.6,17.299999,17.4,1162682.0,14.662289,-0.005730672760351219
2015-10-14,2015-10-14,17.4,17.65,17.299999,17.35,1434737.0,14.620156,-0.0028776988448750984
2015-10-15,2015-10-15,17.450001,17.6,17.25,17.299999,2034907.0,14.578022,-0.002886072497123582
2015-10-16,2015-10-16,17.299999,17.549999,17.25,17.450001,2381222.0,14.704422,0.008633212792843016
2015-10-19,2015-10-19,17.450001,17.75,17.4,17.6,2590920.0,14.830820999999998,0.0085592504976546
2015-10-20,2015-10-20,17.6,18.25,17.6,18.049999,4056555.0,15.210016,0.025246642837445155
2015-10-21,2015-10-21,18.049999,18.450001,17.9,18.1,3407923.0,15.252151,0.0027663840770864034
2015-10-23,2015-10-23,18.200001,18.4,18.1,18.25,3638008.0,15.378549,0.008253074036649544
2015-10-26,2015-10-26,18.25,18.35,17.950001,18.0,2532365.0,15.167886,-0.013793186662260482
2015-10-27,2015-10-27,18.0,18.15,17.9,18.049999,2806580.0,15.210016,0.0027737285485245344
2015-10-28,2015-10-28,18.049999,18.1,17.85,17.950001,2184265.0,15.125751,-0.005555502633358689
2015-10-29,2015-10-29,17.9,18.200001,17.799999,18.1,4465692.0,15.252151,0.008321886710445092
2015-10-30,2015-10-30,18.049999,18.5,18.049999,18.15,2933517.0,15.294282999999998,0.002758556152080871
2015-11-02,2015-11-02,18.15,18.200001,17.85,17.9,2668032.0,15.083617000000002,-0.013869910508511385
2015-11-03,2015-11-03,17.950001,18.1,17.9,17.950001,1623124.0,15.125751,0.0027894676459854213
2015-11-04,2015-11-04,18.0,18.1,17.9,17.950001,1794600.0,15.125751,0.0
2015-11-05,2015-11-05,18.0,18.049999,17.75,17.85,1727110.0,15.041484,-0.005586671709928215
2015-11-06,2015-11-06,17.85,17.950001,17.15,17.6,3591055.0,14.830820999999998,-0.014104468494158253
2015-11-09,2015-11-09,17.25,17.9,17.200001,17.799999,1495236.0,14.999351999999998,0.011299484796346793
2015-11-10,2015-11-10,18.35,18.75,18.15,18.25,9433166.0,15.378549,0.02496661615483431
2015-11-13,2015-11-13,18.15,18.35,18.15,18.299999,2466020.0,15.420683,0.002736043956184986
2015-11-16,2015-11-16,18.299999,18.6,18.200001,18.549999,2952336.0,15.631348,0.013568724836259705
2015-11-17,2015-11-17,18.6,18.700001,18.4,18.450001,3463519.0,15.547082,-0.005405416833195176
2015-11-18,2015-11-18,18.450001,18.9,18.450001,18.6,4985426.0,15.67348,0.008097143837002552
2015-11-19,2015-11-19,18.700001,19.1,18.549999,18.950001,4521951.0,15.968413,0.01864247134294184
2015-11-20,2015-11-20,18.9,19.15,18.799999,19.049999,2874491.0,16.052677,0.005263043482073293
2015-11-23,2015-11-23,19.049999,19.15,18.9,19.049999,2709835.0,16.052677,0.0
2015-11-24,2015-11-24,19.0,19.15,18.9,18.950001,2958527.0,15.968413,-0.005263043482073293
2015-11-26,2015-11-26,19.0,19.200001,18.75,18.85,8861021.0,15.884145000000002,-0.005291141552801193
2015-11-27,2015-11-27,18.85,19.0,18.65,18.85,3438343.0,15.884145000000002,0.0
2015-11-30,2015-11-30,18.85,19.35,18.85,19.299999,3995711.0,16.263342,0.0235921761452893
2015-12-01,2015-12-01,19.35,20.049999,19.200001,19.950001,4918479.0,16.811071,0.0331240394115615
2015-12-02,2015-12-02,20.200001,20.35,19.75,20.200001,5124140.0,17.021738,0.01245357562332572
2015-12-03,2015-12-03,20.25,20.4,19.75,19.9,3712334.0,16.768938000000002,-0.014962986630915776
2015-12-04,2015-12-04,19.799999,19.950001,19.35,19.4,2628697.0,16.347607,-0.025446720684353163
2015-12-07,2015-12-07,19.5,19.799999,19.450001,19.65,1412636.0,16.558273,0.012804330303989088
2015-12-08,2015-12-08,19.65,19.65,18.950001,19.0,2142466.0,16.010542,-0.033638475802242766
2015-12-09,2015-12-09,18.799999,19.0,18.6,18.700001,1955709.0,15.757746,-0.015915326380158582
2015-12-10,2015-12-10,18.75,19.4,18.700001,19.299999,3283426.0,16.263342,0.031581564158793984
2015-12-11,2015-12-11,19.25,19.450001,18.85,18.950001,3046220.0,15.968413,-0.018301034592488108
2015-12-14,2015-12-14,18.9,19.0,18.700001,18.75,2084980.0,15.799879999999998,-0.010610238395721172
2015-12-15,2015-12-15,18.700001,19.0,18.6,18.85,1098628.0,15.884145000000002,0.005319096842919979
2015-12-16,2015-12-16,18.85,19.299999,18.85,19.15,2246587.0,16.136944,0.0157898597572248
2015-12-17,2015-12-17,19.200001,19.700001,18.950001,19.6,3349864.0,16.516142000000002,0.023226904042788377
2015-12-18,2015-12-18,19.6,20.049999,19.5,19.75,4583316.0,16.642538000000002,0.00762374209061223
2015-12-21,2015-12-21,19.799999,20.549999,19.75,20.450001,4250901.0,17.232403,0.034829559062028885
2015-12-22,2015-12-22,20.450001,20.549999,20.049999,20.1,4116896.0,16.937473,-0.017263002320236254
2015-12-23,2015-12-23,20.15,20.4,20.0,20.049999,2317271.0,16.895336,-0.002490897033517125
2015-12-24,2015-12-24,20.15,20.200001,19.950001,20.049999,1556180.0,16.895336,0.0
2015-12-28,2015-12-28,19.950001,20.15,19.950001,20.1,1407230.0,16.937473,0.002490897033517125
2015-12-29,2015-12-29,20.1,20.25,20.049999,20.15,2570972.0,16.979601000000002,0.0024841778311897045
2015-12-30,2015-12-30,20.15,20.25,19.950001,20.049999,2122128.0,16.895336,-0.00497507486470683
2015-12-31,2015-12-31,20.0,21.35,19.9,21.049999,17067957.0,17.737997,0.04867145431663023
2016-01-01,2016-01-01,21.1,21.5,20.75,21.200001,5131081.0,17.864397,0.007100675931286826
2016-01-04,2016-01-04,21.200001,21.950001,20.950001,21.5,7333586.0,18.117197,0.014051859942618705
2016-01-05,2016-01-05,21.549999,22.4,21.5,22.0,7926268.0,18.538527,0.022989509443488654
2016-01-06,2016-01-06,22.1,22.35,21.700001,21.85,4038633.0,18.412128,-0.0068415292245513895
2016-01-07,2016-01-07,21.65,21.700001,20.5,20.6,5604936.0,17.358801,-0.058909937891959085
2016-01-08,2016-01-08,20.799999,21.25,20.6,21.1,2744086.0,17.780132000000005,0.023982014103486105
2016-01-11,2016-01-11,20.950001,21.1,20.700001,20.75,2541740.0,17.485201,-0.016726788113296198
2016-01-12,2016-01-12,20.75,21.1,20.549999,20.6,2489719.0,17.358801,-0.007255225990189906
2016-01-13,2016-01-13,20.700001,20.9,19.700001,20.1,5151144.0,16.937473,-0.02457113548399681
2016-01-14,2016-01-14,19.9,20.700001,19.6,20.15,4493660.0,16.979601000000002,0.0024841778311897045
2016-01-15,2016-01-15,20.15,20.450001,19.35,19.5,3394333.0,16.431875,-0.032789636324711324
2016-01-18,2016-01-18,19.6,20.1,18.799999,19.15,4689302.0,16.136944,-0.018111744381671624
2016-01-19,2016-01-19,19.25,19.6,19.1,19.35,2081057.0,16.305479000000002,0.010389884633824398
2016-01-20,2016-01-20,19.299999,19.299999,18.65,18.799999,3043715.0,15.84201,-0.028835914026020593
2016-01-21,2016-01-21,18.799999,19.4,18.799999,19.049999,4285412.0,16.052677,0.013210354669845879
2016-01-22,2016-01-22,19.049999,19.65,19.049999,19.549999,2462001.0,16.474007,0.025908178485784642
2016-01-25,2016-01-25,19.549999,19.9,19.4,19.450001,1611542.0,16.389744,-0.005128032077242217
2016-01-27,2016-01-27,19.700001,20.049999,19.200001,19.950001,3759733.0,16.811071,0.02538188411343389
2016-01-28,2016-01-28,20.0,20.799999,19.799999,20.1,18781144.0,16.937473,0.007490847075567242
2016-01-29,2016-01-29,20.25,21.0,20.25,20.950001,3368446.0,17.653732,0.04141870124451197
2016-02-01,2016-02-01,21.1,21.450001,20.75,20.85,3754002.0,17.569468,-0.004784582931091297
2016-02-02,2016-02-02,21.0,21.200001,20.450001,20.6,3239084.0,17.358801,-0.012062982829423865
2016-02-03,2016-02-03,20.4,20.6,19.799999,20.0,3309724.0,16.853205,-0.029558793600394925
2016-02-04,2016-02-04,20.15,20.35,19.85,20.0,2429503.0,16.853205,0.0
2016-02-05,2016-02-05,20.0,20.549999,19.85,20.450001,1917954.0,17.232403,0.022250660436634373
2016-02-08,2016-02-08,20.450001,21.049999,20.4,20.6,2713944.0,17.358801,0.007308133163760555
2016-02-09,2016-02-09,20.299999,20.75,20.25,20.65,1630215.0,17.400934,0.002424242914076835
2016-02-10,2016-02-10,20.6,21.950001,20.4,21.25,20705179.0,17.906532000000006,0.02864167954132135
2016-02-11,2016-02-11,21.200001,21.35,19.549999,19.9,6663746.0,16.768938000000002,-0.0656373160225523
2016-02-12,2016-02-12,19.85,20.0,19.4,19.9,5908943.0,16.768938000000002,0.0
2016-02-15,2016-02-15,20.049999,20.75,20.049999,20.450001,3724928.0,17.232403,0.027263260403393552
2016-02-16,2016-02-16,20.700001,20.700001,20.049999,20.15,3195422.0,16.979601000000002,-0.01477882448904655
2016-02-17,2016-02-17,20.15,20.15,19.35,20.049999,5641292.0,16.895336,-0.00497507486470683
2016-02-18,2016-02-18,19.450001,20.35,19.35,19.9,9011262.0,17.57539,0.03946202055299386
2016-02-19,2016-02-19,19.950001,20.35,19.799999,20.049999,3283796.0,17.707867,0.007509376049890105
2016-02-22,2016-02-22,20.1,20.6,20.1,20.450001,3271954.0,18.061142,0.0197537755431596
2016-02-23,2016-02-23,20.450001,20.75,20.299999,20.450001,3648475.0,18.061142,0.0
2016-02-24,2016-02-24,20.4,20.75,20.0,20.15,4188686.0,17.796186,-0.01477861497914068
2016-02-25,2016-02-25,20.200001,20.35,19.15,19.450001,9230753.0,17.177958,-0.03535711432282529
2016-02-26,2016-02-26,19.549999,20.0,19.200001,19.700001,6617288.0,17.398754,0.012771544107751607
2016-02-29,2016-02-29,19.9,20.4,19.799999,20.1,4926836.0,17.752028,0.020101168455094687
2016-03-01,2016-03-01,20.200001,20.700001,20.15,20.450001,6151858.0,18.061142,0.017263016739119674
2016-03-02,2016-03-02,20.65,21.0,20.65,20.799999,3892766.0,18.370258,0.016970164111171027
2016-03-03,2016-03-03,21.25,21.25,20.9,21.049999,2805484.0,18.591053,0.011947499719415777
2016-03-04,2016-03-04,20.950001,21.25,20.799999,20.950001,5190704.0,18.502735,-0.004761884490640522
2016-03-08,2016-03-08,20.950001,21.25,20.700001,20.9,4993983.0,18.458576,-0.0023894726575459657
2016-03-09,2016-03-09,20.6,21.65,20.6,21.450001,4253189.0,18.944328,0.0259754864032602
2016-03-10,2016-03-10,21.450001,21.700001,21.1,21.25,3498186.0,18.767691,-0.009367745159685192
2016-03-11,2016-03-11,21.450001,21.450001,20.799999,21.0,2040545.0,18.546894,-0.01183449190039898
2016-03-14,2016-03-14,20.950001,21.4,20.950001,21.25,4204176.0,18.767691,0.01183449190039898
2016-03-15,2016-03-15,21.200001,21.299999,20.9,21.25,3179008.0,18.767691,0.0
2016-03-16,2016-03-16,21.1,22.0,21.1,21.799999,6711944.0,19.253443,0.02555307430240861
2016-03-17,2016-03-17,21.9,22.25,21.299999,21.5,5308280.0,18.988487,-0.01385705374590218
2016-03-18,2016-03-18,21.5,22.4,21.35,22.25,6928723.0,19.650877,0.03428912022487518
2016-03-21,2016-03-21,22.1,22.5,21.9,22.35,3921433.0,19.739195,0.0044842846693673435
2016-03-22,2016-03-22,22.1,22.450001,22.0,22.15,1804172.0,19.562557,-0.008988870997812537
2016-03-23,2016-03-23,22.1,22.35,21.9,22.1,2549940.0,19.518398,-0.0022598740892307845
2016-03-28,2016-03-28,22.1,22.299999,21.700001,21.799999,2485818.0,19.253443,-0.013667606061297022
2016-03-29,2016-03-29,21.65,22.049999,21.549999,21.9,2740141.0,19.341759,0.004576535401772386
2016-03-30,2016-03-30,22.0,23.0,22.0,22.9,4093905.0,20.224947,0.044650405136571265
2016-03-31,2016-03-31,22.9,24.450001,22.65,24.15,22003907.0,21.328928,0.053147430945539316
2016-04-01,2016-04-01,23.700001,24.200001,23.549999,24.049999,6143531.0,21.240608,-0.0041494521680531795
2016-04-04,2016-04-04,24.049999,24.25,23.9,24.1,4315867.0,21.284769,0.0020769253085979322
2016-04-05,2016-04-05,24.0,24.0,22.65,22.799999,4342782.0,20.136627,-0.05545135089998388
2016-04-06,2016-04-06,22.9,23.35,22.6,23.200001,3588747.0,20.489902,0.01739178381042006
2016-04-07,2016-04-07,23.1,23.4,22.85,23.0,1836830.0,20.313265,-0.008658058499242838
2016-04-08,2016-04-08,22.9,23.450001,22.799999,23.299999,1505347.0,20.57822,0.01295911400648464
2016-04-11,2016-04-11,23.200001,23.85,23.1,23.799999,2140314.0,21.019814,0.0212322817684214
2016-04-12,2016-04-12,23.9,24.25,23.450001,23.75,4939513.0,20.975655,-0.002103037176482303
2016-04-13,2016-04-13,23.799999,24.1,23.75,23.9,3087211.0,21.108133,0.006295936934464841
2016-04-18,2016-04-18,23.799999,23.950001,23.6,23.799999,2108505.0,21.019814,-0.004192899757982539
2016-04-20,2016-04-20,24.0,24.0,23.35,23.5,1776743.0,20.754858,-0.012685176937433871
2016-04-21,2016-04-21,23.6,23.75,23.1,23.15,2057004.0,20.445744,-0.015005596286737257
2016-04-22,2016-04-22,23.200001,23.299999,22.950001,23.049999,1230829.0,20.357424,-0.0043290823856314544
2016-04-25,2016-04-25,23.0,23.1,22.700001,22.799999,1649992.0,20.136627,-0.010905265476280679
2016-04-26,2016-04-26,22.65,23.200001,22.65,23.1,1987497.0,20.401583,0.013072100270751895
2016-04-27,2016-04-27,21.799999,21.799999,21.5,21.549999,46322976.0,19.032646,-0.06945678062107953
2016-04-28,2016-04-28,21.299999,21.35,21.049999,21.1,34314449.0,18.635214,-0.021102698625345973
2016-04-29,2016-04-29,20.799999,20.9,20.65,20.65,59828173.0,18.23778,-0.021557749919846717
2016-05-02,2016-05-02,20.6,21.25,20.5,21.049999,71459873.0,18.591053,0.019185176773279355
2016-05-03,2016-05-03,21.200001,21.299999,20.65,20.700001,8898922.0,18.28194,-0.016766756176219474
2016-05-04,2016-05-04,20.700001,20.75,20.450001,20.5,11025927.0,18.105303,-0.009708808523670063
2016-05-05,2016-05-05,20.6,21.0,20.5,20.85,13262743.0,18.414415,0.016928903025719592
2016-05-06,2016-05-06,20.9,21.299999,20.75,21.200001,16036416.0,18.723532,0.01664734665454004
2016-05-09,2016-05-09,21.35,21.35,21.049999,21.1,4050518.0,18.635214,-0.004728111833802728
2016-05-10,2016-05-10,21.1,21.25,20.85,21.200001,8716984.0,18.723532,0.004728111833802728
2016-05-11,2016-05-11,20.950001,21.700001,20.9,21.5,36941827.0,18.988487,0.014051719671524856
2016-05-12,2016-05-12,21.65,21.75,21.299999,21.4,9777378.0,18.900169,-0.004661984313155454
2016-05-13,2016-05-13,21.25,21.450001,21.0,21.35,3520850.0,18.85601,-0.002339167855699653
2016-05-16,2016-05-16,21.35,21.5,21.1,21.4,9435790.0,18.900169,0.002339167855699653
2016-05-17,2016-05-17,21.5,21.65,21.299999,21.450001,3560671.0,18.944328,0.002333708916334221
2016-05-18,2016-05-18,21.4,21.799999,21.299999,21.65,6969803.0,19.120966,0.009280856618667954
2016-05-19,2016-05-19,21.700001,21.85,21.299999,21.4,3090575.0,18.900169,-0.011614565535002177
2016-05-20,2016-05-20,21.450001,21.75,21.35,21.65,5443307.0,19.120966,0.011614565535002177
2016-05-23,2016-05-23,21.75,21.85,21.549999,21.799999,6786838.0,19.253443,0.0069044725240554605
2016-05-24,2016-05-24,21.799999,22.15,21.75,22.049999,9792489.0,19.474237,0.011402510671808752
2016-05-25,2016-05-25,22.200001,22.4,22.0,22.299999,8156496.0,19.695034,0.01127411019243052
2016-05-26,2016-05-26,22.4,22.799999,22.299999,22.65,28620529.0,20.00415,0.01557322928098559
2016-05-27,2016-05-27,22.450001,23.200001,22.450001,23.1,7902847.0,20.401583,0.019672743849970864
2016-05-30,2016-05-30,22.799999,23.950001,22.049999,22.75,12973672.0,20.09247,-0.015267377869630838
2016-05-31,2016-05-31,22.85,23.450001,22.65,23.299999,8827532.0,20.57822,0.0238881169165408
2016-06-01,2016-06-01,23.1,24.15,22.950001,24.049999,13277171.0,21.240608,0.03168158627372408
2016-06-02,2016-06-02,23.85,24.9,23.299999,24.65,16148020.0,21.770521,0.024641985777178018
2016-06-03,2016-06-03,24.65,24.950001,24.299999,24.700001,11164246.0,21.814682,0.002026422366868452
2016-06-06,2016-06-06,24.5,24.700001,23.9,23.950001,4457028.0,21.152294,-0.030834866375958562
2016-06-07,2016-06-07,24.0,24.200001,23.9,24.1,2531787.0,21.284769,0.006243383540510017
2016-06-08,2016-06-08,24.0,24.65,24.0,24.450001,3509968.0,21.593884,0.014418379939919125
2016-06-09,2016-06-09,24.6,24.700001,24.15,24.25,2724195.0,21.417246,-0.008213641122948978
2016-06-10,2016-06-10,24.25,24.5,24.0,24.15,1695266.0,21.328928,-0.0041322119575148974
2016-06-13,2016-06-13,23.9,24.4,23.75,24.200001,2625418.0,21.373089,0.002068333949818424
2016-06-14,2016-06-14,24.200001,24.799999,24.1,24.700001,4769167.0,21.814682,0.02045062202617487
2016-06-15,2016-06-15,24.85,24.9,24.4,24.65,2190990.0,21.770521,-0.002026422366868452
2016-06-16,2016-06-16,24.75,25.299999,24.450001,25.049999,4789230.0,22.123795,0.016096919157352563
2016-06-17,2016-06-17,25.1,25.65,24.4,25.299999,15265393.0,22.344591,0.009930552212805921
2016-06-20,2016-06-20,25.0,25.35,24.85,24.950001,3209404.0,22.035479,-0.013930442145242415
2016-06-21,2016-06-21,24.950001,25.15,24.700001,24.9,2950455.0,21.991318,-0.0020060970962854086
2016-06-22,2016-06-22,24.75,24.9,24.35,24.6,3290616.0,21.726362,-0.012121377168622159
2016-06-23,2016-06-23,24.5,24.6,24.15,24.4,1786088.0,21.549725,-0.00816330648918262
2016-06-24,2016-06-24,23.9,24.15,23.049999,24.049999,4673841.0,21.240608,-0.0144482342480039
2016-06-27,2016-06-27,24.0,24.65,23.9,24.4,2763956.0,21.549725,0.0144482342480039
2016-06-28,2016-06-28,24.4,24.950001,24.25,24.9,4465673.0,21.991318,0.02028468365780478
2016-06-29,2016-06-29,25.049999,25.25,24.950001,25.0,3458081.0,22.079638,0.004008087241702985
2016-06-30,2016-06-30,25.15,25.299999,24.799999,25.200001,7915616.0,22.256271,0.007967985251726706
2016-07-01,2016-07-01,25.15,25.299999,24.85,24.950001,4451237.0,22.035479,-0.009969975397144282
2016-07-04,2016-07-04,24.950001,26.299999,24.85,25.75,8294902.0,22.742025,0.03156069828804586
2016-07-05,2016-07-05,25.75,25.950001,25.35,25.549999,3826042.0,22.565388,-0.007797306587789431
2016-07-07,2016-07-07,25.549999,25.700001,25.1,25.200001,2526045.0,22.256271,-0.01379341630311215
2016-07-08,2016-07-08,25.25,25.4,24.799999,25.1,3521907.0,22.167955,-0.003976033993155603
2016-07-11,2016-07-11,25.5,25.700001,25.299999,25.35,3417590.0,22.388752,0.009910912282375062
2016-07-12,2016-07-12,25.4,25.9,25.200001,25.6,3690070.0,22.609547,0.009813560818686895
2016-07-13,2016-07-13,25.5,25.549999,25.15,25.25,2730761.0,22.300432,-0.01376620023084918
2016-07-14,2016-07-14,25.25,25.549999,25.15,25.450001,2334767.0,22.47707,0.00788962797670889
2016-07-15,2016-07-15,25.299999,25.5,25.15,25.200001,2412262.0,22.256271,-0.009871866853766065
2016-07-18,2016-07-18,25.299999,25.6,25.200001,25.299999,3029519.0,22.344591,0.003960466748098135
2016-07-19,2016-07-19,25.15,25.4,25.0,25.0,2227498.0,22.079638,-0.01192845199982484
2016-07-20,2016-07-20,25.0,25.200001,24.950001,25.1,1513043.0,22.167955,0.003991951258571103
2016-07-21,2016-07-21,25.299999,25.299999,25.049999,25.15,3320188.0,22.212114,0.0019900381215451897
2016-07-22,2016-07-22,25.200001,25.549999,25.15,25.450001,3361909.0,22.47707,0.011857862725376478
2016-07-25,2016-07-25,25.35,25.5,25.200001,25.25,1853955.0,22.300432,-0.00788962797670889
2016-07-26,2016-07-26,25.25,25.6,25.1,25.35,3620354.0,22.388752,0.003952639412162284
2016-07-27,2016-07-27,25.35,25.450001,25.0,25.1,4400803.0,22.167955,-0.009910912282375062
2016-07-28,2016-07-28,25.299999,25.4,25.049999,25.200001,4752971.0,22.256271,0.003976033993155603
2016-07-29,2016-07-29,25.25,25.4,25.1,25.299999,2924927.0,22.344591,0.003960466748098135
2016-08-01,2016-08-01,25.35,25.450001,24.700001,25.1,1848189.0,22.167955,-0.007936500741253738
2016-08-02,2016-08-02,25.1,25.25,24.700001,24.9,1065630.0,21.991318,-0.008000038500274087
2016-08-03,2016-08-03,24.85,24.9,24.4,24.450001,1903732.0,21.593884,-0.018237612657291624
2016-08-04,2016-08-04,24.549999,24.799999,23.9,24.5,10261029.0,21.638044,0.0020429352750030998
2016-08-05,2016-08-05,24.6,25.049999,24.6,24.950001,2324159.0,22.035479,0.01820077447857393
2016-08-08,2016-08-08,25.0,25.299999,24.85,24.950001,1325276.0,22.035479,0.0
2016-08-09,2016-08-09,24.950001,25.700001,24.9,25.549999,4072208.0,22.565388,0.02376339170025643
2016-08-10,2016-08-10,25.6,26.15,25.25,25.9,9514931.0,22.874504,0.013605699964595708
2016-08-11,2016-08-11,26.299999,26.700001,26.049999,26.4,9840567.0,23.316093,0.01912088098625686
2016-08-12,2016-08-12,26.5,26.6,25.6,26.15,9438907.0,23.095299,-0.009514718528666588
2016-08-16,2016-08-16,26.4,27.299999,26.200001,27.0,12774918.0,23.846006,0.031987649674450225
2016-08-17,2016-08-17,27.1,27.4,27.0,27.25,3703990.0,24.066803,0.00921668203613546
2016-08-18,2016-08-18,27.450001,27.75,26.799999,27.299999,8184412.0,24.110962,0.0018331698187492587
2016-08-19,2016-08-19,27.450001,27.700001,27.15,27.4,4681485.0,24.19928,0.0036562888006033134
2016-08-22,2016-08-22,27.4,27.85,27.1,27.4,3591337.0,24.19928,0.0
2016-08-23,2016-08-23,27.4,27.700001,27.35,27.5,2367379.0,24.287601,0.003643092558744953
2016-08-24,2016-08-24,27.5,27.65,27.4,27.549999,2875263.0,24.331757,0.0018163963473272202
2016-08-25,2016-08-25,27.6,27.85,27.4,27.700001,7300066.0,24.464239000000006,0.0054300490361520745
2016-08-26,2016-08-26,27.700001,27.700001,27.15,27.299999,3478367.0,24.110962,-0.01454582674282756
2016-08-29,2016-08-29,27.299999,27.4,27.049999,27.25,2390129.0,24.066803,-0.0018331698187492587
2016-08-30,2016-08-30,27.35,27.85,27.25,27.75,3676801.0,24.508394,0.01818224908283561
2016-08-31,2016-08-31,27.75,28.299999,27.700001,28.15,5030077.0,24.86167,0.014311588895584926
2016-09-01,2016-09-01,28.200001,28.200001,27.6,27.799999,3501661.0,24.552555,-0.01251133786795844
2016-09-02,2016-09-02,27.700001,28.049999,27.6,28.0,4149005.0,24.729193,0.007168526425596067
2016-09-06,2016-09-06,28.0,28.15,27.450001,27.700001,2965816.0,24.464239000000006,-0.010772029974481344
2016-09-07,2016-09-07,27.700001,27.700001,27.049999,27.1,4034914.0,23.934328,-0.021898672185087342
2016-09-08,2016-09-08,26.9,26.950001,26.6,26.700001,2039968.0,24.096777,0.006764350702467503
2016-09-09,2016-09-09,26.75,26.9,26.1,26.200001,2565761.0,23.645525,-0.018904217838509485
2016-09-12,2016-09-12,25.9,26.1,25.5,25.65,2437314.0,23.149149,-0.02121585967762929
2016-09-14,2016-09-14,25.85,26.9,25.799999,26.75,4407735.0,24.141901,0.04199094193583397
2016-09-15,2016-09-15,27.0,27.0,26.200001,26.5,3790076.0,23.916275,-0.0093897720023155
2016-09-16,2016-09-16,26.65,26.950001,26.4,26.799999,4355692.0,24.187027,0.011257225512325329
2016-09-19,2016-09-19,26.799999,27.1,26.65,26.950001,2047973.0,24.322403,0.005581444739377162
2016-09-20,2016-09-20,26.9,27.0,26.25,26.35,1777431.0,23.780901,-0.022515080255405277
2016-09-21,2016-09-21,26.450001,26.6,26.35,26.5,2091037.0,23.916275,0.005676410003702781
2016-09-22,2016-09-22,26.6,26.950001,26.549999,26.85,3242497.0,24.232151,0.01312111560412843
2016-09-23,2016-09-23,26.799999,26.799999,25.9,26.0,3854722.0,23.465025,-0.032169290472644274
2016-09-26,2016-09-26,26.0,26.15,25.299999,25.4,2872121.0,22.923525,-0.023347338829697858
2016-09-27,2016-09-27,25.450001,25.75,25.200001,25.549999,2211410.0,23.058899,0.005888092855380389
2016-09-28,2016-09-28,25.35,25.75,25.35,25.450001,2127947.0,22.968651,-0.003921482488334238
2016-09-29,2016-09-29,25.450001,25.75,24.15,24.35,7766139.0,21.975901,-0.044183842331366296
2016-09-30,2016-09-30,24.5,25.1,24.299999,25.0,5709606.0,22.562525,0.026343900257353337
2016-10-03,2016-10-03,25.25,25.9,24.9,25.65,3162246.0,23.149149,0.025667675471662044
2016-10-04,2016-10-04,25.65,25.9,25.450001,25.75,1662319.0,23.239401,0.0038911375274746094
2016-10-05,2016-10-05,25.549999,26.0,25.549999,25.85,2218203.0,23.329651,0.0038759695166867844
2016-10-06,2016-10-06,25.9,26.15,25.200001,25.75,3108204.0,23.239401,-0.0038759695166867844
2016-10-07,2016-10-07,26.0,26.049999,25.5,25.6,1546839.0,23.104027,-0.005842225786321986
2016-10-10,2016-10-10,25.65,25.700001,25.35,25.4,1074288.0,22.923525,-0.007843255505847857
2016-10-13,2016-10-13,25.4,25.75,25.35,25.6,4577288.0,23.104027,0.007843255505847857
2016-10-14,2016-10-14,25.75,25.75,25.4,25.5,3590324.0,23.013775,-0.003913981642753139
2016-10-17,2016-10-17,25.5,25.65,24.700001,25.049999,6855161.0,22.607649,-0.01780464935184511
2016-10-18,2016-10-18,25.1,25.85,24.9,25.35,5054735.0,22.878399,0.011904889943151087
2016-10-19,2016-10-19,25.4,25.75,25.299999,25.65,4443463.0,23.149149,0.011764829310294544
2016-10-20,2016-10-20,25.75,25.9,25.4,25.700001,4542752.0,23.194275,0.0019474613814507433
2016-10-21,2016-10-21,25.700001,26.0,25.5,25.85,2962029.0,23.329651,0.005819645662710649
2016-10-24,2016-10-24,25.85,26.1,25.75,25.85,5947126.0,23.329651,0.0
2016-10-25,2016-10-25,25.85,26.049999,25.65,25.9,6377232.0,23.374775,0.001932322818424037
2016-10-26,2016-10-26,25.799999,26.049999,25.65,25.75,2819329.0,23.239401,-0.0058082923351108215
2016-10-27,2016-10-27,25.65,26.1,25.450001,25.700001,7539380.0,23.194275,-0.0019436761460238647
2016-10-28,2016-10-28,25.950001,27.0,25.6,26.799999,7821420.0,24.187027,0.041910934064393064
2016-11-01,2016-11-01,26.85,27.1,26.299999,26.549999,4179701.0,23.961399,-0.009372254518918322
2016-11-02,2016-11-02,26.4,26.75,26.15,26.35,4430817.0,23.780901,-0.007561380997109791
2016-11-03,2016-11-03,26.299999,26.700001,26.15,26.35,3940033.0,23.780901,0.0
2016-11-04,2016-11-04,26.35,26.65,26.15,26.35,4833858.0,23.780901,0.0
2016-11-07,2016-11-07,26.4,26.6,26.049999,26.200001,3877025.0,23.645525,-0.0057089002521864
2016-11-08,2016-11-08,26.200001,26.450001,26.0,26.1,2158226.0,23.555275,-0.0038240923875125783
2016-11-09,2016-11-09,25.5,25.549999,24.0,25.299999,7562326.0,22.833275,-0.031130885035224317
2016-11-10,2016-11-10,25.5,26.549999,25.5,26.450001,6811867.0,23.871153,0.044451840641484
2016-11-11,2016-11-11,26.0,26.5,25.15,25.35,5952363.0,22.878399,-0.04247755220667093
2016-11-15,2016-11-15,25.4,25.4,24.5,24.6,3931379.0,22.201525,-0.030032210074470544
2016-11-16,2016-11-16,24.85,25.049999,24.15,24.35,4190797.0,21.975901,-0.010214536344250293
2016-11-17,2016-11-17,24.6,25.4,24.4,25.200001,3252110.0,22.743027,0.034312149051670904
2016-11-18,2016-11-18,25.299999,26.6,25.15,26.25,14583991.0,23.690651000000006,0.04082190482242876
2016-11-21,2016-11-21,26.75,26.799999,25.5,25.6,4141007.0,23.104027,-0.025073566403931657
2016-11-22,2016-11-22,25.5,25.6,24.9,25.4,5277714.0,22.923525,-0.007843255505847857
2016-11-23,2016-11-23,25.700001,26.25,25.4,26.049999,8066986.0,23.510151,0.025268609497467683
2016-11-24,2016-11-24,25.950001,26.549999,25.799999,26.35,6479869.0,23.780901,0.011450494197043248
2016-11-25,2016-11-25,26.4,27.4,26.4,27.1,8415135.0,24.457777,0.028065463527297663
2016-11-28,2016-11-28,27.049999,28.0,27.0,27.9,10196049.0,25.179777,0.02909292928737495
2016-11-29,2016-11-29,28.0,28.35,27.450001,27.549999,6803916.0,24.863901,-0.012624179824798798
2016-11-30,2016-11-30,27.700001,28.15,27.5,28.049999,6269663.0,25.315151,0.017986077729982952
2016-12-01,2016-12-01,27.85,28.15,27.200001,27.25,5832804.0,24.593153,-0.02893499938398847
2016-12-02,2016-12-02,27.15,28.4,27.0,27.5,9187337.0,24.818775,0.00913235233679055
2016-12-05,2016-12-05,27.5,28.0,27.15,27.25,6404734.0,24.593153,-0.00913235233679055
2016-12-06,2016-12-06,27.6,27.75,27.15,27.25,4695958.0,24.593153,0.0
2016-12-07,2016-12-07,27.4,27.700001,27.0,27.25,5403901.0,24.593153,0.0
2016-12-08,2016-12-08,27.65,27.799999,27.299999,27.4,4246620.0,24.728525,0.005489364734573954
2016-12-09,2016-12-09,27.9,27.9,27.4,27.450001,6154463.0,24.773653,0.0018232738164245528
2016-12-12,2016-12-12,27.25,27.5,27.200001,27.299999,3174175.0,24.638277,-0.005479500141807314
2016-12-13,2016-12-13,27.4,27.450001,26.9,27.0,3504062.0,24.367525,-0.01104990608685785
2016-12-14,2016-12-14,26.9,27.049999,26.6,26.700001,2909797.0,24.096777,-0.01117320607187855
2016-12-15,2016-12-15,26.549999,27.1,26.4,26.85,2915863.0,24.232151,0.005602208021508126
2016-12-16,2016-12-16,26.85,27.299999,26.65,27.049999,2198097.0,24.412651,0.007421176404494911
2016-12-19,2016-12-19,27.049999,27.35,26.85,26.950001,2441236.0,24.322403,-0.003703621756920849
2016-12-20,2016-12-20,26.9,27.25,26.700001,26.950001,2161378.0,24.322403,0.0
2016-12-21,2016-12-21,27.1,27.6,26.6,27.1,5331893.0,24.457777,0.0055503832718923896
2016-12-22,2016-12-22,27.1,27.299999,26.0,26.1,6197303.0,23.555275,-0.037598456166996634
2016-12-23,2016-12-23,26.0,26.35,25.9,26.200001,2642504.0,23.645525,0.0038240923875125783
2016-12-26,2016-12-26,26.549999,26.6,25.75,25.9,2825584.0,23.374775,-0.011516429815043859
2016-12-27,2016-12-27,26.0,26.6,25.65,26.35,8325509.0,23.780901,0.01722533006723026
2016-12-28,2016-12-28,26.549999,26.75,26.25,26.35,4678889.0,23.780901,0.0
2016-12-29,2016-12-29,26.35,26.950001,26.200001,26.549999,24085212.0,23.961399,0.007561380997109791
2016-12-30,2016-12-30,26.75,26.85,26.35,26.450001,2218199.0,23.871153,-0.003773418030549092
2017-01-02,2017-01-02,26.65,26.950001,26.25,26.799999,2336167.0,24.187027,0.013145672549467413
2017-01-03,2017-01-03,27.0,27.450001,26.799999,27.299999,5397234.0,24.638277,0.018484794229031376
2017-01-04,2017-01-04,27.299999,27.75,27.25,27.4,4870974.0,24.728525,0.003656226325382761
2017-01-05,2017-01-05,27.4,27.700001,27.35,27.5,2770106.0,24.818775,0.003642987602216596
2017-01-06,2017-01-06,27.6,27.65,27.200001,27.25,4116590.0,24.593153,-0.00913235233679055
2017-01-09,2017-01-09,27.299999,27.549999,27.15,27.200001,3312241.0,24.548027,-0.0018365864508895766
2017-01-10,2017-01-10,27.299999,27.4,27.200001,27.35,3882116.0,24.683401,0.005499509020709503
2017-01-11,2017-01-11,27.4,27.549999,27.25,27.4,4531443.0,24.728525,0.0018264421647540274
2017-01-12,2017-01-12,27.549999,30.799999,27.549999,29.9,89199031.0,26.984777,0.08731545658852635
2017-01-13,2017-01-13,30.0,30.15,29.049999,29.25,25944970.0,26.398153000000004,-0.02197884660257809
2017-01-16,2017-01-16,29.35,30.4,29.35,30.200001,19351474.0,27.255531,0.03196242740659594
2017-01-17,2017-01-17,30.4,30.450001,29.549999,29.950001,13900302.0,27.029905,-0.008312627321403365
2017-01-18,2017-01-18,30.1,30.25,29.75,29.799999,11400199.0,26.894529,-0.0050209626457289325
2017-01-19,2017-01-19,28.0,28.1,27.65,27.799999,8514438.0,26.607399,-0.010733548019403294
2017-01-20,2017-01-20,27.65,27.9,27.049999,27.25,4552311.0,26.080996,-0.0199824084903808
2017-01-23,2017-01-23,27.1,27.9,27.0,27.6,6672738.0,26.415981,0.012762241403184936
2017-01-24,2017-01-24,27.799999,27.799999,27.4,27.75,4958590.0,26.559546,0.005420063172186129
2017-01-25,2017-01-25,27.950001,28.299999,27.65,27.950001,26468046.0,26.750965,0.0071813163690461765
2017-01-27,2017-01-27,27.9,29.75,27.85,29.5,14719249.0,28.23447,0.05397302446206531
2017-01-30,2017-01-30,29.700001,29.85,28.700001,29.15,7596544.0,27.899485,-0.011935342044164798
2017-01-31,2017-01-31,29.200001,29.6,28.799999,28.950001,4925110.0,27.708067,-0.0068846316439548074
2017-02-01,2017-02-01,28.75,29.4,28.75,29.25,5767959.0,27.995195,0.010309290074518971
2017-02-02,2017-02-02,29.4,31.25,29.25,30.85,22271200.0,29.526558,0.05325724122500919
2017-02-03,2017-02-03,31.1,31.200001,30.5,30.799999,7646977.0,29.478701,-0.0016221269529150815
2017-02-06,2017-02-06,31.1,31.5,31.0,31.299999,10608494.0,29.957251,0.01610339618672629
2017-02-07,2017-02-07,31.35,31.700001,31.1,31.299999,13866175.0,29.957251,0.0
2017-02-08,2017-02-08,31.25,31.299999,30.549999,30.65,16257709.0,29.335136,-0.020985420297678914
2017-02-09,2017-02-09,30.700001,31.049999,30.6,30.9,5758292.0,29.574411,0.008123515729690391
2017-02-10,2017-02-10,30.9,31.1,29.85,30.15,15863762.0,28.856586,-0.02457124306698999
2017-02-13,2017-02-13,30.15,30.4,29.799999,30.200001,9452659.0,28.904444,0.0016571037930410706
2017-02-14,2017-02-14,30.299999,30.799999,30.200001,30.6,10641049.0,29.287283,0.013158039579114877
2017-02-15,2017-02-15,30.6,30.9,30.450001,30.65,10368857.0,29.335136,0.0016325839651436524
2017-02-16,2017-02-16,30.700001,31.1,30.6,30.950001,15122633.0,29.622269,0.009740431084630076
2017-02-17,2017-02-17,30.6,30.75,29.950001,30.049999,9871684.0,28.760876,-0.029510418192154383
2017-02-20,2017-02-20,30.200001,30.299999,29.799999,30.15,3759395.0,28.856586,0.0033222597702247114
2017-02-21,2017-02-21,30.200001,30.299999,29.950001,30.049999,3637410.0,28.760876,-0.0033222597702247114
2017-02-22,2017-02-22,30.4,30.700001,30.25,30.299999,10917135.0,29.000153000000005,0.00828511447485214
2017-02-23,2017-02-23,30.299999,30.450001,29.85,30.15,22880550.0,28.856586,-0.0049628547046274285
2017-02-27,2017-02-27,30.049999,30.450001,29.6,29.700001,6058525.0,28.425892,-0.015037831159029569
2017-02-28,2017-02-28,30.0,30.65,29.950001,30.5,8513863.0,29.191572,0.02657961750458604
2017-03-01,2017-03-01,30.700001,31.1,30.549999,30.700001,7809234.0,29.382994,0.006536034136650049
2017-03-02,2017-03-02,30.549999,30.75,29.75,29.85,5555068.0,28.569458,-0.028077826498021263
2017-03-03,2017-03-03,29.700001,29.950001,29.5,29.6,5303152.0,28.330181,-0.008410542305228308
2017-03-06,2017-03-06,29.799999,30.200001,29.6,30.0,6539541.0,28.71302,0.013422975621282696
2017-03-07,2017-03-07,30.049999,30.299999,29.799999,29.9,3710778.0,28.61731,-0.0033388989359224297
2017-03-08,2017-03-08,29.950001,30.1,29.700001,29.950001,2960354.0,28.665167,0.0016709127691711956
2017-03-09,2017-03-09,29.799999,30.049999,29.65,29.950001,4661049.0,28.665167,0.0
2017-03-10,2017-03-10,29.950001,30.6,29.9,30.200001,9069163.0,28.904444,0.008312662659552661
2017-03-14,2017-03-14,30.5,30.75,30.25,30.6,6826417.0,29.287283,0.013158039579114877
2017-03-15,2017-03-15,30.6,30.9,30.4,30.65,7546433.0,29.335136,0.0016325839651436524
2017-03-16,2017-03-16,30.75,31.049999,30.450001,30.950001,4003483.0,29.622269,0.009740431084630076
2017-03-17,2017-03-17,31.0,31.0,30.35,30.65,5897056.0,29.335136,-0.009740431084630076
2017-03-20,2017-03-20,30.65,30.799999,30.5,30.6,2035266.0,29.287283,-0.0016325839651436524
2017-03-21,2017-03-21,30.5,30.75,30.299999,30.5,2746397.0,29.191572,-0.003273357026599477
2017-03-22,2017-03-22,30.4,30.549999,29.700001,29.75,5529391.0,28.473747,-0.02489753262234462
2017-03-23,2017-03-23,30.049999,30.15,29.950001,30.049999,3510749.0,28.760876,0.010033486506563438
2017-03-24,2017-03-24,30.4,31.0,30.299999,30.700001,9215124.0,29.382994,0.02140008025243123
2017-03-27,2017-03-27,30.85,31.75,30.75,31.35,11947277.0,30.005108,0.02095156222289329
2017-03-28,2017-03-28,31.4,31.75,31.15,31.25,4290066.0,29.909397,-0.003194921877911039
2017-03-29,2017-03-29,31.450001,31.450001,31.15,31.25,2998291.0,29.909397,0.0
2017-03-30,2017-03-30,31.5,32.0,31.15,31.700001,11476943.0,30.340094,0.014297360178570973
2017-03-31,2017-03-31,31.799999,32.349998,31.5,32.200001,5541722.0,30.818644,0.015649759384014583
