Date,Date.1,PFC.NS.Open,PFC.NS.High,PFC.NS.Low,PFC.NS.Close,PFC.NS.Volume,PFC.NS.Adjusted,log_returns
2013-04-01,2013-04-01,90.550003,92.724998,90.550003,91.599998,2533020.0,58.337597,0.01374013886250669
2013-04-02,2013-04-02,91.074997,94.400002,90.800003,93.849998,4086926.0,59.770554,0.024266357644259
2013-04-03,2013-04-03,94.0,96.0,90.599998,91.349998,5758390.0,58.178371,-0.026999478294596813
2013-04-04,2013-04-04,90.5,93.0,89.199997,92.449997,5555000.0,58.878937,0.011969767226584159
2013-04-05,2013-04-05,92.400002,94.5,91.175003,93.775002,3519772.0,59.722801,0.014230453192256576
2013-04-08,2013-04-08,93.949997,96.875,93.525002,95.824997,4677448.0,61.028378,0.021625095328563937
2013-04-09,2013-04-09,96.5,97.0,93.5,94.25,3186460.0,60.025311,-0.01657264584158824
2013-04-10,2013-04-10,94.550003,95.75,91.900002,95.324997,3271444.0,60.70994200000001,0.011341150511925413
2013-04-11,2013-04-11,95.824997,96.199997,92.5,94.650002,3066548.0,60.28005600000001,-0.007106171024458874
2013-04-12,2013-04-12,95.0,95.800003,93.349998,95.150002,2230026.0,60.59849499999999,0.005268755027504568
2013-04-15,2013-04-15,94.875,97.625,94.0,97.275002,3280632.0,61.951851,0.02208742878003278
2013-04-16,2013-04-16,97.0,100.5,96.699997,100.150002,2950480.0,63.78286,0.029127015656293945
2013-04-17,2013-04-17,100.699997,101.0,96.0,96.400002,3637290.0,61.394592,-0.03816274912161255
2013-04-18,2013-04-18,96.400002,98.650002,94.5,98.074997,4650116.0,62.461349,0.01722619634621836
2013-04-22,2013-04-22,98.324997,99.0,95.5,97.474998,2154604.0,62.079227,-0.006136525322126829
2013-04-23,2013-04-23,97.974998,100.099998,96.849998,99.550003,3021102.0,63.400734,0.02106401454104745
2013-04-25,2013-04-25,98.699997,100.800003,97.599998,99.324997,3170520.0,63.257446,-0.0022625946642884642
2013-04-26,2013-04-26,99.150002,100.474998,96.125,96.474998,2016958.0,61.442345,-0.0291135885701701
2013-04-29,2013-04-29,97.125,98.900002,96.050003,98.599998,1372412.0,62.795715,0.021787583233363602
2013-04-30,2013-04-30,99.074997,99.474998,95.75,97.425003,2074164.0,62.04739,-0.01198839074872371
2013-05-02,2013-05-02,97.449997,99.675003,96.050003,99.150002,5343882.0,63.14599200000001,0.017550930935422926
2013-05-03,2013-05-03,99.0,99.125,94.625,95.224998,2647082.0,60.646267,-0.04039129522938634
2013-05-06,2013-05-06,95.5,96.25,93.550003,95.974998,3673640.0,61.12391700000001,0.007845146227214883
2013-05-07,2013-05-07,96.0,99.474998,96.0,99.099998,4828546.0,63.11414,0.03204160334439088
2013-05-08,2013-05-08,99.5,100.25,98.25,99.050003,3125802.0,63.082294,-0.0005047052387556762
2013-05-09,2013-05-09,99.074997,101.349998,97.949997,98.875,3607164.0,62.97084399999999,-0.001768302333592153
2013-05-10,2013-05-10,98.775002,99.875,97.849998,98.824997,2336090.0,62.938999,-0.0005058381445053328
2013-05-13,2013-05-13,99.324997,99.324997,95.125,95.824997,2444080.0,61.028378,-0.030827018364206538
2013-05-14,2013-05-14,95.875,97.224998,95.550003,96.074997,2218994.0,61.187599,0.0026055691569544237
2013-05-15,2013-05-15,96.5,99.5,96.449997,98.974998,5448506.0,63.034527,0.029738085620382826
2013-05-16,2013-05-16,98.199997,102.875,98.099998,101.925003,8750304.0,64.91330699999999,0.02937001732598965
2013-05-17,2013-05-17,102.5,103.449997,101.449997,102.349998,5593680.0,65.183983,0.00416113803084439
2013-05-20,2013-05-20,103.025002,104.650002,101.775002,102.275002,4570754.0,65.136215,-0.0007330867029420317
2013-05-21,2013-05-21,102.0,103.0,99.925003,100.349998,3969526.0,63.91024,-0.019001093605219843
2013-05-22,2013-05-22,100.75,101.025002,97.900002,98.800003,2171808.0,62.92308000000001,-0.015566570895038543
2013-05-23,2013-05-23,98.0,98.300003,93.025002,94.824997,2869222.0,60.391499,-0.04106467803882019
2013-05-24,2013-05-24,95.25,97.199997,94.125,96.550003,2311640.0,61.490116,0.018028096447062048
2013-05-27,2013-05-27,96.099998,98.0,96.025002,97.625,1200654.0,62.174763,0.01107273141152465
2013-05-28,2013-05-28,97.849998,98.949997,96.574997,97.099998,2122666.0,61.840401,-0.0053922891265214545
2013-05-29,2013-05-29,97.5,98.25,96.275002,97.699997,2837670.0,62.222511,0.006159958719424097
2013-05-30,2013-05-30,97.5,98.699997,94.849998,95.625,7853454.0,60.90100500000001,-0.02146717041089285
2013-05-31,2013-05-31,96.199997,96.199997,90.550003,91.525002,6921780.0,58.289833,-0.04382198997480469
2013-06-03,2013-06-03,92.0,92.5,90.099998,90.75,4669418.0,57.796257,-0.008503671271947509
2013-06-04,2013-06-04,91.0,92.675003,88.650002,89.550003,5483022.0,57.032009,-0.013311344174530504
2013-06-05,2013-06-05,90.0,90.0,86.5,86.875,7519474.0,55.328369,-0.030326892825293324
2013-06-06,2013-06-06,86.025002,88.150002,85.25,87.875,5753868.0,55.96524399999999,0.011445076403336252
2013-06-07,2013-06-07,86.775002,90.5,86.775002,89.550003,9060274.0,57.032009,0.01888181642195708
2013-06-10,2013-06-10,90.0,91.449997,88.125,89.175003,5714266.0,56.793179,-0.004196441133665907
2013-06-11,2013-06-11,88.5,89.525002,85.625,86.099998,7895562.0,54.83479300000001,-0.0350913292439925
2013-06-12,2013-06-12,85.599998,86.0,83.025002,83.949997,8082674.0,53.465515,-0.025288034611731902
2013-06-13,2013-06-13,83.0,83.400002,79.5,79.875,7156116.0,50.870255,-0.04975849503229002
2013-06-14,2013-06-14,80.75,83.349998,80.75,82.724998,5078600.0,52.685341,0.035058885861249944
2013-06-17,2013-06-17,83.099998,83.199997,80.574997,82.275002,3527178.0,52.398762,-0.005454292367327529
2013-06-18,2013-06-18,81.625,84.199997,81.25,82.5,4001644.0,52.542042,0.002730684034633945
2013-06-19,2013-06-19,82.400002,83.349998,82.0,82.525002,3191980.0,52.557976,0.0003032159351690211
2013-06-20,2013-06-20,81.0,81.349998,76.525002,77.300003,5841656.0,49.23030900000001,-0.06540739465251955
2013-06-21,2013-06-21,77.099998,78.199997,71.099998,72.800003,14561768.0,46.36438,-0.0599779784039236
2013-06-24,2013-06-24,72.5,72.5,67.574997,68.925003,12493388.0,43.896492,-0.05469708400264661
2013-06-25,2013-06-25,69.5,69.949997,65.599998,68.824997,14730712.0,43.832802,-0.0014519668011758744
2013-06-26,2013-06-26,69.824997,70.875,68.074997,68.875,8717902.0,43.864655,0.0007264293057147597
2013-06-27,2013-06-27,70.0,70.974998,68.099998,69.349998,7313958.0,44.16716,0.006872655998153565
2013-06-28,2013-06-28,70.074997,72.324997,70.0,72.050003,9088258.0,45.886719,0.0381942022854167
2013-07-01,2013-07-01,72.5,73.849998,71.150002,73.525002,7182426.0,46.826115,0.020265331320330482
2013-07-02,2013-07-02,74.150002,76.099998,73.75,74.849998,9380266.0,47.669971,0.017860600754629363
2013-07-03,2013-07-03,73.5,74.0,67.900002,68.400002,10170378.0,43.562134,-0.0901133741036988
2013-07-04,2013-07-04,68.400002,69.150002,62.5,68.400002,26800944.0,43.562134,0.0
2013-07-05,2013-07-05,69.425003,70.974998,68.675003,68.974998,9264988.0,43.928326,0.008371064419998131
2013-07-08,2013-07-08,68.0,69.800003,66.599998,68.824997,6811878.0,43.832802,-0.002176909980544206
2013-07-09,2013-07-09,69.275002,70.5,67.775002,69.300003,7605124.0,44.135319,0.006877905066560608
2013-07-10,2013-07-10,69.949997,71.25,69.074997,69.875,7912512.0,44.501522,0.008263044564703392
2013-07-11,2013-07-11,71.300003,73.574997,71.300003,73.300003,9430972.0,46.682812,0.04785265470094968
2013-07-12,2013-07-12,73.699997,75.150002,73.0,74.900002,5991326.0,47.701813,0.02159336002228773
2013-07-15,2013-07-15,74.5,74.699997,72.5,73.625,5284906.0,46.889797,-0.01716930174691234
2013-07-16,2013-07-16,71.0,71.0,67.775002,68.150002,10326364.0,43.402916,-0.07727347602145151
2013-07-17,2013-07-17,68.324997,70.675003,64.050003,65.425003,10016800.0,41.667435,-0.04080673932519874
2013-07-18,2013-07-18,65.625,66.449997,63.400002,64.824997,13392742.0,41.285313,-0.009213069177477884
2013-07-19,2013-07-19,65.5,67.224998,65.0,66.574997,8007328.0,42.399841,0.02663779294418189
2013-07-22,2013-07-22,66.5,68.199997,65.5,66.800003,6428056.0,42.543144,0.0033741017213717588
2013-07-23,2013-07-23,67.050003,68.425003,65.599998,68.150002,6417000.0,43.402916,0.02000791383712297
2013-07-24,2013-07-24,67.5,67.5,64.25,64.974998,4085468.0,41.380844,-0.04770855935325269
2013-07-25,2013-07-25,64.300003,64.849998,61.25,61.950001,10994752.0,39.454304,-0.04767492696848264
2013-07-26,2013-07-26,62.0,62.950001,59.674999,60.674999,7816402.0,38.642288,-0.02079592062584057
2013-07-29,2013-07-29,59.5,60.450001,58.075001,59.924999,5693766.0,38.164627,-0.012438128991673292
2013-07-30,2013-07-30,60.0,60.150002,57.875,58.025002,3710090.0,36.954575,-0.03221963615295609
2013-07-31,2013-07-31,57.375,57.375,52.125,54.049999,12396794.0,34.423,-0.07096451008316508
2013-08-01,2013-08-01,55.0,55.900002,49.575001,49.974998,13658690.0,31.827742,-0.078386646201698
2013-08-02,2013-08-02,50.125,52.224998,48.650002,49.025002,9813534.0,31.22271,-0.019192584761014157
2013-08-05,2013-08-05,50.0,56.0,49.049999,54.700001,18070264.0,34.836971000000005,0.10953349325497497
2013-08-06,2013-08-06,54.275002,55.200001,52.400002,53.549999,9836910.0,34.104565,-0.02124796160897313
2013-08-07,2013-08-07,53.799999,57.924999,53.549999,57.099998,10298678.0,36.365463,0.06418825925070681
2013-08-08,2013-08-08,57.174999,59.200001,56.799999,57.674999,6054808.0,36.73167,0.010019820170758642
2013-08-12,2013-08-12,58.950001,59.0,56.599998,57.75,6889986.0,36.77943,0.001299395784308377
2013-08-13,2013-08-13,57.575001,60.400002,56.575001,60.125,5469750.0,38.292004,0.040302380041494335
2013-08-14,2013-08-14,60.75,61.900002,59.5,59.950001,9328204.0,38.180553,-0.002914799328805007
2013-08-16,2013-08-16,59.375,59.5,55.325001,55.75,7411652.0,35.505684,-0.07263350587499806
2013-08-19,2013-08-19,55.0,56.25,53.924999,54.849998,7320772.0,34.932495,-0.016275311501489753
2013-08-20,2013-08-20,54.150002,57.125,52.625,56.724998,5968108.0,36.126637,0.03361297544553077
2013-08-21,2013-08-21,57.599998,58.875,56.299999,57.625,6361466.0,36.699821,0.01574141737963286
2013-08-22,2013-08-22,57.049999,58.700001,55.125,57.75,5785014.0,36.77943,0.0021668438386348576
2013-08-23,2013-08-23,58.375,60.5,57.775002,60.049999,5878306.0,38.24424000000001,0.03905423919463536
2013-08-26,2013-08-26,60.849998,60.900002,56.5,57.924999,12443658.0,36.890888,-0.03602837781472568
2013-08-27,2013-08-27,57.25,58.375,52.375,53.0,9988688.0,33.754288,-0.08885712178299032
2013-08-28,2013-08-28,51.275002,53.224998,49.575001,52.025002,8660266.0,33.133339,-0.01856746507942697
2013-08-29,2013-08-29,52.525002,53.400002,50.849998,53.025002,8208408.0,33.77021,0.01903905689474339
2013-08-30,2013-08-30,53.75,54.950001,51.849998,54.549999,9147092.0,34.741440000000004,0.028354157815797087
2013-09-02,2013-09-02,54.700001,56.224998,53.049999,55.674999,3535470.0,35.457924,0.02041354336188883
2013-09-03,2013-09-03,55.950001,56.174999,52.400002,53.325001,4743670.0,33.961265999999995,-0.043126114192750815
2013-09-04,2013-09-04,53.5,56.200001,52.825001,55.174999,5051762.0,35.139484,0.03410475863023876
2013-09-05,2013-09-05,56.5,60.049999,56.400002,59.400002,7234996.0,37.830269,0.0737841508478354
2013-09-06,2013-09-06,59.950001,61.349998,58.299999,60.974998,6618820.0,38.833347,0.02616978689060057
2013-09-10,2013-09-10,61.950001,63.25,60.625,62.650002,6768694.0,40.565388,0.04363585442821672
2013-09-11,2013-09-11,62.900002,63.474998,60.849998,63.099998,6231574.0,40.856758,0.00715705144262424
2013-09-12,2013-09-12,63.950001,64.25,61.0,62.275002,7563308.0,40.322586,-0.013160483528563471
2013-09-13,2013-09-13,62.0,65.824997,61.900002,65.375,5461200.0,42.329811,0.04857983099317531
2013-09-16,2013-09-16,66.875,67.599998,63.099998,64.5,6665494.0,41.763252,-0.013474775498753644
2013-09-17,2013-09-17,64.724998,64.849998,62.549999,63.474998,4112512.0,41.09957100000001,-0.016019130614104427
2013-09-18,2013-09-18,64.150002,64.349998,62.825001,63.950001,2514786.0,41.407135,0.007455525485581037
2013-09-19,2013-09-19,66.5,69.0,65.800003,67.824997,4485584.0,43.916168,0.058829334873095725
2013-09-20,2013-09-20,68.349998,68.400002,62.125,66.550003,14059690.0,43.090607,-0.018977505526577062
2013-09-23,2013-09-23,64.775002,67.0,64.0,66.0,7668516.0,42.734489,-0.0082987391890752
2013-09-24,2013-09-24,66.349998,66.900002,65.175003,66.324997,2536804.0,42.944923,0.004912135091012182
2013-09-25,2013-09-25,65.5,66.875,64.0,66.449997,4878004.0,43.025856,0.0018828030837920726
2013-09-26,2013-09-26,66.425003,67.5,65.824997,66.974998,4594672.0,43.365795,0.007869759415870092
2013-09-27,2013-09-27,67.474998,67.75,65.074997,66.625,6473956.0,43.139175,-0.005239479730091201
2013-09-30,2013-09-30,65.5,66.0,63.625,65.449997,5902526.0,42.378368,-0.01779347362697692
2013-10-01,2013-10-01,65.550003,66.099998,64.025002,65.724998,4340716.0,42.556423,0.004192752080550033
2013-10-03,2013-10-03,66.375,67.5,65.775002,67.0,4898128.0,43.381985,0.01921346731717
2013-10-04,2013-10-04,67.224998,68.800003,66.525002,67.525002,4858318.0,43.72192,0.007805315406202774
2013-10-07,2013-10-07,67.599998,67.875,65.849998,67.324997,3336104.0,43.592419,-0.002966319082072566
2013-10-08,2013-10-08,68.199997,69.875,67.75,68.224998,5556452.0,44.175159,0.013279358430175579
2013-10-09,2013-10-09,67.474998,68.824997,67.25,68.324997,3855212.0,44.239906,0.0014646149176962275
2013-10-10,2013-10-10,67.724998,69.25,67.724998,68.349998,2916560.0,44.256092,0.00036580185649714986
2013-10-11,2013-10-11,68.550003,70.0,68.400002,68.625,4080804.0,44.434158,0.004015463689876597
2013-10-14,2013-10-14,68.25,69.099998,66.650002,66.849998,2216306.0,43.284863,-0.026205508390237497
2013-10-15,2013-10-15,67.474998,67.599998,64.775002,65.550003,2894224.0,42.443119,-0.019638186559929327
2013-10-17,2013-10-17,65.949997,65.949997,63.0,63.224998,3920138.0,40.937702,-0.036113355299626886
2013-10-18,2013-10-18,63.5,65.099998,63.5,64.625,5038562.0,41.844189,0.021901486513471013
2013-10-21,2013-10-21,64.925003,66.25,64.699997,65.574997,3171698.0,42.45930900000001,0.014593247754404626
2013-10-22,2013-10-22,65.699997,66.699997,64.875,65.050003,4968266.0,42.119377,-0.008038285919055976
2013-10-23,2013-10-23,65.400002,65.824997,63.299999,64.449997,4008892.0,41.730869,-0.00926677734963155
2013-10-24,2013-10-24,64.775002,66.0,64.25,64.474998,3772112.0,41.747063,0.00038798278335772096
2013-10-25,2013-10-25,64.5,64.574997,62.5,62.849998,2925182.0,40.694889,-0.025526594349516873
2013-10-28,2013-10-28,62.924999,63.375,61.099998,61.299999,2867364.0,39.691277,-0.02497106653885828
2013-10-29,2013-10-29,61.549999,64.949997,60.049999,64.449997,4770206.0,41.730869,0.05010967810501743
2013-10-30,2013-10-30,65.050003,68.349998,64.074997,68.050003,7444538.0,44.061852,0.054353255347738834
2013-10-31,2013-10-31,67.949997,67.949997,66.199997,67.199997,7110556.0,43.511475,-0.01256967767056505
2013-11-01,2013-11-01,67.050003,72.800003,67.050003,72.175003,15740528.0,46.732758,0.0714206784614877
2013-11-05,2013-11-05,71.0,75.650002,69.599998,73.900002,9297534.0,47.849686,0.023619180831682133
2013-11-06,2013-11-06,73.775002,75.125,72.025002,73.224998,5449006.0,47.412621,-0.009176096622610874
2013-11-07,2013-11-07,73.724998,75.199997,70.75,71.75,4639648.0,46.457569,-0.02034905768836204
2013-11-08,2013-11-08,71.5,73.849998,70.775002,72.199997,5490698.0,46.748943,0.0062522444604256044
2013-11-11,2013-11-11,73.974998,73.974998,70.875,71.099998,5426232.0,46.036701,-0.015352719649629254
2013-11-12,2013-11-12,71.625,74.0,70.675003,71.125,5276966.0,46.052887,0.0003515272577105933
2013-11-13,2013-11-13,70.75,72.400002,69.5,70.949997,4055110.0,45.939571,-0.002463594511462386
2013-11-14,2013-11-14,72.150002,75.0,71.775002,74.625,4690012.0,48.319107,0.05050021354547463
2013-11-18,2013-11-18,75.5,77.625,75.5,76.125,6058596.0,49.290348,0.01990120845247301
2013-11-19,2013-11-19,76.5,78.400002,75.775002,78.125,7160728.0,50.585331,0.025933352130184332
2013-11-20,2013-11-20,78.0,79.25,76.900002,77.425003,5704556.0,50.132095,-0.009000211333489272
2013-11-21,2013-11-21,77.0,77.25,71.75,72.199997,8861004.0,46.748943,-0.06986977589126164
2013-11-22,2013-11-22,72.75,75.099998,72.425003,74.275002,5962848.0,48.092487,0.02833432363231792
2013-11-25,2013-11-25,75.199997,77.324997,75.0,77.125,5016188.0,49.937843,0.037653122602892886
2013-11-26,2013-11-26,77.300003,77.474998,74.75,76.199997,5373430.0,49.338913,-0.012066012036755945
2013-11-27,2013-11-27,76.849998,77.224998,75.550003,76.5,2353412.0,49.533154,0.003929143099509869
2013-11-28,2013-11-28,77.099998,77.375,74.324997,75.349998,3855750.0,48.788536,-0.015146855922639537
2013-11-29,2013-11-29,76.199997,80.0,76.150002,79.574997,7496810.0,51.524193,0.05455609712526188
2013-12-02,2013-12-02,79.5,81.949997,79.449997,81.550003,4017798.0,52.802998,0.02451650504929237
2013-12-03,2013-12-03,80.074997,82.599998,80.074997,81.550003,3996292.0,52.802998,0.0
2013-12-04,2013-12-04,81.449997,81.449997,78.974998,79.175003,2450182.0,51.265205,-0.029555712459635505
2013-12-05,2013-12-05,80.5,83.400002,80.5,81.699997,4438340.0,52.900112,0.03139319912061067
2013-12-06,2013-12-06,81.925003,82.675003,80.800003,81.0,4049712.0,52.446873,-0.00860474168370029
2013-12-09,2013-12-09,83.0,85.099998,82.0,82.375,6891048.0,53.33718100000001,0.016832953332901912
2013-12-10,2013-12-10,82.5,82.5,80.150002,81.400002,3947476.0,52.705872,-0.011906795223358912
2013-12-11,2013-12-11,81.0,81.349998,78.275002,79.050003,2393136.0,51.184269,-0.029294633748162543
2013-12-12,2013-12-12,78.775002,78.775002,75.875,76.125,4879460.0,49.290348,-0.03770395779396818
2013-12-13,2013-12-13,75.5,76.0,72.800003,73.125,4191064.0,47.34787,-0.040206446488229915
2013-12-16,2013-12-16,73.5,76.900002,73.074997,76.275002,6126448.0,49.38747,0.04217491383640759
2013-12-17,2013-12-17,76.925003,77.75,76.125,76.5,3340056.0,49.533154,0.002945474855220453
2013-12-18,2013-12-18,76.025002,77.974998,75.349998,77.074997,5986336.0,49.90546,0.007488192457953069
2013-12-19,2013-12-19,77.875,78.199997,75.125,75.599998,4439338.0,48.95042,-0.01932246648577296
2013-12-20,2013-12-20,76.125,81.175003,75.449997,80.650002,6764150.0,52.220249,0.06466238242405575
2013-12-23,2013-12-23,80.275002,82.550003,80.275002,81.300003,4275308.0,52.641125,0.008027326821613112
2013-12-24,2013-12-24,81.0,82.599998,80.099998,82.449997,3393444.0,53.38573100000001,0.01404584215219895
2013-12-26,2013-12-26,82.474998,84.550003,80.074997,80.5,5767490.0,52.123127,-0.02393475390179089
2013-12-27,2013-12-27,80.75,82.324997,80.75,81.375,1494532.0,52.689682,0.010810902282517798
2013-12-30,2013-12-30,81.849998,82.150002,79.650002,80.224998,1709368.0,51.945061,-0.01423300806136929
2013-12-31,2013-12-31,80.400002,84.0,79.775002,83.474998,4422380.0,54.049416,0.03971209837568779
2014-01-01,2014-01-01,83.974998,84.0,82.599998,83.150002,1622900.0,53.838978,-0.0039010362295663907
2014-01-02,2014-01-02,83.150002,84.875,79.650002,79.974998,3725742.0,51.783199,-0.038931949961595436
2014-01-03,2014-01-03,79.199997,80.050003,77.400002,79.25,3028964.0,51.313763,-0.009106752230086723
2014-01-06,2014-01-06,79.599998,79.599998,77.900002,78.974998,2662780.0,51.1357,-0.0034761173770210267
2014-01-07,2014-01-07,79.375,80.625,75.875,76.474998,5505178.0,49.516968,-0.03216748470312414
2014-01-08,2014-01-08,77.300003,78.724998,76.849998,77.724998,5360198.0,50.326332,0.0162130404187657
2014-01-09,2014-01-09,77.800003,78.650002,76.425003,77.0,3491558.0,49.856907,-0.009371396656957742
2014-01-10,2014-01-10,77.0,78.949997,75.724998,75.974998,2979160.0,49.193226,-0.013401111384629516
2014-01-13,2014-01-13,76.425003,78.0,75.5,76.525002,1715060.0,49.549343,0.007213070261816502
2014-01-14,2014-01-14,76.599998,77.199997,74.074997,74.324997,2902292.0,48.124863,-0.02917005550343577
2014-01-15,2014-01-15,74.25,77.275002,74.25,76.650002,3873484.0,49.630287,0.030802326524645093
2014-01-16,2014-01-16,77.0,77.099998,74.949997,75.224998,2659992.0,48.7076,-0.0187661969675883
2014-01-17,2014-01-17,75.050003,76.474998,72.474998,72.849998,3889478.0,47.169804,-0.03208113330354845
2014-01-20,2014-01-20,72.675003,73.400002,70.900002,71.724998,5500164.0,46.44138,-0.015563069953697715
2014-01-21,2014-01-21,72.025002,73.824997,71.375,73.599998,5012286.0,47.655422,0.025805539514158315
2014-01-22,2014-01-22,73.449997,73.449997,71.699997,72.175003,3394292.0,46.732758,-0.01955103679232728
2014-01-23,2014-01-23,71.800003,73.125,71.5,72.550003,2760034.0,46.975567,0.005182240604525656
2014-01-24,2014-01-24,71.099998,72.199997,68.349998,68.550003,5299234.0,44.385601,-0.05671250043764076
2014-01-27,2014-01-27,67.449997,67.5,64.375,64.699997,5867948.0,41.892746,-0.05780242959085191
2014-01-28,2014-01-28,65.0,68.099998,65.0,66.675003,5811744.0,43.171547,0.030068958547651906
2014-01-29,2014-01-29,67.449997,68.275002,66.550003,67.199997,3451634.0,43.511475,0.007843052414827412
2014-01-30,2014-01-30,66.224998,66.525002,65.0,65.400002,7589100.0,42.345989,-0.02715099054188741
2014-01-31,2014-01-31,65.949997,68.449997,65.5,68.074997,2668508.0,44.07803300000001,0.040087834568110825
2014-02-03,2014-02-03,67.525002,68.150002,65.849998,66.0,2258718.0,42.734489,-0.030955241302493608
2014-02-04,2014-02-04,65.025002,69.949997,65.025002,69.0,15179032.0,44.676968,0.04445181242365237
2014-02-05,2014-02-05,71.5,73.449997,70.150002,72.775002,11700484.0,47.12125,0.05326595544686619
2014-02-06,2014-02-06,73.699997,76.449997,72.074997,76.050003,12262424.0,49.241779,0.04401836282184002
2014-02-07,2014-02-07,72.849998,73.25,71.925003,72.550003,6357788.0,53.122559,0.07585924812674216
2014-02-10,2014-02-10,72.800003,73.75,71.599998,72.800003,4227758.0,53.305614,0.0034399760017320698
2014-02-11,2014-02-11,72.650002,74.625,72.650002,74.074997,4662704.0,54.23918199999999,0.017361908442108387
2014-02-12,2014-02-12,74.625,74.925003,73.300003,73.75,2694276.0,54.001217,-0.004396979050118155
2014-02-13,2014-02-13,73.75,73.75,72.5,72.824997,1432518.0,53.323917,-0.012621628619528645
2014-02-14,2014-02-14,72.5,73.974998,71.650002,72.974998,3303086.0,53.433746,0.0020575392090860234
2014-02-17,2014-02-17,73.375,75.224998,72.949997,74.974998,2230898.0,54.89818199999999,0.02703773927616737
2014-02-18,2014-02-18,75.199997,75.949997,74.599998,74.974998,2674866.0,54.89818199999999,0.0
2014-02-19,2014-02-19,74.675003,75.5,74.125,74.550003,2700234.0,54.586994,-0.005684583965774871
2014-02-20,2014-02-20,73.324997,76.75,73.324997,75.224998,3966724.0,55.081234,0.00901342813851258
2014-02-21,2014-02-21,75.275002,77.175003,75.275002,76.849998,3424912.0,56.27109100000001,0.021371844533220496
2014-02-24,2014-02-24,77.25,78.400002,77.050003,78.125,2588736.0,57.204678,0.016454756339431498
2014-02-25,2014-02-25,78.275002,78.875,76.699997,78.150002,3569800.0,57.22299200000001,0.0003200974057468997
2014-02-26,2014-02-26,77.625,78.0,75.775002,77.125,4457108.0,56.472466,-0.013202583728056716
2014-02-28,2014-02-28,77.0,83.0,76.800003,82.300003,6311704.0,60.261703,0.06494360223622841
2014-03-03,2014-03-03,82.875,82.900002,78.875,79.25,4161978.0,58.028423,-0.03776385193796372
2014-03-04,2014-03-04,79.75,82.5,79.474998,81.650002,4719324.0,59.785759,0.029834546548710424
2014-03-05,2014-03-05,82.300003,83.75,81.275002,82.824997,4525176.0,60.64611800000001,0.014288137963195169
2014-03-06,2014-03-06,82.550003,84.75,82.550003,83.875,4574640.0,61.41494399999999,0.012597566414952688
2014-03-07,2014-03-07,84.0,88.449997,83.75,86.974998,7452466.0,63.684826,0.03629313067917117
2014-03-10,2014-03-10,85.75,87.949997,85.625,86.699997,4180010.0,63.483463,-0.0031668770551895875
2014-03-11,2014-03-11,86.5,88.449997,84.849998,85.300003,3963654.0,62.458359,-0.016279368090071245
2014-03-12,2014-03-12,84.599998,85.400002,82.050003,82.875,4008842.0,60.682716000000006,-0.028841165822994338
2014-03-13,2014-03-13,83.25,90.824997,83.150002,87.525002,15687486.0,64.087547,0.054591157609692686
2014-03-14,2014-03-14,87.150002,87.400002,84.400002,86.800003,6380694.0,63.556686,-0.008317869883208928
2014-03-18,2014-03-18,87.599998,91.0,87.349998,89.349998,8007548.0,65.423843,0.02895456328973811
2014-03-19,2014-03-19,89.75,91.599998,88.550003,90.25,9533938.0,66.08284,0.010022342608996482
2014-03-20,2014-03-20,89.5,89.699997,86.650002,87.449997,5915818.0,64.032639,-0.031516168760582275
2014-03-21,2014-03-21,88.125,88.25,85.099998,85.324997,5084348.0,62.476654,-0.02459998677642972
2014-03-24,2014-03-24,86.0,90.0,86.0,88.699997,8163024.0,64.94789899999999,0.038792443673026256
2014-03-25,2014-03-25,88.675003,93.650002,88.050003,92.800003,12775152.0,67.950012,0.04518692256414614
2014-03-26,2014-03-26,93.599998,94.25,90.849998,92.324997,9038192.0,67.602211,-0.005131627582934506
2014-03-27,2014-03-27,91.574997,94.5,90.699997,91.625,9936430.0,67.08964499999999,-0.007610979453459343
2014-03-28,2014-03-28,92.400002,97.5,92.275002,97.099998,9176982.0,71.098549,0.058037218563535824
2014-03-31,2014-03-31,97.550003,99.5,96.25,96.599998,6342028.0,70.732445,-0.005162550198503091
2014-04-01,2014-04-01,96.800003,97.449997,94.550003,95.699997,4366332.0,70.073441,-0.009360529314712984
2014-04-02,2014-04-02,96.574997,99.25,96.25,98.675003,5425882.0,72.251808,0.03061350168938937
2014-04-03,2014-04-03,99.074997,99.175003,93.5,95.199997,7105448.0,69.707329,-0.03585188801673311
2014-04-04,2014-04-04,94.625,96.050003,92.25,94.025002,13274112.0,68.846977,-0.012419145717738722
2014-04-07,2014-04-07,94.300003,96.175003,91.75,93.050003,5231536.0,68.133064,-0.01042370054606412
2014-04-09,2014-04-09,93.699997,96.675003,93.275002,96.400002,6745434.0,70.585999,0.03536919376433634
2014-04-10,2014-04-10,96.400002,99.099998,95.25,98.025002,7929828.0,71.775856,0.0167163417094498
2014-04-11,2014-04-11,96.300003,97.0,94.099998,94.775002,5240784.0,69.39613299999999,-0.03371700659492305
2014-04-15,2014-04-15,95.25,96.0,93.0,94.074997,5275814.0,68.883575,-0.007413384868296902
2014-04-16,2014-04-16,94.199997,95.5,90.300003,90.75,4556748.0,66.44896700000001,-0.03598352111545201
2014-04-17,2014-04-17,91.25,95.900002,89.800003,95.300003,5102826.0,69.780556,0.04892116411052338
2014-04-21,2014-04-21,95.449997,98.650002,94.324997,97.699997,4306996.0,71.537872,0.02487158416559776
2014-04-22,2014-04-22,97.849998,98.199997,94.849998,95.550003,3827716.0,69.963615,-0.022251666591944108
2014-04-23,2014-04-23,96.025002,97.675003,94.0,94.599998,9956094.0,69.268005,-0.009992209926344307
2014-04-24,2014-04-24,94.599998,94.599998,94.599998,94.599998,0.0,69.268005,0.0
2014-04-25,2014-04-25,94.0,96.900002,92.324997,92.875,6272918.0,68.004921,-0.0184030410685514
2014-04-28,2014-04-28,92.525002,93.75,90.800003,93.175003,4912990.0,68.224586,0.0032249282144034552
2014-04-29,2014-04-29,93.550003,94.224998,91.0,91.349998,5015230.0,66.888283,-0.019781188627115757
2014-04-30,2014-04-30,91.349998,94.224998,91.0,91.925003,6894414.0,67.30931899999999,0.00627488681199484
2014-05-02,2014-05-02,92.550003,95.875,92.300003,93.650002,8373884.0,68.572388,0.01859124981137139
2014-05-05,2014-05-05,94.300003,95.699997,92.574997,94.400002,4592060.0,69.12155899999999,0.007976732802884356
2014-05-06,2014-05-06,95.0,98.425003,95.0,97.974998,8249510.0,71.739235,0.037171129321880166
2014-05-07,2014-05-07,98.175003,99.724998,97.175003,97.900002,7685788.0,71.68433399999998,-0.0007655785316780238
2014-05-08,2014-05-08,98.75,100.25,96.275002,97.5,4674606.0,71.391441,-0.004094241797991671
2014-05-09,2014-05-09,97.525002,101.449997,96.349998,100.699997,8971148.0,73.734535,0.03229329010511961
2014-05-12,2014-05-12,101.625,107.0,101.5,106.125,11469836.0,77.706841,0.052472018940399316
2014-05-13,2014-05-13,107.550003,113.849998,107.150002,112.525002,11462712.0,82.39304399999997,0.058557718620321
2014-05-14,2014-05-14,113.199997,118.0,109.550003,116.425003,9310414.0,85.248703,0.034071886095301984
2014-05-15,2014-05-15,116.574997,120.199997,115.175003,117.275002,8632404.0,85.871094,0.007274362820250956
2014-05-16,2014-05-16,126.0,145.5,124.050003,128.875,21169234.0,94.36483,0.09432117538119213
2014-05-19,2014-05-19,131.0,151.074997,131.0,147.350006,20498802.0,107.892601,0.13396785698723426
2014-05-20,2014-05-20,149.149994,149.550003,138.574997,140.100006,16085600.0,102.584007,-0.050454253766747385
2014-05-21,2014-05-21,141.0,150.0,139.274994,147.5,15373398.0,108.002434,0.05147172051372717
2014-05-22,2014-05-22,148.5,153.449997,145.899994,149.649994,11066252.0,109.576691,0.014470914630764218
2014-05-23,2014-05-23,149.774994,160.5,148.899994,159.074997,10897640.0,116.477875,0.061076662268621185
2014-05-26,2014-05-26,160.5,167.0,145.949997,154.25,15354862.0,112.944931,-0.030800977164452625
2014-05-27,2014-05-27,154.800003,155.0,142.75,147.024994,14456114.0,107.654633,-0.04797210313603095
2014-05-28,2014-05-28,144.199997,160.850006,143.399994,159.574997,20065330.0,116.843994,0.08191139992789598
2014-05-29,2014-05-29,160.0,160.0,152.774994,154.125,13572022.0,112.853401,-0.0347500202742097
2014-05-30,2014-05-30,155.25,155.5,145.100006,145.975006,12186606.0,106.885796,-0.05432870279997904
2014-06-02,2014-06-02,147.0,159.675003,146.0,158.0,10665422.0,115.690735,0.079159615845942
2014-06-03,2014-06-03,158.850006,159.0,152.699997,154.75,6228908.0,113.31102,-0.02078412600057078
2014-06-04,2014-06-04,153.824997,158.850006,153.824997,154.975006,6370948.0,113.475792,0.0014531006237961108
2014-06-05,2014-06-05,155.899994,160.375,153.574997,157.25,10198878.0,115.141579,0.014572965064348688
2014-06-06,2014-06-06,158.050003,163.949997,158.050003,162.350006,14029042.0,118.8759,0.03191759892138624
2014-06-09,2014-06-09,164.350006,172.375,163.550003,170.875,10628428.0,125.11805,0.051177599822376685
2014-06-10,2014-06-10,172.0,172.125,161.0,164.149994,11037212.0,120.193886,-0.04015153605438737
2014-06-11,2014-06-11,163.5,165.5,155.75,157.350006,7964828.0,115.214806,-0.042307891273996916
2014-06-12,2014-06-12,157.0,159.824997,152.625,153.875,8230936.0,112.670341,-0.02233204559963386
2014-06-13,2014-06-13,155.074997,156.0,143.0,145.975006,11452664.0,106.885796,-0.05270528134926078
2014-06-16,2014-06-16,145.5,149.725006,142.350006,149.050003,9887630.0,109.137375,0.020846472432183738
2014-06-17,2014-06-17,149.199997,151.350006,145.925003,150.449997,9574468.0,110.162468,0.00934884815366921
2014-06-18,2014-06-18,150.75,154.649994,145.0,149.125,9990044.0,109.192291,-0.00884579236501537
2014-06-19,2014-06-19,149.675003,152.550003,146.074997,147.050003,8289538.0,107.672935,-0.014012212906667544
2014-06-20,2014-06-20,147.75,150.699997,145.199997,149.949997,8826198.0,109.79636399999998,0.0195291610989452
2014-06-23,2014-06-23,151.0,152.875,148.050003,148.800003,6162568.0,108.954323,-0.007698674417857099
2014-06-24,2014-06-24,149.75,157.375,149.675003,156.149994,8916920.0,114.336128,0.0482138619926209
2014-06-25,2014-06-25,157.25,161.925003,156.524994,161.350006,9011086.0,118.143692,0.03275901110106183
2014-06-26,2014-06-26,161.75,162.350006,153.75,154.449997,6837222.0,113.091354,-0.043705677872234006
2014-06-27,2014-06-27,155.125,157.125,148.5,150.475006,9351470.0,110.180794,-0.02607333616846841
2014-06-30,2014-06-30,151.0,155.600006,151.0,153.550003,5352416.0,112.432373,0.020229313597026174
2014-07-01,2014-07-01,153.524994,156.625,151.75,152.449997,6864780.0,111.626923,-0.007189645633272512
2014-07-02,2014-07-02,154.25,158.875,154.25,158.350006,9460752.0,115.947029,0.03797117388794913
2014-07-03,2014-07-03,159.125,162.449997,156.800003,159.600006,10463390.0,116.862305,0.007862921128529266
2014-07-04,2014-07-04,160.0,163.425003,157.550003,159.975006,10761426.0,117.13688700000002,0.0023468638817174536
2014-07-07,2014-07-07,160.449997,163.0,160.0,161.274994,6481400.0,118.088768,0.008093387567864596
2014-07-08,2014-07-08,161.75,161.850006,145.449997,148.550003,8802144.0,108.771263,-0.0821894401419927
2014-07-09,2014-07-09,147.75,152.850006,140.0,145.125,14956990.0,106.26341200000002,-0.023326142269619158
2014-07-10,2014-07-10,146.5,156.75,142.25,151.274994,24262896.0,110.766571,0.04150399258831517
2014-07-11,2014-07-11,151.300003,152.850006,133.225006,135.5,14894560.0,99.215805,-0.11012769681788104
2014-07-14,2014-07-14,136.149994,144.199997,130.925003,142.0,15537718.0,103.975235,0.046855419588327514
2014-07-15,2014-07-15,143.199997,148.5,141.625,147.925003,12207916.0,108.313629,0.04087824517937655
2014-07-16,2014-07-16,148.175003,148.800003,136.800003,139.399994,22477950.0,102.071449,-0.059357942509942425
2014-07-17,2014-07-17,138.5,142.425003,137.850006,139.074997,14958802.0,101.833481,-0.0023341084302250788
2014-07-18,2014-07-18,138.75,138.75,133.149994,135.0,13572550.0,98.849693,-0.029738496128249636
2014-07-21,2014-07-21,136.0,139.0,133.800003,134.875,9314890.0,98.758148,-0.0009265321263134396
2014-07-22,2014-07-22,135.300003,139.699997,135.300003,138.125,11021612.0,101.137871,0.02381073363086106
2014-07-23,2014-07-23,139.0,139.175003,135.024994,135.699997,8742544.0,99.362221,-0.017712674405696127
2014-07-24,2014-07-24,136.024994,138.350006,135.699997,137.0,6782324.0,100.314133,0.009534621324633894
2014-07-25,2014-07-25,136.074997,137.574997,129.024994,130.625,8793176.0,95.646225,-0.04765036401819423
2014-07-28,2014-07-28,131.75,134.199997,128.149994,129.625,7223238.0,94.913994,-0.007685073071988845
2014-07-30,2014-07-30,129.350006,132.899994,128.725006,131.774994,8775362.0,96.488274,0.016450332778901178
2014-07-31,2014-07-31,131.399994,136.100006,131.399994,134.175003,15558974.0,98.245613,0.018049110344700026
2014-08-01,2014-08-01,132.725006,136.399994,132.024994,132.75,5282532.0,97.202187,-0.010677387139703676
2014-08-04,2014-08-04,133.699997,134.949997,132.149994,133.324997,5273670.0,97.623222,0.004322184232711912
2014-08-05,2014-08-05,133.5,134.199997,131.175003,133.074997,6268756.0,97.440163,-0.0018769186614937534
2014-08-06,2014-08-06,133.25,136.199997,130.199997,131.0,7538314.0,95.920799,-0.01571563624170924
2014-08-07,2014-08-07,131.074997,134.5,130.050003,133.600006,7557398.0,97.824593,0.01965316705436848
2014-08-08,2014-08-08,131.850006,132.300003,129.375,129.949997,6444592.0,95.15197,-0.0277007099179789
2014-08-11,2014-08-11,131.5,132.350006,129.199997,131.350006,4403730.0,96.177078,0.0107157571723544
2014-08-12,2014-08-12,131.725006,135.850006,131.725006,135.524994,5817116.0,99.234093,0.031290579830536736
2014-08-13,2014-08-13,135.675003,136.949997,126.824997,128.75,12379522.0,94.273323,-0.05128338008089983
2014-08-14,2014-08-14,129.850006,133.949997,127.75,132.75,9481460.0,97.202187,0.0305949566121102
2014-08-18,2014-08-18,132.75,136.350006,132.75,134.875,5411988.0,98.758148,0.015880700556486715
2014-08-19,2014-08-19,135.550003,138.449997,134.300003,135.774994,8488244.0,99.41716,0.006650822807811707
2014-08-20,2014-08-20,136.399994,138.600006,135.475006,136.475006,8371848.0,99.92971,0.005142304260494335
2014-08-21,2014-08-21,136.975006,138.625,135.5,136.149994,7247656.0,99.691734,-0.0023842740335693327
2014-08-22,2014-08-22,136.600006,137.25,133.75,134.75,4523042.0,98.666626,-0.010336011310791982
2014-08-25,2014-08-25,135.0,135.725006,126.275002,128.574997,7120582.0,94.145164,-0.04690886455309595
2014-08-26,2014-08-26,127.625,128.225006,121.349998,127.125,12914682.0,93.08345,-0.011341486302986148
2014-08-27,2014-08-27,127.025002,127.949997,123.699997,125.974998,6427398.0,92.241394,-0.00908741404166502
2014-08-28,2014-08-28,125.25,126.224998,123.449997,125.050003,6318344.0,91.564095,-0.007369769741070621
2014-09-01,2014-09-01,126.900002,132.449997,125.550003,131.350006,6412748.0,96.177078,0.049151835996639186
2014-09-02,2014-09-02,130.925003,131.449997,127.574997,130.100006,5970256.0,95.261818,-0.0095619750503797
2014-09-03,2014-09-03,130.449997,131.899994,129.350006,130.975006,5695924.0,95.902504,0.006703012279177578
2014-09-04,2014-09-04,131.0,135.125,129.5,131.25,5300266.0,96.103851,0.0020972959338196877
2014-09-05,2014-09-05,131.25,132.699997,129.425003,131.800003,4843242.0,96.506592,0.004181928878544738
2014-09-08,2014-09-08,133.199997,133.649994,131.050003,132.425003,2962722.0,96.964226,0.004730789462017881
2014-09-09,2014-09-09,132.5,133.425003,130.5,131.725006,2441900.0,96.451668,-0.005300073217823886
2014-09-10,2014-09-10,130.175003,132.300003,129.5,129.800003,3062032.0,95.186668,-0.013202143163167257
2014-09-11,2014-09-11,130.550003,134.649994,130.100006,134.199997,6417734.0,98.413322,0.03333629109947367
2014-09-12,2014-09-12,135.0,135.725006,132.199997,132.725006,5059136.0,97.331665,-0.011051808030873468
2014-09-15,2014-09-15,131.125,135.699997,131.100006,133.600006,4367770.0,97.973343,0.00657105842269079
2014-09-16,2014-09-16,133.899994,135.074997,123.75,124.525002,5415080.0,91.318336,-0.07034383160762125
2014-09-17,2014-09-17,126.400002,126.625,120.0,121.550003,8530026.0,89.136673,-0.02418075634715056
2014-09-18,2014-09-18,121.0,125.175003,119.425003,124.150002,8169586.0,91.043327,0.02116467057615701
2014-09-19,2014-09-19,124.474998,125.699997,122.050003,123.224998,4243380.0,90.364998,-0.007478511931251043
2014-09-22,2014-09-22,121.925003,122.150002,118.949997,120.900002,5704888.0,88.65999599999998,-0.019048217954407143
2014-09-23,2014-09-23,121.0,122.300003,117.5,118.150002,4312452.0,86.643341,-0.02300862038629692
2014-09-24,2014-09-24,117.25,120.425003,109.5,118.224998,8983774.0,86.698326,0.0006344118271828236
2014-09-25,2014-09-25,118.150002,120.474998,114.050003,116.900002,9554904.0,85.726669,-0.011270608249144054
2014-09-26,2014-09-26,116.0,123.425003,115.150002,122.650002,5217092.0,89.943329,0.04801582682970107
2014-09-29,2014-09-29,121.650002,122.474998,117.150002,117.775002,5336196.0,86.36834,-0.040558620751127705
2014-09-30,2014-09-30,117.300003,120.550003,115.650002,117.300003,5843168.0,86.020004,-0.004041299614644167
2014-10-01,2014-10-01,117.0,120.449997,117.0,119.025002,4294110.0,87.28499599999998,0.014598707093449903
2014-10-07,2014-10-07,119.050003,119.525002,112.550003,113.0,6127542.0,82.86666899999999,-0.0519456623836696
2014-10-08,2014-10-08,112.5,114.900002,111.150002,113.525002,7599212.0,83.251663,0.0046351860708284676
2014-10-09,2014-10-09,114.5,120.25,114.125,119.125,8395000.0,87.358337,0.04815037100623165
2014-10-10,2014-10-10,117.625,122.5,115.150002,120.425003,6625902.0,88.31166800000003,0.01085376366724411
2014-10-13,2014-10-13,119.800003,121.900002,117.125,120.125,4116764.0,88.091675,-0.00249420572544512
2014-10-14,2014-10-14,120.949997,126.199997,120.675003,124.650002,7238834.0,91.410004,0.03697689183957209
2014-10-15,2014-10-15,124.650002,124.650002,124.650002,124.650002,0.0,91.410004,0.0
2014-10-16,2014-10-16,123.125,125.875,120.5,121.125,5524324.0,88.824997,-0.028686817291800008
2014-10-17,2014-10-17,121.875,127.0,119.25,125.25,4985080.0,91.849998,0.033488681753687466
2014-10-20,2014-10-20,127.150002,131.5,126.25,130.774994,5023812.0,95.901657,0.04316647026863585
2014-10-21,2014-10-21,130.774994,139.75,129.324997,137.600006,16824046.0,100.906662,0.05087269079290735
2014-10-22,2014-10-22,139.300003,139.300003,133.600006,136.399994,5157108.0,100.026672,-0.008759080523409679
2014-10-27,2014-10-27,137.100006,140.550003,136.5,138.475006,6015286.0,101.54834,0.01509807084087367
2014-10-28,2014-10-28,138.475006,141.699997,136.75,141.100006,4488710.0,103.473343,0.01877908271123108
2014-10-29,2014-10-29,142.475006,143.725006,137.574997,138.899994,7199096.0,101.859993,-0.015714771242058667
2014-10-30,2014-10-30,139.100006,141.125,137.625,138.574997,5720784.0,101.621674,-0.002342413569566659
2014-10-31,2014-10-31,139.199997,142.399994,137.550003,141.175003,7805626.0,103.528336,0.018588513847789482
2014-11-03,2014-11-03,141.5,142.375,139.25,139.899994,3840640.0,102.59333,-0.009072432136049358
2014-11-05,2014-11-05,139.800003,144.25,139.800003,141.524994,7247388.0,103.784988,0.011548415118377342
2014-11-07,2014-11-07,141.024994,143.399994,140.100006,141.274994,5390336.0,103.601654,-0.0017680410463274399
2014-11-10,2014-11-10,141.5,143.175003,133.800003,137.5,6837518.0,100.833328,-0.027084359038681786
2014-11-11,2014-11-11,137.5,139.050003,135.050003,136.824997,5397078.0,100.338333,-0.004921130506174265
2014-11-12,2014-11-12,137.625,142.0,136.225006,141.375,6973830.0,103.675003,0.03271322966497614
2014-11-13,2014-11-13,141.949997,144.175003,138.5,141.399994,6861088.0,103.693321,0.00017667114913511028
2014-11-14,2014-11-14,141.399994,142.0,139.199997,140.425003,4242544.0,102.97834,-0.006919031364968298
2014-11-17,2014-11-17,140.425003,152.25,139.675003,151.024994,12575414.0,110.751656,0.0727716865562007
2014-11-18,2014-11-18,151.850006,154.649994,149.149994,152.375,8105704.0,111.741653,0.00889917578228161
2014-11-19,2014-11-19,152.5,155.5,146.574997,148.324997,8675694.0,108.77166,-0.02693871464127984
2014-11-20,2014-11-20,148.475006,150.75,144.050003,146.574997,4411330.0,107.488335,-0.0118684924983965
2014-11-21,2014-11-21,146.175003,150.699997,145.75,147.899994,4966562.0,108.459991,0.008999028381012408
2014-11-24,2014-11-24,149.199997,152.274994,147.75,148.949997,3702438.0,109.230003,0.007074419887422856
2014-11-25,2014-11-25,149.350006,152.0,145.5,150.25,8478436.0,110.183342,0.008689945447825309
2014-11-26,2014-11-26,150.475006,152.800003,148.0,149.300003,4267826.0,109.486679,-0.006342834880062043
2014-11-27,2014-11-27,149.699997,151.975006,148.175003,149.25,4026738.0,109.449997,-0.0003350923291014496
2014-11-28,2014-11-28,149.949997,157.300003,149.949997,154.850006,7659348.0,113.556671,0.036834219716372914
2014-12-01,2014-12-01,155.524994,157.800003,154.574997,155.574997,5407356.0,114.088333,0.004670982954261938
2014-12-02,2014-12-02,154.949997,155.024994,150.675003,151.324997,5678794.0,110.971672,-0.027698037695503608
2014-12-03,2014-12-03,151.675003,155.949997,151.675003,153.399994,4726710.0,112.493317,0.013618853901290251
2014-12-04,2014-12-04,153.774994,154.550003,148.25,152.899994,4881990.0,112.126663,-0.00326466350545207
2014-12-05,2014-12-05,153.5,155.050003,151.574997,152.425003,2826238.0,111.778343,-0.0031113219593441603
2014-12-08,2014-12-08,151.75,152.824997,145.574997,146.350006,3127672.0,107.323341,-0.04067167370144098
2014-12-09,2014-12-09,145.199997,147.5,137.75,138.375,4941916.0,101.475006,-0.056033634416455584
2014-12-10,2014-12-10,139.0,147.699997,138.75,146.899994,6564662.0,107.726669,0.059784654682924376
2014-12-11,2014-12-11,146.0,146.375,140.0,142.850006,4868996.0,104.756676,-0.027956887067445813
2014-12-12,2014-12-12,142.350006,144.925003,138.0,138.449997,4168894.0,101.529999,-0.03128597800447608
2014-12-15,2014-12-15,137.125,141.300003,134.600006,139.375,3118502.0,102.208328,0.006658850265713667
2014-12-16,2014-12-16,138.0,139.449997,130.850006,132.25,5188208.0,96.983337,-0.05247398148778792
2014-12-17,2014-12-17,132.899994,139.699997,131.0,136.050003,7396058.0,99.770004,0.0283283967758754
2014-12-18,2014-12-18,138.550003,150.75,138.550003,148.024994,11205054.0,108.551659,0.08435860246948046
2014-12-19,2014-12-19,150.0,151.949997,146.399994,149.675003,7767012.0,109.761665,0.011085153836053685
2014-12-22,2014-12-22,150.0,152.949997,148.074997,151.524994,4200328.0,111.11834,0.012284426206446321
2014-12-23,2014-12-23,151.5,152.5,146.75,147.225006,3537510.0,107.965004,-0.02878862195376985
2014-12-24,2014-12-24,147.449997,147.75,143.524994,145.949997,5606616.0,107.029999,-0.008697977922728306
2014-12-26,2014-12-26,146.300003,151.350006,145.050003,150.399994,3420518.0,110.29332,0.03003420266903412
2014-12-29,2014-12-29,151.0,153.274994,149.0,149.375,2846246.0,109.541656,-0.006838465315640363
2014-12-30,2014-12-30,150.100006,151.399994,147.625,150.475006,2546288.0,110.348335,0.0073371472271785984
2014-12-31,2014-12-31,149.550003,152.0,149.050003,150.699997,2538142.0,110.513321,0.0014940214945120545
2015-01-01,2015-01-01,150.699997,153.449997,149.125,152.925003,2617484.0,112.144989,0.01465651300929238
2015-01-02,2015-01-02,153.175003,157.449997,152.274994,153.399994,6129038.0,112.493317,0.003101236698030085
2015-01-05,2015-01-05,153.800003,155.75,151.899994,152.225006,3729254.0,111.631676,-0.007688970636426262
2015-01-06,2015-01-06,150.675003,151.0,143.0,143.875,5914194.0,105.508324,-0.056414994521514224
2015-01-07,2015-01-07,144.0,145.199997,137.75,138.800003,8843688.0,101.786674,-0.03591065846260477
2015-01-08,2015-01-08,141.800003,142.300003,136.550003,139.75,9176246.0,102.48333,0.006820959390783088
2015-01-09,2015-01-09,141.449997,141.899994,139.300003,140.350006,4932710.0,102.92334,0.0042842880714273335
2015-01-12,2015-01-12,140.5,142.25,137.149994,141.725006,2781656.0,103.931671,0.00974923432340713
2015-01-13,2015-01-13,141.5,142.25,136.800003,137.649994,3150336.0,100.943329,-0.029174413244188457
2015-01-14,2015-01-14,137.975006,140.899994,137.5,140.050003,3759368.0,102.703331,0.017285290326718442
2015-01-15,2015-01-15,143.050003,147.850006,141.5,145.75,9351306.0,106.883339,0.0398933992609507
2015-01-16,2015-01-16,145.75,147.449997,143.375,145.350006,3910670.0,106.590019,-0.002748072989920303
2015-01-19,2015-01-19,146.0,149.5,146.0,146.5,5594082.0,107.433327,0.007880564247844113
2015-01-20,2015-01-20,147.850006,148.699997,144.024994,144.899994,3886568.0,106.259987,-0.01098164252062972
2015-01-21,2015-01-21,145.0,147.399994,141.5,143.199997,6937656.0,105.013336,-0.011801447065057149
2015-01-22,2015-01-22,142.5,144.824997,138.25,139.75,5142360.0,102.48333,-0.02438720041055209
2015-01-23,2015-01-23,141.5,143.949997,137.800003,140.75,7237446.0,103.216667,0.007130190739658816
2015-01-27,2015-01-27,141.550003,142.75,138.100006,141.375,3657384.0,103.675003,0.004430693123611995
2015-01-28,2015-01-28,141.5,147.0,140.649994,146.324997,7371218.0,107.305,0.03441421180442017
2015-01-29,2015-01-29,146.75,150.25,145.5,148.0,10054460.0,108.533333,0.011382095515577006
2015-01-30,2015-01-30,148.975006,152.949997,147.050003,149.225006,7519324.0,109.43166399999998,0.008242938993523906
2015-02-02,2015-02-02,149.024994,155.975006,148.300003,154.925003,8801934.0,113.611656,0.037485825274710116
2015-02-03,2015-02-03,156.0,156.75,142.5,143.475006,7103134.0,105.215004,-0.07678019294927729
2015-02-04,2015-02-04,143.600006,146.800003,140.25,140.600006,8003324.0,103.106667,-0.0202418594023559
2015-02-05,2015-02-05,140.600006,143.824997,138.875,139.75,3833412.0,102.48333,-0.006063903099868817
2015-02-06,2015-02-06,140.0,143.0,138.149994,141.625,3341898.0,103.85833,0.013327607743574887
2015-02-09,2015-02-09,140.625,140.625,137.100006,138.574997,2645716.0,101.621674,-0.021770919784214197
2015-02-10,2015-02-10,137.75,143.5,136.774994,142.300003,4697440.0,104.353325,0.02652565776995264
2015-02-11,2015-02-11,142.800003,143.850006,138.699997,140.524994,4918092.0,103.051651,-0.01255216837807982
2015-02-12,2015-02-12,141.25,143.0,139.125,141.175003,2958360.0,103.528336,0.004615024455916661
2015-02-13,2015-02-13,139.975006,141.449997,136.649994,137.350006,7527800.0,100.723343,-0.027467772802999942
2015-02-16,2015-02-16,138.25,141.675003,137.524994,140.850006,4980236.0,103.290009,0.02516307294194764
2015-02-18,2015-02-18,140.850006,141.149994,137.074997,137.574997,3329134.0,100.888336,-0.02352633207800636
2015-02-19,2015-02-19,138.725006,139.350006,135.0,137.875,3819276.0,101.108337,0.002178264460713564
2015-02-20,2015-02-20,138.625,141.0,136.524994,139.149994,3405990.0,102.043335,0.009204990466431084
2015-02-23,2015-02-23,140.175003,140.5,135.800003,136.5,3375734.0,100.100006,-0.019227829739757674
2015-02-24,2015-02-24,136.75,137.375,134.175003,135.149994,4013456.0,99.109993,-0.009939472471212518
2015-02-25,2015-02-25,136.25,137.25,135.300003,136.5,2898752.0,100.100006,0.009939472471212518
2015-02-26,2015-02-26,137.199997,140.100006,136.074997,139.5,6022252.0,102.300011,0.02174003422322368
2015-02-27,2015-02-27,140.5,147.475006,138.449997,146.824997,7333208.0,107.671661,0.05117663999115152
2015-03-02,2015-03-02,147.800003,155.5,146.75,154.350006,8398684.0,113.189995,0.049981357995206636
2015-03-03,2015-03-03,154.574997,156.600006,151.0,153.074997,7971698.0,112.25499,-0.008294798493531985
2015-03-04,2015-03-04,152.0,153.425003,145.25,146.25,6635214.0,113.555542,0.011519094076363423
2015-03-05,2015-03-05,147.100006,148.675003,145.425003,147.449997,5956522.0,114.487282,0.008171668535640997
2015-03-09,2015-03-09,146.699997,147.699997,143.574997,144.800003,3587760.0,112.42971,-0.01813551621367271
2015-03-10,2015-03-10,145.574997,146.5,141.774994,142.649994,3071062.0,110.760323,-0.01495961186186534
2015-03-11,2015-03-11,142.5,145.899994,141.100006,143.625,4978794.0,111.51738,0.006811838678728144
2015-03-12,2015-03-12,144.5,145.899994,143.649994,144.725006,3599136.0,112.371468,0.0076296086270497545
2015-03-13,2015-03-13,146.0,146.0,135.375,136.175003,4316118.0,105.732826,-0.060894658973007935
2015-03-16,2015-03-16,136.524994,139.725006,134.774994,135.600006,2555538.0,105.286377,-0.0042313652953991365
2015-03-17,2015-03-17,136.975006,140.5,136.050003,139.350006,8633582.0,108.198059,0.02727938969850729
2015-03-18,2015-03-18,140.199997,143.175003,138.074997,141.699997,4684594.0,110.022705,0.016723326334272315
2015-03-19,2015-03-19,143.350006,144.899994,139.350006,140.300003,4326158.0,108.935692,-0.009929027113789957
2015-03-20,2015-03-20,140.800003,144.100006,136.600006,137.5,4399860.0,106.761635,-0.02015908732643901
2015-03-23,2015-03-23,138.75,139.675003,135.875,137.975006,2984194.0,107.13044,0.0034485182818873032
2015-03-24,2015-03-24,137.975006,140.949997,137.875,139.524994,2457188.0,108.333946,0.011171391604693605
2015-03-25,2015-03-25,140.5,141.125,137.899994,140.199997,3769090.0,108.858032,0.004826025546726953
2015-03-26,2015-03-26,138.925003,140.725006,134.75,135.274994,5982044.0,105.034027,-0.03576021025104836
2015-03-27,2015-03-27,135.5,137.399994,128.699997,132.149994,4570816.0,102.607628,-0.02337208737430263
2015-03-30,2015-03-30,133.0,136.25,132.649994,135.675003,2202784.0,105.344612,0.026324718184321583
2015-03-31,2015-03-31,136.125,138.324997,135.5,136.524994,2929978.0,106.004585,0.00624535275764071
2015-04-01,2015-04-01,137.550003,142.449997,136.25,141.324997,3225508.0,109.731544,0.03455452591142727
2015-04-06,2015-04-06,143.399994,143.399994,137.425003,139.050003,3762890.0,107.965134,-0.016228532136029372
2015-04-07,2015-04-07,136.899994,137.0,134.449997,136.625,2999172.0,106.082237,-0.017593727595560438
2015-04-08,2015-04-08,137.574997,140.475006,136.125,138.975006,3887390.0,107.906898,0.017054185711665504
2015-04-09,2015-04-09,142.649994,144.274994,140.375,143.800003,4031536.0,111.653252,0.03412930481223242
2015-04-10,2015-04-10,143.800003,146.100006,142.274994,143.800003,4983066.0,111.653252,0.0
2015-04-13,2015-04-13,144.0,144.399994,141.800003,143.300003,2761496.0,111.265038,-0.003483019652319008
2015-04-15,2015-04-15,144.225006,144.5,138.5,139.824997,3550088.0,108.566864,-0.02454884370899979
2015-04-16,2015-04-16,140.399994,140.550003,136.024994,137.649994,3537002.0,106.87809,-0.0156774021163324
2015-04-17,2015-04-17,137.75,140.0,136.725006,139.199997,2659610.0,108.081581,0.01119748247857455
2015-04-20,2015-04-20,139.449997,139.949997,136.75,137.975006,2655680.0,107.13044,-0.008839164172690595
2015-04-21,2015-04-21,138.475006,139.25,134.725006,137.850006,2686064.0,107.033394,-0.0009062781967408283
2015-04-22,2015-04-22,138.449997,138.899994,136.350006,138.149994,2657902.0,107.266312,0.002173760254398971
2015-04-23,2015-04-23,139.074997,141.0,137.449997,138.100006,3042774.0,107.227516,-0.0003617446784822676
2015-04-24,2015-04-24,138.75,138.75,135.75,136.475006,2266788.0,105.965775,-0.011836730187273936
2015-04-27,2015-04-27,137.25,137.350006,133.5,135.625,2834360.0,105.305779,-0.0062478656919049405
2015-04-28,2015-04-28,135.550003,137.949997,133.475006,135.399994,4380262.0,105.131081,-0.0016603368833081331
2015-04-29,2015-04-29,135.75,136.25,130.649994,131.800003,5277250.0,102.335884,-0.02694757835235073
2015-04-30,2015-04-30,131.300003,133.949997,127.525002,132.824997,6568918.0,103.131729,0.007746709745291901
2015-05-04,2015-05-04,133.0,137.925003,133.0,137.375,3476626.0,106.664581,0.033682060374309764
2015-05-05,2015-05-05,137.5,139.824997,136.324997,138.125,4405300.0,107.246902,0.0054445178005408925
2015-05-06,2015-05-06,139.0,139.0,128.949997,135.475006,8482434.0,105.189331,-0.019371792799224075
2015-05-07,2015-05-07,135.649994,135.649994,124.900002,126.300003,4623846.0,98.065407,-0.0701272043974841
2015-05-08,2015-05-08,128.0,130.875,127.574997,128.225006,3973932.0,99.560074,0.015126546356174053
2015-05-11,2015-05-11,128.550003,132.850006,126.0,132.399994,4793118.0,102.801735,0.03204100954104483
2015-05-12,2015-05-12,132.475006,132.774994,127.949997,130.399994,6398126.0,101.24884,-0.015220981179653316
2015-05-13,2015-05-13,131.024994,133.300003,128.074997,132.550003,2573182.0,102.918198,0.01635322938471173
2015-05-14,2015-05-14,132.449997,136.0,130.824997,135.175003,2698264.0,104.956398,0.01961052825593512
2015-05-15,2015-05-15,136.0,136.574997,132.350006,134.899994,2757156.0,104.742867,-0.0020365457532909303
2015-05-18,2015-05-18,135.75,137.199997,134.050003,136.475006,1763686.0,105.965775,0.01160770359920793
2015-05-19,2015-05-19,135.5,137.5,134.199997,135.300003,1968410.0,105.053452,-0.008646877323747582
2015-05-20,2015-05-20,136.5,137.899994,135.625,136.524994,2006302.0,106.004585,0.009013060599877498
2015-05-21,2015-05-21,136.524994,137.800003,135.024994,136.375,3669058.0,105.88811499999998,-0.0010993301017894195
2015-05-22,2015-05-22,136.5,139.824997,136.300003,138.925003,2720192.0,107.868065,0.018525842175629137
2015-05-25,2015-05-25,138.100006,141.425003,137.225006,140.524994,1741702.0,109.110374,0.011451115427183469
2015-05-26,2015-05-26,140.475006,140.875,137.225006,138.125,1343258.0,107.246902,-0.01722630378457435
2015-05-27,2015-05-27,136.199997,139.699997,135.699997,138.625,1689424.0,107.635132,0.003613428402507779
2015-05-28,2015-05-28,138.625,141.699997,136.5,140.199997,5777968.0,108.858032,0.011297474564432086
2015-05-29,2015-05-29,141.449997,141.449997,135.949997,136.300003,3811860.0,105.829895,-0.028211533629070477
2015-06-01,2015-06-01,136.0,136.0,133.600006,135.024994,3381206.0,104.83992,-0.009398425560524616
2015-06-02,2015-06-02,135.0,135.925003,133.125,133.875,4249546.0,103.947014,-0.008553326844667808
2015-06-03,2015-06-03,134.574997,134.574997,128.0,130.425003,3510230.0,101.268265,-0.026108203763571147
2015-06-04,2015-06-04,131.5,131.5,125.525002,127.875,2998462.0,99.288307,-0.019745274941556982
2015-06-05,2015-06-05,127.949997,132.25,126.5,131.625,3833692.0,102.199997,0.02890383857780865
2015-06-08,2015-06-08,131.649994,132.425003,127.699997,130.199997,2276108.0,101.093567,-0.01088515448268712
2015-06-09,2015-06-09,129.050003,132.5,128.899994,130.574997,1672924.0,101.38472,0.002875895534138806
2015-06-10,2015-06-10,131.449997,134.475006,131.0,132.324997,3042712.0,102.743507,0.013313269698672414
2015-06-11,2015-06-11,133.100006,134.149994,128.0,129.0,2548996.0,100.161819,-0.025448591036147942
2015-06-12,2015-06-12,128.0,131.100006,127.775002,129.475006,1548002.0,100.530632,0.0036754089487880393
2015-06-15,2015-06-15,129.300003,132.399994,128.875,130.774994,1735672.0,101.540009,0.009990421076104816
2015-06-16,2015-06-16,131.350006,132.475006,130.625,132.074997,2032912.0,102.549393,0.009891667282735384
2015-06-17,2015-06-17,132.524994,135.274994,132.524994,133.425003,2083454.0,103.597603,0.010169627055079287
2015-06-18,2015-06-18,132.850006,133.600006,130.225006,130.475006,1901236.0,101.307083,-0.022357862655149496
2015-06-19,2015-06-19,132.324997,133.800003,131.125,133.100006,3193182.0,103.345253,0.01991902393456968
2015-06-22,2015-06-22,133.800003,137.399994,131.725006,135.600006,2945532.0,105.286377,0.018608683779619998
2015-06-23,2015-06-23,136.5,139.75,136.375,138.800003,2378466.0,107.771019,0.02332474433443732
2015-06-24,2015-06-24,140.024994,140.75,136.5,137.875,1720118.0,107.052788,-0.006686723284284214
2015-06-25,2015-06-25,137.0,137.725006,135.25,136.399994,3634212.0,105.907539,-0.010755618726085991
2015-06-26,2015-06-26,135.625,136.350006,132.574997,133.75,2241886.0,103.849945,-0.019619419163220183
2015-06-29,2015-06-29,131.050003,131.850006,127.625,129.199997,2734116.0,100.317101,-0.0346108417728086
2015-06-30,2015-06-30,129.925003,130.875,127.150002,128.0,3751292.0,99.385368,-0.009331279331402877
2015-07-01,2015-07-01,129.350006,130.800003,128.050003,129.625,2968992.0,100.647095,0.012615389667081978
2015-07-02,2015-07-02,130.375,131.300003,128.449997,128.649994,2177824.0,99.89006,-0.0075501080702329295
2015-07-03,2015-07-03,129.024994,131.375,129.024994,130.649994,1768258.0,101.442955,0.015426439580530802
2015-07-06,2015-07-06,129.5,131.175003,127.599998,130.725006,2672306.0,101.501198,0.0005739805827174037
2015-07-07,2015-07-07,131.0,132.175003,128.5,128.949997,3471390.0,100.123001,-0.013671161222328363
2015-07-08,2015-07-08,128.0,128.375,125.0,127.675003,3514212.0,99.133018,-0.009936875693781209
2015-07-09,2015-07-09,127.675003,129.425003,126.75,128.524994,1826780.0,99.792999,0.006635466104426335
2015-07-10,2015-07-10,129.100006,130.350006,127.75,128.875,3156794.0,100.064751,0.002719455887771893
2015-07-13,2015-07-13,129.350006,131.475006,129.350006,131.050003,2044910.0,101.75354,0.016736128428355812
2015-07-14,2015-07-14,131.300003,132.350006,129.274994,130.524994,1819118.0,101.345894,-0.0040142558684719285
2015-07-15,2015-07-15,131.425003,131.824997,129.074997,129.649994,1308040.0,100.666504,-0.0067262461924100245
2015-07-16,2015-07-16,130.5,135.199997,130.0,134.550003,3169842.0,104.471115,0.037097508901501534
2015-07-17,2015-07-17,134.899994,135.350006,132.600006,133.024994,1629290.0,103.287018,-0.011398926282487842
2015-07-20,2015-07-20,132.350006,134.149994,132.199997,133.574997,1567012.0,103.714066,0.004126051879509872
2015-07-21,2015-07-21,134.0,135.25,128.0,128.75,1925752.0,99.967705,-0.036790563481428507
2015-07-22,2015-07-22,128.550003,133.100006,128.100006,131.675003,2091058.0,102.238831,0.022464372854282818
2015-07-23,2015-07-23,131.550003,132.25,129.550003,130.050003,2463656.0,100.977089,-0.0124179071581354
2015-07-24,2015-07-24,130.949997,131.5,128.800003,129.774994,3135422.0,100.763565,-0.0021168175625323467
2015-07-27,2015-07-27,129.024994,129.774994,125.849998,127.125,5613314.0,98.705971,-0.020631390898625316
2015-07-28,2015-07-28,125.974998,126.375,122.5,122.824997,21056832.0,95.367249,-0.034410223437634
2015-07-29,2015-07-29,123.099998,123.449997,119.849998,121.875,9421274.0,94.629616,-0.007764725023712059
2015-07-30,2015-07-30,122.224998,123.949997,120.525002,121.625,7923108.0,94.435501,-0.002053420232011049
2015-07-31,2015-07-31,122.5,123.449997,120.574997,123.074997,4983012.0,95.561356,0.011851440024461368
2015-08-03,2015-08-03,123.074997,124.224998,122.599998,123.099998,3784074.0,95.580765,0.00020308448985684183
2015-08-04,2015-08-04,123.699997,125.5,122.625,125.199997,4445372.0,97.211311,0.016915476124422568
2015-08-05,2015-08-05,125.675003,125.925003,124.0,124.25,2880878.0,96.473686,-0.007616785786791701
2015-08-06,2015-08-06,124.474998,125.449997,123.75,124.525002,3354034.0,96.687218,0.0022109244941406203
2015-08-07,2015-08-07,124.349998,125.800003,123.5,125.5,4616922.0,97.444252,0.007799228403300162
2015-08-10,2015-08-10,125.824997,126.625,122.25,123.175003,3694562.0,95.639,-0.018699753460274412
2015-08-11,2015-08-11,123.574997,124.349998,122.699997,123.724998,4044328.0,96.066055,0.0044553411116075034
2015-08-12,2015-08-12,123.449997,124.449997,115.550003,119.25,7290802.0,92.591446,-0.03683926619557543
2015-08-13,2015-08-13,119.974998,121.25,119.050003,119.800003,3016074.0,93.018501,0.004601647276797571
2015-08-14,2015-08-14,120.324997,122.349998,119.349998,121.574997,4481708.0,94.39669,0.014707600125304587
2015-08-17,2015-08-17,121.650002,122.650002,119.775002,120.175003,2605312.0,93.309662,-0.011582348072177062
2015-08-18,2015-08-18,120.650002,121.724998,119.025002,119.900002,1558538.0,93.096138,-0.002290959759728928
2015-08-19,2015-08-19,119.675003,120.300003,116.800003,117.449997,1575458.0,91.193848,-0.02064526248081933
2015-08-20,2015-08-20,116.849998,117.949997,115.275002,115.699997,2348052.0,89.835068,-0.015012027337133029
2015-08-21,2015-08-21,115.199997,115.425003,111.349998,113.925003,4103590.0,88.456863,-0.015460401872024574
2015-08-24,2015-08-24,111.849998,111.849998,95.400002,97.550003,4672098.0,75.74252299999998,-0.15517527620844265
2015-08-25,2015-08-25,99.5,107.599998,92.75,106.675003,5987462.0,82.827621,0.08942185947291037
2015-08-26,2015-08-26,105.0,113.0,102.75,105.699997,7755408.0,82.070572,-0.009182081442598466
2015-08-27,2015-08-27,108.199997,110.5,106.900002,109.599998,5611002.0,85.09871700000002,0.03623244780757151
2015-08-28,2015-08-28,112.199997,112.849998,107.0,109.900002,2755202.0,85.33165699999998,0.002733552002296413
2015-08-31,2015-08-31,109.400002,113.175003,106.875,112.074997,3848316.0,87.020439,0.019597511009845192
2015-09-01,2015-09-01,110.150002,114.974998,109.349998,111.5,7069520.0,86.573975,-0.005143771324260804
2015-09-02,2015-09-02,112.550003,114.25,107.675003,108.849998,3129054.0,84.51638,-0.024053889041594445
2015-09-03,2015-09-03,109.849998,111.125,107.925003,110.0,4672928.0,85.409309,0.010509737806549069
2015-09-04,2015-09-04,110.5,110.724998,101.724998,102.75,5717112.0,79.780037,-0.06818178928525054
2015-09-07,2015-09-07,103.275002,105.949997,100.5,104.224998,2791838.0,80.925308,0.014253295545733737
2015-09-08,2015-09-08,105.0,108.375,103.050003,106.099998,2529488.0,82.381165,0.01783022489165731
2015-09-09,2015-09-09,108.0,112.0,107.125,111.25,3277850.0,86.379868,0.04739780870994892
2015-09-10,2015-09-10,108.5,112.074997,106.675003,110.625,3763608.0,85.89458499999998,-0.005633850813433483
2015-09-11,2015-09-11,111.925003,112.349998,108.400002,109.599998,1756890.0,85.09871700000002,-0.009308829501491369
2015-09-14,2015-09-14,110.724998,113.175003,108.599998,110.074997,3600042.0,85.467537,0.004324660548937764
2015-09-15,2015-09-15,110.0,112.925003,109.550003,109.974998,4334910.0,85.857887,0.004556833029743856
2015-09-16,2015-09-16,111.724998,113.949997,111.074997,113.324997,3039196.0,88.473244,0.030006725956408964
2015-09-18,2015-09-18,114.5,117.199997,113.925003,115.25,4634060.0,89.976105,0.016843956458859388
2015-09-21,2015-09-21,115.0,122.900002,114.0,122.050003,3460834.0,95.284882,0.057327027110579465
2015-09-22,2015-09-22,122.5,122.75,118.300003,119.125,4707444.0,93.001335,-0.02425731430054423
2015-09-23,2015-09-23,117.0,118.650002,116.400002,117.400002,2961378.0,91.654617,-0.014586498439992825
2015-09-24,2015-09-24,117.0,120.949997,117.0,118.0,6767986.0,92.123039,0.005097714538208287
2015-09-28,2015-09-28,118.0,119.275002,113.625,114.675003,2000066.0,89.527199,-0.028582585433082563
2015-09-29,2015-09-29,113.875,115.949997,112.199997,113.75,5889836.0,88.805054,-0.008098915761093117
2015-09-30,2015-09-30,115.0,116.25,114.050003,115.050003,5304302.0,89.819969,0.011363759731843004
2015-10-01,2015-10-01,116.949997,117.0,111.0,113.175003,4802648.0,88.35614,-0.016431629852421636
2015-10-05,2015-10-05,115.125,126.824997,115.125,125.625,10274576.0,98.075897,0.10436594544308253
2015-10-06,2015-10-06,126.949997,126.949997,121.199997,122.324997,5468042.0,95.49958,-0.026619788544224757
2015-10-07,2015-10-07,122.949997,123.175003,118.5,119.150002,5058076.0,93.020844,-0.026298252498899718
2015-10-08,2015-10-08,120.324997,121.199997,116.099998,117.599998,3430732.0,91.81076,-0.013094094985644844
2015-10-09,2015-10-09,119.0,120.125,116.300003,116.974998,2596448.0,91.322823,-0.005328767630909503
2015-10-12,2015-10-12,117.5,120.199997,116.724998,119.625,3403476.0,93.391678,0.022401506166899843
2015-10-13,2015-10-13,120.224998,122.5,118.300003,122.0,5327292.0,95.245842,0.019659118887959792
2015-10-14,2015-10-14,121.0,121.349998,118.025002,119.275002,2948622.0,93.118439,-0.02258913898418946
2015-10-15,2015-10-15,119.875,121.925003,119.650002,121.0,2439148.0,94.465141,0.014358667614009947
2015-10-16,2015-10-16,121.324997,121.699997,118.324997,121.0,3018126.0,94.465141,0.0
2015-10-19,2015-10-19,122.5,122.75,120.449997,121.925003,2049220.0,95.187302,0.0076156624076810795
2015-10-20,2015-10-20,122.0,125.400002,121.625,122.599998,3926524.0,95.714272,0.005520869497944503
2015-10-21,2015-10-21,122.800003,124.125,121.0,123.650002,1943352.0,96.534004,0.008527899287024354
2015-10-23,2015-10-23,124.5,125.0,122.75,124.400002,3866614.0,97.11953,0.006047168592377972
2015-10-26,2015-10-26,124.025002,124.900002,120.599998,121.400002,2325234.0,94.777428,-0.024411208280961997
2015-10-27,2015-10-27,121.5,123.800003,120.349998,122.724998,1832436.0,95.811859,0.010855186815074802
2015-10-28,2015-10-28,121.574997,123.25,120.375,121.75,2233250.0,95.050674,-0.007976306545590006
2015-10-29,2015-10-29,121.75,122.25,117.25,118.25,5788696.0,92.318222,-0.029168616438487224
2015-10-30,2015-10-30,118.224998,121.875,117.75,119.900002,4615378.0,93.606377,0.013856968029116068
2015-11-02,2015-11-02,119.800003,122.925003,119.474998,121.400002,3561110.0,94.777428,0.012432768139886363
2015-11-03,2015-11-03,122.025002,126.25,122.0,124.824997,8883138.0,97.451332,0.02782181476358314
2015-11-04,2015-11-04,125.425003,128.375,124.050003,126.349998,7967512.0,98.641914,0.012143168152650041
2015-11-05,2015-11-05,126.550003,128.100006,124.125,125.925003,3866150.0,98.310112,-0.003369371929213827
2015-11-06,2015-11-06,123.5,123.5,111.775002,116.050003,12013640.0,90.60067,-0.08166528246648852
2015-11-09,2015-11-09,114.375,116.324997,112.25,112.775002,3468516.0,88.04385400000002,-0.02862657690837267
2015-11-10,2015-11-10,112.199997,115.75,110.425003,112.724998,6974724.0,88.004829,-0.0004433432840755813
2015-11-13,2015-11-13,113.75,114.900002,110.75,112.625,6315290.0,87.92675,-0.0008876064839524744
2015-11-16,2015-11-16,112.800003,113.724998,110.175003,111.074997,3629970.0,86.716667,-0.013857978576537809
2015-11-17,2015-11-17,112.0,112.050003,108.574997,109.425003,4456824.0,85.428505,-0.014966275609095803
2015-11-18,2015-11-18,109.900002,110.25,105.025002,105.324997,4672344.0,82.22760799999998,-0.038188717883552485
2015-11-19,2015-11-19,105.875,107.699997,105.574997,106.775002,2485536.0,83.359634,0.013673077980918436
2015-11-20,2015-11-20,106.75,108.099998,106.175003,106.650002,1919970.0,83.262047,-0.0011713603004421813
2015-11-23,2015-11-23,107.0,108.125,103.875,104.675003,7539642.0,81.72015400000002,-0.018692172668718143
2015-11-24,2015-11-24,105.0,105.425003,103.800003,104.050003,5081564.0,81.232224,-0.0059886386960350535
2015-11-26,2015-11-26,104.25,105.099998,103.775002,104.150002,3936464.0,81.310287,0.000960524179447475
2015-11-27,2015-11-27,104.775002,106.375,104.25,105.349998,3427934.0,82.247139,0.01145606493130735
2015-11-30,2015-11-30,105.900002,107.474998,105.625,106.625,3944632.0,83.242531,0.012029802271992018
2015-12-01,2015-12-01,107.175003,107.599998,105.375,106.675003,3020958.0,83.28157,0.00046886907637677677
2015-12-02,2015-12-02,107.199997,107.474998,106.0,106.5,1449466.0,83.14494300000001,-0.001641890204036045
2015-12-03,2015-12-03,106.050003,108.5,105.824997,106.824997,3373406.0,83.398674,0.0030470239674293964
2015-12-04,2015-12-04,106.0,106.875,104.324997,104.625,2287908.0,81.681122,-0.020809499662854947
2015-12-07,2015-12-07,105.050003,105.5,103.074997,103.599998,2021836.0,80.880905,-0.00984514622884092
2015-12-08,2015-12-08,103.050003,104.0,100.0,100.300003,7438684.0,78.304581,-0.03237165703354528
2015-12-09,2015-12-09,100.099998,103.75,99.150002,102.199997,8175084.0,79.78791,0.018765882186021262
2015-12-10,2015-12-10,102.5,103.125,98.300003,99.300003,5912384.0,77.523872,-0.02878607448296666
2015-12-11,2015-12-11,99.25,102.974998,99.099998,100.550003,7275498.0,78.499763,0.012509690939981331
2015-12-14,2015-12-14,99.925003,103.849998,99.525002,103.474998,3884840.0,80.78331,0.028674779109251425
2015-12-15,2015-12-15,104.0,104.675003,102.650002,103.375,3840580.0,80.705246,-0.0009668054258975543
2015-12-16,2015-12-16,103.5,105.775002,103.050003,103.400002,3536568.0,80.724754,0.00024168989772554994
2015-12-17,2015-12-17,105.400002,108.25,104.599998,107.849998,5654662.0,84.198898,0.04213656402004329
2015-12-18,2015-12-18,107.974998,107.974998,106.0,106.449997,3536978.0,83.10591099999998,-0.013066002777678776
2015-12-21,2015-12-21,107.0,109.5,106.574997,109.099998,2869926.0,85.174774,0.02458947968381331
2015-12-22,2015-12-22,109.199997,110.5,107.599998,108.099998,3107640.0,84.394058,-0.009208313902869136
2015-12-23,2015-12-23,104.449997,104.925003,103.5,104.0,2533132.0,88.38855699999998,0.0462455192835094
2015-12-24,2015-12-24,104.849998,104.849998,101.75,102.400002,1761312.0,87.02873199999998,-0.015504198556752337
2015-12-28,2015-12-28,102.75,103.25,101.099998,101.425003,2417188.0,86.20008100000003,-0.009567199662289916
2015-12-29,2015-12-29,101.699997,102.75,100.574997,101.875,5567098.0,86.582542,0.004427084367813805
2015-12-30,2015-12-30,102.400002,102.599998,101.5,101.724998,1906508.0,86.455048,-0.00147359915346712
2015-12-31,2015-12-31,101.650002,102.25,100.300003,100.699997,8158610.0,85.583908,-0.010127327737694536
2016-01-01,2016-01-01,100.5,101.75,100.5,101.25,2051278.0,86.051353,0.005446971129522638
2016-01-04,2016-01-04,101.199997,101.25,97.599998,98.175003,3841028.0,83.437943,-0.03084108800678553
2016-01-05,2016-01-05,99.425003,101.625,98.550003,100.849998,3954796.0,85.711395,0.02688262264836272
2016-01-06,2016-01-06,100.824997,102.724998,99.449997,100.349998,3312958.0,85.286461,-0.004970060849286639
2016-01-07,2016-01-07,98.5,99.099998,93.550003,94.199997,4186430.0,80.059624,-0.06324406266708849
2016-01-08,2016-01-08,95.275002,95.974998,94.300003,95.074997,3050970.0,80.803276,0.009245852183839888
2016-01-11,2016-01-11,93.449997,95.574997,92.275002,94.300003,3726800.0,80.14463,-0.008184631824763144
2016-01-12,2016-01-12,94.75,95.925003,93.025002,93.724998,1841194.0,79.655937,-0.0061163052502370965
2016-01-13,2016-01-13,94.425003,94.925003,90.0,91.824997,3207394.0,78.041138,-0.02048047427050204
2016-01-14,2016-01-14,90.0,91.275002,88.724998,90.224998,3909660.0,76.68132,-0.017577965487321382
2016-01-15,2016-01-15,90.699997,91.099998,85.050003,85.349998,4252482.0,72.53810899999998,-0.05554606728787181
2016-01-18,2016-01-18,85.5,85.5,80.025002,80.5,6136842.0,68.416138,-0.058503332666326464
2016-01-19,2016-01-19,81.699997,82.199997,78.5,79.449997,8460368.0,67.523758,-0.013129226150761395
2016-01-20,2016-01-20,78.699997,78.699997,75.574997,77.125,5959070.0,65.54776,-0.029700469083485007
2016-01-21,2016-01-21,78.349998,78.75,74.099998,74.525002,10472222.0,63.338043000000006,-0.0342928933528599
2016-01-22,2016-01-22,76.25,80.150002,75.449997,79.625,6422442.0,67.672493,0.06619364622979518
2016-01-25,2016-01-25,80.400002,82.25,79.949997,81.099998,3615508.0,68.926079,0.018354821369197083
2016-01-27,2016-01-27,82.0,84.525002,80.724998,83.525002,6832604.0,70.987061,0.029463009512610938
2016-01-28,2016-01-28,83.550003,85.275002,82.599998,83.525002,18887956.0,70.987061,0.0
2016-01-29,2016-01-29,83.949997,88.199997,82.125,87.550003,7604652.0,74.40786700000002,0.04706405449928575
2016-02-01,2016-02-01,88.0,88.900002,85.900002,86.724998,2594962.0,73.706703,-0.009467930640276734
2016-02-02,2016-02-02,86.974998,87.849998,84.300003,84.574997,6664654.0,71.87943299999998,-0.025103571118745727
2016-02-03,2016-02-03,82.949997,85.574997,80.599998,82.650002,10194324.0,70.243408,-0.023023706225314026
2016-02-04,2016-02-04,84.125,85.800003,81.0,84.275002,3507142.0,71.62447399999998,0.019470363691378445
2016-02-05,2016-02-05,84.5,89.099998,83.900002,88.525002,2661764.0,75.23650400000002,0.04919970750345026
2016-02-08,2016-02-08,88.849998,93.099998,88.0,90.275002,4160058.0,76.723816,0.01957562994315687
2016-02-09,2016-02-09,89.0,90.875,85.050003,85.775002,20253490.0,72.899307,-0.051133035853418114
2016-02-10,2016-02-10,85.900002,87.0,77.849998,79.025002,7864536.0,67.162552,-0.08196330250037054
2016-02-11,2016-02-11,79.75,79.949997,74.224998,75.199997,7792250.0,63.911724,-0.049613011563653935
2016-02-12,2016-02-12,75.0,76.425003,70.5,73.074997,8459250.0,62.105709,-0.02866490165150282
2016-02-15,2016-02-15,74.300003,78.199997,74.300003,77.0,4043932.0,65.441528,0.05231912457408328
2016-02-16,2016-02-16,75.425003,77.224998,71.550003,71.949997,5266888.0,64.945076,-0.0076151135756257204
2016-02-17,2016-02-17,71.050003,75.949997,70.125,75.574997,9693222.0,68.21714,0.049153924842498135
2016-02-18,2016-02-18,76.324997,77.699997,71.550003,73.150002,8339342.0,66.028244,-0.032613263041599616
2016-02-19,2016-02-19,72.775002,76.949997,72.050003,76.525002,5932834.0,69.07466099999999,0.045105373208008
2016-02-22,2016-02-22,76.525002,77.150002,74.25,75.275002,2971244.0,67.94635799999999,-0.016469422161705438
2016-02-23,2016-02-23,75.449997,76.824997,74.550003,75.724998,6578646.0,68.35253900000001,0.005960168590612547
2016-02-24,2016-02-24,75.25,76.400002,74.175003,75.275002,3954742.0,67.94635799999999,-0.005960168590612547
2016-02-25,2016-02-25,75.650002,78.900002,75.224998,78.349998,10594028.0,70.721977,0.0400378323286672
2016-02-26,2016-02-26,79.400002,79.5,76.25,77.800003,4742426.0,70.225533,-0.00704441040424264
2016-02-29,2016-02-29,78.099998,79.099998,75.550003,77.125,4588104.0,69.616249,-0.008713960115255048
2016-03-01,2016-03-01,77.400002,78.849998,76.425003,78.224998,4231488.0,70.609154,0.014161793414825041
2016-03-02,2016-03-02,79.75,83.0,79.300003,81.550003,3426100.0,73.610428,0.04162690433038385
2016-03-03,2016-03-03,82.300003,83.449997,80.099998,81.275002,2288228.0,73.362206,-0.0033778021016939164
2016-03-04,2016-03-04,81.349998,85.800003,80.800003,84.025002,4735540.0,75.844475,0.03327596362827556
2016-03-08,2016-03-08,84.0,84.650002,81.25,82.25,2617578.0,74.242287,-0.021350968508524915
2016-03-09,2016-03-09,82.0,85.400002,81.224998,84.800003,3032578.0,76.54402900000002,0.03053222425594182
2016-03-10,2016-03-10,85.550003,86.449997,82.675003,83.599998,2704242.0,75.46084599999998,-0.014252192044036603
2016-03-11,2016-03-11,84.425003,85.0,82.150002,83.525002,2802910.0,75.39315,-0.0008975036305187699
2016-03-14,2016-03-14,84.849998,86.150002,84.0,85.550003,2857252.0,77.221008,0.023955122283404684
2016-03-15,2016-03-15,85.949997,87.275002,84.125,84.525002,4853354.0,76.295792,-0.012053758315230922
2016-03-16,2016-03-16,84.574997,85.599998,82.0,83.849998,3224560.0,75.68650799999998,-0.008017871344830674
2016-03-17,2016-03-17,84.900002,86.074997,83.574997,84.925003,4682678.0,76.656853,0.012739093010118552
2016-03-18,2016-03-18,85.625,85.699997,83.800003,84.849998,2897846.0,76.589149,-0.0008835989653412922
2016-03-21,2016-03-21,85.449997,87.175003,84.974998,86.875,3127830.0,78.417,0.02358533183670719
2016-03-22,2016-03-22,86.050003,87.125,84.824997,85.574997,2566260.0,77.243561,-0.01507718103235689
2016-03-23,2016-03-23,85.650002,86.974998,85.349998,86.125,2169562.0,77.740021,0.006406636002235011
2016-03-28,2016-03-28,86.949997,86.949997,83.849998,84.150002,2178778.0,75.957298,-0.023198881597181756
2016-03-29,2016-03-29,83.75,84.449997,82.525002,82.849998,2409238.0,74.78385899999998,-0.015569241033434269
2016-03-30,2016-03-30,84.0,86.25,83.675003,85.949997,2640862.0,77.582054,0.036734064632558905
2016-03-31,2016-03-31,85.849998,86.675003,84.125,85.675003,4933410.0,77.333832,-0.003204606303918389
2016-04-01,2016-04-01,85.5,85.5,83.050003,84.25,3366630.0,76.047577,-0.016772373673545005
2016-04-04,2016-04-04,85.449997,85.449997,82.824997,84.025002,2717230.0,75.844475,-0.002674295572046681
2016-04-05,2016-04-05,83.5,84.875,82.0,82.824997,2423210.0,74.761299,-0.014384503969345984
2016-04-06,2016-04-06,82.800003,85.0,82.349998,83.824997,2689934.0,75.66394,0.01200133488338295
2016-04-07,2016-04-07,83.675003,85.625,83.0,84.625,3093482.0,76.386055,0.009498460412816991
2016-04-08,2016-04-08,84.800003,85.25,83.699997,84.025002,1377828.0,75.844475,-0.007115291326853956
2016-04-11,2016-04-11,84.5,84.699997,83.074997,84.199997,1894950.0,76.002426,0.002080398821816765
2016-04-12,2016-04-12,84.5,85.199997,83.400002,83.650002,2947850.0,75.505981,-0.006553389169094537
2016-04-13,2016-04-13,84.5,86.550003,84.300003,85.800003,3863206.0,77.446663,0.025377608412406442
2016-04-18,2016-04-18,86.0,86.25,83.75,84.150002,1979248.0,75.957298,-0.019418166114743233
2016-04-20,2016-04-20,84.75,84.800003,83.300003,83.849998,2752904.0,75.68650799999998,-0.003571399254180818
2016-04-21,2016-04-21,84.375,89.300003,84.224998,87.599998,8945802.0,79.07141899999998,0.043751567341608684
2016-04-22,2016-04-22,87.625,89.449997,86.900002,88.074997,7045824.0,79.500175,0.005407740870231771
2016-04-25,2016-04-25,88.25,88.900002,86.5,86.75,2620336.0,78.304176,-0.015158288007806497
2016-04-26,2016-04-26,86.849998,91.349998,85.625,91.0,8089664.0,82.140404,0.04782909204034347
2016-04-27,2016-04-27,91.25,91.900002,89.175003,89.650002,5165330.0,80.921837,-0.014946313472877115
2016-04-28,2016-04-28,90.150002,91.5,88.949997,90.5,4822544.0,81.689079,0.009436607485053372
2016-04-29,2016-04-29,91.0,91.400002,87.5,89.675003,3894478.0,80.944405,-0.009157759964193879
2016-05-02,2016-05-02,88.199997,90.699997,88.199997,89.0,1615326.0,80.335114,-0.007555750444256938
2016-05-03,2016-05-03,89.625,90.449997,86.800003,87.75,2896270.0,79.20681,-0.014144530579607741
2016-05-04,2016-05-04,87.5,88.75,86.125,86.474998,3083550.0,78.05594599999998,-0.01463645397797819
2016-05-05,2016-05-05,87.0,87.224998,83.699997,84.25,4197248.0,76.047577,-0.02606666841467486
2016-05-06,2016-05-06,84.5,84.5,82.550003,82.925003,2034168.0,74.85157,-0.015852071650166444
2016-05-09,2016-05-09,83.425003,86.125,83.050003,85.724998,2883556.0,77.378967,0.03320791355093266
2016-05-10,2016-05-10,85.75,86.224998,84.400002,84.724998,2082452.0,76.476326,-0.011733770594172022
2016-05-11,2016-05-11,83.449997,84.400002,81.5,81.675003,6081458.0,73.723267,-0.036662780734570966
2016-05-12,2016-05-12,82.150002,82.900002,81.099998,82.375,3189692.0,74.355125,0.008534153111819265
2016-05-13,2016-05-13,82.75,87.775002,82.449997,87.25,8484198.0,78.755493,0.05749542639054095
2016-05-16,2016-05-16,87.699997,88.125,85.275002,86.925003,4995680.0,78.462135,-0.003731875925056194
2016-05-17,2016-05-17,87.199997,87.375,85.025002,85.199997,2925090.0,76.905075,-0.020044282596577645
2016-05-18,2016-05-18,85.0,88.0,84.099998,87.474998,2558918.0,78.958588,0.02635164336071849
2016-05-19,2016-05-19,88.0,88.025002,84.199997,84.599998,2399476.0,76.363495,-0.03341874464639627
2016-05-20,2016-05-20,85.0,85.574997,83.550003,83.949997,2211802.0,75.776772,-0.00771296015491263
2016-05-23,2016-05-23,84.75,85.425003,83.400002,83.875,1880546.0,75.70908399999998,-0.0008936544479070108
2016-05-24,2016-05-24,84.400002,85.800003,83.824997,85.150002,3942008.0,76.85994699999998,0.015086742327037328
2016-05-25,2016-05-25,85.75,86.0,82.599998,84.525002,6454016.0,76.295792,-0.007367109522300907
2016-05-26,2016-05-26,84.0,84.349998,82.375,83.675003,4088222.0,75.52855699999998,-0.010106962897255656
2016-05-27,2016-05-27,83.75,85.0,82.599998,83.150002,2979294.0,75.05465699999998,-0.0062942150317759635
2016-05-30,2016-05-30,83.275002,85.449997,82.900002,84.375,3570884.0,76.160393,0.01462494253918756
2016-05-31,2016-05-31,84.375,84.675003,81.449997,81.849998,10429752.0,73.881226,-0.030382800987988286
2016-06-01,2016-06-01,82.199997,83.550003,81.900002,82.199997,4818174.0,74.197144,0.004266909195632884
2016-06-02,2016-06-02,82.25,83.375,81.349998,83.050003,3743356.0,74.964401,0.010287688652908857
2016-06-03,2016-06-03,83.349998,84.449997,82.324997,82.949997,3493940.0,74.87413000000002,-0.001204910516926283
2016-06-06,2016-06-06,83.0,83.150002,81.949997,82.175003,1997672.0,74.174583,-0.009386892681658487
2016-06-07,2016-06-07,82.5,82.824997,81.775002,82.150002,2223164.0,74.152023,-0.00030419357365918387
2016-06-08,2016-06-08,82.324997,82.5,81.900002,82.150002,2033440.0,74.152023,0.0
2016-06-09,2016-06-09,82.449997,83.5,81.599998,82.300003,3514298.0,74.287415,0.0018242057416788526
2016-06-10,2016-06-10,82.550003,83.099998,81.5,81.800003,2017426.0,73.83609,-0.006093920025648457
2016-06-13,2016-06-13,80.699997,81.400002,79.5,80.050003,2759868.0,72.25647,-0.02162576330703736
2016-06-14,2016-06-14,80.050003,81.25,80.050003,80.949997,2417054.0,73.068848,0.011180246818552677
2016-06-15,2016-06-15,81.349998,82.150002,80.625,81.75,2715086.0,73.790962,0.009834138007450477
2016-06-16,2016-06-16,81.5,81.949997,80.025002,81.375,3479574.0,73.452469,-0.004597741223371976
2016-06-17,2016-06-17,81.949997,82.099998,81.175003,81.625,2997958.0,73.678139,0.0030676169973826717
2016-06-20,2016-06-20,81.599998,82.724998,80.625,82.324997,2887366.0,74.30998199999998,0.008539156184657948
2016-06-21,2016-06-21,82.699997,84.599998,82.324997,83.5,4682022.0,75.37059,0.014171855932188391
2016-06-22,2016-06-22,83.900002,85.0,82.800003,83.175003,4619984.0,75.077232,-0.0038998021758454016
2016-06-23,2016-06-23,83.474998,83.625,82.425003,83.400002,1748376.0,75.28031899999998,0.0027013890842404464
2016-06-24,2016-06-24,81.5,81.625,78.25,81.199997,3478996.0,73.29451,-0.02673302437455849
2016-06-27,2016-06-27,81.199997,82.0,80.775002,81.199997,3288678.0,73.29451,0.0
2016-06-28,2016-06-28,81.125,82.275002,80.925003,81.824997,3568996.0,73.85865799999998,0.007667531342595345
2016-06-29,2016-06-29,82.050003,83.625,82.050003,83.224998,2412228.0,75.122353,0.01696491787616683
2016-06-30,2016-06-30,83.5,85.824997,83.5,84.699997,19896336.0,76.453751,0.017567838294004545
2016-07-01,2016-07-01,86.0,89.050003,85.75,88.675003,6222722.0,80.041756,0.04586245258572319
2016-07-04,2016-07-04,90.0,92.875,89.349998,91.625,5448084.0,82.704552,0.032726194331156755
2016-07-05,2016-07-05,91.425003,94.400002,90.925003,93.650002,6318112.0,84.532394,0.021860179009323133
2016-07-07,2016-07-07,94.0,95.324997,93.275002,93.824997,4100432.0,84.690353,0.0018668772216186012
2016-07-08,2016-07-08,93.75,98.25,90.75,96.974998,11657482.0,87.533684,0.03302198021801939
2016-07-11,2016-07-11,99.224998,102.150002,97.875,101.425003,9975330.0,91.550438,0.04486637609448696
2016-07-12,2016-07-12,101.75,101.925003,98.75,99.375,5065364.0,89.700027,-0.020418985311915886
2016-07-13,2016-07-13,100.0,101.875,98.349998,100.349998,4671792.0,90.580101,0.00976348309582864
2016-07-14,2016-07-14,100.5,106.400002,100.025002,104.949997,13285896.0,94.732246,0.04481989593262892
2016-07-15,2016-07-15,106.824997,106.824997,103.175003,103.525002,9416292.0,93.445984,-0.013670890971243743
2016-07-18,2016-07-18,103.900002,104.25,100.300003,100.599998,4102314.0,90.805756,-0.02866088245672405
2016-07-19,2016-07-19,100.75,103.699997,98.775002,103.150002,5758492.0,93.107498,0.025032042428475343
2016-07-20,2016-07-20,103.0,105.449997,102.050003,104.724998,5851034.0,94.529152,0.01515355560290832
2016-07-21,2016-07-21,104.974998,105.949997,103.275002,103.775002,4763354.0,93.671638,-0.009112819709605093
2016-07-22,2016-07-22,103.800003,109.349998,103.675003,108.474998,6014138.0,97.914063,0.0442947318081055
2016-07-25,2016-07-25,108.5,112.199997,108.025002,111.0,5105724.0,100.193237,0.023010505564470485
2016-07-26,2016-07-26,111.699997,111.775002,107.75,108.150002,4418924.0,97.620712,-0.02601100734311146
2016-07-27,2016-07-27,108.724998,110.824997,108.050003,110.224998,3632992.0,99.493683,0.01900447069216593
2016-07-28,2016-07-28,110.349998,111.599998,109.0,109.650002,4550160.0,98.97467,-0.00523019590060958
2016-07-29,2016-07-29,109.699997,110.425003,108.300003,109.025002,3228664.0,98.410515,-0.005716300706130717
2016-08-01,2016-08-01,109.400002,113.300003,109.300003,111.625,6355242.0,100.757393,0.023567919682034418
2016-08-02,2016-08-02,112.5,113.5,108.175003,109.675003,4745318.0,98.997231,-0.017623697740781985
2016-08-03,2016-08-03,109.625,110.300003,107.324997,107.900002,3699200.0,97.395042,-0.016316574184357613
2016-08-04,2016-08-04,108.900002,108.900002,106.974998,108.199997,3988320.0,97.665833,0.002776478614246791
2016-08-05,2016-08-05,108.699997,110.400002,108.625,109.875,4512482.0,99.177765,0.015362061545487473
2016-08-08,2016-08-08,110.0,112.800003,110.0,111.775002,11104520.0,100.892776,0.017144483135388633
2016-08-09,2016-08-09,112.75,114.324997,110.974998,112.099998,6532228.0,101.186134,0.0029034024983385365
2016-08-10,2016-08-10,112.5,113.925003,108.199997,108.724998,8246928.0,98.139725,-0.030569503117154007
2016-08-11,2016-08-11,108.75,109.900002,106.125,108.949997,7203616.0,98.888535,0.0076010781934670035
2016-08-12,2016-08-12,109.449997,111.800003,108.75,111.025002,5459010.0,100.771912,0.01886635928139402
2016-08-16,2016-08-16,111.300003,114.449997,111.175003,114.050003,6137740.0,103.517555,0.02688154583597413
2016-08-17,2016-08-17,113.949997,117.0,113.800003,116.675003,4823708.0,105.900139,0.02275535331627143
2016-08-18,2016-08-18,116.949997,119.949997,116.949997,119.599998,3964314.0,108.555016,0.02476053921139609
2016-08-19,2016-08-19,119.949997,120.449997,117.699997,118.525002,4161636.0,107.579292,-0.009028928702385029
2016-08-22,2016-08-22,118.949997,120.375,117.25,118.724998,4223088.0,107.760818,0.0016859473416053206
2016-08-23,2016-08-23,118.824997,120.099998,118.25,119.574997,4889046.0,108.532318,0.007133867363528169
2016-08-24,2016-08-24,119.199997,121.275002,118.75,120.849998,6413248.0,109.689575,0.01060634048050968
2016-08-25,2016-08-25,122.275002,123.224998,118.150002,119.275002,12942498.0,108.260033,-0.013118284669660696
2016-08-26,2016-08-26,119.349998,120.050003,115.300003,115.75,3688741.0,105.060562,-0.029999081354806563
2016-08-29,2016-08-29,116.0,116.800003,112.199997,114.349998,4425508.0,103.789848,-0.012168802355194686
2016-08-30,2016-08-30,114.900002,115.5,113.699997,114.75,2058575.0,104.152908,0.003491926104082665
2016-08-31,2016-08-31,114.800003,124.5,114.699997,123.699997,11032897.0,112.276382,0.07510343937602393
2016-09-01,2016-09-01,124.25,124.900002,120.599998,121.400002,7060695.0,110.188782,-0.01876843315665333
2016-09-02,2016-09-02,121.599998,123.349998,119.400002,122.900002,4076650.0,111.55026200000002,0.01228017479436705
2016-09-06,2016-09-06,123.400002,123.900002,121.699997,122.849998,3811474.0,111.504875,-0.00040695768083942596
2016-09-07,2016-09-07,122.699997,125.349998,122.300003,123.949997,3609256.0,112.50328799999998,0.008914135966560544
2016-09-08,2016-09-08,123.949997,127.099998,123.699997,126.699997,3278600.0,114.999329,0.02194384567956842
2016-09-09,2016-09-09,126.949997,127.650002,124.0,124.849998,2894612.0,113.320183,-0.014709003706737
2016-09-12,2016-09-12,122.849998,122.849998,118.0,118.349998,4414025.0,107.420448,-0.053466734842743335
2016-09-14,2016-09-14,119.400002,121.0,118.599998,120.0,5529485.0,108.918076,0.013845448294603102
2016-09-15,2016-09-15,119.25,120.650002,117.699997,118.949997,1319345.0,107.965042,-0.008788513767064465
2016-09-16,2016-09-16,119.400002,121.400002,117.900002,118.349998,4847500.0,107.420448,-0.005056934527538637
2016-09-19,2016-09-19,119.0,120.300003,118.099998,119.900002,2670728.0,108.827309,0.013011749750247327
2016-09-20,2016-09-20,119.400002,121.949997,119.400002,120.849998,2699462.0,109.689575,0.007892026095785099
2016-09-21,2016-09-21,121.5,122.949997,120.300003,120.599998,4032165.0,109.462662,-0.0020708260540338586
2016-09-22,2016-09-22,121.699997,123.5,121.699997,122.75,2976040.0,111.414116,0.01767052920162726
2016-09-23,2016-09-23,123.300003,124.199997,122.099998,122.650002,3296934.0,111.323349,-0.000815013361352257
2016-09-26,2016-09-26,122.0,123.599998,121.0,121.75,2494508.0,110.506462,-0.007365021760462831
2016-09-27,2016-09-27,121.800003,122.400002,118.300003,119.849998,3773152.0,108.781929,-0.01572877200920164
2016-09-28,2016-09-28,120.0,120.75,118.349998,119.050003,4581589.0,108.055809,-0.00669738322183111
2016-09-29,2016-09-29,119.900002,120.699997,112.300003,114.0,5128509.0,103.472168,-0.043345175324350116
2016-09-30,2016-09-30,114.400002,120.650002,113.949997,120.300003,4601244.0,109.190369,0.053790195120048345
2016-10-03,2016-10-03,120.5,123.150002,120.5,122.349998,2567455.0,111.051048,0.01689712403574628
2016-10-04,2016-10-04,123.199997,126.300003,122.099998,125.699997,6135694.0,114.091682,0.02701236576019728
2016-10-05,2016-10-05,126.5,127.599998,124.900002,126.449997,4722711.0,114.772423,0.005948884011962363
2016-10-06,2016-10-06,127.099998,127.400002,123.050003,123.75,5112008.0,112.321762,-0.021583609782127592
2016-10-07,2016-10-07,124.0,125.300003,121.849998,123.050003,2668875.0,111.686417,-0.005672531302137074
2016-10-10,2016-10-10,123.900002,124.550003,121.5,121.949997,2172677.0,110.687996,-0.008979699557110976
2016-10-13,2016-10-13,122.650002,125.349998,120.199997,123.449997,4708792.0,112.049469,0.012225064662738205
2016-10-14,2016-10-14,124.0,124.449997,121.400002,122.300003,1307994.0,111.005676,-0.009359126139770524
2016-10-17,2016-10-17,122.699997,125.400002,121.800003,122.949997,3493217.0,111.595642,0.005300663865408062
2016-10-18,2016-10-18,123.5,124.449997,121.449997,123.599998,3539897.0,112.185616,0.005272786221304671
2016-10-19,2016-10-19,123.949997,125.099998,122.300003,122.849998,3519362.0,111.504875,-0.006086473309335538
2016-10-20,2016-10-20,123.900002,125.0,123.099998,123.949997,1275051.0,112.50328799999998,0.008914135966560544
2016-10-21,2016-10-21,124.900002,127.900002,123.400002,127.650002,4559437.0,115.861603,0.029413953352447564
2016-10-24,2016-10-24,128.899994,130.399994,126.5,127.300003,4192135.0,115.543922,-0.002745666505367339
2016-10-25,2016-10-25,128.199997,128.350006,125.75,126.400002,1942847.0,114.727036,-0.007095027821914179
2016-10-26,2016-10-26,126.349998,128.199997,124.0,124.650002,2227331.0,113.138657,-0.013941587313907709
2016-10-27,2016-10-27,124.599998,125.199997,121.300003,124.300003,5758201.0,112.820969,-0.0028119024176866962
2016-10-28,2016-10-28,124.349998,125.699997,123.0,124.099998,2491793.0,112.639442,-0.0016102786153879831
2016-11-01,2016-11-01,124.599998,124.949997,121.599998,122.199997,2661206.0,110.914902,-0.015428679923910059
2016-11-02,2016-11-02,120.900002,120.900002,118.0,118.199997,1575225.0,107.284302,-0.033280919797770814
2016-11-03,2016-11-03,117.849998,119.400002,115.199997,115.599998,2282480.0,104.924408,-0.02224217176214349
2016-11-04,2016-11-04,115.599998,115.75,110.550003,113.849998,2989498.0,103.336021,-0.01525414892815391
2016-11-07,2016-11-07,116.0,117.25,114.800003,115.199997,2103401.0,104.561356,0.011788019712069442
2016-11-08,2016-11-08,115.400002,116.400002,113.800003,114.599998,1710886.0,104.016762,-0.005221978631015034
2016-11-09,2016-11-09,110.0,117.650002,103.150002,116.400002,4852876.0,105.65053600000002,0.015584758173305069
2016-11-10,2016-11-10,118.400002,123.400002,118.400002,121.449997,3826357.0,110.234169,0.04247009477531005
2016-11-11,2016-11-11,119.900002,122.849998,117.5,118.25,4429038.0,107.329689,-0.026701609296206463
2016-11-15,2016-11-15,119.599998,120.900002,115.199997,116.099998,4897189.0,105.378235,-0.018349187151555316
2016-11-16,2016-11-16,118.099998,121.900002,116.5,117.699997,4351833.0,106.830475,0.013687116532325128
2016-11-17,2016-11-17,118.5,121.900002,117.0,120.949997,2966847.0,109.780342,0.02723824617395376
2016-11-18,2016-11-18,122.050003,125.75,121.349998,125.050003,5150155.0,113.501709,0.033336415638377304
2016-11-21,2016-11-21,126.050003,126.050003,118.099998,118.550003,3342490.0,107.60199,-0.053378752096364224
2016-11-22,2016-11-22,119.150002,125.449997,119.150002,124.349998,3516669.0,112.866356,0.04776528653634493
2016-11-23,2016-11-23,126.0,127.449997,123.0,126.949997,3368746.0,115.226242,0.020693088942505437
2016-11-24,2016-11-24,126.099998,127.699997,124.199997,127.300003,14299449.0,115.543922,0.0027532172718247594
2016-11-25,2016-11-25,128.0,132.949997,127.400002,132.600006,7270682.0,120.354477,0.04079062863987115
2016-11-28,2016-11-28,133.399994,133.800003,128.899994,129.800003,4043370.0,117.813057,-0.021342257888389504
2016-11-29,2016-11-29,129.949997,132.699997,129.899994,131.699997,3760205.0,119.537582,0.014531710170016863
2016-11-30,2016-11-30,132.0,135.600006,131.5,134.199997,5304808.0,121.806702,0.01880456273990916
2016-12-01,2016-12-01,134.600006,135.699997,132.800003,133.600006,2502376.0,121.262131,-0.004480804095026159
2016-12-02,2016-12-02,132.0,133.25,130.25,131.449997,3193167.0,119.310669,-0.01622381918388438
2016-12-05,2016-12-05,131.0,131.399994,127.550003,129.550003,3211226.0,117.586136,-0.014559617755272924
2016-12-06,2016-12-06,130.0,131.449997,129.0,129.850006,1548277.0,117.858437,0.0023130804667870213
2016-12-07,2016-12-07,130.0,132.899994,127.25,129.149994,2609455.0,117.223076,-0.005405465865396586
2016-12-08,2016-12-08,131.449997,133.800003,130.399994,132.649994,2048697.0,120.399849,0.02673952676136437
2016-12-09,2016-12-09,133.5,136.399994,133.5,135.199997,3400498.0,122.714355,0.019041058817684583
2016-12-12,2016-12-12,135.199997,135.399994,130.649994,131.699997,1874890.0,119.537582,-0.02622852188616509
2016-12-13,2016-12-13,131.649994,132.75,129.399994,130.949997,2258493.0,118.85685,-0.005710987832077129
2016-12-14,2016-12-14,131.399994,131.949997,127.0,127.849998,4985017.0,116.043129,-0.02395790409118348
2016-12-15,2016-12-15,127.300003,129.850006,126.0,128.199997,1615247.0,116.360809,0.002733862434480372
2016-12-16,2016-12-16,129.0,129.050003,125.099998,125.5,2362240.0,113.910156,-0.021285753750727388
2016-12-19,2016-12-19,125.0,130.050003,123.599998,127.400002,4851716.0,115.634689,0.015025956665471797
2016-12-20,2016-12-20,128.649994,130.300003,124.800003,128.550003,4471781.0,116.67849,0.008986214459058672
2016-12-21,2016-12-21,131.0,131.25,127.0,127.300003,2568003.0,115.543922,-0.009771468806521357
2016-12-22,2016-12-22,127.0,127.5,123.849998,124.75,1382420.0,113.229416,-0.02023474406221748
2016-12-23,2016-12-23,124.5,124.849998,118.900002,119.699997,3177057.0,108.645782,-0.0413231066252644
2016-12-26,2016-12-26,118.5,118.800003,115.099998,115.650002,1851369.0,104.969795,-0.03442024193678517
2016-12-27,2016-12-27,115.5,117.650002,112.900002,117.150002,3050826.0,106.331276,0.012886823860314143
2016-12-28,2016-12-28,117.5,123.25,117.349998,119.800003,4674926.0,108.736542,0.022368444619600858
2016-12-29,2016-12-29,119.349998,122.0,118.5,120.699997,4795398.0,109.553429,0.007484455740739194
2016-12-30,2016-12-30,121.300003,123.5,121.099998,121.949997,1379616.0,110.687996,0.010303030289627202
2017-01-02,2017-01-02,122.949997,124.300003,120.650002,124.0,1673821.0,112.548676,0.01667040700580813
2017-01-03,2017-01-03,124.0,125.900002,123.199997,125.199997,1360151.0,113.637856,0.009630886588788634
2017-01-04,2017-01-04,125.199997,126.199997,123.099998,123.650002,1852228.0,112.230995,-0.012457487500700635
2017-01-05,2017-01-05,124.150002,129.100006,124.0,128.5,2487056.0,116.63311000000002,0.03847399315984834
2017-01-06,2017-01-06,128.0,131.899994,127.5,129.449997,8102822.0,117.495369,0.007365724170663056
2017-01-09,2017-01-09,129.949997,130.949997,129.350006,130.600006,3117622.0,118.539177,0.00884459348992106
2017-01-10,2017-01-10,131.600006,132.800003,128.050003,129.199997,4938633.0,117.268456,-0.01077771134283978
2017-01-11,2017-01-11,129.550003,133.399994,129.550003,132.350006,3718794.0,120.127563,0.024088400982431143
2017-01-12,2017-01-12,132.0,137.0,132.0,136.050003,6574963.0,123.485878,0.027572598180577224
2017-01-13,2017-01-13,137.25,137.300003,134.25,136.75,4796731.0,124.121223,0.0051318915477018825
2017-01-16,2017-01-16,136.199997,138.850006,136.0,138.350006,4070377.0,125.573463,0.011632256964466237
2017-01-17,2017-01-17,138.600006,139.5,135.550003,137.0,3485769.0,124.348137,-0.009805761632537545
2017-01-18,2017-01-18,137.300003,137.600006,133.0,133.399994,4520701.0,121.080589,-0.02662883953722517
2017-01-19,2017-01-19,133.600006,134.850006,132.100006,132.699997,3932244.0,120.445229,-0.005261230214252065
2017-01-20,2017-01-20,132.100006,134.199997,129.850006,130.550003,4094233.0,118.49379,-0.016334564341094367
2017-01-23,2017-01-23,131.199997,134.5,130.649994,133.699997,3083400.0,121.352882,0.023842127236854967
2017-01-24,2017-01-24,132.5,135.0,129.600006,134.449997,3850307.0,122.033623,0.005593923748103968
2017-01-25,2017-01-25,135.449997,139.800003,133.600006,138.699997,11183195.0,125.891129,0.03112087276108877
2017-01-27,2017-01-27,139.100006,140.25,137.100006,138.25,6972671.0,125.482697,-0.003249601328159102
2017-01-30,2017-01-30,137.399994,139.199997,134.199997,135.100006,2809899.0,122.623611,-0.023048285952341985
2017-01-31,2017-01-31,134.399994,134.949997,129.300003,130.149994,13073410.0,118.130722,-0.037327765751890674
2017-02-01,2017-02-01,130.899994,136.300003,130.25,135.649994,8622644.0,123.122803,0.041390430825873466
2017-02-02,2017-02-02,135.300003,136.850006,134.100006,134.449997,4820447.0,122.033623,-0.00888565055457047
2017-02-03,2017-02-03,134.5,137.300003,134.5,136.100006,4485967.0,123.53125,0.012197555373298918
2017-02-06,2017-02-06,136.550003,137.149994,134.949997,135.75,2812065.0,123.21357,-0.0025749693592809213
2017-02-07,2017-02-07,135.899994,139.550003,131.0,131.899994,6422967.0,119.719109,-0.028770950546394225
2017-02-08,2017-02-08,132.699997,135.649994,131.699997,134.600006,4862277.0,122.169777,0.02026345149765163
2017-02-09,2017-02-09,135.75,137.699997,133.800003,135.449997,4765498.0,122.941277,0.006295126516719485
2017-02-10,2017-02-10,136.300003,137.0,134.399994,135.199997,3625290.0,122.714355,-0.0018474810668607233
2017-02-13,2017-02-13,135.300003,136.0,130.899994,134.449997,5732261.0,122.033623,-0.005562732415134164
2017-02-14,2017-02-14,135.0,135.300003,131.300003,132.0,4084925.0,119.809875,-0.01839049379098512
2017-02-15,2017-02-15,131.800003,132.899994,127.0,127.550003,4187371.0,115.770844,-0.03429335682460444
2017-02-16,2017-02-16,127.25,131.899994,126.449997,131.449997,3925665.0,119.310669,0.03011800060555725
2017-02-17,2017-02-17,132.5,132.800003,130.5,130.850006,3262148.0,118.76609,-0.004574826640618035
2017-02-20,2017-02-20,131.25,134.0,131.149994,133.5,5080948.0,121.171356,0.020049780596637312
2017-02-21,2017-02-21,134.399994,136.800003,134.399994,136.100006,4640261.0,123.53125,0.019288451427311948
2017-02-22,2017-02-22,137.300003,141.899994,136.5,137.449997,14111681.0,124.756569,0.009870230062950291
2017-02-23,2017-02-23,138.350006,138.350006,134.25,134.850006,10133797.0,122.39669,-0.019097063330998587
2017-02-27,2017-02-27,135.600006,137.699997,135.399994,135.949997,5372194.0,123.395096,0.008124042771981088
2017-02-28,2017-02-28,136.0,138.199997,135.199997,136.0,6135992.0,123.440483,0.00036775087850315913
2017-03-01,2017-03-01,136.600006,139.699997,136.5,137.199997,7034760.0,124.529655,0.008784759433057232
2017-03-02,2017-03-02,138.0,138.899994,134.600006,135.649994,4833745.0,123.122803,-0.011361624634221634
2017-03-03,2017-03-03,135.300003,136.649994,133.550003,135.25,3740647.0,122.75975,-0.0029530624227414037
2017-03-06,2017-03-06,135.800003,140.149994,135.800003,137.850006,6999857.0,125.119644,0.019041238268921568
2017-03-07,2017-03-07,138.5,139.699997,136.100006,136.949997,5734623.0,124.30275,-0.00655030935867007
2017-03-08,2017-03-08,137.25,137.649994,132.800003,133.050003,6507143.0,120.762924,-0.028890804304572807
2017-03-09,2017-03-09,132.550003,133.800003,129.949997,131.800003,6317100.0,119.628349,-0.009439472659654058
2017-03-10,2017-03-10,132.800003,134.100006,130.5,130.699997,4147479.0,118.629929,-0.00838103802821788
2017-03-14,2017-03-14,134.5,135.699997,132.449997,133.75,6446339.0,121.39827,0.02306782093870208
2017-03-15,2017-03-15,133.899994,136.5,133.5,135.100006,4684650.0,122.623611,0.010042962492249785
2017-03-16,2017-03-16,136.300003,138.699997,136.0,137.100006,5989246.0,124.438904,0.014695273928992947
2017-03-17,2017-03-17,138.0,142.0,137.75,141.399994,11926009.0,128.341782,0.030882012685720106
2017-03-20,2017-03-20,142.949997,148.0,140.850006,145.75,16948781.0,132.290085,0.0303002477829013
2017-03-21,2017-03-21,146.850006,146.949997,142.600006,143.600006,7429659.0,130.33862299999998,-0.014861268830433259
2017-03-22,2017-03-22,142.199997,146.149994,141.699997,143.949997,16852476.0,130.656296,0.002434324454230641
2017-03-23,2017-03-23,144.899994,145.699997,142.75,143.050003,9438160.0,129.839417,-0.006271747571117814
2017-03-24,2017-03-24,144.699997,148.350006,144.600006,145.149994,11985664.0,131.745483,0.014573469149217644
2017-03-27,2017-03-27,143.699997,144.600006,141.0,142.149994,6421432.0,129.022522,-0.020884923933712333
2017-03-28,2017-03-28,142.25,147.600006,141.149994,144.399994,9235856.0,131.064743,0.015704444217990776
2017-03-29,2017-03-29,147.899994,148.399994,145.199997,147.25,8548385.0,133.65155,0.019544617485681925
2017-03-30,2017-03-30,142.300003,144.449997,141.5,142.699997,16351458.0,134.074341,0.003158389723763477
2017-03-31,2017-03-31,143.5,147.149994,143.5,145.899994,8277704.0,137.080917,0.02217695681091492
