Date,Date.1,SUPREMEIND.NS.Open,SUPREMEIND.NS.High,SUPREMEIND.NS.Low,SUPREMEIND.NS.Close,SUPREMEIND.NS.Volume,SUPREMEIND.NS.Adjusted,log_returns
2013-04-01,2013-04-01,314.0,324.799988,314.0,316.850006,8594.0,295.867188,0.013184139944769413
2013-04-02,2013-04-02,314.0,318.850006,313.049988,316.850006,22011.0,295.867188,0.0
2013-04-03,2013-04-03,317.950012,317.950012,313.149994,315.0,1644.0,294.13974,-0.005855703904800613
2013-04-04,2013-04-04,315.0,317.700012,313.600006,316.049988,5745.0,295.120239,0.003327902589202125
2013-04-05,2013-04-05,317.5,317.5,313.0,313.0,4514.0,292.2720950000001,-0.009697662554193798
2013-04-08,2013-04-08,310.0,320.0,310.0,311.049988,7652.0,290.451324,-0.006249197702017817
2013-04-09,2013-04-09,312.0,313.850006,310.0,310.0,19871.0,289.470856,-0.0033813810473706236
2013-04-10,2013-04-10,310.0,313.100006,310.0,311.549988,23579.0,290.918152,0.004987341179798932
2013-04-11,2013-04-11,311.0,311.700012,310.0,310.0,5395.0,289.470856,-0.004987341179798932
2013-04-12,2013-04-12,310.0,311.0,307.75,309.649994,9708.0,289.1440120000001,-0.0011297464093624756
2013-04-15,2013-04-15,307.850006,315.200012,307.850006,312.299988,14943.0,291.6185,0.008521565779565421
2013-04-16,2013-04-16,314.899994,316.0,310.0,310.049988,10924.0,289.517517,-0.007230638240229403
2013-04-17,2013-04-17,313.399994,316.049988,309.149994,313.75,64992.0,292.972473,0.011862852843592007
2013-04-18,2013-04-18,314.149994,315.0,311.0,311.450012,5867.0,290.824829,-0.007357532077947759
2013-04-22,2013-04-22,310.049988,311.899994,310.0,310.299988,6666.0,289.750946,-0.003699376622141593
2013-04-23,2013-04-23,310.299988,313.5,310.049988,310.200012,7438.0,289.657593,-0.00032223550232401976
2013-04-25,2013-04-25,310.25,315.0,303.0,314.450012,81144.0,293.62616,0.013607881992829364
2013-04-26,2013-04-26,315.049988,325.950012,310.850006,323.799988,99066.0,302.356934,0.029300826553817494
2013-04-29,2013-04-29,325.399994,327.600006,322.049988,325.75,15416.0,304.177826,0.006004264192344344
2013-04-30,2013-04-30,326.950012,327.850006,323.299988,327.200012,10792.0,305.5317990000001,0.004441377239817079
2013-05-02,2013-05-02,327.850006,328.700012,324.700012,326.049988,31124.0,304.457916,-0.00352099087258928
2013-05-03,2013-05-03,328.850006,328.850006,324.0,326.100006,46197.0,304.504639,0.00015345114312204092
2013-05-06,2013-05-06,328.0,328.850006,326.0,328.049988,11485.0,306.325531,0.005962041441970989
2013-05-07,2013-05-07,328.799988,328.799988,326.0,326.25,191017.0,304.644684,-0.005502236277031614
2013-05-08,2013-05-08,326.25,342.0,326.25,337.799988,42043.0,315.429749,0.034789864567449584
2013-05-09,2013-05-09,339.950012,346.0,338.0,344.600006,16221.0,321.77951,0.019930567864732573
2013-05-10,2013-05-10,349.5,356.950012,345.0,351.649994,39226.0,328.36264,0.020252047961700548
2013-05-13,2013-05-13,352.899994,354.799988,348.0,352.450012,57252.0,329.109711,0.0022725558584628662
2013-05-14,2013-05-14,353.100006,357.0,346.200012,350.549988,34583.0,327.3354490000001,-0.0054056802567625795
2013-05-15,2013-05-15,351.0,353.700012,346.5,350.600006,36314.0,327.382172,0.00014272718063690348
2013-05-16,2013-05-16,352.899994,355.0,348.049988,350.700012,27903.0,327.475555,0.00028520088191008597
2013-05-17,2013-05-17,348.0,360.0,348.0,355.950012,30562.0,332.377869,0.014859070274264141
2013-05-20,2013-05-20,360.0,365.0,353.75,354.799988,99714.0,331.304047,-0.0032359565965212056
2013-05-21,2013-05-21,353.0,358.950012,350.0,350.75,47292.0,327.522247,-0.011480542206704136
2013-05-22,2013-05-22,353.850006,354.600006,349.0,349.75,68816.0,326.58850099999995,-0.002855010828391791
2013-05-23,2013-05-23,354.549988,354.700012,345.100006,346.899994,6139.0,323.927185,-0.008182218830067534
2013-05-24,2013-05-24,351.950012,355.100006,342.049988,351.399994,142228.0,328.129181,0.012888622479229284
2013-05-27,2013-05-27,350.100006,360.0,350.100006,357.149994,15090.0,333.498413,0.01623073136371911
2013-05-28,2013-05-28,355.25,362.0,355.25,358.950012,34257.0,335.17923,0.00502729695731574
2013-05-29,2013-05-29,360.0,362.5,359.0,360.450012,9906.0,336.579834,0.004169965407555765
2013-05-30,2013-05-30,360.0,361.950012,353.0,358.5,27262.0,334.759003,-0.0054244901813760285
2013-05-31,2013-05-31,361.799988,366.049988,356.0,362.25,23612.0,338.260651,0.01040587619195854
2013-06-03,2013-06-03,360.0,378.0,358.049988,371.399994,8470.0,346.8047180000001,0.024945094097657442
2013-06-04,2013-06-04,373.950012,375.5,355.0,356.75,87103.0,333.124878,-0.04024442050562893
2013-06-05,2013-06-05,356.299988,365.100006,353.049988,357.75,11189.0,334.058655,0.002799162639713693
2013-06-06,2013-06-06,355.5,366.0,353.149994,353.850006,8308.0,330.416962,-0.010961213229380816
2013-06-07,2013-06-07,355.950012,365.0,350.0,350.850006,64171.0,327.615601,-0.008514405156341276
2013-06-10,2013-06-10,351.0,358.950012,351.0,354.149994,7881.0,330.697052,0.00936173257892392
2013-06-11,2013-06-11,354.0,359.5,341.649994,342.950012,9398.0,320.238739,-0.03213592851924485
2013-06-12,2013-06-12,347.0,347.0,330.0,333.049988,11848.0,310.994385,-0.02929191965095157
2013-06-13,2013-06-13,331.5,335.0,322.5,326.25,13230.0,304.644684,-0.02062873034385948
2013-06-14,2013-06-14,323.0,334.700012,323.0,330.200012,5988.0,308.333099,0.012034561834018298
2013-06-17,2013-06-17,334.0,370.0,312.0,326.299988,30176.0,304.6914060000001,-0.0118812080417241
2013-06-18,2013-06-18,330.0,332.75,326.350006,329.350006,3628.0,307.539398,0.00930372181438166
2013-06-19,2013-06-19,334.5,338.950012,325.100006,328.799988,18491.0,307.025818,-0.0016713608456324636
2013-06-20,2013-06-20,328.799988,332.0,321.049988,326.899994,7463.0,305.251678,-0.005795231661849698
2013-06-21,2013-06-21,325.0,341.0,321.299988,335.399994,16291.0,313.188782,0.02566953599689548
2013-06-24,2013-06-24,329.149994,343.0,328.25,336.25,18336.0,313.982452,0.0025309528901935607
2013-06-25,2013-06-25,336.25,337.0,326.25,327.600006,21322.0,305.905304,-0.026061508990078863
2013-06-26,2013-06-26,325.100006,339.399994,325.100006,334.899994,36910.0,312.721832,0.022038489737101763
2013-06-27,2013-06-27,331.399994,340.0,330.25,331.299988,6306.0,309.36026,-0.010807591999836495
2013-06-28,2013-06-28,333.0,346.700012,333.0,337.049988,48935.0,314.729492,0.017207026584812546
2013-07-01,2013-07-01,336.5,345.5,330.950012,341.5,52203.0,318.8848270000001,0.013116479377371705
2013-07-02,2013-07-02,333.350006,349.0,333.350006,340.549988,32803.0,317.997681,-0.002785903404904921
2013-07-03,2013-07-03,343.0,345.0,328.100006,332.549988,4006.0,310.527496,-0.023771638902642774
2013-07-04,2013-07-04,334.0,339.950012,332.0,335.0,4005.0,312.815308,0.0073404946945130325
2013-07-05,2013-07-05,335.0,338.549988,330.649994,332.5,95152.0,310.480835,-0.007490769651412599
2013-07-08,2013-07-08,328.799988,334.0,328.0,330.100006,10502.0,308.239746,-0.007244300156872718
2013-07-09,2013-07-09,334.350006,338.649994,329.25,337.5,15624.0,315.149719,0.02216994803547756
2013-07-10,2013-07-10,339.649994,342.399994,330.100006,339.299988,7456.0,316.830475,0.005319027332264525
2013-07-11,2013-07-11,339.950012,344.0,339.950012,343.75,17538.0,320.98584,0.013030158355429757
2013-07-12,2013-07-12,344.850006,347.0,338.5,344.899994,9756.0,322.059601,0.0033396146819848482
2013-07-15,2013-07-15,346.0,359.700012,344.899994,354.25,18333.0,330.790436,0.026748426312944492
2013-07-16,2013-07-16,345.0,356.0,345.0,354.5,24102.0,331.023956,0.0007056963780600611
2013-07-17,2013-07-17,357.950012,358.0,352.5,354.100006,25811.0,330.6503600000001,-0.0011292444958694858
2013-07-18,2013-07-18,352.200012,362.899994,352.049988,359.799988,52738.0,335.972961,0.01596918062614261
2013-07-19,2013-07-19,362.0,375.0,357.299988,370.100006,85798.0,345.59082,0.028224790566334867
2013-07-22,2013-07-22,371.0,378.0,370.0,374.049988,16367.0,349.279175,0.0106160567199014
2013-07-23,2013-07-23,375.0,380.0,371.049988,374.25,18674.0,349.466003,0.0005347528980070848
2013-07-24,2013-07-24,367.0,375.299988,367.0,372.950012,13066.0,348.252106,-0.003479623673633192
2013-07-25,2013-07-25,370.0,374.649994,369.0,373.0,6987.0,348.298767,0.00013397729262365488
2013-07-26,2013-07-26,371.149994,374.75,350.649994,360.399994,19933.0,336.533234,-0.03436372936161725
2013-07-29,2013-07-29,360.399994,360.399994,346.850006,348.950012,6899.0,325.841461,-0.032285960826559545
2013-07-30,2013-07-30,350.0,356.0,343.0,351.75,19285.0,328.456055,0.007992107116557179
2013-07-31,2013-07-31,349.899994,351.0,340.200012,342.600006,53667.0,319.911926,-0.026357327581689738
2013-08-01,2013-08-01,341.950012,350.0,335.149994,340.75,16005.0,318.184448,-0.005414486872864721
2013-08-02,2013-08-02,337.0,346.0,336.5,339.450012,13299.0,316.970551,-0.003822369279567362
2013-08-05,2013-08-05,341.0,349.700012,339.5,341.399994,7959.0,318.7914120000001,0.005728137525495392
2013-08-06,2013-08-06,343.950012,343.950012,330.350006,335.850006,11055.0,313.608948,-0.01639018680130899
2013-08-07,2013-08-07,339.0,339.0,327.049988,333.399994,41708.0,311.321228,-0.007321554654636131
2013-08-08,2013-08-08,330.0,335.0,327.200012,333.600006,6354.0,311.507965,0.0005996411462216855
2013-08-12,2013-08-12,335.0,339.299988,332.0,336.899994,2967.0,314.589417,0.009843442792039523
2013-08-13,2013-08-13,339.75,347.0,333.899994,345.100006,13493.0,322.246399,0.024048116686863352
2013-08-14,2013-08-14,348.850006,353.899994,342.049988,347.25,10395.0,324.254059,0.006210874033994784
2013-08-16,2013-08-16,341.0,346.399994,331.0,338.149994,30336.0,315.756683,-0.026555414751304518
2013-08-19,2013-08-19,332.899994,337.850006,321.350006,326.5,14872.0,304.878143,-0.03505976085959617
2013-08-20,2013-08-20,321.100006,326.700012,316.0,321.350006,42002.0,300.069183,-0.015899107556235137
2013-08-21,2013-08-21,322.049988,329.100006,318.0,320.899994,25410.0,299.6489870000001,-0.001401311782034398
2013-08-22,2013-08-22,318.0,330.899994,316.149994,323.799988,38281.0,302.356934,0.00899647385460689
2013-08-23,2013-08-23,324.5,329.399994,321.5,326.100006,3628.0,304.504639,0.007078101702694185
2013-08-26,2013-08-26,333.450012,342.0,329.5,334.049988,25161.0,311.928131,0.02408649007095054
2013-08-27,2013-08-27,336.899994,339.600006,328.75,329.950012,6878.0,308.09967,-0.012349477394788977
2013-08-28,2013-08-28,325.049988,325.049988,305.700012,320.200012,19405.0,298.995422,-0.029995072284548563
2013-08-29,2013-08-29,318.25,319.950012,303.0,318.200012,11399.0,297.127808,-0.006265886033037128
2013-08-30,2013-08-30,320.0,323.899994,290.200012,322.350006,3235.0,301.0029600000001,0.012957722383921677
2013-09-02,2013-09-02,321.100006,328.899994,318.0,324.0,20557.0,302.543701,0.00510563456480817
2013-09-03,2013-09-03,320.0,330.899994,316.0,320.149994,19878.0,298.948669,-0.011953850084912787
2013-09-04,2013-09-04,328.0,328.0,316.0,317.700012,16646.0,296.660889,-0.0076821844799308545
2013-09-05,2013-09-05,315.0,319.549988,308.350006,313.950012,37746.0,298.323792,0.0055897483848710286
2013-09-06,2013-09-06,319.200012,319.200012,307.950012,310.450012,30632.0,294.998077,-0.011210609297895855
2013-09-10,2013-09-10,310.0,314.0,308.950012,311.299988,8032.0,295.805695,0.002733965290422802
2013-09-11,2013-09-11,315.0,332.399994,315.0,328.200012,16240.0,311.864563,0.05286619765021605
2013-09-12,2013-09-12,325.0,333.25,320.399994,326.299988,5540.0,310.059113,-0.005806034217652467
2013-09-13,2013-09-13,322.0,332.850006,322.0,329.200012,33118.0,312.814819,0.008848416471181508
2013-09-16,2013-09-16,333.5,333.5,310.350006,316.299988,14203.0,300.556793,-0.03997465174239867
2013-09-17,2013-09-17,316.850006,318.899994,311.200012,315.350006,18957.0,299.654144,-0.003007774849995037
2013-09-18,2013-09-18,318.049988,322.5,317.5,320.549988,14019.0,304.5953370000001,0.01635517546615883
2013-09-19,2013-09-19,326.0,333.450012,317.049988,322.899994,16078.0,306.828308,0.007304202073057375
2013-09-20,2013-09-20,320.049988,327.0,319.799988,325.899994,6577.0,309.679016,0.009247994975327243
2013-09-23,2013-09-23,326.950012,339.850006,326.0,330.149994,330499.0,313.717468,0.012956468629831795
2013-09-24,2013-09-24,325.149994,335.0,323.049988,332.850006,436948.0,316.283081,0.008144841103031375
2013-09-25,2013-09-25,333.0,340.600006,330.0,339.799988,16174.0,322.887207,0.020665419378572917
2013-09-26,2013-09-26,341.899994,345.950012,338.899994,340.299988,10175.0,323.362305,0.001470324005725665
2013-09-27,2013-09-27,340.0,346.0,337.100006,338.100006,19274.0,321.27182,-0.006485825826174185
2013-09-30,2013-09-30,343.950012,343.950012,336.0,338.0,92597.0,321.176819,-0.00029574660113063084
2013-10-01,2013-10-01,333.200012,342.950012,333.200012,340.149994,164571.0,323.219727,0.006340551813508455
2013-10-03,2013-10-03,340.0,344.799988,334.049988,342.100006,16766.0,325.0727540000001,0.005716654444520408
2013-10-04,2013-10-04,346.950012,347.399994,338.850006,346.399994,8462.0,329.158661,0.012490871060038877
2013-10-07,2013-10-07,349.0,372.850006,347.899994,368.75,44199.0,350.396301,0.06252491570091845
2013-10-08,2013-10-08,369.75,375.700012,364.100006,370.649994,18616.0,352.20163,0.0051390216039726155
2013-10-09,2013-10-09,365.0,378.450012,362.5,371.850006,34160.0,353.341949,0.0032324579993439073
2013-10-10,2013-10-10,368.25,375.0,364.100006,368.100006,8396.0,349.778595,-0.01013591350057208
2013-10-11,2013-10-11,368.25,374.0,368.0,370.200012,11378.0,351.774078,0.005688777074940532
2013-10-14,2013-10-14,367.0,374.450012,357.049988,361.399994,9020.0,343.412079,-0.024058023109238214
2013-10-15,2013-10-15,362.0,370.0,358.049988,365.350006,32426.0,347.1654660000001,0.010870390985467715
2013-10-17,2013-10-17,365.350006,390.899994,365.25,384.149994,342255.0,365.029785,0.05017743943931397
2013-10-18,2013-10-18,388.899994,393.950012,384.0,391.0,77551.0,371.538849,0.01767447904878594
2013-10-21,2013-10-21,391.0,409.899994,391.0,399.350006,222126.0,379.473175,0.02113047718370353
2013-10-22,2013-10-22,395.0,401.950012,392.5,395.100006,8197.0,375.434753,-0.010699213438842392
2013-10-23,2013-10-23,394.950012,396.0,381.5,386.600006,9407.0,367.357788,-0.021748423454987176
2013-10-24,2013-10-24,380.399994,394.0,380.399994,386.450012,7264.0,367.215332,-0.0003878606442500043
2013-10-25,2013-10-25,388.850006,388.850006,376.0,378.700012,10363.0,359.851044,-0.02025823252886294
2013-10-28,2013-10-28,380.700012,388.0,366.100006,373.100006,17363.0,354.529755,-0.014897901588727612
2013-10-29,2013-10-29,375.700012,399.950012,375.700012,395.200012,484597.0,375.529816,0.05754559394423797
2013-10-30,2013-10-30,392.0,398.0,385.149994,393.200012,37237.0,373.629303,-0.005073734080887071
2013-10-31,2013-10-31,388.799988,396.950012,385.0,390.049988,43632.0,370.636108,-0.008043397135256036
2013-11-01,2013-11-01,391.0,398.0,386.149994,392.950012,26603.0,373.391785,0.007407490032178998
2013-11-05,2013-11-05,389.950012,398.799988,381.0,395.75,98600.0,376.052399,0.0071002623928899675
2013-11-06,2013-11-06,390.5,405.450012,390.5,401.149994,38064.0,381.183655,0.013552800383432206
2013-11-07,2013-11-07,404.799988,404.799988,395.549988,396.899994,19704.0,377.145111,-0.010651269902755443
2013-11-08,2013-11-08,396.0,396.049988,394.0,394.549988,14698.0,374.912109,-0.005938400703491276
2013-11-11,2013-11-11,398.799988,398.799988,384.5,395.5,4392.0,375.814819,0.0024048969109866647
2013-11-12,2013-11-12,389.049988,398.0,389.049988,395.399994,8986.0,375.719788,-0.0002528985348684287
2013-11-13,2013-11-13,395.0,399.5,390.649994,398.75,6082.0,378.903076,0.008436815352422578
2013-11-14,2013-11-14,399.0,402.0,396.0,401.149994,17032.0,381.183655,0.006000856877705907
2013-11-18,2013-11-18,405.0,406.0,400.0,400.399994,20692.0,380.470947,-0.0018714735160667575
2013-11-19,2013-11-19,400.0,401.0,391.5,394.799988,8607.0,375.149658,-0.014084785234267372
2013-11-20,2013-11-20,392.549988,398.0,385.0,386.899994,16437.0,367.642883,-0.020212993986250538
2013-11-21,2013-11-21,385.0,391.899994,385.0,387.899994,14899.0,368.593109,0.00258130962884362
2013-11-22,2013-11-22,392.0,395.0,389.0,393.399994,38595.0,373.819336,0.014079271881932696
2013-11-25,2013-11-25,391.75,397.149994,391.049988,394.450012,23043.0,374.817169,0.0026657358657535823
2013-11-26,2013-11-26,393.0,396.950012,390.200012,393.950012,7299.0,374.34201,-0.0012685129596885505
2013-11-27,2013-11-27,393.049988,394.950012,385.100006,386.649994,4440.0,367.405334,-0.01870415387467617
2013-11-28,2013-11-28,387.0,391.899994,385.200012,388.049988,23511.0,368.735657,0.0036143197144724577
2013-11-29,2013-11-29,392.0,401.450012,388.049988,398.049988,26256.0,378.237946,0.02544347372201905
2013-12-02,2013-12-02,401.0,405.950012,394.950012,404.950012,38320.0,384.794495,0.017185928207778645
2013-12-03,2013-12-03,405.0,420.0,405.0,417.75,54597.0,396.957428,0.03111962812409796
2013-12-04,2013-12-04,417.0,427.0,417.0,425.450012,34171.0,404.2742,0.018264319930760387
2013-12-05,2013-12-05,430.0,430.0,415.0,424.950012,21239.0,403.798981,-0.0011761782619643668
2013-12-06,2013-12-06,425.0,438.0,425.0,435.200012,44401.0,413.538818,0.023834204371188328
2013-12-09,2013-12-09,438.0,445.0,436.5,442.450012,419084.0,420.428009,0.01652187470642641
2013-12-10,2013-12-10,441.0,446.5,438.200012,441.850006,64927.0,419.85788,-0.0013569883653898884
2013-12-11,2013-12-11,435.0,449.0,435.0,447.549988,53948.0,425.274139,0.012817720859981565
2013-12-12,2013-12-12,445.049988,464.950012,445.049988,459.950012,551004.0,437.056976,0.027329572538312696
2013-12-13,2013-12-13,455.0,459.950012,440.0,447.850006,11431.0,425.559265,-0.02665934494890987
2013-12-16,2013-12-16,446.0,448.299988,441.100006,444.89999400000005,5108.0,422.756042,-0.0066089416992749506
2013-12-17,2013-12-17,450.0,452.25,436.5,448.39999400000005,16681.0,426.081848,0.007836179458495351
2013-12-18,2013-12-18,451.0,454.0,441.0,447.299988,6354.0,425.036621,-0.0024561269988128127
2013-12-19,2013-12-19,452.0,452.0,440.14999400000005,443.850006,19201.0,421.758331,-0.007742857631673593
2013-12-20,2013-12-20,443.850006,449.89999400000005,435.0,440.39999400000005,14916.0,418.47995,-0.0078034950570726735
2013-12-23,2013-12-23,436.100006,447.0,431.25,434.600006,39598.0,412.96875,-0.013257055343662394
2013-12-24,2013-12-24,431.0,434.0,419.100006,423.25,19959.0,402.183624,-0.026463163790693574
2013-12-26,2013-12-26,422.0,432.0,419.299988,420.39999400000005,19194.0,399.475494,-0.006756338800214756
2013-12-27,2013-12-27,426.0,426.0,413.0,423.850006,46243.0,402.753754,0.008172921284573142
2013-12-30,2013-12-30,423.75,432.0,422.049988,427.299988,16988.0,406.032043,0.008106737200417768
2013-12-31,2013-12-31,424.39999400000005,434.89999400000005,422.0,425.049988,9191.0,403.894043,-0.0052795063723154465
2014-01-01,2014-01-01,431.0,431.0,422.0,423.5,12644.0,402.421173,-0.0036533395599116494
2014-01-02,2014-01-02,426.0,432.39999400000005,416.0,417.25,659340.0,396.482269,-0.014867912914938053
2014-01-03,2014-01-03,416.0,422.5,410.0,413.75,20027.0,393.156464,-0.008423661421471884
2014-01-06,2014-01-06,413.75,425.0,409.549988,424.14999400000005,60945.0,403.038849,0.024825296940162996
2014-01-07,2014-01-07,431.700012,431.700012,420.600006,425.049988,71916.0,403.894043,0.002119616956158588
2014-01-08,2014-01-08,426.0,427.0,420.299988,421.700012,16087.0,400.710815,-0.007912566215529715
2014-01-09,2014-01-09,425.0,435.0,425.0,431.0,52615.0,409.547913,0.02181389256683186
2014-01-10,2014-01-10,433.0,439.25,428.0,433.89999400000005,24182.0,412.303528,0.006705896440572623
2014-01-13,2014-01-13,433.89999400000005,451.450012,433.75,448.25,481518.0,425.939331,0.032537124082058
2014-01-14,2014-01-14,449.950012,457.39999400000005,441.0,443.700012,24525.0,421.615814,-0.010202414623008416
2014-01-15,2014-01-15,446.0,473.950012,446.0,469.850006,86027.0,446.464233,0.05726478583344274
2014-01-16,2014-01-16,470.0,474.799988,466.0,469.100006,96609.0,445.751556,-0.001597544361707115
2014-01-17,2014-01-17,467.700012,473.89999400000005,459.950012,472.25,21108.0,448.74478099999993,0.006692562168202798
2014-01-20,2014-01-20,472.89999400000005,477.0,462.75,469.0,14062.0,445.65649400000007,-0.00690584720721521
2014-01-21,2014-01-21,470.0,472.350006,443.5,449.100006,95928.0,426.747009,-0.043357109581435786
2014-01-22,2014-01-22,455.0,469.0,444.5,451.89999400000005,121402.0,429.407654,0.006215357295091373
2014-01-23,2014-01-23,442.049988,449.0,414.5,419.049988,116972.0,398.192688,-0.07547068132807587
2014-01-24,2014-01-24,419.049988,425.0,392.899994,416.700012,185261.0,395.959717,-0.005623547496965031
2014-01-27,2014-01-27,411.0,422.0,401.049988,420.299988,32420.0,401.30658,0.013413192516443571
2014-01-28,2014-01-28,421.049988,430.0,421.049988,425.39999400000005,17429.0,406.176086,0.012061101087483372
2014-01-29,2014-01-29,423.25,433.350006,423.25,432.0,22492.0,412.477875,0.015395793035998471
2014-01-30,2014-01-30,430.0,430.0,415.5,425.700012,23715.0,406.462555,-0.014690758848813882
2014-01-31,2014-01-31,424.39999400000005,432.0,424.39999400000005,429.299988,28039.0,409.899841,0.00842103048692433
2014-02-03,2014-02-03,423.0,433.89999400000005,423.0,430.200012,63781.0,410.759186,0.0020942810249291455
2014-02-04,2014-02-04,426.0,428.799988,423.25,427.14999400000005,21414.0,407.847046,-0.007114903774191994
2014-02-05,2014-02-05,429.950012,429.950012,423.0,426.5,13234.0,407.226379,-0.001522972289194513
2014-02-06,2014-02-06,424.049988,428.0,420.049988,424.950012,16480.0,405.746429,-0.0036408392021280993
2014-02-07,2014-02-07,428.0,428.0,412.0,413.549988,24255.0,394.861603,-0.027193074015583463
2014-02-10,2014-02-10,406.100006,424.0,406.100006,421.850006,75649.0,402.78653,0.01987138801708266
2014-02-11,2014-02-11,415.049988,420.5,415.049988,418.850006,19149.0,399.922089,-0.00713696873526093
2014-02-12,2014-02-12,420.0,428.049988,420.0,423.700012,42934.0,404.552948,0.011512874700049913
2014-02-13,2014-02-13,421.0,428.0,421.0,425.200012,55743.0,405.985138,0.0035339276839581046
2014-02-14,2014-02-14,431.0,435.0,423.5,430.299988,20068.0,410.854675,0.011923010140796995
2014-02-17,2014-02-17,431.0,433.049988,418.299988,420.850006,8829.0,401.831726,-0.02220615421607075
2014-02-18,2014-02-18,420.0,424.350006,417.049988,422.64999400000005,42305.0,403.550385,0.00426794085776816
2014-02-19,2014-02-19,424.0,425.0,420.0,422.89999400000005,18480.0,403.789093,0.000591344814568906
2014-02-20,2014-02-20,422.89999400000005,427.89999400000005,421.0,426.049988,9514.0,406.7967220000001,0.0074209115107199955
2014-02-21,2014-02-21,426.0,429.950012,421.049988,427.14999400000005,38836.0,407.847046,0.002578610733293018
2014-02-24,2014-02-24,427.049988,448.0,427.049988,443.450012,132141.0,423.410431,0.03744977781358205
2014-02-25,2014-02-25,449.100006,462.850006,437.600006,443.5,107584.0,423.45816,0.00011271878673468903
2014-02-26,2014-02-26,437.0,442.64999400000005,428.0,432.89999400000005,12700.0,413.337189,-0.02419101534851098
2014-02-28,2014-02-28,439.0,439.0,425.0,427.0,10909.0,407.703827,-0.013722701528097405
2014-03-03,2014-03-03,430.0,444.0,430.0,440.100006,30588.0,420.211792,0.030217854259197093
2014-03-04,2014-03-04,440.0,455.5,435.799988,453.25,34775.0,432.767609,0.029442033314191818
2014-03-05,2014-03-05,442.049988,467.0,442.049988,462.799988,33970.0,441.886017,0.02085108457184948
2014-03-06,2014-03-06,460.25,464.600006,450.5,459.700012,21324.0,438.926117,-0.0067208682244741524
2014-03-07,2014-03-07,465.0,465.0,438.0,440.350006,9951.0,420.4505,-0.04300434502569317
2014-03-10,2014-03-10,441.0,450.5,441.0,450.0,247329.0,429.664459,0.021677820686088367
2014-03-11,2014-03-11,455.0,457.450012,443.0,445.350006,20196.0,425.224548,-0.010387198533408082
2014-03-12,2014-03-12,443.0,454.850006,443.0,450.700012,33863.0,430.332794,0.011941471252800541
2014-03-13,2014-03-13,458.0,460.950012,451.950012,459.64999400000005,56697.0,438.878296,0.019663295685749205
2014-03-14,2014-03-14,457.0,461.950012,457.0,459.950012,17218.0,439.164795,0.0006525853072680832
2014-03-18,2014-03-18,459.0,465.0,459.0,463.89999400000005,21038.0,442.93630999999993,0.00855126007883733
2014-03-19,2014-03-19,465.0,477.450012,463.700012,474.850006,55039.0,453.391418,0.023329819837900168
2014-03-20,2014-03-20,466.100006,495.89999400000005,466.100006,494.299988,118651.0,471.962555,0.04014384001595683
2014-03-21,2014-03-21,499.0,505.0,495.100006,498.700012,97822.0,476.163666,0.008861981456338873
2014-03-24,2014-03-24,499.89999400000005,499.89999400000005,456.0,469.14999400000005,47961.0,447.949005,-0.061082233456704486
2014-03-25,2014-03-25,479.950012,479.950012,463.049988,472.350006,56440.0,451.004425,0.006797753173406917
2014-03-26,2014-03-26,475.0,478.0,467.0,469.950012,23420.0,448.712921,-0.0050938418938635275
2014-03-27,2014-03-27,467.0,480.0,467.0,475.700012,86036.0,454.203094,0.012161132534743936
2014-03-28,2014-03-28,475.5,485.0,475.5,479.350006,19009.0,457.688141,0.007643595713861195
2014-03-31,2014-03-31,480.0,509.0,478.200012,502.350006,38630.0,479.648712,0.04686594862977245
2014-04-01,2014-04-01,495.200012,507.5,495.200012,501.39999400000005,56238.0,478.741638,-0.0018929119452133487
2014-04-02,2014-04-02,506.0,506.0,497.0,500.39999400000005,37538.0,477.786896,-0.0019962652092919697
2014-04-03,2014-04-03,504.299988,504.700012,487.549988,490.14999400000005,452597.0,468.000031,-0.02069644665752701
2014-04-04,2014-04-04,490.0,494.950012,474.0,481.850006,13036.0,460.075134,-0.01707855122888446
2014-04-07,2014-04-07,488.0,488.0,466.0,478.450012,12874.0,456.828796,-0.007081116044223457
2014-04-09,2014-04-09,478.450012,493.0,478.450012,489.549988,22509.0,467.42712400000005,0.022934757201659828
2014-04-10,2014-04-10,494.049988,500.0,482.14999400000005,489.64999400000005,69171.0,467.522675,0.00020439814080930319
2014-04-11,2014-04-11,486.299988,498.0,486.299988,492.549988,9724.0,470.291626,0.005905132910193346
2014-04-15,2014-04-15,497.89999400000005,497.89999400000005,481.950012,487.100006,18364.0,465.087921,-0.011126518002686048
2014-04-16,2014-04-16,480.0,489.5,476.850006,478.100006,24543.0,456.494629,-0.018649530775907586
2014-04-17,2014-04-17,480.0,492.0,476.5,485.0,43067.0,463.082764,0.0143288596928981
2014-04-21,2014-04-21,485.0,490.950012,470.0,477.14999400000005,33610.0,455.58749400000005,-0.01631801237165753
2014-04-22,2014-04-22,476.0,496.0,476.0,484.5,25546.0,462.605347,0.015286526633304653
2014-04-23,2014-04-23,482.200012,497.0,461.0,478.850006,154512.0,457.210724,-0.0117299208488717
2014-04-24,2014-04-24,478.850006,478.850006,478.850006,478.850006,0.0,457.210724,0.0
2014-04-25,2014-04-25,472.0,485.0,460.0,467.14999400000005,366331.0,446.039368,-0.024737170280719308
2014-04-28,2014-04-28,465.0,468.0,447.0,460.14999400000005,54697.0,439.355743,-0.0150977837434354
2014-04-29,2014-04-29,459.850006,466.549988,452.0,456.600006,15389.0,435.966156,-0.007744816956504862
2014-04-30,2014-04-30,458.049988,460.39999400000005,452.200012,456.100006,13766.0,435.488739,-0.0010956781595954368
2014-05-02,2014-05-02,456.100006,465.0,454.049988,458.89999400000005,17594.0,438.162231,0.006120293886469953
2014-05-05,2014-05-05,458.0,465.700012,453.299988,456.0,5190.0,435.393311,-0.006339446412076732
2014-05-06,2014-05-06,464.0,466.600006,455.299988,459.600006,8415.0,438.830597,0.007863668978235872
2014-05-07,2014-05-07,456.0,458.64999400000005,442.0,448.5,74362.0,428.232208,-0.024447864260827682
2014-05-08,2014-05-08,448.0,455.0,445.0,446.700012,49277.0,426.51355,-0.0040214538653273735
2014-05-09,2014-05-09,442.200012,454.0,442.200012,451.64999400000005,8334.0,431.239929,0.011020478379590415
2014-05-12,2014-05-12,447.0,452.799988,439.25,442.0,115814.0,422.02597,-0.021597762602557857
2014-05-13,2014-05-13,442.0,452.0,440.0,449.450012,60082.0,429.139313,0.016714752712635672
2014-05-14,2014-05-14,447.950012,450.0,431.799988,443.25,31321.0,423.219482,-0.013890690683324712
2014-05-15,2014-05-15,443.299988,484.0,440.0,455.600006,30918.0,435.011353,0.0274812151425321
2014-05-16,2014-05-16,458.950012,480.0,441.200012,454.5,270074.0,433.96109,-0.002417253895359295
2014-05-19,2014-05-19,460.0,467.0,445.049988,457.25,189183.0,436.586792,0.0060323160080519855
2014-05-20,2014-05-20,452.799988,468.850006,452.799988,464.75,126884.0,443.747864,0.016269335545531227
2014-05-21,2014-05-21,462.0,479.0,461.600006,476.049988,146221.0,454.537262,0.024023367598526413
2014-05-22,2014-05-22,471.14999400000005,500.0,471.14999400000005,496.700012,78988.0,474.254059,0.042463272700073766
2014-05-23,2014-05-23,502.0,517.0,502.0,512.75,116452.0,489.578735,0.031802129284311136
2014-05-26,2014-05-26,520.0,526.799988,472.049988,493.39999400000005,90090.0,471.10318,-0.03846816099741002
2014-05-27,2014-05-27,505.0,505.0,480.450012,495.350006,20829.0,472.965088,0.003944440200287502
2014-05-28,2014-05-28,519.0,519.0,485.299988,495.100006,108021.0,472.726349,-0.0005048983119246842
2014-05-29,2014-05-29,495.0,514.799988,495.0,507.75,53232.0,484.804718,0.02522948882515763
2014-05-30,2014-05-30,499.049988,518.0,460.0,508.200012,45079.0,485.234406,0.0008859189644470078
2014-06-02,2014-06-02,525.0,530.0,500.049988,508.5,102813.0,485.52078200000005,0.0005900066501780543
2014-06-03,2014-06-03,505.0,519.599976,484.0,511.350006,75722.0,488.242004,0.005589100596006702
2014-06-04,2014-06-04,507.0,519.650024,494.0,496.049988,53400.0,473.63342300000005,-0.030377539474034883
2014-06-05,2014-06-05,505.0,509.850006,491.299988,495.14999400000005,47263.0,472.774078,-0.001816015268818916
2014-06-06,2014-06-06,493.100006,506.799988,484.950012,489.549988,56672.0,467.42712400000005,-0.011374185938200831
2014-06-09,2014-06-09,490.100006,500.049988,484.049988,489.100006,57225.0,466.99749800000006,-0.0009195520326805707
2014-06-10,2014-06-10,489.0,503.0,489.0,498.75,35242.0,476.211426,0.019538027832193272
2014-06-11,2014-06-11,505.39999400000005,505.39999400000005,491.0,501.14999400000005,23427.0,478.50296,0.0048004689867608965
2014-06-12,2014-06-12,506.850006,520.0,504.0,517.0,111401.0,493.636658,0.03113733957440523
2014-06-13,2014-06-13,522.599976,527.450012,506.0,508.64999400000005,115845.0,485.663971,-0.016282769380621787
2014-06-16,2014-06-16,509.0,518.200012,498.549988,509.850006,39956.0,486.809814,0.0023565540746615103
2014-06-17,2014-06-17,509.0,523.900024,504.549988,518.5,66914.0,495.068909,0.016823441840641884
2014-06-18,2014-06-18,505.14999400000005,529.799988,505.14999400000005,526.049988,95140.0,502.27771,0.01445621091949434
2014-06-19,2014-06-19,527.0,529.900024,517.0,520.400024,86143.0,496.883118,-0.010798350512029486
2014-06-20,2014-06-20,517.0,520.549988,498.549988,501.700012,94521.0,479.028137,-0.036595486575266456
2014-06-23,2014-06-23,502.0,514.299988,498.100006,500.89999400000005,53432.0,478.264252,-0.0015959286230859961
2014-06-24,2014-06-24,504.200012,504.200012,495.14999400000005,500.350006,32788.0,477.739136,-0.001098565254898709
2014-06-25,2014-06-25,500.39999400000005,519.900024,490.0,517.349976,36912.0,493.970856,0.03341167656108901
2014-06-26,2014-06-26,502.75,523.900024,502.75,519.900024,96970.0,496.40567,0.004916956009171969
2014-06-27,2014-06-27,519.0,527.049988,510.0,525.099976,92629.0,501.370697,0.009952266149635848
2014-06-30,2014-06-30,525.400024,528.950012,511.0,522.549988,76689.0,498.935822,-0.0048682674013083025
2014-07-01,2014-07-01,525.950012,547.700012,519.099976,540.799988,33948.0,516.361145,0.03432893982756813
2014-07-02,2014-07-02,540.799988,562.0,530.099976,556.900024,42014.0,531.7336429999998,0.02933627883016765
2014-07-03,2014-07-03,556.5,570.0,540.299988,549.700012,53183.0,524.858948,-0.013013136894356236
2014-07-04,2014-07-04,567.900024,567.900024,535.049988,543.299988,13741.0,518.7481690000002,-0.011711014116929874
2014-07-07,2014-07-07,542.5,557.0,540.0,554.799988,14171.0,529.728516,0.02094609944714421
2014-07-08,2014-07-08,555.0,555.0,523.75,538.599976,26544.0,514.260559,-0.029634580210219138
2014-07-09,2014-07-09,543.349976,564.0,540.0,555.849976,52107.0,530.73114,0.0315255041941267
2014-07-10,2014-07-10,551.099976,561.400024,513.400024,540.150024,27802.0,515.74054,-0.02865175576810408
2014-07-11,2014-07-11,530.200012,558.0,530.200012,548.75,8415.0,523.9518429999998,0.01579596786290427
2014-07-14,2014-07-14,535.0,560.0,535.0,557.950012,18826.0,532.7362059999998,0.016626601148093556
2014-07-15,2014-07-15,560.0,560.0,547.5,551.049988,17060.0,526.147888,-0.012444049459736206
2014-07-16,2014-07-16,551.150024,560.0,551.150024,558.150024,9439.0,532.927063,0.012802243286233585
2014-07-17,2014-07-17,547.049988,573.950012,547.049988,567.599976,24047.0,541.9500730000002,0.016789308559955533
2014-07-18,2014-07-18,570.0,576.0,556.099976,569.450012,11863.0,543.716431,0.003253963444665331
2014-07-21,2014-07-21,577.0,597.75,575.200012,589.099976,213273.0,562.4784549999998,0.03392498671761501
2014-07-22,2014-07-22,595.0,614.0,591.950012,609.849976,121109.0,582.290771,0.03461709837605476
2014-07-23,2014-07-23,614.849976,637.049988,608.099976,634.75,131190.0,606.0654910000002,0.04001812168830643
2014-07-24,2014-07-24,632.200012,633.0,612.049988,622.0,74599.0,593.8917240000002,-0.020291031268336646
2014-07-25,2014-07-25,626.950012,626.950012,595.0,598.849976,175810.0,571.787903,-0.03792889625300866
2014-07-28,2014-07-28,619.0,619.0,577.849976,598.0,24043.0,570.976318,-0.0014203894758590965
2014-07-30,2014-07-30,599.0,599.0,570.299988,585.0,28314.0,558.5637820000002,-0.02197891987363132
2014-07-31,2014-07-31,585.0,610.0,575.0,605.5,35368.0,578.13739,0.03444272507206403
2014-08-01,2014-08-01,593.299988,604.950012,571.150024,580.950012,29698.0,554.696899,-0.04138970275206066
2014-08-04,2014-08-04,575.099976,584.900024,562.0,572.650024,57662.0,546.771973,-0.014389989501069957
2014-08-05,2014-08-05,567.700012,594.0,566.299988,590.200012,35239.0,563.528809,0.030186610148638767
2014-08-06,2014-08-06,590.0,616.0,580.849976,612.900024,209284.0,585.2030030000002,0.03774034342784916
2014-08-07,2014-08-07,617.799988,624.900024,613.0,620.25,20913.0,592.220825,0.011920779822082395
2014-08-08,2014-08-08,624.0,624.849976,612.400024,617.0,76141.0,589.117676,-0.005253627363821067
2014-08-11,2014-08-11,615.799988,624.849976,613.0,620.099976,9307.0,592.0775150000002,0.005011610642427833
2014-08-12,2014-08-12,622.0,622.0,596.25,607.900024,29210.0,580.428955,-0.019870156038502174
2014-08-13,2014-08-13,604.0,620.0,602.0,605.700012,10963.0,578.3283690000002,-0.0036255879596005522
2014-08-14,2014-08-14,601.0,614.0,591.0,596.599976,16151.0,569.6395259999998,-0.015138069567943726
2014-08-18,2014-08-18,600.0,615.0,596.0,598.400024,53044.0,571.358154,0.0030125027068192978
2014-08-19,2014-08-19,605.0,606.950012,585.099976,589.900024,34171.0,563.24231,-0.014306326641295719
2014-08-20,2014-08-20,585.0,594.950012,576.0,578.400024,52421.0,552.262085,-0.01968720104605381
2014-08-21,2014-08-21,583.5,585.0,577.0,582.700012,43977.0,556.367676,0.007406638200092352
2014-08-22,2014-08-22,582.5,585.5,579.0,580.700012,93156.0,554.45813,-0.0034380689945061604
2014-08-25,2014-08-25,581.5,590.0,580.0,582.349976,17760.0,556.033447,0.0028371544446255115
2014-08-26,2014-08-26,597.0,597.0,575.5,577.599976,36222.0,551.4981690000002,-0.008189930264293821
2014-08-27,2014-08-27,578.0,585.25,574.0,576.5,24956.0,550.447876,-0.0019062518039092426
2014-08-28,2014-08-28,575.0,594.0,572.5,590.049988,58500.0,563.38562,0.023232064661994126
2014-09-01,2014-09-01,597.0,625.0,594.549988,623.900024,45993.0,595.705933,0.05578281278644237
2014-09-02,2014-09-02,630.0,631.0,613.950012,625.0,60864.0,596.756104,0.0017613496093211722
2014-09-03,2014-09-03,630.900024,635.0,621.5,633.650024,57118.0,605.0153809999998,0.01374538694254568
2014-09-04,2014-09-04,632.349976,639.0,628.099976,637.849976,38317.0,609.025452,0.006606179091862785
2014-09-05,2014-09-05,640.0,645.25,635.0,640.049988,88699.0,611.126038,0.003443159464181278
2014-09-08,2014-09-08,640.0,659.0,639.5,657.0,97595.0,633.246338,0.035556286594678355
2014-09-09,2014-09-09,646.0,665.0,640.0,656.900024,33324.0,633.149963,-0.0001522035402503619
2014-09-10,2014-09-10,656.5,663.900024,650.0,658.900024,195950.0,635.077637,0.0030399519526600467
2014-09-11,2014-09-11,653.0,658.900024,652.849976,654.900024,34266.0,631.222168,-0.006089365090772958
2014-09-12,2014-09-12,651.0,669.0,651.0,656.650024,63299.0,632.908997,0.002668757875565753
2014-09-15,2014-09-15,651.0,676.0,645.75,673.400024,147460.0,649.053284,0.025188167832745908
2014-09-16,2014-09-16,678.0,678.0,662.549988,673.650024,54687.0,649.2943730000002,0.0003713781920753334
2014-09-17,2014-09-17,676.0,688.5,651.0,662.5,39396.0,638.547363,-0.01669034195595831
2014-09-18,2014-09-18,660.0,670.700012,645.099976,654.799988,44022.0,631.125854,-0.01169055694756338
2014-09-19,2014-09-19,651.0,669.0,642.75,655.450012,93502.0,631.75238,0.0009922192568270203
2014-09-22,2014-09-22,657.799988,657.799988,644.299988,649.950012,137109.0,626.4511110000002,-0.00842677739872322
2014-09-23,2014-09-23,648.0,653.049988,637.0,649.950012,41059.0,626.4511110000002,0.0
2014-09-24,2014-09-24,645.049988,662.0,642.0,648.75,19797.0,625.294678,-0.0018477127531353328
2014-09-25,2014-09-25,637.049988,653.950012,637.049988,639.950012,6373.0,616.8127440000002,-0.013657539908094485
2014-09-26,2014-09-26,649.0,658.0,628.049988,654.75,26689.0,631.077576,0.0228633128331861
2014-09-29,2014-09-29,648.200012,664.0,640.0,650.349976,18629.0,626.836731,-0.006742686752944316
2014-09-30,2014-09-30,642.549988,658.799988,640.099976,652.75,27245.0,629.149963,0.0036835336339553493
2014-10-01,2014-10-01,660.0,662.0,645.0,646.75,111391.0,623.366882,-0.009234402105892771
2014-10-07,2014-10-07,654.0,658.950012,640.099976,644.049988,27736.0,620.7644650000002,-0.0041835145490942685
2014-10-08,2014-10-08,632.700012,650.5,632.700012,636.5,17614.0,613.4874269999998,-0.011791956520050384
2014-10-09,2014-10-09,636.5,648.349976,636.5,643.0,5201.0,619.752441,0.01016033953906348
2014-10-10,2014-10-10,639.0,648.950012,637.0,639.25,14288.0,616.138062,-0.005849044548219773
2014-10-13,2014-10-13,639.25,642.150024,627.5,631.700012,155569.0,608.860962,-0.011881128818748364
2014-10-14,2014-10-14,630.099976,638.0,601.099976,610.599976,30410.0,588.523865,-0.03397245809593041
2014-10-15,2014-10-15,610.599976,610.599976,610.599976,610.599976,0.0,588.523865,0.0
2014-10-16,2014-10-16,606.049988,625.0,599.150024,602.549988,34344.0,580.764954,-0.013271357348688895
2014-10-17,2014-10-17,607.0,615.0,575.099976,587.549988,405152.0,566.30719,-0.0252094512911043
2014-10-20,2014-10-20,586.0,594.950012,581.0,585.349976,88629.0,564.1867070000002,-0.003751431993513243
2014-10-21,2014-10-21,589.900024,598.650024,582.150024,589.299988,33260.0,567.993896,0.006725434688243047
2014-10-22,2014-10-22,597.0,604.0,596.0,598.849976,64564.0,577.19873,0.016075954435560647
2014-10-27,2014-10-27,605.099976,607.349976,600.0,605.650024,10316.0,583.752808,0.011290992629814587
2014-10-28,2014-10-28,604.599976,608.700012,582.200012,586.900024,38768.0,565.680786,-0.03144768247674001
2014-10-29,2014-10-29,592.5,602.5,590.0,596.950012,27901.0,575.367432,0.01697891211675007
2014-10-30,2014-10-30,596.0,599.0,592.0,596.349976,26091.0,574.7890629999998,-0.001005722353896843
2014-11-03,2014-11-03,608.0,608.0,595.549988,599.950012,23833.0,578.258972,0.006018690235528368
2014-11-05,2014-11-05,607.950012,608.950012,599.150024,606.549988,16296.0,584.620239,0.010940655559491752
2014-11-07,2014-11-07,590.150024,604.950012,586.049988,595.900024,19085.0,574.355408,-0.01771408992255008
2014-11-10,2014-11-10,599.650024,613.049988,577.549988,585.650024,145380.0,564.475891,-0.017350708322488195
2014-11-14,2014-11-14,585.150024,589.900024,578.099976,582.950012,11804.0,561.873596,-0.00462076763966035
2014-11-18,2014-11-18,593.900024,627.0,592.049988,620.650024,169366.0,598.21051,0.0626658089699541
2014-11-21,2014-11-21,621.0,622.75,607.299988,618.099976,45081.0,595.752686,-0.004117090845008775
2014-11-27,2014-11-27,613.400024,616.200012,605.049988,614.700012,57137.0,592.475586,-0.00551595747424649
2014-11-28,2014-11-28,614.75,625.0,606.799988,616.849976,36012.0,594.5478519999998,0.0034915369636019373
2014-12-01,2014-12-01,619.0,634.5,611.75,622.950012,50195.0,600.427429,0.009840579198791666
2014-12-02,2014-12-02,626.799988,634.900024,618.0,620.450012,152331.0,598.0177610000002,-0.004021329080964975
2014-12-03,2014-12-03,626.0,634.400024,616.0,620.0,71416.0,597.5840450000002,-0.000725519176783429
2014-12-04,2014-12-04,617.049988,621.900024,617.049988,619.75,50457.0,597.3431400000002,-0.00040321285897260134
2014-12-05,2014-12-05,615.5,645.0,615.049988,632.349976,58965.0,609.487488,0.020126698266015097
2014-12-08,2014-12-08,637.75,653.5,626.099976,648.400024,71334.0,624.957336,0.02506496459768659
2014-12-09,2014-12-09,656.0,656.049988,625.0,630.5,30602.0,607.7044070000002,-0.02799479395788307
2014-12-10,2014-12-10,625.150024,637.599976,624.049988,633.599976,49634.0,610.692261,0.004904576757047252
2014-12-11,2014-12-11,636.0,636.299988,608.349976,614.400024,49026.0,592.1865230000002,-0.030771509911399875
2014-12-12,2014-12-12,618.799988,626.0,605.950012,607.5,103113.0,585.535889,-0.011294180407028342
2014-12-15,2014-12-15,607.0,623.599976,603.150024,612.799988,20068.0,590.644348,0.008686578742823414
2014-12-16,2014-12-16,616.5,616.5,580.0,581.75,57382.0,560.71698,-0.05199776998478445
2014-12-17,2014-12-17,586.0,612.0,578.049988,608.950012,35307.0,586.933533,0.04569529548517082
2014-12-18,2014-12-18,606.0,621.799988,606.0,613.599976,88640.0,591.415344,0.007606970566186533
2014-12-19,2014-12-19,616.700012,625.849976,602.5,606.549988,95498.0,584.620239,-0.011556079965506784
2014-12-22,2014-12-22,605.0,615.0,605.0,608.25,17929.0,586.258911,0.0027990473139274386
2014-12-23,2014-12-23,611.950012,611.950012,600.0,608.700012,39422.0,586.692566,0.0007394253355945679
2014-12-24,2014-12-24,605.0,609.75,597.400024,598.849976,38395.0,577.19873,-0.016314318360469926
2014-12-26,2014-12-26,602.900024,602.900024,595.150024,597.849976,27527.0,576.234863,-0.001671300767048578
2014-12-29,2014-12-29,602.0,615.0,574.900024,609.400024,21797.0,587.367249,0.019134935483716475
2014-12-30,2014-12-30,605.049988,613.0,601.0,603.650024,34859.0,581.825195,-0.009480210953768164
2014-12-31,2014-12-31,601.0,607.0,590.0,597.299988,51363.0,575.704712,-0.010575173916244296
2015-01-01,2015-01-01,599.25,599.25,587.0,589.200012,15902.0,567.897522,-0.013653893037152365
2015-01-02,2015-01-02,592.900024,600.099976,587.549988,597.400024,49045.0,575.801086,0.013821280818251402
2015-01-05,2015-01-05,601.0,608.5,593.599976,602.900024,22310.0,581.102356,0.009164649204615571
2015-01-06,2015-01-06,602.0,603.950012,592.0,593.5,24300.0,572.042175,-0.01571419227329329
2015-01-07,2015-01-07,595.0,599.0,588.5,590.5,11819.0,569.150574,-0.0050676928869757285
2015-01-08,2015-01-08,605.0,605.0,588.049988,590.599976,17486.0,569.2469480000002,0.00016931519678831108
2015-01-09,2015-01-09,593.0,593.549988,587.0,589.75,9779.0,568.427673,-0.001440262666494441
2015-01-12,2015-01-12,585.0,600.0,585.0,596.849976,15967.0,575.270996,0.011967146340431613
2015-01-13,2015-01-13,596.0,603.0,576.0,585.349976,59041.0,564.1867070000002,-0.0194559896666302
2015-01-14,2015-01-14,585.700012,589.150024,577.150024,581.400024,45143.0,560.3797,-0.006770647815173447
2015-01-15,2015-01-15,581.0,595.049988,581.0,586.599976,26175.0,565.391541,0.008903894376959265
2015-01-16,2015-01-16,594.900024,594.900024,570.099976,573.349976,40082.0,552.620605,-0.02284678489511549
2015-01-19,2015-01-19,576.0,584.950012,570.5,578.049988,42732.0,557.150696,0.008164053544074791
2015-01-20,2015-01-20,587.0,590.0,579.0,584.25,44532.0,563.126526,0.01066858552980765
2015-01-21,2015-01-21,582.0,590.0,578.299988,580.099976,49497.0,559.126587,-0.007128438124345494
2015-01-22,2015-01-22,581.0,604.0,575.0,595.75,222449.0,574.210754,0.0266205960650554
2015-01-23,2015-01-23,597.150024,599.849976,583.400024,593.5,142571.0,572.042175,-0.003783774998382228
2015-01-27,2015-01-27,596.0,596.0,580.5,584.400024,64535.0,563.271179,-0.015451541153405303
2015-01-28,2015-01-28,582.099976,595.0,582.0,591.299988,13927.0,571.8788450000002,0.015165979478684475
2015-01-29,2015-01-29,593.950012,598.799988,582.950012,586.0,50554.0,566.752869,-0.00900380793289024
2015-01-30,2015-01-30,586.0,592.549988,585.0,590.549988,369317.0,571.153503,0.007734653829541749
2015-02-02,2015-02-02,593.0,594.900024,582.099976,585.400024,66487.0,566.1726679999998,-0.00875890658362799
2015-02-03,2015-02-03,585.400024,620.0,585.400024,616.75,83192.0,596.492859,0.0521681711484181
2015-02-04,2015-02-04,615.0,626.0,611.0,623.650024,40900.0,603.16626,0.01112561015016933
2015-02-05,2015-02-05,621.0,626.900024,612.700012,622.349976,28039.0,601.908936,-0.002086715352556112
2015-02-06,2015-02-06,623.950012,628.0,618.849976,625.299988,18742.0,604.762085,0.0047289679912054785
2015-02-09,2015-02-09,630.0,649.0,619.950012,633.849976,30658.0,613.03125,0.013580780674947944
2015-02-10,2015-02-10,628.0,653.0,603.0,646.599976,37409.0,625.362488,0.019915548982880612
2015-02-11,2015-02-11,646.599976,675.950012,646.599976,672.549988,71404.0,650.460144,0.03934856387048225
2015-02-12,2015-02-12,672.0,689.0,665.049988,682.150024,32572.0,659.744812,0.014173085484801897
2015-02-13,2015-02-13,680.0,697.0,661.200012,691.25,55858.0,668.545959,0.013252031850082169
2015-02-16,2015-02-16,689.0,694.950012,667.5,673.150024,36528.0,651.040527,-0.02653324989078154
2015-02-18,2015-02-18,675.950012,694.0,665.0,671.299988,32776.0,649.251221,-0.002752162554537918
2015-02-19,2015-02-19,673.950012,673.950012,650.349976,658.049988,35012.0,636.4364009999998,-0.019935238041761668
2015-02-20,2015-02-20,656.400024,670.200012,653.450012,659.650024,111068.0,637.983887,0.0024285344091463656
2015-02-23,2015-02-23,683.950012,685.0,645.25,651.049988,242279.0,629.66626,-0.013123094551142243
2015-02-24,2015-02-24,649.0,649.0,630.650024,633.150024,118148.0,612.354309,-0.027878881720946325
2015-02-25,2015-02-25,631.0,652.0,631.0,647.450012,50179.0,626.18457,0.02233411663095985
2015-02-26,2015-02-26,665.0,665.0,635.5,651.049988,43127.0,629.66626,0.005544765089986471
2015-02-27,2015-02-27,647.25,663.349976,647.25,660.799988,23638.0,639.096069,0.014864852811375506
2015-03-02,2015-03-02,660.299988,677.0,651.549988,673.099976,69847.0,650.992065,0.01844266739398659
2015-03-03,2015-03-03,674.450012,684.0,671.0,683.0,35909.0,660.566895,0.014600944973620857
2015-03-04,2015-03-04,684.049988,684.200012,671.0,675.299988,10179.0,653.1198730000001,-0.011337712997600669
2015-03-05,2015-03-05,674.549988,683.75,660.099976,676.700012,15379.0,654.473816,0.0020708932679420755
2015-03-09,2015-03-09,686.0,697.200012,668.75,680.200012,31893.0,657.858887,0.005158872441068496
2015-03-10,2015-03-10,680.0,682.0,666.0,673.900024,9900.0,651.765808,-0.00930514366086399
2015-03-11,2015-03-11,676.0,720.0,671.299988,706.450012,216802.0,683.246704,0.047170693575256266
2015-03-12,2015-03-12,714.450012,724.799988,698.0,705.650024,104838.0,682.473022,-0.0011330027208877882
2015-03-13,2015-03-13,708.0,721.0,691.0,699.75,45832.0,676.7667240000002,-0.008396357656099696
2015-03-16,2015-03-16,704.700012,712.700012,691.200012,695.099976,25216.0,672.2694700000002,-0.00666738324748728
2015-03-17,2015-03-17,702.599976,718.0,693.0,714.75,44225.0,691.274109,0.027877172455224475
2015-03-18,2015-03-18,708.099976,742.0,705.349976,730.200012,103295.0,706.216675,0.02138566588229196
2015-03-19,2015-03-19,734.950012,736.0,712.0,725.200012,34565.0,701.3809200000002,-0.0068709609079622425
2015-03-20,2015-03-20,728.900024,735.0,722.0,730.099976,22334.0,706.1198730000001,0.006733880266256875
2015-03-23,2015-03-23,723.5,729.700012,701.099976,708.900024,17677.0,685.616272,-0.029466913907367775
2015-03-24,2015-03-24,705.0,718.0,700.0,711.950012,19889.0,688.566101,0.00429321986488862
2015-03-25,2015-03-25,716.849976,730.0,703.75,724.049988,29511.0,700.2686769999998,0.016852764864949243
2015-03-26,2015-03-26,708.700012,730.900024,682.200012,691.25,19435.0,668.545959,-0.04635894206951452
2015-03-27,2015-03-27,699.599976,713.950012,689.5,708.150024,44320.0,684.89093,0.024154455689097357
2015-03-30,2015-03-30,721.5,721.5,698.099976,705.549988,10049.0,682.3762820000002,-0.003678360474478559
2015-03-31,2015-03-31,711.950012,722.0,698.0,712.599976,27750.0,689.194763,0.009942667127260664
2015-04-01,2015-04-01,723.0,725.0,705.150024,722.599976,11878.0,698.866272,0.01393550466657878
2015-04-06,2015-04-06,723.5,737.650024,722.599976,735.25,48633.0,711.100769,0.017354737685669974
2015-04-07,2015-04-07,739.0,739.0,709.0,716.299988,55772.0,692.773254,-0.02611139746722557
2015-04-08,2015-04-08,715.0,720.200012,706.5,712.700012,21690.0,689.291382,-0.005038663570167579
2015-04-09,2015-04-09,716.299988,735.950012,716.299988,733.5,67753.0,709.408325,0.0287671902652642
2015-04-10,2015-04-10,736.0,746.799988,721.099976,735.349976,81567.0,711.19751,0.00251890552880063
2015-04-13,2015-04-13,735.0,739.900024,717.849976,725.549988,26224.0,701.7193599999998,-0.013416631052828087
2015-04-15,2015-04-15,716.0,724.799988,697.099976,700.099976,90490.0,677.105286,-0.035706772731535004
2015-04-16,2015-04-16,709.049988,709.049988,675.0,684.200012,47687.0,661.7276,-0.022972788391147247
2015-04-17,2015-04-17,684.200012,692.799988,675.0,679.599976,38426.0,657.278625,-0.006745975549967476
2015-04-20,2015-04-20,675.0,679.0,658.0,661.900024,83080.0,640.159973,-0.02638991241126032
2015-04-21,2015-04-21,668.0,668.0,640.0,642.099976,82660.0,621.010315,-0.0303704108304812
2015-04-22,2015-04-22,642.5,666.799988,641.200012,657.599976,58219.0,636.0011599999998,0.02385269513634292
2015-04-23,2015-04-23,662.75,670.75,651.200012,659.049988,28616.0,637.403625,0.002202701895848591
2015-04-24,2015-04-24,660.799988,690.450012,640.950012,668.650024,224784.0,646.688354,0.014461410806631212
2015-04-27,2015-04-27,674.700012,674.700012,641.0,646.849976,68339.0,625.604309,-0.033146422945205416
2015-04-28,2015-04-28,649.650024,655.0,635.0,649.75,23456.0,628.408997,0.004473146597683275
2015-04-29,2015-04-29,654.0,698.0,644.700012,691.099976,54408.0,668.400818,0.061696796945775574
2015-04-30,2015-04-30,685.049988,700.0,675.0,682.849976,40112.0,660.421875,-0.012009185176848902
2015-05-04,2015-05-04,693.799988,693.799988,675.0,678.75,10869.0,656.456543,-0.006022338783190585
2015-05-05,2015-05-05,685.450012,691.900024,682.299988,687.200012,50466.0,664.628967,0.012372444007552552
2015-05-06,2015-05-06,684.299988,690.0,664.950012,675.400024,28254.0,653.216553,-0.01732023841465047
2015-05-07,2015-05-07,676.849976,682.549988,661.0,670.900024,44703.0,648.86438,-0.00668497494664244
2015-05-08,2015-05-08,690.0,690.0,664.299988,669.150024,29663.0,647.171875,-0.002611818852447989
2015-05-11,2015-05-11,675.950012,675.950012,655.549988,670.150024,88290.0,648.139099,0.0014934238946207046
2015-05-12,2015-05-12,675.400024,679.5,660.0,665.0,30093.0,643.158142,-0.007714694256165444
2015-05-13,2015-05-13,665.0,674.549988,662.900024,665.450012,14934.0,643.593384,0.0006764973777837469
2015-05-14,2015-05-14,669.799988,670.0,661.299988,665.549988,28820.0,643.690125,0.00015030255496295553
2015-05-15,2015-05-15,666.0,669.450012,653.0,659.349976,34335.0,637.693726,-0.009359323152754229
2015-05-18,2015-05-18,660.0,671.200012,660.0,665.150024,27114.0,643.303223,0.008758073717771708
2015-05-19,2015-05-19,675.0,675.0,656.150024,662.650024,38245.0,640.885315,-0.0037656633518485813
2015-05-20,2015-05-20,666.75,670.0,660.25,664.5,11268.0,642.674561,0.0027879449839236514
2015-05-21,2015-05-21,665.650024,688.0,660.099976,686.700012,42861.0,664.145386,0.03286261018797365
2015-05-22,2015-05-22,695.0,695.0,667.900024,677.700012,7615.0,655.44104,-0.013192727775932056
2015-05-25,2015-05-25,677.0,688.099976,677.0,679.200012,5539.0,656.8917849999998,0.002210941558927537
2015-05-26,2015-05-26,684.849976,699.0,682.349976,695.099976,21483.0,672.2694700000002,0.023139963057540847
2015-05-27,2015-05-27,694.0,710.5,685.900024,709.25,26938.0,685.954834,0.020152528739075137
2015-05-28,2015-05-28,714.950012,714.950012,693.099976,704.849976,33970.0,681.6992799999998,-0.006223163723104719
2015-05-29,2015-05-29,704.049988,709.049988,660.0,667.799988,54123.0,645.86615,-0.053996338013424065
2015-06-01,2015-06-01,670.0,688.25,662.0,682.75,12342.0,660.3251339999998,0.02214005682053344
2015-06-02,2015-06-02,678.450012,685.599976,670.0,670.200012,19999.0,648.1873780000002,-0.01855252285942832
2015-06-03,2015-06-03,677.549988,677.549988,655.0,664.599976,17268.0,642.771301,-0.008390832123632563
2015-06-04,2015-06-04,664.950012,673.349976,650.0,657.450012,14037.0,635.85614,-0.010816643223530598
2015-06-05,2015-06-05,658.599976,698.650024,651.5,665.650024,68700.0,643.786804,0.012395278820239495
2015-06-08,2015-06-08,681.0,693.0,654.0,682.5,27218.0,660.083313,0.024998437266219756
2015-06-09,2015-06-09,678.349976,685.0,666.400024,683.75,12217.0,661.292297,0.0018298874721258684
2015-06-10,2015-06-10,689.400024,693.849976,672.200012,685.799988,34486.0,663.274963,0.002993683356999455
2015-06-11,2015-06-11,695.0,695.0,670.0,670.75,5445.0,648.719238,-0.022189613686392384
2015-06-12,2015-06-12,684.0,684.0,656.0,667.299988,41524.0,645.382507,-0.005156840885756964
2015-06-15,2015-06-15,660.0,676.75,660.0,672.099976,6367.0,650.024963,0.007167591638565619
2015-06-16,2015-06-16,669.950012,677.950012,661.0,671.599976,8412.0,649.541382,-0.0007442190607358513
2015-06-17,2015-06-17,671.150024,678.599976,667.0,677.349976,23825.0,655.102478,0.008525130652389912
2015-06-18,2015-06-18,684.400024,695.0,659.0,661.599976,80131.0,639.869751,-0.023527036779862343
2015-06-19,2015-06-19,664.299988,677.599976,661.150024,673.599976,29217.0,651.475647,0.0179753743942781
2015-06-22,2015-06-22,673.0,678.0,663.0,667.349976,27102.0,645.430908,-0.009321847821693652
2015-06-23,2015-06-23,669.299988,680.900024,668.849976,678.099976,6524.0,655.8278809999998,0.01598020984095161
2015-06-24,2015-06-24,678.099976,702.0,673.599976,699.849976,67710.0,676.863464,0.03157119658844021
2015-06-25,2015-06-25,704.049988,705.25,681.400024,692.150024,101018.0,669.416443,-0.011063222317388544
2015-06-26,2015-06-26,698.75,698.75,676.900024,684.0,11346.0,661.533997,-0.011844976227648909
2015-06-29,2015-06-29,672.150024,672.150024,660.900024,662.950012,22361.0,641.175537,-0.03125810793144623
2015-06-30,2015-06-30,663.0,695.0,663.0,675.25,230024.0,653.071411,0.018383213538425203
2015-07-01,2015-07-01,674.5,682.0,667.0,674.099976,112114.0,651.959229,-0.0017044538804942275
2015-07-02,2015-07-02,669.0,709.799988,669.0,703.400024,42979.0,680.2969360000002,0.04254734568268858
2015-07-03,2015-07-03,704.900024,706.75,676.299988,698.900024,23464.0,675.944702,-0.006418102523664261
2015-07-06,2015-07-06,698.700012,698.700012,679.950012,684.400024,9186.0,661.921021,-0.020965025727481826
2015-07-07,2015-07-07,685.5,690.0,668.950012,679.75,35417.0,657.4237059999998,-0.006817524377123796
2015-07-08,2015-07-08,677.549988,685.799988,667.25,670.0,106604.0,647.993958,-0.014447348582531385
2015-07-09,2015-07-09,674.0,685.650024,669.450012,672.450012,177321.0,650.363464,0.003650009759267547
2015-07-10,2015-07-10,679.0,680.25,652.049988,656.450012,36771.0,634.888977,-0.024081237757570758
2015-07-13,2015-07-13,654.0,665.0,641.099976,644.25,42056.0,623.0897219999998,-0.01875961976692686
2015-07-14,2015-07-14,656.0,656.0,641.200012,641.849976,65319.0,620.768433,-0.003732405797981287
2015-07-15,2015-07-15,644.0,654.0,590.0,601.5,234072.0,581.743774,-0.06492801873805121
2015-07-16,2015-07-16,617.900024,625.0,610.0,616.900024,80414.0,596.638,0.025280464386301386
2015-07-17,2015-07-17,627.650024,627.700012,611.75,625.950012,66892.0,605.3907469999998,0.01456354804136506
2015-07-20,2015-07-20,628.5,635.0,615.0,621.299988,36802.0,600.893433,-0.007456509688060109
2015-07-21,2015-07-21,622.900024,624.049988,613.0,616.0,72915.0,595.767517,-0.008567083853306734
2015-07-22,2015-07-22,616.0,629.900024,614.599976,618.599976,46508.0,598.282104,0.004211869713184768
2015-07-23,2015-07-23,634.0,650.0,628.599976,640.549988,103257.0,619.511169,0.0348683414294122
2015-07-24,2015-07-24,641.299988,662.200012,620.099976,627.950012,269590.0,607.325012,-0.019866642331439976
2015-07-27,2015-07-27,628.950012,643.549988,620.099976,629.299988,90371.0,608.630615,0.002147452543082018
2015-07-28,2015-07-28,643.75,650.0,612.5,622.049988,141911.0,601.618835,-0.011587459850276538
2015-07-29,2015-07-29,628.700012,629.0,607.900024,612.549988,126825.0,592.430847,-0.015389928050095312
2015-07-30,2015-07-30,618.0,625.0,613.0,617.099976,15041.0,596.83136,0.0074004421522646515
2015-07-31,2015-07-31,618.450012,630.0,618.450012,626.849976,34127.0,606.261169,0.015676270748873122
2015-08-03,2015-08-03,633.0,634.0,620.099976,625.150024,32554.0,604.617004,-0.00271565884514402
2015-08-04,2015-08-04,627.049988,637.0,621.0,634.549988,32321.0,613.7082519999999,0.014924449284292153
2015-08-05,2015-08-05,643.0,662.799988,635.0,649.049988,291119.0,627.731934,0.02259356303712945
2015-08-06,2015-08-06,650.950012,655.799988,646.0,650.400024,72442.0,629.03772,0.002078004454866722
2015-08-07,2015-08-07,650.400024,654.5,644.0,649.200012,33986.0,627.877075,-0.001846816243240568
2015-08-10,2015-08-10,649.049988,660.0,648.200012,651.599976,55920.0,630.198181,0.0036899360710567213
2015-08-11,2015-08-11,652.049988,654.849976,645.799988,647.5,22735.0,626.23291,-0.0063119803281797005
2015-08-12,2015-08-12,637.049988,646.450012,636.099976,638.849976,23259.0,617.866943,-0.013449230917790269
2015-08-13,2015-08-13,635.049988,649.0,631.049988,641.849976,17336.0,620.768433,0.00468498698375619
2015-08-14,2015-08-14,643.0,654.0,642.049988,645.700012,75886.0,624.492065,0.005980504648456453
2015-08-17,2015-08-17,650.0,672.5,642.599976,657.799988,28644.0,636.194641,0.018565932507844884
2015-08-18,2015-08-18,660.900024,670.0,660.0,662.450012,37883.0,640.691895,0.0070441225108250904
2015-08-19,2015-08-19,657.150024,663.950012,650.099976,658.599976,14879.0,636.968262,-0.005828848183573321
2015-08-20,2015-08-20,663.900024,663.900024,645.0,645.900024,31667.0,624.6854860000002,-0.019471529477557148
2015-08-21,2015-08-21,645.0,648.950012,635.599976,641.25,24128.0,620.1882320000002,-0.00722526871553253
2015-08-24,2015-08-24,625.0,629.900024,585.0,593.099976,86208.0,573.619629,-0.07805652255079121
2015-08-25,2015-08-25,575.0,614.0,574.950012,581.549988,204065.0,562.449036,-0.019665982103953542
2015-08-26,2015-08-26,589.0,603.0,575.400024,578.25,22239.0,559.257446,-0.005690612765463675
2015-08-27,2015-08-27,599.0,599.0,585.400024,591.549988,34502.0,572.120605,0.02273990251482605
2015-08-28,2015-08-28,605.0,609.5,594.0,599.549988,63556.0,579.857788,0.013433063315671843
2015-08-31,2015-08-31,603.0,605.700012,585.0,590.950012,16057.0,571.540344,-0.014447806453135925
2015-09-01,2015-09-01,600.0,604.700012,590.049988,596.5,9287.0,576.90802,0.009347769136485162
2015-09-02,2015-09-02,590.049988,609.900024,588.0,603.950012,15814.0,584.113342,0.012412199708880856
2015-09-03,2015-09-03,606.099976,623.099976,592.0,596.450012,30718.0,576.859741,-0.012495888994818571
2015-09-04,2015-09-04,602.950012,602.950012,542.799988,590.450012,13420.0,571.0567629999998,-0.010110539247146557
2015-09-07,2015-09-07,589.950012,598.0,580.0,589.950012,10234.0,570.573181,-0.0008471782497716518
2015-09-08,2015-09-08,582.150024,600.049988,575.5,584.450012,23429.0,572.041382,0.002569898644020796
2015-09-09,2015-09-09,596.0,596.0,588.049988,590.150024,9360.0,577.620239,0.009705291867893706
2015-09-10,2015-09-10,580.0,591.0,577.0,585.950012,12603.0,573.509521,-0.007142088783749223
2015-09-11,2015-09-11,595.25,601.299988,589.299988,597.950012,11086.0,585.254761,0.02027270332204889
2015-09-14,2015-09-14,598.0,602.950012,591.400024,597.099976,11662.0,584.422729,-0.0014226693211565331
2015-09-15,2015-09-15,600.75,603.650024,586.599976,593.099976,5557.0,580.507629,-0.006721628831371618
2015-09-16,2015-09-16,599.900024,600.0,586.099976,590.5,9676.0,577.962891,-0.004393278981283721
2015-09-18,2015-09-18,599.900024,602.0,588.400024,594.650024,7791.0,582.024841,0.0070034647619969794
2015-09-21,2015-09-21,599.900024,600.900024,592.0,596.900024,11385.0,584.22699,0.0037764598668212908
2015-09-22,2015-09-22,598.950012,605.0,593.049988,595.950012,11765.0,583.29718,-0.001592789632056224
2015-09-23,2015-09-23,590.0,600.700012,590.0,596.150024,5597.0,583.49292,0.00033551879097348797
2015-09-24,2015-09-24,599.150024,602.349976,592.5,594.900024,73869.0,582.2694700000002,-0.0020989705272222987
2015-09-28,2015-09-28,629.900024,644.0,575.700012,611.549988,219885.0,598.565918,0.027603310163560657
2015-09-29,2015-09-29,605.0,624.400024,595.099976,618.349976,41698.0,605.221558,0.01105794494875578
2015-09-30,2015-09-30,624.0,624.849976,612.650024,618.5,39158.0,605.368408,0.00024260898379324658
2015-10-01,2015-10-01,624.0,639.0,619.950012,636.950012,31883.0,623.426697,0.029393979702057038
2015-10-05,2015-10-05,653.0,659.5,635.049988,642.450012,36177.0,628.809937,0.008597852859328903
2015-10-06,2015-10-06,652.0,652.0,631.549988,634.950012,17745.0,621.469116,-0.011742827070135851
2015-10-07,2015-10-07,639.0,644.0,633.0,634.049988,7594.0,620.588196,-0.001418485506582634
2015-10-08,2015-10-08,636.299988,638.950012,629.049988,633.0,2791.0,619.560608,-0.001657201509785544
2015-10-09,2015-10-09,643.75,644.0,635.0,636.700012,9133.0,623.182068,0.005828190052564075
2015-10-12,2015-10-12,637.0,649.900024,630.5,634.0,10774.0,620.539307,-0.004249770134366671
2015-10-13,2015-10-13,632.950012,640.0,618.5,626.349976,16877.0,613.0517580000002,-0.012139583635518923
2015-10-14,2015-10-14,634.0,636.0,626.049988,630.5,5678.0,617.113647,0.006603833509331913
2015-10-15,2015-10-15,636.549988,638.099976,620.150024,628.049988,748652.0,614.715637,-0.0038934177980234352
2015-10-16,2015-10-16,638.700012,639.900024,625.200012,629.0,20060.0,615.6455080000002,0.0015115418441542516
2015-10-19,2015-10-19,625.0,638.5,615.25,630.200012,33584.0,616.819946,0.0019058357403398676
2015-10-20,2015-10-20,639.75,639.75,625.0,628.650024,54785.0,615.3028559999998,-0.0024625642252571467
2015-10-21,2015-10-21,630.049988,634.5,625.0,628.150024,3631.0,614.8134769999998,-0.0007956629998151499
2015-10-23,2015-10-23,628.650024,632.950012,618.0,622.599976,289756.0,609.381287,-0.008874773546986958
2015-10-26,2015-10-26,628.700012,629.950012,622.0,623.25,11154.0,610.0175780000002,0.0010436143185197366
2015-10-27,2015-10-27,625.0,637.650024,620.0,634.75,32956.0,621.273315,0.018283332736071856
2015-10-28,2015-10-28,642.0,645.0,618.650024,625.200012,189967.0,611.926147,-0.01515950548775624
2015-10-29,2015-10-29,634.849976,645.0,590.0,637.650024,150318.0,624.1118769999998,0.0197180419690568
2015-10-30,2015-10-30,633.950012,634.75,619.849976,630.049988,31119.0,616.6731570000002,-0.01199048814924808
2015-11-02,2015-11-02,634.75,634.75,617.5,630.5,38116.0,617.113647,0.0007140455989445017
2015-11-03,2015-11-03,625.549988,641.0,625.099976,630.400024,139234.0,617.0156860000002,-0.00015875321586822366
2015-11-04,2015-11-04,623.0,644.349976,623.0,625.849976,19213.0,612.562317,-0.007243767312487216
2015-11-05,2015-11-05,625.900024,634.0,620.049988,626.700012,10367.0,613.394287,0.0013572586908914275
2015-11-06,2015-11-06,623.950012,632.549988,615.0,622.75,16269.0,609.5281980000002,-0.006322725973102905
2015-11-09,2015-11-09,615.0,633.450012,610.0,628.75,227085.0,615.400818,0.009588580101710598
2015-11-10,2015-11-10,638.75,638.75,625.0,630.700012,12023.0,617.3093259999998,0.0030964449091008817
2015-11-13,2015-11-13,630.0,632.450012,619.0,622.349976,13301.0,609.1365969999998,-0.013327697245350656
2015-11-16,2015-11-16,630.0,630.0,617.099976,623.75,6251.0,610.506897,0.0022470510166652247
2015-11-17,2015-11-17,624.950012,627.0,615.0,622.799988,13995.0,609.5770259999998,-0.0015242741298537865
2015-11-18,2015-11-18,625.349976,625.5,618.099976,622.099976,14688.0,608.891968,-0.0011244571270268011
2015-11-19,2015-11-19,624.099976,628.849976,617.0,626.650024,9258.0,613.345337,0.007287273411697549
2015-11-20,2015-11-20,634.0,638.0,621.099976,626.049988,10175.0,612.758118,-0.0009578621485859528
2015-11-23,2015-11-23,630.0,634.0,622.0,630.25,45940.0,616.868896,0.0066862443128545826
2015-11-24,2015-11-24,634.799988,649.900024,623.950012,642.900024,84734.0,629.250366,0.019872700556742732
2015-11-26,2015-11-26,640.0,648.900024,626.049988,635.150024,23686.0,621.664978,-0.012127888607841976
2015-11-27,2015-11-27,636.049988,644.0,635.0,641.549988,11882.0,627.929077,0.010025898324988349
2015-11-30,2015-11-30,641.549988,659.0,640.0,652.5,25590.0,638.646484,0.016923842733539196
2015-12-01,2015-12-01,652.5,664.900024,637.400024,643.5,25968.0,629.837524,-0.013889180399391243
2015-12-02,2015-12-02,646.0,659.849976,645.0,650.650024,15667.0,636.835815,0.011049987385518987
2015-12-03,2015-12-03,641.400024,664.900024,637.5,662.400024,127851.0,648.336426,0.017897862456123903
2015-12-04,2015-12-04,661.0,665.200012,655.099976,659.5,17983.0,645.497925,-0.004387741833832948
2015-12-07,2015-12-07,664.0,676.950012,655.0,661.799988,541241.0,647.749084,0.0034814095962234504
2015-12-08,2015-12-08,663.900024,670.0,659.0,663.549988,248232.0,649.461975,0.00264088404678553
2015-12-09,2015-12-09,664.799988,664.799988,640.0,643.900024,23206.0,630.229187,-0.03006074724285135
2015-12-10,2015-12-10,645.0,658.5,520.0,648.450012,278123.0,634.682495,0.0070413238537216935
2015-12-11,2015-12-11,655.0,659.849976,634.0,640.75,53163.0,627.146057,-0.011945406694263028
2015-12-14,2015-12-14,648.900024,648.900024,627.5,629.599976,57806.0,616.232727,-0.017554763523643047
2015-12-15,2015-12-15,632.599976,637.0,619.849976,621.650024,205831.0,608.451477,-0.012707528495624842
2015-12-16,2015-12-16,625.0,638.0,617.75,621.349976,20061.0,608.157837,-0.000482718654744474
2015-12-17,2015-12-17,622.950012,645.950012,620.0,645.049988,67944.0,631.354736,0.03743343663769405
2015-12-18,2015-12-18,645.0,654.849976,635.099976,652.299988,36971.0,638.450806,0.011176741059872873
2015-12-21,2015-12-21,645.549988,675.0,645.549988,673.0,60975.0,658.711304,0.031240730271895775
2015-12-22,2015-12-22,675.0,682.450012,663.0,666.599976,56202.0,652.4472049999998,-0.009555132528331178
2015-12-23,2015-12-23,664.0,684.0,664.0,668.549988,38577.0,654.355713,0.002920883219024617
2015-12-24,2015-12-24,669.349976,683.0,663.25,679.700012,32432.0,665.268982,0.01654033581975867
2015-12-28,2015-12-28,680.0,683.0,670.0,681.099976,9567.0,666.639282,0.002057649945594875
2015-12-29,2015-12-29,678.049988,690.0,668.400024,681.349976,13240.0,666.883972,0.0003669827309158436
2015-12-30,2015-12-30,684.950012,692.0,670.650024,675.299988,5086.0,660.962463,-0.008919025721727536
2015-12-31,2015-12-31,677.450012,683.25,677.0,681.450012,6571.0,666.9818730000002,0.0090658185953032
2016-01-01,2016-01-01,682.049988,690.950012,680.0,688.5,10807.0,673.882141,0.010292362001699472
2016-01-04,2016-01-04,693.0,698.0,665.0,689.0,18332.0,674.371582,0.0007260369664106037
2016-01-05,2016-01-05,690.0,706.799988,690.0,702.650024,52941.0,687.731812,0.019617686195975814
2016-01-06,2016-01-06,695.0,704.0,681.200012,695.099976,18312.0,680.342041,-0.010803280620960365
2016-01-07,2016-01-07,700.0,705.0,685.0,694.900024,59249.0,680.146301,-0.00028774961946798067
2016-01-08,2016-01-08,690.0,705.0,683.400024,702.549988,18709.0,687.633911,0.010948666651561469
2016-01-11,2016-01-11,700.0,710.0,690.049988,704.200012,51448.0,689.2489009999998,0.002345865205874098
2016-01-12,2016-01-12,705.950012,715.049988,698.0,710.599976,41433.0,695.512939,0.009047159656672576
2016-01-13,2016-01-13,710.0,715.0,686.5,696.0,50753.0,681.223022,-0.02075987061316731
2016-01-14,2016-01-14,704.900024,707.599976,676.299988,682.25,83065.0,667.7648929999998,-0.019953589460816268
2016-01-15,2016-01-15,689.450012,693.950012,680.0,683.099976,65210.0,668.5968019999998,0.0012450358470701415
2016-01-18,2016-01-18,692.900024,692.900024,650.5,653.849976,14880.0,639.967834,-0.04376327512995992
2016-01-19,2016-01-19,645.0,664.700012,640.299988,657.25,39930.0,643.2957150000002,0.005186601712208193
2016-01-20,2016-01-20,655.900024,655.900024,645.0,650.099976,89951.0,636.297424,-0.010938415602169904
2016-01-21,2016-01-21,654.549988,660.0,644.049988,654.549988,37234.0,640.652954,0.0068217950612554645
2016-01-22,2016-01-22,656.0,678.849976,650.0,666.299988,53550.0,652.153503,0.017792071378519125
2016-01-25,2016-01-25,665.0,715.0,665.0,688.650024,134337.0,674.029053,0.03299324705905882
2016-01-27,2016-01-27,694.75,722.0,688.0,716.700012,115973.0,701.483459,0.03992410446741168
2016-01-28,2016-01-28,715.0,736.700012,690.099976,725.349976,150091.0,709.94989,0.01199707028790975
2016-01-29,2016-01-29,732.400024,746.0,708.900024,740.75,120543.0,725.022827,0.02100874979639133
2016-02-01,2016-02-01,745.0,754.0,736.0,741.650024,42007.0,725.903809,0.0012143716800103732
2016-02-02,2016-02-02,748.950012,765.0,736.799988,748.150024,149588.0,734.742493,0.012102576609924752
2016-02-03,2016-02-03,743.0,758.0,729.599976,737.950012,67077.0,724.725281,-0.013727427879508092
2016-02-04,2016-02-04,739.0,751.950012,704.950012,718.549988,36479.0,705.672913,-0.02664082618220398
2016-02-05,2016-02-05,721.349976,751.950012,718.650024,737.25,105939.0,724.037781,0.025691740621371476
2016-02-08,2016-02-08,732.0,740.049988,722.349976,733.650024,27499.0,720.502319,-0.004894940693259464
2016-02-09,2016-02-09,731.900024,744.549988,712.200012,736.599976,59955.0,723.399475,0.004012959745578471
2016-02-10,2016-02-10,735.0,740.0,715.099976,718.099976,62656.0,705.230957,-0.025436246033041062
2016-02-11,2016-02-11,734.950012,734.950012,672.5,696.900024,34731.0,684.41095,-0.029966806439534643
2016-02-12,2016-02-12,690.049988,712.950012,672.400024,698.599976,39561.0,686.080444,0.002436344851373562
2016-02-15,2016-02-15,713.0,713.599976,665.0,699.299988,45965.0,686.767883,0.0010014785230625376
2016-02-16,2016-02-16,697.049988,710.0,676.0,697.400024,56959.0,684.901978,-0.00272063446749371
2016-02-17,2016-02-17,705.0,705.0,674.900024,686.299988,26794.0,674.000854,-0.016044352238719032
2016-02-18,2016-02-18,699.799988,702.900024,687.5,700.150024,25399.0,687.602722,0.01997985422395665
2016-02-19,2016-02-19,700.0,700.0,680.549988,688.349976,17990.0,676.014099,-0.016997299863429127
2016-02-22,2016-02-22,692.900024,692.900024,670.049988,673.75,28340.0,661.6757200000002,-0.0214383453551239
2016-02-23,2016-02-23,679.950012,680.450012,670.0,672.700012,32338.0,660.6446530000002,-0.0015594816959856315
2016-02-24,2016-02-24,673.049988,673.099976,646.5,665.950012,61303.0,654.0155639999998,-0.010084955944072329
2016-02-25,2016-02-25,665.049988,680.0,658.5,661.950012,92733.0,650.08728,-0.006024518540743706
2016-02-26,2016-02-26,664.849976,670.799988,663.0,666.799988,20255.0,654.850281,0.007300000082801181
2016-02-29,2016-02-29,669.5,680.5,651.150024,670.150024,14693.0,658.1403809999998,0.0050116226740923855
2016-03-01,2016-03-01,680.0,715.0,676.5,710.450012,91324.0,697.718079,0.058396869337375534
2016-03-02,2016-03-02,711.0,740.0,711.0,733.25,62201.0,720.1094969999998,0.03158815672121396
2016-03-03,2016-03-03,745.900024,749.5,733.549988,747.099976,69028.0,733.711243,0.01871226969042361
2016-03-04,2016-03-04,732.0,755.0,728.400024,754.099976,31442.0,740.585876,0.009326047969835828
2016-03-08,2016-03-08,760.0,769.0,751.599976,757.900024,59192.0,744.317749,0.0050264283746210845
2016-03-09,2016-03-09,752.0,765.0,752.0,760.150024,34887.0,746.527466,0.00296438368777352
2016-03-10,2016-03-10,765.0,765.0,748.400024,757.099976,29940.0,743.532104,-0.004020464812405145
2016-03-11,2016-03-11,748.0,763.049988,742.700012,755.849976,33861.0,742.304443,-0.0016524849679377949
2016-03-14,2016-03-14,745.049988,773.0,745.049988,770.0,166053.0,756.200867,0.018547578422044356
2016-03-15,2016-03-15,769.0,779.5,762.400024,774.049988,54842.0,760.178284,0.005245952002070453
2016-03-16,2016-03-16,778.0,780.799988,771.950012,777.150024,78729.0,763.222839,0.003997055020459328
2016-03-17,2016-03-17,785.0,785.0,745.049988,748.849976,34483.0,735.429871,-0.03709485824762915
2016-03-18,2016-03-18,747.200012,795.799988,730.0,791.549988,432289.0,777.364685,0.05545440356854847
2016-03-21,2016-03-21,792.5,806.700012,780.049988,791.299988,50247.0,777.119202,-0.000315838593238027
2016-03-22,2016-03-22,791.0,791.0,782.549988,786.549988,16137.0,777.366211,0.00031780163392092215
2016-03-23,2016-03-23,786.549988,786.950012,773.0,775.349976,14324.0,766.2969360000002,-0.01434181382805999
2016-03-28,2016-03-28,775.0,778.799988,741.0,754.900024,50621.0,746.085754,-0.026729194194388132
2016-03-29,2016-03-29,759.150024,759.200012,735.0,739.650024,17022.0,731.013855,-0.02040813228140781
2016-03-30,2016-03-30,743.049988,749.950012,724.450012,730.299988,174789.0,721.77301,-0.012721714178506538
2016-03-31,2016-03-31,740.0,742.900024,731.450012,739.650024,16033.0,731.013855,0.012721714178506538
2016-04-01,2016-04-01,744.0,759.700012,741.049988,744.349976,22299.0,735.658997,0.006334279011314337
2016-04-04,2016-04-04,750.0,754.0,726.700012,737.700012,22122.0,729.086609,-0.008974161905351608
2016-04-05,2016-04-05,743.75,758.049988,733.75,753.849976,24198.0,745.0479740000002,0.0216560807726891
2016-04-06,2016-04-06,756.0,773.0,745.400024,758.75,42707.0,749.890808,0.006478995660679665
2016-04-07,2016-04-07,763.700012,782.0,755.349976,777.5,60670.0,768.421875,0.0244112921370272
2016-04-08,2016-04-08,781.150024,794.0,774.150024,789.700012,36334.0,780.4794919999998,0.015569565410940456
2016-04-11,2016-04-11,792.5,792.5,770.049988,772.450012,19172.0,763.430908,-0.022085837360607208
2016-04-12,2016-04-12,776.0,789.200012,772.0,780.150024,18595.0,771.041016,0.009918943806694893
2016-04-13,2016-04-13,785.0,796.0,770.0,777.849976,24472.0,768.7677610000002,-0.002952647998244018
2016-04-18,2016-04-18,763.0,782.0,763.0,771.849976,41220.0,762.8378299999998,-0.007743456494619494
2016-04-20,2016-04-20,784.0,819.950012,784.0,800.099976,162702.0,790.757996,0.03594650795463838
2016-04-21,2016-04-21,817.0,835.0,783.5,798.0,372768.0,788.682556,-0.002628071302738455
2016-04-22,2016-04-22,801.0,813.299988,782.549988,802.549988,163448.0,793.179443,0.0056855770182480106
2016-04-25,2016-04-25,812.0,813.0,787.400024,789.25,34422.0,780.034729,-0.01671103671777452
2016-04-26,2016-04-26,790.049988,793.75,776.0,779.849976,73550.0,770.744446,-0.011981582279347869
2016-04-27,2016-04-27,784.900024,790.0,780.0,785.0,246107.0,775.834412,0.006582250043036808
2016-04-28,2016-04-28,797.5,797.5,779.950012,783.0,115399.0,773.857727,-0.002551069366965031
2016-04-29,2016-04-29,790.0,804.0,782.25,800.400024,25550.0,791.054565,0.02197890624121346
2016-05-02,2016-05-02,802.0,812.25,790.200012,808.700012,27252.0,799.257629,0.010316385403649877
2016-05-03,2016-05-03,813.0,813.0,800.150024,803.799988,74972.0,794.414795,-0.00607759641665151
2016-05-04,2016-05-04,812.799988,821.700012,803.799988,819.900024,232739.0,810.3268429999998,0.019831939478442532
2016-05-05,2016-05-05,818.450012,825.0,815.049988,819.75,131571.0,810.178589,-0.00018297254360977175
2016-05-06,2016-05-06,825.0,825.0,810.950012,813.549988,6561.0,804.050964,-0.007592048381471096
2016-05-09,2016-05-09,821.799988,825.099976,815.0,823.25,20969.0,813.637695,0.011852519552311593
2016-05-10,2016-05-10,825.0,846.7000119999999,823.049988,836.75,167652.0,826.980164,0.016265534464271703
2016-05-11,2016-05-11,843.0,843.2999880000001,825.0,838.0,23646.0,828.215454,0.0014926214350863276
2016-05-12,2016-05-12,845.0,859.0,836.099976,842.0,48207.0,832.1688230000002,0.004762001815517003
2016-05-13,2016-05-13,842.0,864.0,842.0,862.150024,216967.0,852.083618,0.023649332709159587
2016-05-16,2016-05-16,873.25,877.0,861.150024,865.2000119999999,72131.0,855.0979609999998,0.0035313714365603492
2016-05-17,2016-05-17,875.0,884.0,864.0,878.5,50217.0,868.242615,0.0152551493306321
2016-05-18,2016-05-18,881.7999880000001,892.650024,872.9500119999999,888.4500119999999,187481.0,878.076477,0.011262507513193576
2016-05-19,2016-05-19,894.0,894.0,870.7000119999999,889.400024,80749.0,879.015381,0.0010687023391371397
2016-05-20,2016-05-20,881.2999880000001,893.0,874.5,884.2000119999999,158537.0,873.8760990000002,-0.005863793377304027
2016-05-23,2016-05-23,893.0,908.900024,879.400024,905.5,42527.0,894.927368,0.023803959460845903
2016-05-24,2016-05-24,910.0,910.0,895.25,900.2000119999999,37563.0,889.68927,-0.00587029497617042
2016-05-25,2016-05-25,902.799988,918.0,890.2000119999999,903.950012,178834.0,893.3955689999998,0.0041571822682486825
2016-05-26,2016-05-26,906.349976,935.0,906.0,930.599976,604545.0,919.734314,0.02905539000382173
2016-05-27,2016-05-27,935.900024,935.900024,900.2000119999999,914.650024,583746.0,903.97052,-0.01728808996407061
2016-05-30,2016-05-30,914.599976,948.0,914.0,936.150024,42585.0,925.219482,0.023234237963358773
2016-05-31,2016-05-31,927.099976,1003.950012,927.099976,992.0,676305.0,980.417419,0.057947431529655084
2016-06-01,2016-06-01,962.25,969.849976,925.0,928.599976,127627.0,917.757629,-0.06604508367026174
2016-06-02,2016-06-02,934.799988,934.799988,916.75,919.799988,136511.0,909.060364,-0.009521836050389254
2016-06-03,2016-06-03,929.0,929.0,876.0,887.7999880000001,63724.0,877.434082,-0.035409666722897803
2016-06-06,2016-06-06,897.5,897.5,871.2000119999999,876.5499880000001,169309.0,866.3154300000001,-0.012752752171222959
2016-06-07,2016-06-07,881.0499880000001,924.950012,870.599976,911.450012,167158.0,900.807922,0.03904297163251691
2016-06-08,2016-06-08,916.5,929.0,896.849976,916.700012,73832.0,905.996643,0.005743548986372637
2016-06-09,2016-06-09,915.0,922.150024,900.5,905.25,16073.0,894.6802369999998,-0.012569223396885931
2016-06-10,2016-06-10,909.950012,909.950012,887.2999880000001,890.099976,41033.0,879.707153,-0.016877305934560386
2016-06-13,2016-06-13,880.0,890.0499880000001,872.2000119999999,873.099976,23023.0,862.905701,-0.01928365512316521
2016-06-14,2016-06-14,880.0,906.849976,850.0,884.5,87473.0,874.1726070000002,0.012972430719977446
2016-06-15,2016-06-15,878.0,897.349976,878.0,890.25,27268.0,879.855469,0.006479807207228738
2016-06-16,2016-06-16,882.2000119999999,894.0,862.0,868.5499880000001,53004.0,858.4088130000001,-0.024677196171514204
2016-06-17,2016-06-17,878.0,884.0,856.5,866.349976,55302.0,856.234497,-0.002536174320087348
2016-06-20,2016-06-20,860.0,883.5499880000001,844.849976,875.75,57101.0,865.5247800000002,0.010791721336534721
2016-06-21,2016-06-21,879.0,907.799988,860.0,868.4500119999999,226978.0,858.3099980000002,-0.008370667791586683
2016-06-22,2016-06-22,882.0,884.0,855.2999880000001,875.5,34587.0,865.277649,0.00808509966718507
2016-06-23,2016-06-23,877.900024,894.9500119999999,874.099976,882.7999880000001,106365.0,872.492432,0.00830354318223403
2016-06-24,2016-06-24,865.0,880.0,851.5,875.900024,34714.0,865.6730349999998,-0.007846700580614652
2016-06-27,2016-06-27,866.0,905.0,866.0,897.5,24657.0,887.0207519999999,0.024361098218952826
2016-06-28,2016-06-28,895.0,913.950012,895.0,900.7000119999999,54091.0,890.183411,0.0035591435181459023
2016-06-29,2016-06-29,901.900024,912.0,886.400024,908.099976,27238.0,897.4970089999998,0.008182266496405965
2016-06-30,2016-06-30,902.0,915.599976,900.0,913.349976,34513.0,902.68573,0.005764676281645009
2016-07-01,2016-07-01,913.349976,918.0,896.0,897.9500119999999,19227.0,887.465515,-0.017004799791381586
2016-07-04,2016-07-04,905.0,905.0,890.2000119999999,897.599976,27258.0,887.1196289999998,-0.0003898218189748448
2016-07-05,2016-07-05,890.2000119999999,909.0,890.2000119999999,898.5499880000001,163924.0,888.058472,0.0010577452335676083
2016-07-07,2016-07-07,899.0,910.0,890.0,892.2999880000001,17270.0,881.8814699999998,-0.006979928450362215
2016-07-08,2016-07-08,888.0,909.0,883.0,898.2999880000001,123057.0,887.8114009999998,0.006701674952906522
2016-07-11,2016-07-11,894.400024,904.450012,886.0,887.349976,33363.0,876.9892580000002,-0.012264590451270152
2016-07-12,2016-07-12,889.0,902.5,881.2999880000001,884.599976,15935.0,874.271362,-0.003103933419239979
2016-07-13,2016-07-13,885.0,894.7000119999999,856.5,873.400024,77535.0,863.2022710000001,-0.012741765454530095
2016-07-14,2016-07-14,865.0,880.0,865.0,873.5,13340.0,863.300964,0.00011432703757208174
2016-07-15,2016-07-15,880.0,901.950012,871.099976,890.9500119999999,108710.0,880.547302,0.01978027635602153
2016-07-18,2016-07-18,882.0,895.9500119999999,876.2999880000001,883.2000119999999,34900.0,872.8877560000002,-0.008736673406573027
2016-07-19,2016-07-19,883.5,903.75,883.5,900.2999880000001,68561.0,889.7880859999998,0.019176353920832057
2016-07-20,2016-07-20,904.0,914.700012,900.2999880000001,910.799988,24785.0,900.165466,0.011595268780312471
2016-07-21,2016-07-21,909.0,948.0,909.0,936.400024,53185.0,925.466614,0.02771946035221351
2016-07-22,2016-07-22,945.950012,946.700012,913.700012,922.700012,37162.0,911.926575,-0.014738580924274382
2016-07-25,2016-07-25,912.0,937.0,912.0,925.049988,19818.0,914.249084,0.0025435781500346977
2016-07-26,2016-07-26,917.549988,958.700012,917.549988,935.799988,60407.0,924.873535,0.01155395413177196
2016-07-27,2016-07-27,935.049988,947.5,935.049988,941.150024,32070.0,930.161194,0.005700888763030321
2016-07-28,2016-07-28,941.150024,943.0,911.099976,924.150024,314378.0,913.35968,-0.018228140996376933
2016-07-29,2016-07-29,913.799988,950.0,901.599976,936.299988,138195.0,925.367737,0.013061455009202305
2016-08-01,2016-08-01,936.5,941.950012,910.349976,934.5,139207.0,923.588745,-0.0019243206276486906
2016-08-02,2016-08-02,930.950012,958.700012,926.150024,932.450012,271878.0,921.562683,-0.002196093809465616
2016-08-03,2016-08-03,932.0,948.0,911.799988,916.349976,21218.0,905.650696,-0.01741711113792821
2016-08-04,2016-08-04,924.599976,949.900024,915.25,946.0,34930.0,934.954529,0.031844209573111286
2016-08-05,2016-08-05,938.099976,968.0,938.099976,960.200012,24393.0,948.988708,0.014899003677703247
2016-08-08,2016-08-08,974.5,974.5,960.0,961.75,17495.0,950.52063,0.0016129663608195346
2016-08-09,2016-08-09,962.150024,970.049988,940.0,944.650024,23313.0,933.6203,-0.017940041535627668
2016-08-10,2016-08-10,936.0,950.450012,917.25,921.400024,19451.0,910.641724,-0.024920282334242042
2016-08-11,2016-08-11,915.25,962.0,913.0,947.549988,38190.0,936.486389,0.02798544568649497
2016-08-12,2016-08-12,949.049988,967.950012,946.049988,959.200012,11103.0,948.000366,0.01221990045520105
2016-08-16,2016-08-16,950.0,968.799988,950.0,958.549988,11002.0,947.357971,-0.0006778612909839055
2016-08-17,2016-08-17,950.0,965.0,934.150024,948.549988,15423.0,937.47467,-0.01048728822702394
2016-08-18,2016-08-18,955.5,973.700012,947.299988,960.150024,22429.0,948.939331,0.012155128354100595
2016-08-19,2016-08-19,958.0,995.0,954.950012,993.25,58343.0,981.652832,0.03389284711223084
2016-08-22,2016-08-22,991.5,1025.0,990.049988,1009.849976,155927.0,998.05896,0.016574638443510814
2016-08-23,2016-08-23,992.5,1014.950012,980.5,984.950012,82096.0,973.449768,-0.024966128625438344
2016-08-24,2016-08-24,981.099976,999.849976,971.549988,989.549988,26909.0,977.996033,0.004659389692078797
2016-08-25,2016-08-25,989.099976,990.950012,972.299988,975.0,10712.0,963.615906,-0.01481283633557684
2016-08-26,2016-08-26,971.799988,999.0,946.599976,952.650024,43109.0,941.526917,-0.023189840280394947
2016-08-29,2016-08-29,947.0,972.0,940.400024,948.599976,12312.0,937.524109,-0.004260463392824931
2016-08-30,2016-08-30,949.0,969.900024,945.049988,962.950012,15080.0,951.706665,0.015014388530529388
2016-08-31,2016-08-31,960.049988,967.349976,945.099976,956.950012,101107.0,945.776672,-0.0062503972395138154
2016-09-01,2016-09-01,965.950012,965.950012,947.099976,954.0,27457.0,942.861084,-0.0030875061211226296
2016-09-02,2016-09-02,954.0,958.849976,947.0,952.349976,37043.0,941.230347,-0.0017310597356230415
2016-09-06,2016-09-06,965.799988,965.799988,940.0,948.299988,61071.0,937.227661,-0.004261678505438128
2016-09-07,2016-09-07,948.0,959.950012,934.0,937.599976,36777.0,926.652527,-0.011347561442341279
2016-09-08,2016-09-08,932.200012,955.0,930.0,951.950012,42241.0,940.835022,0.015189142949742163
2016-09-09,2016-09-09,954.0,966.049988,941.049988,943.400024,13723.0,932.384827,-0.009022168246386464
2016-09-12,2016-09-12,945.0,946.0,918.150024,924.900024,42589.0,914.10083,-0.019804751314123514
2016-09-14,2016-09-14,933.799988,933.799988,901.0,912.650024,153355.0,901.993896,-0.013333129800606969
2016-09-15,2016-09-15,915.0,927.75,902.75,905.150024,37696.0,894.581543,-0.008251693636957214
2016-09-16,2016-09-16,903.049988,910.049988,900.099976,903.299988,178820.0,892.7531130000001,-0.0020459857718178047
2016-09-19,2016-09-19,910.799988,913.0,905.099976,909.099976,52111.0,898.4853519999998,0.006400329917040537
2016-09-20,2016-09-20,915.0,915.0,905.549988,911.099976,73189.0,900.461975,0.002197533819678909
2016-09-21,2016-09-21,908.400024,918.0,902.049988,909.349976,27154.0,898.732422,-0.0019225866150263122
2016-09-22,2016-09-22,914.950012,915.049988,894.9500119999999,897.0499880000001,41663.0,886.57605,-0.013618441931792624
2016-09-23,2016-09-23,900.0,914.900024,895.0,899.400024,100775.0,888.898682,0.0026163518782480466
2016-09-26,2016-09-26,912.0,912.0,859.25,863.0,144243.0,852.923645,-0.04131323051178448
2016-09-27,2016-09-27,859.5,914.700012,859.5,897.900024,279640.0,887.416199,0.039644063226124786
2016-09-28,2016-09-28,897.5,943.900024,895.0,932.849976,266925.0,921.958008,0.03818558482146184
2016-09-29,2016-09-29,932.0,944.5,870.0,905.099976,143097.0,894.5319820000002,-0.030199021688710026
2016-09-30,2016-09-30,905.150024,914.950012,873.0,907.299988,91227.0,896.7064210000002,0.0024278622705535824
2016-10-03,2016-10-03,909.5,922.0,896.150024,910.150024,45726.0,899.523132,0.0031362509363859203
2016-10-04,2016-10-04,924.0,925.400024,904.5,922.849976,22876.0,912.074768,0.013857199600997738
2016-10-05,2016-10-05,918.0,947.450012,916.099976,942.150024,57730.0,931.149475,0.020697848388328662
2016-10-06,2016-10-06,940.0,947.900024,930.0,942.849976,72198.0,931.841248,0.0007426478546070925
2016-10-07,2016-10-07,942.5,974.5,926.700012,940.849976,26583.0,929.864624,-0.002123455452823997
2016-10-10,2016-10-10,931.900024,947.900024,930.099976,939.700012,15632.0,928.728088,-0.001223007207901361
2016-10-13,2016-10-13,925.099976,944.950012,916.0,922.700012,29753.0,911.926575,-0.018256525787487377
2016-10-14,2016-10-14,925.0,937.150024,920.25,924.150024,13604.0,913.35968,0.0015702800484600488
2016-10-17,2016-10-17,930.0,940.0,919.849976,920.349976,11226.0,909.603943,-0.004120479713874303
2016-10-18,2016-10-18,919.0,934.700012,917.0,919.700012,39832.0,908.961609,-0.0007064183372502697
2016-10-19,2016-10-19,919.700012,924.700012,915.0,918.299988,167276.0,907.577881,-0.0015234772216636827
2016-10-20,2016-10-20,921.400024,928.049988,903.099976,911.099976,20903.0,900.461975,-0.007871444556853291
2016-10-21,2016-10-21,916.549988,919.950012,899.9500119999999,909.349976,13513.0,898.732422,-0.0019225866150263122
2016-10-24,2016-10-24,929.549988,929.549988,910.0,916.099976,76732.0,905.403564,0.0073954208072120045
2016-10-25,2016-10-25,929.799988,935.0,910.0,912.900024,41907.0,902.241028,-0.0034990719311815965
2016-10-26,2016-10-26,926.0,926.0,901.0,912.849976,24866.0,902.191528,-5.486489350658985e-05
2016-10-27,2016-10-27,925.0,936.0,901.099976,904.400024,426080.0,893.84021,-0.009299811370700795
2016-10-28,2016-10-28,910.0,912.0,897.0,902.950012,48883.0,892.407166,-0.001604530622918432
2016-11-01,2016-11-01,918.299988,918.299988,884.2000119999999,890.400024,137585.0,880.003723,-0.013996354412392442
2016-11-02,2016-11-02,890.0,899.0,876.0,877.150024,197951.0,866.908386,-0.014992834767885375
2016-11-03,2016-11-03,884.0,900.0,877.0,886.7000119999999,50564.0,876.3469240000002,0.010828741122667296
2016-11-04,2016-11-04,886.7000119999999,909.5,877.0499880000001,903.450012,49262.0,892.9013060000002,0.01871401067199141
2016-11-07,2016-11-07,916.0,916.0,895.9500119999999,901.099976,26581.0,893.5458369999999,0.0007215786154004532
2016-11-08,2016-11-08,898.0499880000001,920.0,895.150024,913.049988,18956.0,905.395691,0.013174441980795315
2016-11-09,2016-11-09,850.0,903.799988,730.5,902.349976,32815.0,894.785339,-0.011788230953309942
2016-11-10,2016-11-10,903.0,919.700012,900.0,906.200012,25786.0,898.6030880000002,0.004257588272085222
2016-11-11,2016-11-11,912.950012,912.950012,877.0,900.099976,25936.0,892.554199,-0.006754194106022736
2016-11-15,2016-11-15,878.150024,904.450012,869.0,874.900024,141534.0,867.5655519999998,-0.028396165749533964
2016-11-16,2016-11-16,899.9500119999999,899.9500119999999,865.0,871.7000119999999,14566.0,864.392334,-0.0036643172172654563
2016-11-17,2016-11-17,872.2000119999999,889.400024,871.0499880000001,878.2000119999999,132574.0,870.83783,0.007429015213945789
2016-11-18,2016-11-18,875.0,883.650024,835.849976,838.900024,47400.0,831.86731,-0.045782826298650825
2016-11-21,2016-11-21,839.25,842.0,794.0,799.650024,100427.0,792.94635,-0.04791738005982804
2016-11-22,2016-11-22,799.0,800.900024,779.900024,788.5,89072.0,781.889771,-0.014041792060194958
2016-11-23,2016-11-23,804.0,810.0,782.599976,802.150024,248063.0,795.425415,0.01716331193054721
2016-11-24,2016-11-24,803.549988,820.200012,789.5,807.349976,19452.0,800.581787,0.00646161237173537
2016-11-25,2016-11-25,840.0,840.0,809.299988,816.599976,17033.0,809.754211,0.011392061296803924
2016-11-28,2016-11-28,812.099976,849.7000119999999,812.099976,845.849976,11329.0,838.759033,0.035192699417113886
2016-11-29,2016-11-29,845.0,868.9500119999999,845.0,854.9500119999999,18052.0,847.782715,0.010700912821959284
2016-11-30,2016-11-30,848.75,906.0,848.75,899.0,33632.0,891.46344,0.05024005628031425
2016-12-01,2016-12-01,885.5,922.049988,885.150024,894.0,31038.0,886.50531,-0.0055773115837496326
2016-12-02,2016-12-02,894.0,921.799988,882.099976,887.2999880000001,21194.0,879.861572,-0.007522524790899431
2016-12-05,2016-12-05,905.950012,911.900024,883.150024,907.299988,12049.0,899.693909,0.022290013812560797
2016-12-06,2016-12-06,895.099976,909.799988,863.599976,872.349976,122752.0,865.036865,-0.03928247984485367
2016-12-07,2016-12-07,883.900024,886.849976,856.099976,869.7999880000001,52540.0,862.5081789999998,-0.0029274927617439768
2016-12-08,2016-12-08,870.2000119999999,886.599976,863.0,874.0499880000001,227083.0,866.722595,0.004874334192523477
2016-12-09,2016-12-09,879.849976,879.849976,862.849976,868.650024,33389.0,861.3679199999998,-0.006197235724664907
2016-12-12,2016-12-12,855.75,904.25,855.75,894.2999880000001,162796.0,886.802795,0.02910089929191528
2016-12-13,2016-12-13,889.0,916.799988,889.0,906.400024,150162.0,898.8014529999998,0.013439527390901596
2016-12-14,2016-12-14,908.0,915.950012,907.5,910.049988,29037.0,902.420776,0.004018746618634772
2016-12-15,2016-12-15,893.0,915.0,893.0,905.200012,31052.0,897.61145,-0.005343612602482395
2016-12-16,2016-12-16,905.200012,916.0,897.900024,911.549988,23370.0,903.908264,0.0069905864409118825
2016-12-19,2016-12-19,913.299988,913.299988,898.75,905.099976,97129.0,897.512268,-0.007101088017050118
2016-12-20,2016-12-20,905.799988,914.0,899.900024,905.349976,119534.0,897.760193,0.0002761976323508719
2016-12-21,2016-12-21,902.0,907.700012,894.0499880000001,903.599976,15845.0,896.024902,-0.0019347819827002513
2016-12-22,2016-12-22,900.650024,905.0,897.5,900.4500119999999,8671.0,892.9013060000002,-0.003492149827549085
2016-12-23,2016-12-23,900.400024,905.0,888.400024,897.5499880000001,16467.0,890.025635,-0.003225789489730957
2016-12-26,2016-12-26,909.0,909.0,862.2000119999999,869.400024,14414.0,862.111633,-0.03186549876310085
2016-12-27,2016-12-27,869.7999880000001,869.7999880000001,840.099976,855.7999880000001,244155.0,848.6256099999998,-0.01576665548767053
2016-12-28,2016-12-28,879.5499880000001,889.900024,866.7000119999999,884.5,10093.0,877.0850220000002,0.032985822650001495
2016-12-29,2016-12-29,885.0,901.0,885.0,898.0499880000001,261154.0,890.521423,0.015203225630147974
2016-12-30,2016-12-30,897.0,909.0,886.650024,906.950012,19570.0,899.3468019999998,0.009861564554631386
2017-01-02,2017-01-02,915.0,917.950012,895.0,897.25,6446.0,889.728149,-0.010752758761308991
2017-01-03,2017-01-03,914.900024,914.900024,880.0,887.599976,13887.0,880.1589970000001,-0.01081339594389874
2017-01-04,2017-01-04,892.0,892.9500119999999,861.0,887.0,412368.0,879.564087,-0.0006761404996877829
2017-01-05,2017-01-05,894.849976,919.950012,870.0,911.25,367407.0,903.610718,0.026972216905341462
2017-01-06,2017-01-06,908.599976,917.450012,888.0499880000001,904.849976,19967.0,897.2644039999999,-0.007048062570961911
2017-01-09,2017-01-09,914.799988,918.0,875.0,880.349976,16144.0,872.9697880000001,-0.02744963525684163
2017-01-10,2017-01-10,882.099976,890.0,871.0,872.599976,31401.0,865.2847289999999,-0.008842328896345286
2017-01-11,2017-01-11,877.900024,880.25,868.0,873.75,60886.0,866.42511,0.0013170580188006653
2017-01-12,2017-01-12,871.150024,883.9500119999999,868.5499880000001,871.4500119999999,32670.0,864.144409,-0.002635782377259588
2017-01-13,2017-01-13,878.0,881.0,866.099976,872.7000119999999,23280.0,865.3839720000002,0.001433411820075392
2017-01-16,2017-01-16,865.0,879.0,865.0,875.349976,10049.0,868.011658,0.0030318387416468084
2017-01-17,2017-01-17,877.849976,882.0,865.0,870.5499880000001,28162.0,863.251953,-0.005498546797651826
2017-01-18,2017-01-18,878.0,878.349976,866.0,871.599976,23336.0,864.293091,0.0012053383263914694
2017-01-19,2017-01-19,877.900024,895.0,872.099976,889.900024,107561.0,882.439758,0.02077858661344401
2017-01-20,2017-01-20,889.900024,918.849976,889.900024,896.849976,86271.0,889.3314210000002,0.0077794444773262575
2017-01-23,2017-01-23,891.900024,916.900024,891.900024,913.950012,24416.0,906.288147,0.018887330459125273
2017-01-24,2017-01-24,914.849976,918.0,901.200012,914.950012,24720.0,907.279724,0.0010935097766822108
2017-01-25,2017-01-25,920.0,945.0,909.099976,918.650024,216479.0,910.94873,0.0040358085607064
2017-01-27,2017-01-27,925.0,945.0,917.200012,944.0,118614.0,936.086182,0.027220930163537105
2017-01-30,2017-01-30,950.0,953.0,932.099976,940.5,84752.0,932.61554,-0.003714499697471396
2017-01-31,2017-01-31,940.5,945.0,921.0,939.0,25144.0,931.128113,-0.0015961715694183811
2017-02-01,2017-02-01,939.0,950.0,927.299988,938.200012,34031.0,930.334839,-0.0008523124751631528
2017-02-02,2017-02-02,947.0,965.0,935.0,960.650024,75756.0,952.596619,0.023646975843544027
2017-02-03,2017-02-03,956.0,969.0,950.099976,964.650024,25809.0,956.56311,0.0041552277128413815
2017-02-06,2017-02-06,979.0,995.0,962.450012,987.25,96618.0,978.973572,0.023157880433767986
2017-02-07,2017-02-07,998.0,998.0,979.25,986.099976,23004.0,977.833252,-0.0011654907526850169
2017-02-08,2017-02-08,981.700012,999.0,976.700012,992.349976,16472.0,984.030884,0.0063181262178702005
2017-02-09,2017-02-09,999.0,1014.700012,980.700012,985.799988,39686.0,977.535767,-0.006622401267136979
2017-02-10,2017-02-10,997.0,1000.25,985.0,989.650024,15494.0,981.353516,0.003897876073811979
2017-02-13,2017-02-13,999.0,1035.0,993.349976,1013.0,139910.0,1004.507751,0.02332014295671847
2017-02-14,2017-02-14,1026.5,1026.5,987.099976,1000.900024,24054.0,992.509216,-0.012016602341421212
2017-02-15,2017-02-15,998.0,1009.299988,989.599976,997.549988,27833.0,989.187256,-0.003352645734167936
2017-02-16,2017-02-16,995.849976,1007.299988,988.700012,1003.299988,20169.0,994.889038,0.005747558915445872
2017-02-17,2017-02-17,1003.950012,1006.950012,991.049988,996.900024,16890.0,988.542786,-0.006399285904595153
2017-02-20,2017-02-20,997.049988,1018.200012,991.0,996.450012,50734.0,988.096497,-0.00045156343033525564
2017-02-21,2017-02-21,991.0,1009.0,988.650024,995.450012,10101.0,987.104858,-0.0010040891079832193
2017-02-22,2017-02-22,1009.0,1009.0,980.099976,994.75,67674.0,986.410767,-0.0007034056582329028
2017-02-23,2017-02-23,999.25,999.25,981.0,988.900024,71618.0,980.609802,-0.0058982421526447846
2017-02-27,2017-02-27,1000.0,1010.0,985.75,1006.900024,29278.0,998.458862,0.018038327119397124
2017-02-28,2017-02-28,1006.099976,1012.0,1000.150024,1008.650024,30659.0,1000.194275,0.001736582905757622
2017-03-01,2017-03-01,1011.950012,1014.599976,985.200012,989.450012,33023.0,981.155212,-0.019218869918250725
2017-03-02,2017-03-02,1005.0,1005.650024,983.0,985.75,20096.0,977.486206,-0.003746484943941475
2017-03-03,2017-03-03,999.0,1000.0,988.099976,997.5,20938.0,989.137695,0.011849368172008212
2017-03-06,2017-03-06,997.5,1004.799988,985.0,988.599976,16172.0,980.312317,-0.00896233671319635
2017-03-07,2017-03-07,999.950012,1003.5,984.549988,999.799988,24922.0,991.418396,0.011265429282478756
2017-03-08,2017-03-08,996.950012,1011.150024,991.299988,1002.5,129682.0,994.095764,0.0026969030759991237
2017-03-09,2017-03-09,1002.400024,1005.0,990.0,992.549988,113147.0,984.229187,-0.009974760518316472
2017-03-10,2017-03-10,999.75,1050.0,987.950012,1046.550049,128725.0,1037.776489,0.05297692847296887
2017-03-14,2017-03-14,1053.0,1069.0,1020.0,1032.449951,57202.0,1023.794739,-0.0135643767116278
2017-03-15,2017-03-15,1037.050049,1062.0,1012.200012,1019.150024,44484.0,1010.606201,-0.012965706513496043
2017-03-16,2017-03-16,1023.0,1052.0,1023.0,1045.75,98647.0,1036.983276,0.025765452011401457
2017-03-17,2017-03-17,1049.75,1087.949951,1042.5,1076.199951,74110.0,1067.177856,0.028701844511674682
2017-03-20,2017-03-20,1080.0,1097.0,1077.75,1086.0,50719.0,1076.895752,0.00906495235020266
2017-03-21,2017-03-21,1086.400024,1093.800049,1065.0,1072.75,19572.0,1063.756836,-0.012275771482189056
2017-03-22,2017-03-22,1072.75,1103.0,1031.699951,1050.400024,77959.0,1041.594238,-0.021054366623944887
2017-03-23,2017-03-23,1055.0,1079.0,1055.0,1070.5,46087.0,1061.525757,0.018954806003699254
2017-03-24,2017-03-24,1058.0,1067.449951,1034.75,1039.849976,57898.0,1031.132568,-0.02904948785839245
2017-03-27,2017-03-27,1046.949951,1051.050049,1043.699951,1048.199951,86984.0,1039.41272,0.00799808261870627
2017-03-28,2017-03-28,1040.800049,1060.0,1040.800049,1048.599976,58673.0,1039.809326,0.0003814946129230279
2017-03-29,2017-03-29,1060.0,1069.0,1043.25,1049.800049,141267.0,1040.999268,0.0011437305027923728
2017-03-30,2017-03-30,1049.0,1090.0,1044.400024,1070.849976,62420.0,1061.872803,0.019853057997609724
2017-03-31,2017-03-31,1085.0,1107.0,1060.050049,1092.650024,51635.0,1083.48999,0.020153158912755487
