Date,BAJAJHLDNG,BAYERCROP,BHARTIARTL,BRITANNIA,CESC,CIPLA,CUMMINSIND,DLF,EIHOTEL,FEDERALBNK,HEROMOTOCO,HINDPETRO,ICICIBANK,IDFC,JINDALSTEL,JUSTDIAL,L&TFH,MARICO,MRPL,MUTHOOTFIN,NBCC,NHPC,NMDC,OIL,PFC,RECLTD,SRTRANSFIN,SUNDARMFIN,SUPREMEIND,UNIONBANK,WIPRO
2017-04-03,2135.490967,3772.257324,338.741638,3372.448242,847.179321,590.549927,947.225769,144.502243,118.231979,89.778252,3127.720703,331.120483,256.413361,54.270622,123.25,544.799988,122.937683,292.510803,98.409874,371.596588,85.266541,30.866499,123.488968,202.864395,138.772125,168.554413,1093.08252,1286.168701,1092.860718,155.25,252.724915
2017-04-05,2111.902832,3787.051758,341.417511,3356.738037,837.994446,590.948425,954.318481,147.40509,119.722298,90.274261,3123.716064,334.153625,254.759613,54.419994,124.5,555.200012,123.335861,294.77948,100.045494,386.679138,84.577713,31.584324,125.658684,204.154175,145.020172,172.913574,1096.498169,1301.213013,1104.165283,157.850006,254.494125
2017-04-06,2101.315186,3783.06665,338.741638,3338.094482,827.130676,588.208191,944.910828,153.899551,118.231979,88.19101,3131.774414,334.91983,251.181549,56.361782,132.75,533.75,122.639046,294.976715,98.091835,371.059692,85.143532,31.440758,126.58197,204.9216,145.583878,174.179153,1083.083252,1330.458496,1087.456421,154.899994,256.512543
2017-04-07,2096.045898,3768.222168,341.615723,3338.392822,832.019348,587.909241,952.446777,151.783936,120.864883,87.149384,3140.565186,342.102844,248.051102,57.108627,129,519.599976,120.249977,295.963135,97.319458,368.131042,87.1362,30.531513,124.827721,205.750732,143.141068,172.49173,1077.291748,1323.76001,1076.20166,151.800003,255.117096
2017-04-10,2106.830566,3766.179932,342.606781,3397.455811,831.130493,587.560547,964.662109,154.243958,121.311974,89.232628,3125.034668,346.189484,248.319672,58.40316,127.949997,523.950012,121.693375,295.815155,100.3181,366.325043,88.686058,30.483658,124.412254,207.562881,143.188034,171.319901,1078.578735,1299.794067,1066.731689,155.5,251.379288
2017-04-11,2100.625977,3790.040771,347.066498,3383.485352,830.389771,577.994507,966.336792,156.802399,124.044228,91.266289,3127.769531,343.826752,253.686295,58.751682,127.5,530.900024,124.530396,297.048157,102.816963,375.989563,89.251869,31.297195,125.150871,207.102249,153.898941,193.443848,1073.282104,1368.575562,1066.434204,159.050003,254.244934
2017-04-12,2087.329834,3810.215332,347.661102,3429.423096,824.957886,577.346863,971.5578,157.392807,123.646805,91.811905,3152.042236,346.34848,251.137268,57.755894,126.900002,522.299988,123.584724,299.514069,107.86013,373.35379,87.652817,30.866499,123.488968,204.89119,152.160767,193.818832,1056.154785,1356.369385,1066.235962,156.649994,249.560242
2017-04-13,2107.963379,3810.763184,337.205505,3384.479736,819.130981,575.204468,963.775452,157.097595,123.348747,91.861496,3149.55127,357.043488,252.925812,57.755894,122.150002,522.25,120.996559,296.505646,108.178169,380.33374,87.898827,31.105772,119.703506,205.628204,152.865433,193.912582,1040.363892,1329.19812,1075.309204,155.100006,246.893936
2017-04-17,2091.466309,3759.953125,338.246124,3366.084717,830.587341,574.457092,944.910828,169.840576,123.646805,91.811905,3164.837402,355.542725,252.567703,57.805683,121.099998,505.899994,122.589272,296.850891,107.723831,385.312439,89.079666,30.148674,118.226265,204.246292,147.556961,188.803436,1067.688354,1315.77124,1075.309204,153.899994,245.348984
2017-04-18,2086.73877,3740.774658,335.768494,3349.380127,849.154541,573.759583,924.371399,162.214478,128.16745,91.216682,3151.260742,353.276733,253.461975,57.755894,118.550003,495.899994,123.286087,295.815155,105.224968,386.971985,89.104271,29.813688,117.026001,204.460968,146.241577,182.850601,1049.868042,1313.588013,1069.409058,152.850006,246.196213
2017-04-19,2069.55249,3864.662109,336.908203,3411.773926,881.054626,573.361023,934.813477,166.544128,131.595169,90.919075,3125.376465,353.659821,250.912964,57.307785,112.550003,502.700012,125.077888,297.196075,110.586159,397.319885,89.547081,30.052963,116.518196,203.723923,146.335541,185.756699,1084.023804,1317.964355,1068.665283,150.25,248.314301
2017-04-20,2070.635742,4085.785645,339.683136,3360.168701,887.869202,572.015747,930.084961,169.348557,131.744217,91.811905,3124.057617,353.372528,243.937836,56.909473,111.050003,528.75,126.620827,298.379761,115.084129,406.642731,94.221245,30.005108,117.441475,199.271423,146.194611,187.912857,1064.223389,1314.074341,1065.343384,154.75,249.061859
2017-04-21,2082.01123,4267.208008,339.732697,3357.384521,900.856384,562.449829,954.712585,180.517105,131.247437,91.613495,3128.746338,355.702667,240.717865,57.158421,112,524.299988,125.874245,295.913818,112.676125,396.78299,94.467255,30.483658,119.241875,199.301819,147.087173,192.084534,1042.987427,1307.504761,1068.863647,157.050003,244.825699
2017-04-24,2097.769531,4306.211914,341.566132,3368.918457,902.041504,555.075989,956.682739,187.306793,128.16745,92.159111,3129.918457,355.31958,240.270248,57.407368,114.050003,527.950012,127.666054,297.393402,115.674767,385.75174,96.017105,30.435802,120.580643,198.780396,148.87233,193.021988,1043.036987,1296.310669,1070.995728,159.5,244.975204
2017-04-25,2137.707031,4577.897461,350.782959,3457.71167,917.1521,550.99054,954.318481,191.09523,129.856461,93.200729,3228.375488,357.299194,243.713531,57.755894,113.25,522.299988,128.014465,307.799683,116.765182,384.580292,94.762474,30.244383,120.765297,201.17569,151.268188,193.865692,1079.717163,1304.497803,1060.187012,163,246.345718
2017-04-26,2112.838379,4628.209473,354.350708,3533.230469,912.80658,554.7771,996.579407,184.551544,132.141632,93.696739,3236.042969,342.13446,247.648727,58.203999,112.949997,519.200012,126.86969,319.192352,114.266312,379.699219,95.648087,30.100819,119.426537,199.946716,148.167664,191.897049,1043.185425,1303.485718,1060.633179,161.550003,244.626343
2017-04-27,2090.186035,4548.656738,354.697601,3534.871338,917.9422,559.709534,1001.849731,186.765594,131.595169,93.597542,3224.077637,346.381042,245.189224,60.942425,113.75,505.799988,126.969246,313.66864,120.03643,390.876862,98.304985,29.909397,116.564354,198.41188,148.449524,191.100204,1030.117188,1296.677979,1071.987305,159.699997,247.21788
2017-04-28,2082.503662,4526.339844,352.319061,3603.976807,932.904602,555.474609,982.147644,183.026321,131.148087,106.741875,3241.464111,342.325989,249.080154,61.440323,114,502.450012,127.019012,310.906799,121.399445,384.921936,98.280388,30.387947,117.718452,200.929718,150.328629,189.881516,1028.285767,1298.216064,1079.176514,171.399994,246.320816
2017-05-02,2035.179688,4657.300781,344.489777,3553.663818,945.200439,553.382019,986.4328,186.322784,130.700989,111.602791,3275.015381,352.829437,246.48587,60.643688,113.449997,508.399994,133.439651,315.000244,117.446686,384.287415,96.533722,30.483658,117.856956,202.802658,153.711044,199.443558,998.585022,1296.717651,1145.664429,170.399994,246.644745
2017-05-03,2035.228882,4577.499023,343.250946,3560.176758,939.077209,554.07959,1038.889648,187.257584,133.880325,111.156387,3298.018311,338.527618,243.937836,60.344948,112.150002,505.5,133.539185,310.758789,119.900116,386.093414,98.5756,30.340094,118.595573,202.710541,151.174225,197.615524,1008.336731,1296.876343,1142.39209,178.5,247.417236
2017-05-04,2077.530029,4648.483887,342.904083,3571.710938,939.274719,548.001221,1044.849487,183.419922,131.694534,111.652397,3316.7229,339.325378,266.340881,62.286743,112.849998,505.700012,135.231461,306.566681,118.400803,390.730438,97.960579,30.627224,118.272438,203.355423,154.462662,198.506104,1009.47522,1292.658813,1164.455566,190.5,249.161545
2017-05-05,2024.93689,4592.393066,341.665253,3509.317139,930.682434,548.001221,1015.641174,182.681931,132.88678,115.471695,3298.067139,334.249451,267.011871,61.838634,108.099998,493.75,132.842377,300.944336,115.220428,382.383789,97.001137,30.148674,114.671623,197.889526,152.818451,199.490433,990.912354,1270.598267,1171.446411,186.600006,248.837585
2017-05-08,2039.07019,4669.206055,348.156647,3522.839844,967.32312,549.59552,1034.358154,193.899673,131.197754,117.604546,3322.193115,339.102264,270.947052,62.983795,111.099998,499.850006,135.330994,299.21817,122.944199,385.165985,98.108177,30.196527,114.902451,199.087173,154.791519,202.959015,988.882751,1244.121704,1174.024536,187.649994,250.332703
2017-05-09,2074.575195,4665.021973,342.160797,3572.556152,960.014709,550.99054,1049.971924,196.310486,135.072586,117.108536,3206.056641,336.707886,268.845642,64.12896,113.800003,504.049988,133.688507,298.52771,121.217697,386.776764,97.443954,29.717978,115.918068,199.978043,156.482727,206.802582,994.278381,1231.270386,1189.940063,178.949997,253.621979
2017-05-10,2093.58374,4690.526367,369.414734,3690.234375,975.421631,559.061829,1047.164429,196.212097,135.668716,116.215714,3246.592041,337.888794,267.101349,63.979588,114.300003,515.75,133.987152,311.005402,121.354012,389.314911,97.468567,29.765833,116.287369,199.425278,156.294815,204.833923,1001.505554,1232.560547,1179.528076,176.699997,249.012024
2017-05-11,2118.354004,4636.279297,362.725128,3687.30127,970.335388,559.958679,1032.781982,199.606949,134.029358,115.074883,3381.335449,336.452179,268.487518,63.73064,114.449997,508.5,132.892151,308.440857,120.62706,386.288666,96.484528,29.765833,114.856285,194.787598,151.83194,200.896622,1004.624146,1232.362061,1193.460327,177.899994,251.503891
2017-05-12,2147.063477,4598.520508,361.833191,3683.224365,965.051636,565.937439,1036.574585,205.019012,131.744217,113.983658,3459.182861,342.038666,265.223297,63.083374,112.099998,498.700012,130.65239,309.575195,117.219521,381.407593,95.574295,29.526558,116.14888,195.800995,150.328629,201.365341,979.923096,1219.748901,1189.494019,174.5,252.699982
2017-05-15,2163.658936,4675.980957,360.891663,3720.312744,973.24884,566.983704,1050.169067,207.134628,134.973236,116.314911,3433.738525,342.964783,269.919006,63.431904,114.199997,510.899994,132.842377,305.925537,121.944641,383.115967,97.222549,30.005108,118.595573,196.753586,150.375626,205.302643,986.259277,1227.578735,1186.519043,173.800003,252.326202
2017-05-16,2203.990234,4642.40625,371.000427,3731.548584,970.730408,563.595703,1032.141724,209.102661,138.798386,114.430061,3535.272217,346.061157,270.678436,63.979588,114.099998,505.950012,133.937363,306.616028,119.672951,385.410034,97.542366,29.670122,118.318588,198.380554,151.4561,203.427734,1000.218506,1236.778198,1180.321533,180.5,256.836456
2017-05-17,2182.371826,4696.205566,372.586121,3648.770996,963.817078,560.357239,1001.307922,211.611908,143.02095,113.884453,3561.205322,347.051453,277.0289,63.083374,116.400002,524.299988,132.195343,303.558258,122.762459,385.75174,98.5756,29.622269,118.226265,196.814377,151.925888,206.380722,1002.545105,1236.252197,1179.974243,179.899994,254.44429
2017-05-18,2167.155029,4638.321289,367.432617,3535.268799,820.019775,558.115173,1038.741821,204.37941,140.288696,110.213959,3508.558105,340.602081,275.419373,61.241161,113.300003,513.950012,128.412643,301.437531,123.671135,370.181091,95.54969,29.095861,114.671623,194.911041,146.664383,205.021408,984.724731,1241.72998,1182.850098,175.899994,261.845154
2017-05-19,2127.168701,4626.814941,369.414734,3562.364258,866.684753,562.948059,958.455994,204.281006,143.368698,111.453987,3488.632324,332.876984,274.613647,60.892635,112.150002,509.149994,126.222656,305.087128,121.399445,370.132263,95.229881,29.335136,113.656013,194.296539,145.208069,203.380875,989.080811,1218.002319,1149.630859,174.600006,259.029327
2017-05-22,2063.987793,4529.179688,369.216492,3612.826172,872.956177,561.104553,916.933838,201.820984,143.070633,109.569138,3479.645996,326.044525,271.751801,59.946636,113.75,489.799988,123.186539,312.978149,117.446686,376.28244,93.089607,29.239426,112.686577,193.068497,141.402863,199.584167,987.447266,1221.247437,1150.374634,168.149994,259.751953
2017-05-23,2018.141235,4442.702148,368.572327,3573.798828,839.969666,531.310547,912.402344,193.948883,139.493866,106.989876,3501.671875,318.989807,273.71936,58.004841,108.150002,472,126.123108,309.279266,113.312202,373.744293,89.030472,28.473747,109.962883,190.826111,140.980072,200.052902,949.628479,1216.622925,1130.889282,163.800003,262.343506
2017-05-24,2003.515503,4429.252441,365.054108,3513.244629,863.771301,517.808594,901.172241,187.306793,139.344833,106.444267,3484.676514,319.053009,274.300781,56.660522,111.099998,471.149994,124.032669,306.961273,112.040054,376.868164,88.882858,27.660212,106.454414,187.048889,137.315811,197.568649,935.273132,1217.843506,1131.980103,161,261.645782
2017-05-25,2037.149414,4286.635254,367.383087,3497.832764,877.005371,502.21402,911.26947,191.833237,141.779022,109.96595,3541.57251,324.863617,284.138794,57.357574,118.5,470.350006,128.113998,311.646576,118.264488,380.138489,91.982574,27.995195,108.024002,188.615067,132.946899,192.412643,953.984497,1216.384766,1120.923584,164.300003,267.352142
2017-05-26,2035.327515,4283.696777,370.257111,3396.461426,886.782837,487.167511,935.798584,190.898438,141.62999,111.652397,3534.295654,362.406799,287.582092,59.000633,125,460.399994,130.254227,310.314972,122.080948,389.412537,95.7957,29.143717,107.608528,190.581055,134.872986,191.568939,976.656067,1214.84668,1138.078491,161.149994,268.622986
2017-05-29,2027.69458,4411.020996,369.761597,3398.996826,878.536194,503.559235,922.056396,172.989395,136.513229,107.882698,3580.593994,349.413239,281.635071,58.10442,120.449997,456.100006,126.720383,311.991791,117.17408,381.700439,95.894096,29.048006,104.469368,188.369995,127.30957,184.7724,983.73468,1198.293701,1153.994019,153.300003,266.430145
2017-05-30,2034.884399,4498.742676,367.383087,3406.006836,882.486633,508.690979,917.574158,177.122253,137.009995,109.46994,3653.411133,353.755615,287.448334,58.901054,123.5,451.5,126.023567,309.92041,117.355812,385.654114,96.484528,28.856586,103.684578,193.467407,128.577972,192.834488,994.674377,1216.503906,1136.640747,155.75,267.202637
2017-05-31,2029.221191,4539.092285,368.225464,3512.598145,906.387024,514.520203,927.375977,176.679443,135.271286,110.561165,3658.392578,353.851379,291.964935,58.801472,121.75,447.850006,127.865135,309.723114,119.173172,402.83551,95.918701,28.952297,102.161163,188.430817,125.477448,181.163193,1009.821716,1278.914429,1139.565918,155.5,266.878693
2017-06-01,2044.388428,4532.168457,363.617035,3585.432373,897.646667,513.723083,911.318787,173.924225,134.228073,115.17408,3646.573975,345.55069,286.285461,58.901054,120.300003,438.200012,126.819923,312.189056,122.535294,400.199738,95.180679,28.665167,104.284698,186.097214,122.752724,177.55397,1016.99939,1282.725098,1149.382935,157.699997,269.694519
2017-06-02,2065.317383,4968.538086,369.910248,3571.213867,905.646362,528.171692,929.149109,172.891006,133.482925,113.388443,3760.268311,342.709106,284.541168,59.150002,121.849998,445.700012,127.715828,317.515503,120.763359,418.015686,96.263115,29.430847,104.515518,184.500641,120.075005,178.06958,1015.712341,1283.330444,1147.052612,160.149994,274.927429
2017-06-05,2063.741455,4842.30957,369.067841,3622.620361,898.634277,532.904846,918.805542,174.071808,130.651306,113.239639,3745.812256,346.189484,285.972626,58.751682,121.800003,447.649994,131.548294,318.600555,119.809258,423.287231,98.9692,29.191572,103.823059,185.360199,118.00798,176.616531,1010.960327,1318.331543,1140.557495,160.25,276.871063
2017-06-06,2063.840088,4727.338867,365.698273,3606.760986,881.795288,532.755432,901.024475,172.497406,129.806793,111.602791,3711.625488,348.136566,285.257385,58.452946,118.199997,444.149994,129.806259,313.816589,116.719742,414.745361,99.510422,29.095861,104.515518,182.105347,120.028023,177.92897,986.90271,1328.0271,1112.296387,157.600006,279.362915
2017-06-07,2107.421631,4660.38916,369.464233,3622.918701,898.584839,538.285767,898.660217,171.562592,131.297104,114.082855,3753.919434,344.911865,290.399689,58.452946,119.099998,443.600006,131.647842,314.852325,117.355812,428.754059,98.846199,29.861542,106.731407,183.91655,119.464294,176.194672,990.1698,1332.284424,1149.234253,159.350006,273.806091
2017-06-08,2080.977051,4694.959961,364.409912,3618.643066,895.671387,548.2005,906.196289,172.891006,132.68808,115.37249,3696.486084,344.049896,288.821106,57.407368,121.849998,437.700012,130.403534,315.740051,117.264954,425.190857,97.616158,30.196527,106.454414,179.556168,121.014557,176.054062,990.070801,1310.988037,1162.620972,157.399994,272.061798
2017-06-09,2086.344971,4680.265137,364.509003,3652.151611,887.967957,549.147095,903.634949,181.894714,131.843567,115.918098,3692.237305,344.56134,290.580292,57.407368,123.199997,428.600006,133.190781,312.238373,117.719299,436.075684,97.689964,31.871452,106.408257,177.591095,120.638733,176.100937,982.002136,1315.374268,1165.546265,157.949997,267.601349
2017-06-12,2096.144531,4655.706543,361.932312,3606.064697,884.511292,551.389099,884.819519,180.910721,129.856461,113.190033,3685.546387,347.976654,284.806671,56.162628,122.099998,416.649994,130.602615,310.857452,117.401253,438.760284,97.714569,31.967165,105.669624,177.437241,123.73925,179.569519,977.052063,1286.783936,1204.318604,151.199997,262.318573
2017-06-13,2093.928467,4636.52832,359.950195,3605.518066,882.387939,549.59552,899.448303,181.993118,131.495834,113.983658,3665.278564,345.167572,283.995026,56.262207,122.949997,404.700012,132.195343,311.991791,116.265404,453.647583,97.837578,31.345049,104.284698,180.999802,122.564819,176.429031,961.360168,1285.563232,1189.79126,150.449997,258.157166
2017-06-14,2092.057129,4642.057617,362.229584,3593.039307,885.597656,537.986816,906.048462,184.649948,134.029358,115.37249,3700.979004,349.062714,287.783264,56.262207,122.400002,409.25,136.625076,311.547943,116.265404,465.557373,97.788368,31.345049,102.945946,180.692093,122.142021,173.382294,945.17334,1296.072632,1202.682373,154.649994,255.266617
2017-06-15,2070.783691,4637.474609,362.031372,3544.565918,881.548401,547.502991,900.581116,188.930405,131.148087,118.050957,3689.892822,331.088867,285.709534,56.361782,125.599998,406.299988,140.557083,311.252014,116.265404,461.554901,97.271744,31.153627,103.730736,183.886154,122.705765,174.179153,964.330261,1281.425171,1193.410767,153.100006,260.00116
2017-06-16,2080.435547,4611.322266,361.585388,3548.692383,870.092041,534.847961,906.49176,190.504837,128.614532,119.935806,3695.606934,338.495026,285.483337,56.809891,124.5,407.649994,146.181366,309.032623,115.35672,460.627502,98.747803,31.871452,103.776901,180.815552,124.021133,175.679062,974.428467,1277.654053,1179.577759,151.600006,254.419373
2017-06-19,2080.829346,4593.09082,364.2117,3571.860107,888.758057,537.837341,918.313049,189.717621,129.011963,118.298965,3736.532959,338.750763,289.182251,56.809891,127.099998,406.700012,146.728851,305.826904,116.083672,448.766479,101.084885,32.110729,104.377045,179.187668,125.28952,177.647736,984.427673,1283.459473,1175.611328,151.800003,253.721649
2017-06-20,2093.928467,4591.994629,363.319763,3563.458008,875.770874,545.90863,909.200806,191.439636,131.346786,117.802948,3708.744385,341.655609,292.450012,57.706104,126.199997,409,146.430237,313.619324,115.174988,453.745178,101.822906,32.302151,104.192375,181.244873,124.068115,176.897751,982.64563,1282.645752,1206.053833,151.550003,253.422623
2017-06-21,2083.193115,4593.539063,364.013458,3649.467041,887.029724,539.082886,899.300537,193.998062,136.811295,115.769295,3681.639404,337.952972,291.100006,57.158421,124.650002,408.75,145.68364,312.435669,112.721558,448.180756,103.225159,32.589279,102.853622,176.055344,122.282951,173.569794,995.544434,1289.622192,1216.027466,151.350006,255.067245
2017-06-22,2093.879395,4600.114258,362.92334,3621.079102,870.388306,538.235962,889.547974,192.669662,135.271286,116.56292,3643.985352,326.939026,289.600006,57.457157,121.699997,392.799988,144.588654,310.166992,111.26767,440.41983,101.798302,31.72789,101.09938,172.892609,121.249443,170.335571,988.372864,1282.119751,1197.327026,150.649994,254.220032
2017-06-23,2089.742676,4597.424316,362.92334,3628.785156,858.141907,539.232422,894.375,188.979614,136.463562,114.132462,3575.026611,324.640472,291.850006,55.96347,118.449997,391.399994,139.760727,308.194244,106.633408,436.514954,102.782341,31.057919,99.068161,169.023254,114.95443,165.320206,963.571472,1277.822754,1223.856689,146.449997,256.01416
2017-06-27,2073.0979,4593.539063,368.126373,3626.846191,853.993896,532.755432,896.542236,184.50235,136.066132,111.701996,3609.310547,320.745361,287.899994,54.718731,116.949997,376.600006,135.928268,303.755524,108.723373,425.678955,99.461227,30.675077,96.067497,165.061798,114.531631,158.664261,985.53418,1259.85083,1195.232544,142.5,255.715134
2017-06-28,2068.813721,4569.777832,373.82489,3615.510742,869.104431,534.947571,899.05426,187.700394,135.966782,111.057175,3602.717529,327.385345,290.350006,55.365993,119.349998,373.549988,140.507309,306.764008,108.632507,435.538757,100.12545,30.340094,98.42186,162.604752,116.880516,160.961029,995.793396,1266.866943,1183.314087,145.949997,257.559113
2017-06-29,2073.885986,4602.405762,379.027924,3616.554932,856.561646,541.823181,894.079468,190.996841,136.960327,112.098808,3629.968994,324.48053,293.25,54.917889,122.75,375.25,142.597748,308.440857,108.04187,449.156982,100.519066,30.675077,99.483635,162.911514,114.531631,159.226746,984.139709,1275.877808,1202.014526,145.300003,258.456177
2017-06-30,2080.927979,4615.805664,376.302551,3669.10498,857.796204,553.631165,906.048462,187.651184,135.370651,111.950005,3644.739502,325.852936,290.149994,55.017467,123.199997,371.700012,143.642975,310.068359,107.451225,444.324677,99.63343,30.005108,99.945282,159.442017,115.283272,161.195389,995.843201,1304.180298,1224.554932,147.399994,257.509277
2017-07-03,2072.605469,4606.490723,378.6315,3682.727295,865.351501,549.894409,898.41394,191.046021,134.228073,112.300003,3718.346436,330.066956,290.049988,53.971886,128.699997,381.850006,143.642975,319.537598,108.905106,445.691376,102.118126,30.531513,104.330872,159.994781,117.350296,161.664124,1024.778198,1332.482788,1218.271484,150.350006,258.755219
2017-07-04,2094.420898,4606.98877,375.906097,3726.775879,861.549133,543.11853,899.842346,191.931641,133.085495,112.25,3646.708984,326.843262,289.5,54.668941,126.050003,363.049988,147.774078,318.995087,109.813789,439.882904,100.912682,29.909397,103.222931,162.021591,115.142342,161.898483,1041.661255,1315.530396,1213.484131,146.399994,259.1539
2017-07-05,2118.600098,4603.949707,372.932953,3712.258545,864.561401,543.965576,900.088623,194.244064,136.165497,114.849998,3653.010986,329.779694,292.850006,60.195583,130.550003,366.100006,148.421127,321.165131,111.631142,440.41983,101.404701,29.717978,102.668961,163.832794,116.410744,161.476624,1091.413452,1295.685913,1225.15332,149.350006,256.96106
2017-07-06,2131.899902,4608.931152,377.888214,3710.220215,857.648071,540.926331,900.43335,197.934113,134.724854,115.550003,3668.372559,325.055145,293.75,60.394741,131.449997,363.799988,148.620209,319.537598,111.858307,435.978058,101.429291,30.005108,104.561699,162.973251,117.86705,166.07016,1106.652954,1331.09668,1221.313477,152.850006,256.911224
2017-07-07,2135.300049,4611.272461,382.447021,3671.39209,861.055298,545.211121,895.803345,199.016541,138.40097,115.900002,3625.34082,320.170715,289.700012,59.697685,132.149994,363.600006,147.525208,315.838684,110.631599,438.223328,100.740471,30.435802,107.05455,161.898132,118.242867,169.444992,1085.387329,1307.104004,1219.318848,151,256.86142
2017-07-10,2127.100098,4592.791992,402.069916,3694.85791,863.524353,547.253845,898.955688,199.902145,137.258377,114.5,3673.936035,328.370056,291.450012,56.262207,134.449997,375.899994,148.81929,318.600555,111.222237,438.809082,100.986481,30.77079,108.62413,163.127106,119.041489,175.304077,1051.322754,1315.330933,1230.389404,156.850006,267.377075
2017-07-11,2136.100098,4606.490723,391.911591,3676.065186,851.524841,536.541931,894.522766,195.818497,138.102905,113.949997,3690.971436,327.792603,289.649994,55.764309,138.850006,365.799988,147.425674,317.56485,111.585716,434.464905,102.806938,29.957251,108.439468,161.99025,115.753052,173.663544,1009.887451,1305.628174,1212.187622,152.399994,262.343506
2017-07-12,2163.699951,4611.421875,393.546844,3681.13623,862.240479,538.036621,897.428833,197.29451,137.208725,115.099998,3661.873291,345.944458,292.350006,57.058838,140.149994,371.75,148.719742,319.389648,115.493027,456.625,104.03698,30.052963,110.286034,163.495605,118.524742,175.632202,1029.061279,1304.571045,1193.786377,154.25,262.941528
2017-07-13,2195.699951,4607.985352,400.551392,3706.441895,857.598633,541.723511,917.13092,196.900909,140.040314,115.150002,3693.580811,361.207428,297.899994,56.262207,138.449997,366.200012,150.710632,323.581757,115.35672,458.479828,104.528999,30.531513,110.378365,163.341766,118.430779,175.632202,1022.238403,1331.345947,1191.143433,154.850006,263.190735
2017-07-14,2241.149902,4608.532715,404.376587,3698.089355,893.498657,546.10791,921.120544,198.278519,139.642899,115.800003,3700.572266,373.051849,298.25,55.913681,137.300003,357.549988,148.918854,322.595337,113.94828,461.603729,103.471169,30.675077,110.747681,165.460709,116.457718,172.21048,1028.463623,1304.780518,1186.256348,155.100006,259.004395
2017-07-17,2223.300049,4594.535156,405.81723,3676.711426,890.140686,554.527954,922.450439,201.033768,137.90419,114.099998,3706.776123,363.85556,303.5,55.863888,141.600006,357.450012,148.371353,322.940613,111.858307,457.259552,103.963181,29.861542,110.932335,168.531296,117.209358,174.835358,1004.558594,1330.777588,1154.989258,155.550003,265.981628
2017-07-18,2223.25,4610.923828,405.668182,3721.70459,874.931396,557.766479,921.465393,196.851715,133.18486,113.400002,3726.076172,354.562988,303.899994,57.058838,140.300003,354.649994,147.276352,324.617462,111.994621,457.74765,103.126755,29.957251,110.42453,170.527695,115.518166,172.06987,960.782532,1313.456177,1132.648438,155.649994,268.124634
2017-07-19,2226.149902,4603.949707,418.534729,3784.595703,892.412231,566.236328,952.00354,198.819733,138.798386,115.5,3712.979492,369.488922,302.25,59.150002,143.300003,354.450012,149.615662,326.392944,118.718834,459.358398,103.717171,29.670122,110.840012,174.151077,115.987938,170.944931,965.264709,1338.725342,1125.417603,156.199997,270.217804
2017-07-20,2250.600098,4606.191406,417.094055,3769.581543,888.708679,569.873413,959.933655,199.754532,139.146133,119,3672.852783,354.225952,300.600006,59.099998,141.100006,378.049988,152.104279,321.263763,114.493477,449.20578,106.201859,29.526558,113.933006,175.195801,119.229408,172.21048,955.951721,1361.661011,1102.927124,153.649994,268.274139
2017-07-21,2367.449951,4594.833984,408.648834,3812.287598,888.609924,564.193604,989.683777,193.161667,138.550003,117.400002,3625.685547,354.370392,302.049988,58.299999,136.649994,381.649994,152.203812,325.159943,115.038689,441.981781,106.078857,29.191572,113.102051,173.445374,121.014557,171.085541,963.372253,1394.508911,1083.329102,154.800003,285.119141
2017-07-24,2328.800049,4661.23584,417.342438,3807.713623,887.227234,567.731018,1012.685852,190.947632,137.850006,116.949997,3635.827881,355.622223,303.049988,58.950001,138.449997,379.049988,153.298813,325.505188,108.632507,450.377228,105.832848,29.382994,113.00972,172.800476,119.934074,169.819977,960.334351,1396.792358,1096.693726,157.300003,290.601227
2017-07-25,2292.350098,4707.662598,425.04248,3828.644287,886.239624,562.400024,990.422546,191.242844,138,119.349998,3652.321777,360.148163,304.149994,58.650002,139.949997,383.350006,154.692429,326.244965,111.585716,454.867828,102.905342,29.000153,112.040268,172.063461,117.162384,166.632629,994.199768,1373.148804,1125.018677,161.25,288.607727
2017-07-26,2313.300049,4680.414063,423.502502,3828.743652,887.375366,575.450012,984.9552,192.472855,135.300003,115,3660.593262,356.825928,310.350006,58.349998,151.699997,369.899994,160.416245,322.250153,115.645981,466.289551,103.667969,29.382994,114.256149,173.229797,115.377228,164.945206,978.213257,1366.597168,1112.202637,159.550003,288.408417
2017-07-27,2352.850098,4663.128906,413.368225,3853.899902,886.684021,568.700012,953.891113,192.718857,138.75,113.099998,3646.906006,353.600006,307.200012,57.599998,152.850006,378.899994,160.466019,321.855591,116.362503,454.282104,102.585533,29.000153,113.102051,171.356842,114.108833,163.492142,977.267029,1363.745117,1129.257446,154.899994,288.757263
2017-07-28,2385.5,4681.560059,410.635956,3906.649902,919.176697,566.099976,984.010925,188.192398,137.149994,113.75,3574.776123,360.581512,296.149994,59.549999,149.850006,373.25,169.62413,327.872498,118.60759,456.380951,104.03698,28.904444,113.471359,173.045532,115.940964,164.429611,966.260742,1376.738647,1117.737915,157,288.109375
2017-07-31,2420.899902,4677.325684,416.249573,3921.600098,931.077515,560.099976,981.873657,190.258835,138.75,115.25,3599.836914,369.007416,302.600006,58.75,153.399994,378.549988,174.203186,330.141205,118.703125,462.872803,103.077553,29.048006,117.026001,176.577713,116.880516,164.101501,1012.975159,1366.876343,1117.837769,158.050003,287.511353
2017-08-01,2423.199951,4671.049316,414.361786,3907.5,934.33667,562.450012,964.825684,190.455627,131.850006,115.099998,3670.834229,372.425934,302.600006,58.700001,155.050003,371,172.660248,321.904907,123.097771,459.358398,104.258385,28.71302,116.287369,175.74855,114.860481,163.914017,1029.70874,1366.836548,1110.806274,154.199997,293.840668
2017-08-02,2413.350098,4648.334473,413.169525,3864.100098,938.8797,568.549988,986.843933,190.012817,134.399994,114.800003,3744.440918,370.740753,301.850006,58.200001,158.399994,365.350006,174.551605,321.658325,122.333481,453.403503,105.783638,28.808733,114.533134,173.229797,114.813499,161.429749,1014.27002,1368.142822,1107.21582,150.050003,292.843903
2017-08-03,2403.100098,4553.538086,421.465729,3873.949951,950.286682,557.150024,943.652405,187.208389,132.899994,113.400002,3779.644287,382.103699,295.700012,56.950001,142.100006,356.899994,170.121857,323.335144,122.285713,443.104431,106.816887,28.569458,111.994118,175.195801,118.665672,162.648438,991.958679,1351.96814,1097.990234,143.600006,288.15921
2017-08-04,2416.649902,4550.450195,418.186981,3917.399902,955.570435,568.700012,931.027954,186.765594,132.300003,114.25,3896.036377,416.577789,296.25,57.549999,138.350006,352.5,173.207748,320.425354,124.053131,450.767731,106.620071,28.856586,115.594902,174.581314,120.685707,163.257782,988.223511,1375.562012,1103.176514,145.100006,288.458221
2017-08-07,2562.300049,4485.399902,414.759216,4107.799805,965.693542,566.5,940.521179,188.290817,131.050003,114.5,3892.245117,441.133362,300.149994,58.549999,143.550003,373.850006,175.596817,329.697296,126.29821,463.068054,105.14402,29.670122,116.102715,176.423843,128.437027,169.960602,984.189514,1400.252808,1085.32373,146.350006,286.813599
2017-08-08,2540.199951,4446.75,415.106934,4072.350098,945.151062,578.599976,930.729736,175.744644,132.949997,112.300003,3853.546143,419.996307,295.5,56.900002,139.5,365.350006,174.601364,329.401398,132.794647,468.193176,104.553604,29.909397,117.856956,173.414047,127.450493,167.851318,967.007751,1431.215942,1047.025391,142.399994,286.464752
2017-08-09,2554.100098,4296.149902,413.368225,4058.899902,947.620117,561.849976,898.969788,175.990646,131.300003,108.300003,3824.349854,413.73703,290.600006,56.400002,135.949997,361.75,171.366165,321.263763,128.399994,446.472382,102.265724,29.526558,116.472023,173.229797,125.994194,164.289001,939.018982,1403.882568,1049.817871,141.600006,285.567688
2017-08-10,2499.949951,4141.450195,413.566956,4119.200195,898.683655,548.200012,887.687378,161.968475,131.25,104.699997,3830.061035,397.174103,288.75,54.650002,123.300003,339.200012,164.398026,316.183899,119.5,424.361084,95.967911,28.760876,112.409592,173.168976,117.021454,153.508255,930.054626,1353.304443,1049.61853,134.449997,287.212311
2017-08-11,2515.649902,4248.850098,411.877899,4101.950195,906.782104,541.400024,886.693298,153.063156,131.350006,105.650002,3782.155029,413.159271,286.950012,53.599998,127.650002,341.549988,163.054184,315.592102,118.599998,432.31723,98.231178,29.000153,108.62413,171.326431,110.538528,154.867569,948.282166,1322.261475,1028.823608,127.300003,288.757263
2017-08-14,2555.699951,4251.850098,405.916565,4160,929.596069,570.049988,881.524231,178.74588,130.300003,108.800003,3896.528809,422.35556,291.799988,54.700001,136.649994,346.600006,171.415939,314.013885,121.099998,443.104431,101.626099,29.813688,111.670959,172.00174,111.806923,156.414368,969.547729,1336.2323,1070.612793,128.25,287.561157
2017-08-16,2584.25,4266,405.121735,4299.950195,929.200989,590.450012,915.520813,177.90947,130.800003,110.150002,3960.583984,420.23703,294.950012,56.75,138.399994,349.950012,175.696365,311.646576,124.449997,442.957977,102.536331,29.765833,111.855621,175.9328,111.337151,153.88324,974.229065,1342.305176,1073.953979,133.25,289.00647
2017-08-17,2583.850098,4290.5,413.666321,4250.5,942.188232,573.200012,896.13678,182.23912,131.600006,110.050003,3936.704834,417.877808,293.149994,56.450001,139.850006,361.5,174.899994,315.493469,121.150002,452.720154,101.995117,29.526558,113.471359,173.660019,118.00798,158.523651,972.88446,1351.838501,1069.465942,133.399994,287.411652
2017-08-18,2636.350098,4291.75,418.286346,4251.450195,929.250427,565.299988,893.651672,180.517105,135.199997,108.550003,3925.725098,426.014832,293.149994,55.849998,136.300003,363.700012,175.800003,315.542755,124.550003,452.964203,102.487137,28.856586,111.486305,175.9328,115.659096,156.461243,968.501831,1338.276611,1062.983032,132.050003,287.162476
2017-08-21,2622,4224.149902,416.448242,4229.799805,929.447937,561.75,876.255798,177.515854,138.149994,106,3911.299316,417.733337,293.5,54.299999,131.699997,361.899994,171.899994,313.520691,123.400002,443.836578,101.232491,28.569458,111.947945,167.487488,111.337151,151.211502,955.752502,1315.81958,1094.499512,131,286.763794
2017-08-22,2609.899902,4170.700195,419.379242,4198.850098,922.337097,559.25,893.204346,172.497406,133.5,105.300003,3828.583984,433.044464,293.950012,53.849998,129,362.700012,169.449997,310.808136,123.449997,432.366028,100.100845,28.138762,112.548073,169.576019,109.692932,143.336868,954.607117,1303.434204,1126.913696,128.949997,289.305481
2017-08-23,2634.850098,4111.399902,429.116058,4247.149902,928.312195,559.150024,875.510254,182.977127,132.149994,106.650002,3829.420898,440.940735,298.600006,54.849998,133.100006,359.700012,173.350006,310.660217,125.550003,433.879181,100.912682,28.425892,113.656013,171.234314,113.357193,147.36792,967.455994,1332.482788,1121.67749,134.199997,289.056274
2017-08-24,2750.800049,4030.949951,430.159332,4214.100098,944.509094,574.049988,886.544189,183.961151,131.350006,106.449997,3823.266602,448.93335,297.700012,54.599998,135.149994,362.649994,174.850006,311.794525,124.949997,432.707733,101.257088,28.473747,112.825066,174.058929,114.061859,150.742767,971.141357,1331.186523,1172.891724,136.050003,288.458221
2017-08-28,2834,4093.899902,431.599945,4188.299805,1006.976013,574.099976,889.92395,177.220673,133.149994,109.650002,3898.645752,446.140747,300.899994,55,135.850006,367.450012,188.050003,313.915222,128,442.372253,101.798302,27.947342,113.00972,176.946213,115.189316,154.820679,977.565857,1322.949585,1175.78418,136.649994,289.754028
2017-08-29,2970.800049,4006.149902,425.340576,4172.600098,986.828613,568.900024,896.882324,178.696671,133.649994,107.75,3885.352295,449.655579,299.5,54.049999,131.399994,362.100006,189.649994,308.39151,126.400002,442.811554,100.56826,27.755922,112.45575,177.62149,113.404167,154.164474,967.754822,1309.956055,1161.970825,134.75,289.803864
2017-08-30,2962.050049,4036.149902,426.234772,4241.350098,1008.40802,566.349976,927.250549,180.123489,134,108.699997,3927.104004,467.951874,300.299988,54.599998,137.149994,376.75,197.100006,310.462891,132.649994,452.036774,101.552292,27.803774,116.795174,179.371918,116.03492,156.461243,971.440186,1304.571045,1157.283081,136.550003,290.252411
2017-08-31,2904.800049,3997.600098,424.943146,4230.950195,1003.124329,571.900024,907.170715,182.091522,134.5,108.349998,3933.996826,470.26297,298.049988,54.450001,137.100006,391.299988,200.300003,311.153381,138.850006,464.922852,100.642067,27.803774,116.933678,175.134079,114.719536,158.008041,981.101807,1304.650879,1198.374268,136.300003,298.126678
2017-09-01,2912.899902,4079.600098,419.826324,4243.950195,1026.925903,568.400024,904.337708,188.536804,136.050003,110.199997,3987.023193,464.533325,298.299988,57.900002,142.699997,399.25,198.649994,310.068359,139.550003,464.532379,102.65934,27.612356,122.334869,181.30661,116.222824,159.086121,1015.614685,1325.562256,1192.539673,138.800003,295.485321
2017-09-04,2844.449951,4086,413.715973,4219.649902,1022.728577,561.700012,902.498718,184.994354,136.050003,111.699997,3918.044434,458.851868,297.100006,58.400002,139.75,380.700012,195.399994,310.364258,135.399994,451.939178,101.749107,27.420935,124.181435,189.444199,114.907455,154.117615,1066.562256,1339.413452,1173.240845,135.899994,296.33252
2017-09-05,2815.649902,4058.5,403.879791,4260.600098,1040.110596,559.599976,893.353455,188.241592,136.050003,112.150002,3909.723633,464.051849,297.600006,59.200001,140.300003,377.450012,204.800003,309.575195,138.550003,455.111877,102.831535,27.27737,124.504585,189.65979,115.236298,153.648865,1069.251587,1365.041504,1156.984009,137.699997,296.282684
2017-09-06,2768.699951,4076.199951,399.905579,4247.850098,1032.604736,558.299988,894.993591,189.422409,135,111.449997,3890.226563,458.851868,295.350006,60.25,141.5,396.299988,206.100006,314.704315,136.050003,493.0867,102.536331,27.27737,124.089111,189.936172,117.303314,154.305099,1055.605835,1382.362915,1171.495483,133.949997,296.23288
2017-09-07,2816.25,4089.399902,394.739075,4261.100098,1035.27124,554.200012,910.799072,189.668411,135,111.400002,3921.983154,452.014832,292.649994,60.200001,141.75,387.950012,206.449997,316.529144,134.850006,480.835144,104.575127,27.085949,126.997452,187.755508,115.659096,153.039536,1072.83728,1367.694092,1168.752686,133.649994,297.977173
2017-09-08,2782.949951,4060.350098,400.899139,4288.25,1025,552,909.606201,188.733612,136.449997,111.449997,3895.543945,444.840759,292,58.950001,141.949997,378.600006,202.399994,320.819916,134,478.297028,103.829231,27.18166,124.2276,193.682053,116.03492,152.898926,1050.276855,1385.015503,1161.172852,131.25,299.522125
2017-09-11,2797.800049,4208.5,400.352692,4297.299805,1034.678711,553.849976,906.72345,189.570007,137,113.099998,3884.170654,447.777802,290.799988,58.950001,143.149994,378.450012,203.649994,319.537598,136.149994,490.938995,103.655182,27.27737,124.643066,203.41716,119.182426,154.211349,1052.816895,1384.56665,1175.684448,133.100006,300.170013
2017-09-12,2799.449951,4230.75,402.588196,4317.200195,1035.419434,560.5,919.298157,193.309265,142.949997,114.550003,3858.962158,464.340759,291.200012,58.700001,145.800003,390.649994,202.899994,325.603851,138.600006,505.728668,106.166382,27.660212,124.920059,203.570999,119.417313,154.25824,1068.454712,1429.470825,1162.868286,134.5,297.129944
2017-09-13,2778,4229.350098,399.061066,4329.950195,1035.913208,554.400024,925.312134,189.668411,143.75,113.050003,3834,440.555573,292,58.75,141.949997,389.75,202.300003,333.149628,134.399994,496.112976,104.500534,27.660212,122.93499,198.688278,120.826653,160.632919,1055.555908,1406.156128,1168.453613,136.25,294.937073
2017-09-14,2751.649902,4202.899902,396.328766,4340.649902,1045.789429,565.950012,939.974426,190.455627,143.149994,114.550003,3831.735107,442,293.700012,61.400002,147.550003,392.600006,201.600006,327.231354,135.050003,495.673645,105.992332,27.372084,123.772247,199.771591,122.893669,160.680527,1072.239624,1412.348877,1155.288452,137.600006,282.527618
2017-09-15,2749.399902,4208.5,393.447479,4357,1036.209473,561.400024,932.96637,188.487595,147.449997,115.449997,3828.534668,436.222229,291.600006,62.099998,149.149994,385.100006,207.350006,322.595337,135.850006,495.380798,105.594528,26.987915,122.795456,202.880249,122.799706,159.68074,1078.166138,1406.814331,1171.595215,137.350006,284.820129
2017-09-18,2822.699951,4190.049805,394.093292,4388.450195,1042.431519,570.700012,938.085754,190.750839,143.850006,116.849998,3889.488037,432.370392,293,62.299999,150.699997,410.399994,209.850006,326.836792,135.600006,496.698669,106.191246,27.083958,124.423424,204.230179,123.31646,158.918991,1080.257813,1419.448975,1154.690063,137.350006,288.358551
2017-09-19,2853.149902,4151.450195,392.255188,4370.200195,1059.270508,573.400024,927.847046,189.607422,144.949997,119.099998,3883.924561,444.214813,294.649994,62.099998,151.899994,410.649994,209,327.42865,136.899994,497.772522,106.912277,27.131979,123.167557,207.213547,126.416992,160.632919,1064.968506,1406.60498,1147.209839,136.949997,288.308716
2017-09-20,2805.75,4189.299805,394.291992,4351.049805,1050.381958,569.700012,921.435425,188.662857,141.949997,120.25,3797.073486,435.259277,290.549988,62.5,152.850006,404.149994,207.550003,326.787476,134.399994,500.457123,109.473198,26.987915,122.051239,206.051102,125.242546,160.585312,1063.474487,1391.327759,1143.918457,138.899994,290.950104
2017-09-21,2798.699951,4114.850098,397.521057,4328.100098,1039.715576,591.900024,912.2901,183.989792,141.550003,118.400002,3836.806152,435.548157,284.950012,61.549999,151.850006,402.200012,211.149994,318.995087,131.899994,491.134247,111.412544,26.939892,119.35347,206.177338,124.115097,158.395309,1061.532227,1385.952881,1164.962891,135.850006,290.950104
2017-09-22,2693.800049,3985.800049,392.801666,4270.299805,1000.556458,585.349976,889.128723,172.505966,142.149994,113.849998,3733.166016,422.35556,277.100006,60.049999,139.649994,385.600006,202.5,316.923676,127.25,476.588654,107.608452,26.79583,113.539291,206.427902,118.289848,155.967239,997.187927,1396.34375,1148.157227,129.899994,293.491821
2017-09-25,2707.850098,3951.600098,387.237762,4281.100098,976.211731,577.200012,890.570129,165.645508,139.550003,111.349998,3698.504395,409.5,279.5,59.849998,134.149994,384.700012,192.699997,313.619324,123.25,465.264526,105.09726,26.075512,112.097374,208.814987,121.014557,159.347488,978.163452,1385.583862,1120.530518,130.100006,290.950104
2017-09-26,2697,3937.850098,384.853241,4326,997.494873,579,910.351685,168.230591,136.399994,112.349998,3729.818115,400.207428,282.75,60.25,138.199997,379.649994,196.350006,312.28772,120.449997,467.021698,105.619385,26.075512,114.376526,219.396698,118.759628,153.110703,1002.666138,1369.977661,1101.481079,130.899994,289.305481
2017-09-27,2761.149902,3897.699951,383.46228,4301.75,974.63147,570.099976,902.101074,159.0336,137.949997,110.550003,3670.391113,401.603699,276.399994,58.349998,133.300003,368.5,188.100006,310.068359,121.25,449.645081,103.182777,25.787384,110.004265,220.150314,113.498123,144.588684,1045.396362,1345.077515,1088.116455,126.449997,287.361816
2017-09-28,2866.800049,3886.649902,379.587372,4339.700195,969.594666,582.650024,888.880249,160.922714,134.75,111.300003,3682.847656,400.688904,275.950012,59.299999,134.800003,371.149994,190.350006,307.207855,122.099998,447.936707,104.724312,25.739363,108.748405,218.737289,114.625587,143.826935,1050.077759,1346.054688,1084.825073,128.350006,284.969635
2017-09-29,2796.449951,3899.899902,386.939697,4344.25,974.582092,586.099976,918.85083,163.358673,135.100006,112.650002,3716.820068,410.992584,276.600006,59,134.649994,372,195.100006,306.517365,126.900002,463.60495,105.718842,25.979469,109.539139,222.097473,114.531631,145.588455,1050.227173,1374.335327,1095.895874,126.650002,279.338013
2017-10-03,2884.350098,3897.199951,382.170624,4340.049805,984.260742,578.900024,924.019897,166.490616,135.399994,112.5,3748.035156,418.503723,278.399994,59,144.199997,367.25,194.350006,303.903503,127.099998,465.508575,106.091789,26.843851,110.60894,222.787979,117.021454,144.969543,1057.199463,1387.907471,1096.145264,126.699997,282.029236
2017-10-04,2925.949951,3866.850098,374.718964,4341.850098,984.754578,581.049988,919.099365,165.695206,133.25,113.099998,3736.858643,427.700012,276.100006,59.25,145,367.350006,194.649994,306.320099,125.199997,462.335876,106.091789,26.747808,110.748482,220.087204,117.11541,147.302383,1044.300659,1385.583862,1078.491943,126.050003,281.829895
2017-10-05,2967.050049,3848.5,375.265442,4363.649902,991.124695,585.349976,914.377625,170.219131,135.100006,114.150002,3698.011963,419.514832,271.799988,59.099998,147.850006,394.100006,193.399994,309.427216,126.449997,465.899078,106.887413,26.555723,110.701965,219.648239,117.350296,146.635864,1053.215332,1376.329834,1066.324219,125.949997,282.677124
2017-10-06,2937.75,3849.100098,379.835785,4361.850098,1029.592529,585.400024,905.232361,170.616852,135.550003,117.650002,3647.299805,428.951874,271.950012,59.700001,152.75,404.350006,197.449997,310.61087,126.949997,481.908997,107.459274,26.699787,113.771858,219.836639,117.632156,148.11174,1049.231079,1368.471924,1095.945679,129.949997,285.667358
2017-10-09,2904.350098,3797.949951,376.507385,4344.5,1039.518066,585.549988,903.144836,172.058548,135.850006,117,3620.170898,423.703705,271.75,64.5,158.050003,413.450012,197.050003,309.476532,125.900002,474.6362,108.478668,26.267597,112.841591,216.916367,115.706078,144.874329,1061.681641,1346.383911,1098.139893,131.649994,285.866699
2017-10-10,2903.399902,3793.899902,382.120972,4348.600098,1043.616577,590.150024,901.454956,171.06427,134.5,117.949997,3638.73291,420.38147,269.799988,64.099998,156.5,412.899994,202.75,312.337036,126.849998,479.517303,109.423477,26.555723,112.097374,221.374954,115.987938,145.445633,1076.871338,1343.083008,1103.076782,131.550003,286.06604
2017-10-11,2902.600098,3798.449951,400.948792,4375.950195,1019.271912,586.150024,885.251953,169.423721,134.25,117.099998,3633.120117,438.148163,267.600006,63.900002,151.5,404.149994,199.649994,309.77243,126.800003,471.219452,110.020195,27.131979,111.213615,217.293182,113.87394,144.303024,1095.347778,1337.947388,1091.806641,125.900002,289.704163
2017-10-12,2903.449951,3785.25,397.670074,4544.450195,1031.864014,589.650024,892.856445,171.859695,135.050003,118.050003,3693.630127,439.399994,267.549988,66.550003,161.699997,410.200012,203.100006,314.950897,128.850006,483.568573,120.313606,27.276041,111.074081,218.046783,112.699501,146.016953,1100.37793,1332.283447,1114.546387,126.800003,292.495087
2017-10-13,2910,3734.850098,428.122528,4582.200195,1031.222046,592.849976,901.305847,171.959106,136.050003,117.199997,3706.283691,442.577789,271.299988,66.199997,162.649994,411.350006,204.600006,312.682251,129.550003,486.301971,121.009781,26.987915,112.05085,219.616196,116.222824,147.635651,1091.214355,1371.074585,1136.83728,127.650002,290.950104
2017-10-16,2896,3733.550049,450.378113,4540.100098,1018.728699,606.75,893.204346,171.959106,136.050003,124.800003,3718.887695,443.396332,274.25,65.449997,164.600006,409.149994,203.75,314.013885,127.300003,491.378296,119.120171,27.564169,114.423042,218.517792,115.800034,145.159973,1096.094849,1345.197144,1141.325439,127.349998,289.754028
2017-10-17,2865.350098,3699.600098,462.946594,4615.299805,1025.790161,632.099976,887.886169,177.725891,138,125.949997,3731.098145,453.362976,273.899994,64.949997,161.75,411.25,205.899994,317.466217,128.649994,488.400818,124.440918,27.324064,114.888176,216.790131,120.450813,147.683273,1103.565186,1339.9021,1136.188965,127.849998,288.906769
2017-10-18,2883.25,3739.25,458.972382,4685.850098,1020.901367,611,883.760864,177.328186,137.25,126.449997,3695.599609,446.140747,263.149994,63.299999,161.199997,426.600006,207.449997,312.189056,130.699997,490.938995,124.963051,26.987915,113.864883,215.659714,123.786232,151.920471,1099.879883,1345.526245,1135.19165,126.150002,293.790833
2017-10-19,2913.899902,3772,470.69632,4636.25,1016.555969,607.799988,886.295654,174.245941,136.600006,124.199997,3678.46582,443.300018,257.850006,63.599998,159.949997,416.149994,204.949997,310.166992,129.800003,487.717499,126.106766,26.891872,113.5858,213.901901,122.376907,149.587631,1080.506836,1355.179199,1130.005371,125.849998,291.099609
2017-10-23,2898.300049,3751.449951,494.144196,4655.200195,1013.889343,592.900024,892.856445,178.173309,138,125.25,3733.264648,442.096313,262.549988,63.75,157.800003,411.950012,209.600006,313.175446,129.600006,487.131775,126.3554,26.36364,111.911324,213.398865,124.396942,148.825882,1106.702759,1359.546875,1133.745483,126.650002,295.933838
2017-10-24,2903.949951,3737.600098,498.813904,4625.850098,1017.69165,595.049988,889.973694,177.228745,141.149994,124.650002,3697.962646,448.740753,266.549988,63.650002,161.899994,407.299988,211.5,308.983337,130.600006,487.229401,129.338989,26.36364,112.609024,216.633759,124.209038,148.683044,1111.782471,1359.995728,1123.073853,131.399994,295.834137
2017-10-25,2876.649902,3751.850098,512.425598,4644.25,1014.432556,592.650024,913.383545,180.758408,147.850006,120.800003,3711.994873,445.370392,305.700012,63.400002,165.399994,402.700012,195.199997,310.709503,129.699997,475.856476,122.551308,26.987915,113.027641,213.27356,132.852936,155.967239,1085.487061,1362.029907,1122.625,176.300003,297.927307
2017-10-26,2966.399902,3753.75,508.004272,4604.649902,1017.494141,611.5,902.299927,181.006973,144.199997,119.449997,3693.482422,463.377808,299.25,66.300003,168.149994,406.450012,196.199997,309.180634,134.399994,474.88028,127.449379,26.891872,118.376686,220.903946,134.966919,159.061829,1114.372314,1354.451172,1114.895386,186.399994,301.316254
2017-10-27,2977.399902,3849.100098,482.171844,4597.350098,991.124695,625.049988,906.574341,183.293808,149.350006,120.050003,3728.734863,439.159271,301.149994,63.200001,166.449997,411.450012,198.5,306.813293,134.300003,469.755127,127.026703,27.372084,120.190704,221.029221,136.611145,165.10817,1154.911255,1354.37146,1105.171265,175.600006,295.983673
2017-10-30,2946.949951,3835.75,489.72287,4745.899902,989.44574,626.049988,906.375488,186.823456,155.199997,122.150002,3774.375977,437.955566,300.549988,61.799999,165.550003,439.700012,201.050003,308.588806,135.449997,484.935272,132.148544,27.61219,120.934921,235.56839,135.765564,162.394455,1176.375977,1432.322754,1127.212769,184.25,292.295715
2017-10-31,2968.949951,3854.600098,493.995178,4639.5,1006.087158,627.599976,899.765137,200.196411,154,121.75,3791.017334,430.588898,300.100006,62.950001,163.100006,465.799988,201.149994,310.956116,142.350006,481.567322,129.338989,27.420105,119.213921,231.76828,130.832886,164.91774,1163.377563,1430.368286,1128.010742,176.449997,293.093109
2017-11-01,2946.649902,3812.600098,535.625061,4697.25,1005.741455,626.75,889.675476,207.454575,150.149994,120.550003,3760.934814,426.88147,313.399994,64.650002,164.199997,453.600006,200.800003,311.646576,139.949997,499.676147,130.706482,27.660212,119.53952,232.553925,131.537567,165.251007,1192.561646,1448.048706,1154.440674,179.649994,292.594727
2017-11-02,2949.800049,3762.25,539.698669,4658.649902,1004.210693,636,891.713257,206.659164,152,118.150002,3678.711914,428.85556,316.649994,63.799999,163.100006,473.600006,198.649994,308.144928,138.050003,494.160522,130.557297,27.948339,119.86512,226.30455,136.611145,173.011276,1296.747681,1501.099976,1158.380127,171.050003,292.295715
2017-11-03,2928.5,3820.050049,537.76123,4658.100098,988.655701,640.099976,899.118958,212.6745,152,115.900002,3632.627686,429.14444,315.899994,63.049999,165.300003,475.649994,198.649994,308.243561,136.100006,485.374573,130.68161,27.996359,118.981361,227.655411,133.463654,171.344955,1295.203735,1507.013306,1132.050049,173.5,293.591461
2017-11-06,2914.949951,3877.5,529.11731,4643.049805,982.680603,654.799988,897.230225,214.563614,151,116.300003,3632.430908,417.97406,316.100006,62.299999,162.5,478.350006,195.399994,311.268921,133.649994,480.591095,131.253479,27.468126,121.539589,232.898697,129.517517,158.442902,1302.823486,1534.356689,1120.099976,176.550003,298.874237
2017-11-07,2853.449951,3904.600098,511.034607,4649,972.557495,607.549988,882.070984,207.504288,151,113.900002,3625.193115,428.229645,312.450012,60.75,160.350006,437.850006,192.399994,307.846771,130.850006,457.259552,142.019287,27.516148,121.074463,235.159546,127.732361,158.966599,1275.930298,1512.109009,1119.800049,166.050003,301.266418
2017-11-08,2865.850098,3861.100098,492.107391,4653.5,979.026367,622.599976,874.665344,212.624786,150.850006,112.900002,3567.144775,418.648163,305.5,59.349998,157.850006,463.350006,190.800003,308.045135,127.050003,463.312103,138.289795,26.891872,118.609245,228.409012,129.141693,158.633347,1268.260864,1510.433716,1118.75,162.899994,301.415924
2017-11-09,2908.550049,3898.5,500.999725,4757.950195,999.568848,614.549988,869.645325,210.636246,150.050003,114.599998,3542.724121,415.56665,311.299988,60.599998,164.300003,459.399994,188.399994,309.880219,128,478.6875,137.668213,26.699787,117.213852,228.471207,129.517517,156.586151,1258.400024,1547.968506,1121.199951,166.649994,301.515625
2017-11-10,2925,3937.699951,500.204895,4873,999.963928,609.299988,867.309326,206.708862,151.25,112.150002,3549.96167,401.411133,318.5,62.450001,165.5,499.299988,187.350006,307.995575,126.300003,472.293274,136.549362,26.891872,117.306877,227.403885,124.458618,153.15831,1255.599976,1555.626953,1120.150024,167.350006,301.665131
2017-11-13,2898.899902,3925.800049,494.790009,4882.299805,1005.6427,602.099976,854.58551,201.140961,150,114.599998,3525.146973,404.540741,314.25,62.599998,171.699997,534.150024,181.850006,306.50766,122.550003,455.94165,133.690079,26.123533,117.306877,223.635803,125.14624,153.205902,1279.949951,1540.878296,1119,167.800003,297.628296
2017-11-14,2861.800049,3879.850098,494.939026,4788.350098,1012.111694,602.450012,841.613159,204.869476,150.25,111.150002,3599.29541,395.970398,314.100006,61.549999,170.399994,544.950012,184.649994,295.249207,122,440.615082,134.386246,26.027491,116.748711,220.558212,123.083397,152.58699,1249.650024,1524.374634,1115.400024,164.300003,297.528625
2017-11-15,2814.399902,3867.25,483.612518,4749.75,1003.371216,593.650024,847.17981,202.433517,152.399994,110.599998,3615.641602,398.47406,315.5,60.299999,161.100006,509.399994,183.050003,287.71051,121.349998,419.772858,131.775604,25.979469,113.864883,221.374954,119.792648,147.111954,1219.199951,1494.099609,1111.25,164.75,295.535126
2017-11-16,2852.350098,3956.949951,486.742218,4736.700195,990.137085,592.849976,845.390503,207.504288,155.100006,112.25,3601.067871,397.222229,318.950012,60.700001,165.850006,524.400024,186.550003,301.746399,120.599998,447.204529,132.297729,25.883429,115.120743,220.307648,123.034271,148.159363,1226.099976,1502.85498,1148.800049,173.5,296.681396
2017-11-17,2834.449951,4005.949951,490.319,4750.049805,992.211121,608.549988,851.006836,222.567505,155,112.400002,3575.613037,399.437042,325.100006,61.099998,164.75,551.450012,190.149994,304.920563,121.599998,445.691376,133.814392,25.883429,115.864967,222.034363,124.065704,153.443954,1300.949951,1547.310303,1137.900024,170.649994,294.189514
2017-11-20,2841,4010.800049,489.474487,4763.200195,994.334473,604.25,850.609253,226.345718,155.850006,113.400002,3602.643555,400.159271,318.549988,61.700001,173.949997,551.25,187.949997,301.3992,126.900002,439.004333,131.825333,26.36364,117.213852,221.563354,124.949776,151.777634,1279.650024,1535.742798,1135.599976,170.600006,293.392151
2017-11-21,2857.399902,4013.100098,500.006165,4816.899902,1002.926758,616.099976,844.992859,221.125793,155.5,111.849998,3622.485107,403.192627,319.899994,61.049999,172.699997,537,178.5,302.887115,126.199997,441.640106,134.709473,26.267597,117.585953,222.662704,125.882965,154.777008,1267,1544.667725,1130,168.149994,293.043274
2017-11-22,2865.300049,4000,495.882935,4775.149902,1020.65448,619.25,862.438477,218.590408,153.199997,113.050003,3605.302002,403.962982,318.899994,60.650002,173.550003,528,178.300003,300.208862,124.849998,449.937927,133.317123,25.931448,117.027794,227.434967,125.686508,154.300919,1250.099976,1541.327148,1126.050049,169.850006,293.342285
2017-11-23,2893.800049,3977.699951,493.150665,4782.350098,1005.6427,617.599976,852.100342,221.473801,152.300003,113.050003,3621.106689,409.211121,319.450012,60.799999,171.75,530.599976,180.25,302.936707,125.400002,442.762726,132.297729,25.883429,117.911552,228.376999,126.079437,156.586151,1234.199951,1532.322388,1130.699951,166.800003,292.594727
2017-11-24,2888.449951,3996.899902,493.597717,4742,996.655396,615.700012,856.871765,227.290283,153.949997,112.099998,3597.375244,414.362946,317.200012,61,172.850006,532.700012,177.850006,307.102814,126.099998,440.322205,131.750748,25.931448,118.051094,231.611893,125.048012,155.586349,1239.599976,1524.085449,1122.849976,167.300003,291.747528
2017-11-27,2892.449951,3990.899902,494.790009,4796.899902,1008.309326,614.799988,855.380737,232.062775,154.75,112.25,3606.976074,408.007416,317,63.400002,172.75,535.650024,178.699997,309.384277,126.550003,452.13443,131.228607,25.931448,117.353386,232.961807,125.244469,153.301132,1263.900024,1518.052368,1116.75,168.100006,293.840668
2017-11-28,2882.100098,3939.699951,488.828674,4794.700195,1002.432983,611.799988,858.909607,228.781693,151.649994,113.099998,3617.414063,402.181488,313.200012,62.549999,172.800003,523.950012,178.850006,308.739502,125.349998,443.543732,130.557297,26.843851,117.772003,234.374847,122.150192,151.491989,1275.949951,1514.921143,1110.050049,165.149994,293.890503
2017-11-29,2815.899902,3962.100098,492.554504,4811.149902,1011.469727,607.900024,860.997131,228.085693,150.649994,112.400002,3600.378662,400.929657,314.850006,61.950001,171.949997,526.700012,175.600006,308.392334,125.150002,443.397308,131.452377,26.891872,118.609245,231.737183,121.462578,150.968292,1339.650024,1524.614014,1106.900024,163.800003,297.678131
2017-11-30,2853.649902,4037.600098,493.25,4815.600098,1000.605896,600.900024,862.48822,231.913635,150.100006,110.650002,3578.074951,401.266693,307.549988,62.349998,171.949997,530.150024,172.600006,303.53186,122.300003,431.87793,130.706482,27.228022,118.702271,227.309692,118.712112,146.683472,1327.550049,1490.629272,1155.050049,164.100006,290.950104
2017-12-01,2890.300049,3990.649902,481.029266,4805.950195,983.766968,598.099976,838.531555,224.605743,146.649994,108.5,3548.927734,394.38147,305.25,60.900002,168.149994,509.950012,167.600006,307.896362,123.699997,430.023132,129.537903,26.843851,120.237221,226.336578,116.993073,146.207382,1327.75,1507.382324,1155.650024,158,288.458221
2017-12-04,2901.5,3989.149902,481.178314,4763.25,969.594666,596.700012,853.839966,227.687988,146.25,106.400002,3546.318115,397.125916,304.25,59.650002,169.25,491.700012,164.550003,309.582672,121.550003,429.486237,127.275337,27.276041,123.679222,226.681351,118.613884,145.159973,1293.900024,1552.735107,1160.25,159.050003,289.00647
2017-12-05,2896.600098,3946.050049,487.487366,4761.850098,977.495605,596.450012,864.675049,228.980545,145.5,108.050003,3466.704834,396.740753,305.25,59.700001,164.899994,501.700012,170.800003,307.251617,121.699997,427.875458,127.623421,27.035936,122.795456,222.568497,117.189537,144.921936,1372.650024,1517.773193,1138.050049,161.149994,282.527618
2017-12-06,2900.149902,3958,480.333801,4760.450195,965.3479,596.450012,854.287292,230.024521,145.399994,107.949997,3451.983398,390.962982,299.5,58.900002,158.449997,507.049988,167.949997,303.283875,120.849998,420.553833,126.280807,26.891872,119.306953,218.485779,116.25634,144.350632,1342.650024,1538.794189,1138.050049,155.149994,281.580688
2017-12-07,2900.699951,3980.649902,511.382385,4923.25,980.409058,593.450012,861.891724,238.177551,144.350006,109.699997,3496.787598,397.366669,305.799988,59.349998,163.350006,510.649994,172.300003,307.003632,122.800003,424.605133,126.57917,27.035936,120.748871,219.522003,116.894836,145.064774,1347.5,1538.55481,1141.099976,157.600006,280.284943
2017-12-08,2948.800049,3999.449951,521.765015,4855.850098,995.96405,603.099976,852.945251,237.034119,143.899994,109,3465.720215,412.581512,310.75,59.799999,165.199997,527.349976,171.699997,309.433868,123.349998,428.802856,129.015778,27.179998,122.376839,226.587158,118.810341,145.683685,1375.449951,1526.169556,1182.900024,155.75,281.979401
2017-12-11,2911.449951,4041.850098,529.266357,4869.200195,997.692383,603.650024,852.448242,238.028397,144.449997,108.300003,3461.092041,416.529633,311.450012,59.75,165.399994,530.400024,171.399994,310.524994,123.550003,427.387329,126.405121,27.852297,121.818672,224.891525,118.220955,143.969757,1391.449951,1530.527344,1175.900024,154.649994,288.458221
2017-12-12,2854.199951,3996.149902,520.473389,4860.100098,994.433289,591.650024,845.191711,232.559906,144.899994,106.849998,3389.060791,399.581512,307.600006,58.75,163.649994,514.950012,166.050003,305.614929,120.599998,421.188385,124.888458,27.564169,120.934921,222.882187,113.997032,139.970596,1363.650024,1522.699341,1174.900024,150.75,286.863434
2017-12-13,2890.5,3981.949951,514.015259,4814.850098,1001.099731,578.150024,841.265198,226.494858,144.899994,105,3367.150879,407.67038,302.950012,57.799999,161.100006,505.450012,163.449997,305.466156,124.099998,403.177185,122.352402,27.564169,119.632545,223.793121,113.211182,138.780365,1370.800049,1527.545654,1139.150024,147.399994,286.265411
2017-12-14,2832.850098,3947.850098,516.946228,4694.850098,989.396362,590.450012,839.227417,226.296021,145.899994,103.75,3407.622559,421.055573,304.350006,57.299999,161.800003,491.5,163.600006,305.66452,123.550003,412.06076,122.054039,27.61219,119.167419,222.159653,114.242607,137.114059,1365.949951,1512.557861,1149.550049,146.550003,287.660858
2017-12-15,2887.75,4024.949951,514.61145,4703.600098,1002.28479,576.450012,837.885437,230.372513,148.050003,107.75,3449.423096,427.362976,303.149994,57.950001,164.949997,495.049988,167.949997,303.482269,125.599998,419.431183,124.540375,27.324064,121.493095,223.16478,115.519608,139.637329,1406.800049,1539.083374,1175.25,148.199997,288.757263
2017-12-18,2930.449951,4080.300049,522.85791,4699.5,995.569031,591.650024,845.738403,230.223373,145.100006,108.150002,3481.278564,421.585175,308.899994,58.299999,175.949997,495,170.800003,305.416534,122.800003,429.38858,124.043106,27.083958,123.865257,220.998154,116.845718,144.112595,1416.800049,1530.11853,1203,154.649994,294.837402
2017-12-19,2960.449951,4161.549805,533.141174,4756.549805,995.322083,603.900024,850.758362,232.709061,145.100006,109.599998,3644.394775,420.188904,313.700012,58.5,179.949997,495.799988,177.399994,310.723389,123.800003,434.025635,125.410591,27.179998,126.237457,221.87706,118.859459,149.397186,1455.349976,1530.407715,1198.599976,150.600006,291.448486
2017-12-20,2949.350098,4261.899902,525.490845,4745.399902,995.272705,600.650024,866.315247,243.844879,145.350006,108.400002,3691.857666,415.470398,315.799988,58.5,185.100006,498.149994,178.649994,316.476593,124.449997,434.172058,125.957581,27.228022,125.818832,222.06546,118.76123,148.254562,1435,1515.728882,1200.050049,148.100006,295.535126
2017-12-21,2950.449951,4290.649902,520.721741,4732.700195,1039.221802,599.799988,876.056946,242.055191,147.600006,107.949997,3747.739746,410.992584,315.450012,60.150002,185.350006,495.350006,180.600006,314.393555,126.349998,460.969177,125.410591,28.332508,125.121132,225.079926,119.105034,149.492401,1437.900024,1511.859741,1221.849976,148.100006,296.781067
2017-12-22,2927.300049,4326.049805,525.143066,4746.649902,1036.160156,601.200012,871.931702,243.844879,147.550003,107.650002,3734.790771,413.399994,316.600006,60.950001,184.600006,489.899994,178.75,314.393555,128.25,452.378479,126.305672,29.148869,125.772308,225.394562,118.810341,149.159134,1465,1513.046387,1223.400024,148.199997,300.618561
2017-12-26,2945.25,4327.350098,539.450256,4745.600098,1041.24646,611.75,920.143127,251.799057,148,109.550003,3755.469727,414.555573,318.149994,60.450001,192.649994,523.799988,179.449997,316.278229,131.149994,452.81778,125.137093,30.445442,130.609711,224.45253,120.087349,150.206543,1462.449951,1511.780029,1219.150024,148.100006,301.914307
2017-12-27,2931.199951,4401.549805,531.203796,4735.149902,1039.666138,612.650024,914.079407,246.877411,145.25,109.400002,3728.734863,410.077789,312.799988,61.849998,194.649994,525.799988,176.75,315.087891,128.350006,464.825226,124.092834,30.3494,127.725891,226.650269,119.252388,149.159134,1453.599976,1512.966553,1224.550049,148.300003,305.602264
2017-12-28,2877.300049,4482.299805,527.924988,4666.049805,1031.123291,606.049988,907.618042,262.288605,146.699997,109,3659.80542,406.996307,315.299988,62.799999,202.449997,523.5,173.449997,314.889526,129.199997,462.579926,123.023705,30.541483,128.888718,236.101563,117.729805,147.111954,1453.849976,1513.69458,1241.349976,145.899994,306.997711
2017-12-29,2867.350098,4484.649902,526.236023,4709.25,1035.024414,608.5,896.534424,257.864105,145.100006,108.5,3727.257813,403.096313,314,62.900002,205.050003,522.200012,174,319.898773,128.850006,463.360901,122.775078,31.357845,128.191025,233.307541,119.596191,148.302185,1481.400024,1530.806519,1294.5,144.300003,313.227386
2018-01-01,2864.449951,4455.5,524.497314,4738.25,1050.826294,611.5,907.618042,255.229294,147.050003,108.699997,3691.759277,398.425934,310.299988,63,206.199997,525.900024,172.899994,318.113312,127.150002,459.114349,122.824806,30.925653,131.214386,234.217514,121.609932,150.825455,1473.449951,1510.922363,1305.449951,144.899994,315.519867
2018-01-02,2839.800049,4466.850098,513.220398,4656.049805,1039.024292,607.799988,916.813049,252.445328,146.399994,107.599998,3686.5896,391.348145,309.700012,61.599998,203.399994,517.200012,170.75,323.072968,125.349998,447.985504,121.109238,30.589504,138.237915,235.034256,121.462578,150.111313,1463.349976,1511.052002,1300.25,141.949997,317.662903
2018-01-03,2843.550049,4513.25,514.859802,4680.950195,1044.900513,606.799988,925.809204,256.820099,149.199997,107.699997,3697.765869,395.729645,315,61.700001,219.550003,515.400024,170.050003,318.262085,126.349998,446.472382,121.059509,31.405867,138.84259,236.698807,121.560814,150.301758,1452.099976,1508.479126,1294.900024,143.149994,308.941376
2018-01-04,2828.5,4603.149902,519.628845,4626.399902,1076.553833,616.75,967.161743,256.024689,151.350006,108.650002,3681.715088,403.337067,314.700012,61.700001,244.550003,516.049988,172.399994,320.741913,128.199997,450.962982,123.893921,32.41431,143.959076,239.61908,123.083397,154.205704,1468.849976,1512.109009,1293.050049,147.5,310.635834
2018-01-05,2829.800049,4624.399902,536.519287,4644.100098,1073.788452,615.150024,951.505432,258.460663,154,112.099998,3687.377197,399.629639,312.899994,64.449997,239.050003,551.25,175.149994,324.312897,128.550003,460.432251,124.614967,32.222225,147.494095,238.959671,122.837814,153.729614,1480.050049,1522.81897,1351.449951,145.300003,308.542664
2018-01-08,2864.899902,4693.799805,513.021729,4693.75,1116.255981,615.049988,951.853333,258.758942,184.100006,115.550003,3728.833252,405.551849,314.149994,66.650002,256.450012,569.549988,183.800003,320.543518,133.649994,459.163177,126.057037,31.838057,150.56398,238.488663,124.458618,156.110062,1509.900024,1542.174683,1340.900024,145.649994,310.137451
2018-01-09,2841.25,4714.5,506.513947,4641.950195,1108.750122,615.599976,928.741638,268.303955,175.699997,115.150002,3692.10376,401.796295,312.600006,65.199997,248.75,560.950012,183.050003,321.237885,132.399994,460.383453,124.739281,31.501907,143.912552,237.231979,124.262161,155.586349,1515.800049,1568.670288,1328.5,144.100006,316.167786
2018-01-10,2880.350098,4703.299805,503.135864,4674.75,1122.724976,619.75,919.894653,267.806824,181.100006,113.150002,3679.745605,408.825928,312,63.950001,262.399994,572.349976,181.300003,319.055634,133.399994,444.617584,124.316605,31.16576,144.470718,241.063187,122.592239,154.586578,1521.099976,1580.357666,1363.400024,141.75,325.636871
2018-01-11,2837.199951,4729.549805,511.432037,4721.549805,1162.624634,612.349976,931.12738,268.950226,185.399994,114,3648.973633,405.359283,309.5,65.550003,267.350006,583.650024,181.699997,313.748779,133.649994,440.371033,123.595566,30.973675,144.517242,240.62326,125.58828,154.586578,1504.900024,1582.362061,1352.300049,138.800003,320.055084
2018-01-12,2812.850098,4728.049805,506.265533,4708.299805,1144.403198,612.099976,936.296448,267.011383,192.050003,115.050003,3630.953613,410.125916,317.700012,65.650002,264.850006,607.849976,180.800003,310.177826,133.699997,440.761505,124.142555,30.445442,144.145126,241.503113,123.967468,153.634399,1509.900024,1623.227417,1332.300049,137.600006,317.762543
2018-01-15,2808.899902,4700,501.248108,4719.850098,1147.612915,610.25,930.381836,265.321136,193,113.599998,3573.299072,410.270355,329.299988,63.950001,267.299988,606.150024,178.899994,308.888306,132.5,442.372253,123.695023,30.3494,143.679993,237.640823,122.395775,152.634598,1499.699951,1594.986572,1370.099976,139.550003,313.974945
2018-01-16,2776.699951,4626.5,494.04483,4677.350098,1123.366821,601.400024,930.332153,256.074402,216.149994,104.75,3531.252197,395.200012,334.100006,59.900002,270.700012,637.700012,173.800003,311.120148,129.949997,428.168335,121.084373,29.100847,138.005356,237.766113,118.859459,146.588257,1510.949951,1571.153442,1338.949951,136.350006,330.869781
2018-01-17,2770.550049,4600.700195,496.677765,4749.799805,1122.922485,607.150024,927.101501,261.09549,205.550003,105.099998,3512.296631,404.733337,343.25,61.700001,269.700012,635.450012,173.649994,308.243561,128.550003,421.96936,121.705956,29.629082,139.028641,238.771255,119.841766,148.016525,1505.099976,1620.046265,1389.449951,140.5,324.640137
2018-01-18,2724.699951,4600,491.809357,4631.5,1092.355713,603.650024,900.808838,248.766525,202.600006,102.150002,3538.391357,396.5,346.149994,58.900002,264.350006,557.650024,171.100006,308.491516,126,420.944336,118.22509,28.284487,133.772644,236.133606,117.140419,145.636063,1456.300049,1621.312744,1406.75,137.899994,324.29126
2018-01-19,2800.5,4575.350098,494.690643,4684.450195,1095.318604,602.75,897.926086,247.871689,198.75,103.150002,3534.846436,400.785217,353.600006,58,264.149994,556.650024,172.25,311.566528,125.949997,423.921783,119.493118,28.668657,136.191315,235.285782,118.073608,148.968704,1428,1656.932861,1462.300049,141.350006,327.879547
2018-01-22,2800.850098,4650.149902,487.537079,4707.350098,1097.491211,601.150024,908.264221,249.512222,203.550003,101.599998,3547.844482,386.918518,351.5,58.549999,263.75,603.900024,178.300003,313.79837,129.850006,422.945557,120.487656,28.860741,134.098221,233.495941,117.877151,148.206955,1476.25,1604.609619,1424.599976,140.350006,320.503601
2018-01-23,2827.649902,4542.950195,488.92804,4736.450195,1086.973145,622.349976,904.785034,258.162384,200.800003,103.25,3574.480713,381.23703,362.299988,58.200001,290.75,600.75,179.649994,311.318542,131.5,425.142059,120.239021,29.244911,139.028641,235.599472,118.859459,150.206543,1468.800049,1584.884888,1378.650024,145.050003,314.224121
2018-01-24,2819.149902,4564.75,456.538177,4719.25,1074.578613,618.299988,905.928162,257.4664,197.550003,103.25,3589.743652,374.73703,352.75,58.049999,276.5,572.349976,179,310.128204,131.449997,416.990631,118.324539,28.860741,134.981979,238.048721,119.350616,152.58699,1437.900024,1551.717896,1357.949951,148.899994,312.928375
2018-01-25,2819.75,4666.350098,449.782013,4625.600098,1056.258179,621.400024,905.679688,252.147049,197.149994,101.150002,3516.580078,369.922211,360.799988,56.599998,280.200012,578.849976,176.649994,304.970184,127.550003,415.819214,116.832741,28.524593,133.679596,239.713272,116.649261,150.301758,1446.199951,1547.11084,1326.900024,141.75,310.934875
2018-01-29,2817.199951,4649.200195,437.76001,4692.100098,1040.456299,615,891.862366,252.594467,195.300003,100.75,3586.051025,361.255554,357.649994,55.450001,266.049988,561.900024,177.949997,308.19397,128.550003,409.81546,114.619911,28.668657,133.307495,230.135757,115.519608,150.063721,1431.449951,1518.989746,1286.599976,137.699997,310.137451
2018-01-30,2800.649902,4585.049805,440.600006,4705.600098,1054.036011,605.950012,903.791016,252.445328,198.899994,100.650002,3631.446045,378.444458,353.25,56.799999,268.350006,518.700012,176.050003,312.90564,129.050003,412.207184,111.785492,28.716677,133.679596,225.739334,115.274025,149.301971,1374.849976,1532.970581,1258.400024,136.100006,306.299988
2018-01-31,2808.449951,4551.25,439.850006,4684.149902,1041.690796,592.150024,898.522522,248.667099,191.300003,100.449997,3634.990967,382.970398,352.950012,56.349998,266.450012,516.099976,172.600006,306.904419,128.949997,405.373688,112.357346,28.284487,130.516693,225.425644,114.733765,148.064133,1379.75,1533.947754,1303.25,136.25,304.700012
2018-02-01,2801.949951,4582.149902,438.399994,4740.5,1032.407227,587.049988,897.677551,243.596313,190.050003,97.550003,3675.856201,377.818542,346.200012,55.650002,265.950012,512.150024,171.050003,308.19397,129.050003,426.996857,113.799423,27.996359,131.819061,224.766235,114.930222,146.112152,1380.050049,1709.156372,1363.150024,132.100006,300.75
2018-02-02,2781.449951,4136.399902,422.350006,4726.450195,987.816223,581.150024,824.266907,222.120071,182,93.300003,3568.031006,360.629639,335.100006,52.450001,250.550003,449.149994,157.699997,302.043945,117.050003,392.536438,108.87648,26.747808,123.539673,217.072739,108.987244,138.447098,1321.900024,1654.509644,1308.349976,127.5,300.600006
2018-02-05,2742.699951,4198.350098,440.200012,4616.700195,988.013733,580.099976,802.198975,226.992004,176.550003,94.199997,3580.782715,369.633362,329.700012,53.25,259.549988,449.399994,158.399994,293.017365,117.949997,386.63031,102.387154,26.939892,123.586189,211.389526,110.36248,140.637115,1345.800049,1632.321899,1265,126.650002,298.75
2018-02-06,2694.300049,4105.649902,439.149994,4530.450195,977.248718,564.25,804.9823,224.158325,168.850006,93.150002,3487.679199,363.614838,330.700012,51.700001,253.899994,421.899994,159.350006,296.786713,114.949997,382.383789,99.875961,26.939892,118.888336,219.333588,106.629707,137.637756,1362.349976,1643.889404,1214.599976,125.25,294.649994
2018-02-07,2691.800049,3993.800049,430.25,4550.450195,965.792358,569.25,813.580872,223.959473,174.800003,93.400002,3511.853516,381.67038,332.549988,52.200001,252.649994,432.049988,157.300003,297.927429,115.150002,393.366241,101.41748,27.372084,120.888405,223.604721,107.464668,141.922577,1325.199951,1660.293335,1198.199951,123.650002,289.350006
2018-02-08,2709.75,3958.850098,429.799988,4628,980.014038,612.650024,834.605042,228.03598,180.050003,94.75,3527.411865,384.992584,333.850006,53.799999,266.299988,455.700012,163.199997,297.679443,118.050003,420.456238,103.605461,27.564169,124.376907,227.403885,108.201401,143.350845,1337.599976,1646.133179,1187.199951,125.150002,289.799988
2018-02-09,2693.800049,3898.75,422.5,4641.149902,995.124573,621.400024,819.545166,227.737701,181.100006,94.849998,3491.864014,381.044464,326.75,53.25,272.649994,449.049988,163.5,294.802856,118.75,411.865509,104.823761,27.564169,126.516533,222.976379,107.36644,142.779526,1311.300049,1656.803101,1185.800049,126.25,285
2018-02-12,2689.899902,3887,424.399994,4772.5,1022.926025,621.650024,839.9729,232.410767,179.949997,95.099998,3556.657471,376.951874,326.25,53.75,274.100006,474.100006,166.449997,307.549194,118.75,407.618958,107.43441,28.332508,127.818901,226.556061,109.281944,146.683472,1325.900024,1653.612183,1197.050049,127.400002,288.950012
2018-02-14,2743.399902,3887.050049,434.799988,4764.149902,1013.444946,616.150024,835.450012,229.626816,182.899994,95.150002,3541.050049,368.477783,318.950012,53.299999,270.049988,464.899994,169.800003,313.054443,120,410.450012,104.177315,27.516148,124.330399,225.614044,109.281944,147.349991,1348.25,1661.589844,1190.349976,121.199997,293.450012
2018-02-15,2749.25,3891.75,428.950012,4755.75,994.58136,605.849976,842.099976,229.825668,180,94.650002,3527.25,376.422211,328.649994,52,265.350006,470.049988,166.100006,307.450012,119.300003,411.350006,103.48114,27.516148,125.493233,227.340759,106.924393,143.25,1360.150024,1651.916992,1197.550049,120.199997,292.5
2018-02-16,2738.100098,3882.899902,419.700012,4781.950195,989.297668,611.099976,849.900024,224.357178,177.149994,96.199997,3494.199951,372.61853,321.049988,51.75,251.5,464.899994,160.550003,306.75,118.050003,407.700012,101.392616,27.179998,122.051239,226.901794,105.254471,141.199997,1318.449951,1640.698486,1232.650024,118.349998,291
2018-02-19,2722.75,3848.25,414.350006,4733.299805,976.754883,600.400024,844.200012,222.120071,172.5,93.699997,3465.699951,365.733337,319.75,52.450001,250,450.75,159.149994,306.850006,118.199997,393.049988,98.956017,27.179998,119.446487,226.11615,104.714203,140.149994,1289.800049,1614.521851,1185,109.650002,289.950012
2018-02-20,2723.149902,3834.949951,418.100006,4734.100098,968.31073,603.450012,850,223.810333,171.850006,91.849998,3477.449951,366.744446,317.25,52.5,252,439.100006,158.550003,308.450012,118.400002,380.75,97.86203,27.35,121.772156,227.466995,103.830116,138.649994,1292.650024,1629.978516,1200.449951,111.349998,291.450012
2018-02-21,2718.649902,3828.300049,419.649994,4769.75,973.199463,597.25,842.849976,219.733826,172.800003,92,3490.75,372.570374,319.200012,52.5,247.300003,441.299988,158.100006,306.950012,118.75,377.450012,98.284706,27.25,119.958138,228.766998,102.74958,137.75,1261.849976,1620.205811,1188.849976,109.449997,292.200012
2018-02-22,2712.949951,3827.699951,416.100006,4855.850098,964.95282,589.650024,816.950012,218.590408,169.449997,89.75,3481.199951,369.874084,318.350006,51.599998,250.25,451.899994,158.699997,302.899994,115.699997,370.5,95.848099,26.6,117.818527,226.832993,102.798698,136.649994,1298.449951,1620.205811,1176.949951,107.349998,292.649994
2018-02-23,2737.100098,3831.75,425.549988,4961.899902,989.297668,595.650024,820.299988,223.860031,168.800003,94.75,3494.699951,371.800018,322.75,53,265,464.200012,162.199997,306.649994,116.599998,387.799988,100.348366,27.6,121.074463,229.667007,105.892975,140.300003,1322.849976,1690.259399,1184.800049,108.599998,295
2018-02-26,2736.300049,3899.699951,423.149994,4964.75,1004.951355,590.099976,820.799988,226.84285,167.100006,96.349998,3537.850098,377.240753,327.049988,53.400002,267.450012,461.950012,168.149994,307.25,120.800003,388.5,100.199181,27.950001,122.655922,232.632996,108.397858,146.5,1348.900024,1717.433105,1179.699951,107.599998,291.600006
2018-02-27,2737.399902,3798.899902,430.5,4952.25,997.050415,586.5,808.450012,221.175507,169.949997,95.949997,3585.5,377,322.149994,52.450001,264.049988,449.25,165.600006,312.600006,122.650002,390.75,98.831696,27.700001,121.958221,232.766998,105.500053,145.350006,1348.449951,1747.598511,1188.5,103.050003,291.75
2018-02-28,2723.550049,3798.699951,428.549988,4994.25,1010.778381,589.650024,795.950012,224.953735,173.800003,94.25,3596.699951,380.149994,313.25,52.950001,254.399994,451.899994,162.300003,308.149994,119.25,391.799988,97.663116,27.299999,120.330254,233.233002,103.240738,144.300003,1333.849976,1752.235596,1189.050049,105.550003,292.799988
2018-03-01,2720.649902,3797.899902,427.75,4943.850098,992.309875,581.700012,804.099976,223.014923,169.75,94,3576.899902,376.75,304.950012,52.599998,248.850006,448.600006,162.5,312.149994,118.150002,388.299988,97.439354,27.799999,121.586113,233.167007,100.637611,142.149994,1338.550049,1707.760376,1191.699951,103.599998,292.5
2018-03-05,2720.600098,3799.949951,421.450012,4902.450195,982.878113,579.25,797.400024,221.622925,168.050003,92.800003,3556.449951,366.75,303.350006,51.25,238.050003,435.350006,161.149994,308.5,113.699997,387.049988,95.350838,27.75,114.330009,233.533005,99.949997,140.199997,1369.400024,1662.587036,1180.050049,100.75,290.950012
2018-03-06,2761.350098,3870.899902,413.899994,4825.200195,967.421875,584.099976,786.799988,215.309326,165.149994,91.650002,3561.899902,365.600006,295.049988,50.099998,233.649994,439.049988,159.699997,309.5,115.75,381.5,94.057938,27.700001,114.330009,231.033005,99,138.899994,1356,1641.147095,1180.550049,96.75,286.950012
2018-03-07,2733.600098,3925,403.200012,4884.700195,957.200012,580.200012,778.599976,214.215622,166,89.800003,3554.399902,357.799988,286.700012,48.75,231.850006,425.149994,157.800003,305.5,116.400002,377.75,93.23745,26.6,115.213768,224.367004,95.300003,135.649994,1325.050049,1655.905762,1170.900024,95.699997,285.350006
2018-03-08,2727.75,3974.449951,401.299988,4848.399902,984.25,578,783.400024,217.148712,171.949997,93.050003,3586.699951,360.549988,296.950012,48.75,234.699997,436.899994,158.600006,303.299988,117.25,381.299988,92.441826,26.700001,115.399826,217.699997,91.900002,125.699997,1326.25,1663.484497,1195,96.25,285.200012
2018-03-09,2728.800049,4030.850098,402.149994,4841.799805,981.799988,571.049988,776.75,210.139114,173.949997,94,3586.350098,357.049988,292.700012,49.049999,222.25,421.950012,160,308.600006,115.650002,370.649994,90.601936,26.85,113.399742,213.899994,93.099998,128.149994,1338.699951,1658.548218,1196.699951,93.449997,285.049988
2018-03-12,2745.350098,4103.799805,421.549988,4866.799805,968.75,580.650024,776.200012,216.452728,168.699997,94.449997,3694.5,366.75,300.649994,50.150002,230.399994,428.549988,162.5,309.450012,116.449997,378.149994,91.820236,26.65,115.120743,217.800003,88.25,126.449997,1343.699951,1654.409912,1185.849976,91.150002,290.700012
2018-03-13,2706.300049,4133.5,426.299988,4869.950195,982.599976,578.75,773.75,218.640121,169.25,96.349998,3701.199951,382.950012,304.350006,51.299999,229.899994,439.649994,164.600006,309.549988,119.599998,398.049988,97.538803,27,115.53936,218.132996,89.849998,130.25,1356.5,1642.244019,1196,97.5,296.600006
2018-03-14,2684.050049,4137.25,422.600006,4823.75,968.75,577.900024,777.150024,219.684097,167.449997,94.900002,3639.350098,375.399994,306.049988,51.150002,230.25,444.299988,162.5,304.200012,119,398.100006,100.050003,26.799999,115.911469,227.233002,86.699997,127.800003,1376.150024,1657.102417,1200.099976,102,293.850006
2018-03-15,2729.75,4201.299805,420.450012,4868.25,970.650024,571.150024,783,224.158325,168.300003,93.650002,3640.800049,371.549988,301.450012,51.25,230.699997,450.649994,162.050003,301.100006,118.25,397.600006,99.074997,26.799999,115.632393,225.132996,88.050003,128.949997,1460.650024,1659.645264,1200.800049,101.25,293.399994
2018-03-16,2602.5,4106.75,416.75,4860.600098,956.049988,559.400024,765.650024,225.003464,167.149994,93.300003,3546.100098,364.75,298.100006,51.150002,226.199997,444.549988,160.449997,301.25,116.699997,396.649994,100.175003,26.6,117.492928,224.832993,88,128.5,1445.800049,1622.100586,1200.099976,99.849998,295.75
2018-03-19,2531.899902,4120.200195,399.649994,4815.549805,919.75,559.75,755.150024,213.121933,166.050003,90.699997,3515.300049,352.350006,294.549988,49.75,220.949997,423.399994,157.300003,303.25,112.099998,388.799988,99.75,26.450001,109.678673,224.667007,87.699997,124.75,1404,1621.552002,1201.400024,96.400002,288.649994
2018-03-20,2543.75,4118.649902,400.399994,4825.049805,900.650024,552.900024,744.700012,214.165894,167.199997,91.25,3513.800049,354.850006,292,49.950001,233.550003,433.899994,153.600006,318.950012,113.849998,389.450012,97.125,26.35,110.143806,218.067001,88.949997,127.099998,1377.849976,1608.289307,1203.25,96.449997,293.600006
2018-03-21,2533.699951,4159.950195,418.200012,4834.450195,880.200012,551.049988,742.799988,214.81218,165,90.949997,3463.600098,353.299988,289.200012,49.900002,230.600006,441.950012,156.300003,325.799988,112.699997,394.450012,98.074997,26.4,112.515991,221.5,89,130.100006,1396.949951,1596.671875,1183.199951,95.849998,295.25
2018-03-22,2527.449951,4137.399902,415.600006,4838.200195,883.650024,540.75,732.950012,211.9785,164.350006,90.849998,3452.300049,342.850006,283.25,51,224.899994,442.350006,155.25,322.950012,111.849998,389.200012,98.349998,26.200001,112.5625,227.567001,86.800003,126.400002,1401.099976,1600.062378,1179.800049,94.699997,288.450012
2018-03-23,2530.199951,4169.149902,412.700012,4839.649902,881.5,538.400024,733.700012,201.836945,160.300003,90.650002,3413.75,339,275.549988,49.299999,213.75,432.850006,153.75,325.549988,110.25,381.399994,95.650002,26.549999,111.771774,233.300003,85.150002,123.449997,1394.099976,1606.593994,1189.75,86.849998,284.649994
2018-03-26,2665.050049,4180.700195,421.5,4858,954.450012,541.799988,736.650024,208.249985,157.800003,91.550003,3481.699951,333.299988,281.649994,49.049999,216.949997,457.049988,156.050003,329.649994,111.449997,384.149994,95.25,26.950001,117.849998,228.300003,86.949997,125.349998,1419.099976,1602.455566,1175.900024,91.099998,274
2018-03-27,2620.75,4181.450195,413.200012,4964.799805,973.25,545.049988,711.799988,207,160.100006,90.900002,3464.699951,346.899994,283.899994,49.650002,229.75,460.549988,159.25,325.649994,111.099998,403.5,97.199997,27.549999,121.550003,216.800003,88.400002,126.949997,1453.699951,1637.607056,1171.900024,94.25,274.049988
2018-03-28,2664.5,4229.149902,398.700012,4970.600098,966.200012,545.450012,700.25,201.25,159.100006,89.199997,3542.800049,344.850006,278.350006,48.75,219.100006,443.049988,157.100006,326.049988,109.849998,407.450012,95.199997,27.700001,118.550003,216.350006,85.650002,124.699997,1439.599976,1672.509155,1194.050049,94,281.149994
